product_id,Description,UnitPrice
1,WHITE HANGING HEART T-LIGHT HOLDER,2.55
2,WHITE METAL LANTERN,3.39
3,CREAM CUPID HEARTS COAT HANGER,2.75
4,KNITTED UNION FLAG HOT WATER BOTTLE,3.39
5,RED WOOLLY HOTTIE WHITE HEART.,3.39
6,SET 7 BABUSHKA NESTING BOXES,7.65
7,GLASS STAR FROSTED T-LIGHT HOLDER,4.25
8,HAND WARMER UNION JACK,1.85
9,HAND WARMER RED POLKA DOT,1.85
10,ASSORTED COLOUR BIRD ORNAMENT,1.69
11,POPPY'S PLAYHOUSE BEDROOM ,2.1
12,POPPY'S PLAYHOUSE KITCHEN,2.1
13,FELTCRAFT PRINCESS CHARLOTTE DOLL,3.75
14,IVORY KNITTED MUG COSY ,1.65
15,BOX OF 6 ASSORTED COLOUR TEASPOONS,4.25
16,BOX OF VINTAGE JIGSAW BLOCKS ,4.95
17,BOX OF VINTAGE ALPHABET BLOCKS,9.95
18,HOME BUILDING BLOCK WORD,5.95
19,LOVE BUILDING BLOCK WORD,5.95
20,RECIPE BOX WITH METAL HEART,7.95
21,DOORMAT NEW ENGLAND,7.95
22,JAM MAKING SET WITH JARS,4.25
23,RED COAT RACK PARIS FASHION,4.95
24,YELLOW COAT RACK PARIS FASHION,4.95
25,BLUE COAT RACK PARIS FASHION,4.95
26,BATH BUILDING BLOCK WORD,5.95
27,ALARM CLOCK BAKELIKE PINK,3.75
28,ALARM CLOCK BAKELIKE RED ,3.75
29,ALARM CLOCK BAKELIKE GREEN,3.75
30,PANDA AND BUNNIES STICKER SHEET,0.85
31,STARS GIFT TAPE ,0.65
32,INFLATABLE POLITICAL GLOBE ,0.85
33,VINTAGE HEADS AND TAILS CARD GAME ,1.25
34,SET/2 RED RETROSPOT TEA TOWELS ,2.95
35,ROUND SNACK BOXES SET OF4 WOODLAND ,2.95
36,SPACEBOY LUNCH BOX ,1.95
37,LUNCH BOX I LOVE LONDON,1.95
38,CIRCUS PARADE LUNCH BOX ,1.95
39,CHARLOTTE BAG DOLLY GIRL DESIGN,0.85
40,RED TOADSTOOL LED NIGHT LIGHT,1.65
41, SET 2 TEA TOWELS I LOVE LONDON ,2.95
42,VINTAGE SEASIDE JIGSAW PUZZLES,3.75
43,MINI JIGSAW CIRCUS PARADE ,0.42
44,MINI JIGSAW SPACEBOY,0.42
45,MINI PAINT SET VINTAGE ,0.65
46,POSTAGE,18.0
47,PAPER CHAIN KIT 50'S CHRISTMAS ,2.55
48,EDWARDIAN PARASOL RED,4.95
49,RETRO COFFEE MUGS ASSORTED,1.06
50,SAVE THE PLANET MUG,1.06
51,VINTAGE BILLBOARD DRINK ME MUG,1.06
52,VINTAGE BILLBOARD LOVE/HATE MUG,1.06
53,WOOD 2 DRAWER CABINET WHITE FINISH,4.95
54,WOOD S/3 CABINET ANT WHITE FINISH,6.95
55,WOODEN PICTURE FRAME WHITE FINISH,2.1
56,WOODEN FRAME ANTIQUE WHITE ,2.55
57,VICTORIAN SEWING BOX LARGE,10.95
58,HOT WATER BOTTLE TEA AND SYMPATHY,3.45
59,RED HANGING HEART T-LIGHT HOLDER,2.55
60,JUMBO BAG PINK POLKADOT,1.95
61,JUMBO  BAG BAROQUE BLACK WHITE,1.95
62,JUMBO BAG CHARLIE AND LOLA TOYS,2.95
63,STRAWBERRY CHARLOTTE BAG,0.85
64,RED 3 PIECE RETROSPOT CUTLERY SET,3.75
65,BLUE 3 PIECE POLKADOT CUTLERY SET,3.75
66,SET/6 RED SPOTTY PAPER PLATES,0.85
67,LUNCH BAG RED RETROSPOT,1.65
68,STRAWBERRY LUNCH BOX WITH CUTLERY,2.55
69,LUNCH BOX WITH CUTLERY RETROSPOT ,2.55
70,PACK OF 72 RETROSPOT CAKE CASES,0.42
71,PACK OF 60 DINOSAUR CAKE CASES,0.55
72,PACK OF 60 PINK PAISLEY CAKE CASES,0.55
73,60 TEATIME FAIRY CAKE CASES,0.55
74,TOMATO CHARLIE+LOLA COASTER SET,2.95
75,CHARLIE & LOLA WASTEPAPER BIN FLORA,1.25
76,RED CHARLIE+LOLA PERSONAL DOORSIGN,0.38
77,JUMBO STORAGE BAG SUKI,1.95
78,JUMBO BAG PINK VINTAGE PAISLEY,1.95
79,JAM MAKING SET PRINTED,1.45
80,RETROSPOT TEA SET CERAMIC 11 PC ,4.25
81,GIRLY PINK TOOL SET,4.95
82,JUMBO SHOPPER VINTAGE RED PAISLEY,1.95
83,"AIRLINE LOUNGE,METAL SIGN",2.1
84,WHITE SPOT RED CERAMIC DRAWER KNOB,1.25
85,RED DRAWER KNOB ACRYLIC EDWARDIAN,1.25
86,CLEAR DRAWER KNOB ACRYLIC EDWARDIAN,1.25
87,PHOTO CLIP LINE,1.25
88,FELT EGG COSY CHICKEN,0.85
89,PIGGY BANK RETROSPOT ,2.55
90,SKULL SHOULDER BAG,1.65
91,YOU'RE CONFUSING ME METAL SIGN ,1.69
92,COOK WITH WINE METAL SIGN ,1.95
93,GIN + TONIC DIET METAL SIGN,2.1
94,YELLOW BREAKFAST CUP AND SAUCER,2.95
95,PINK BREAKFAST CUP AND SAUCER ,2.95
96,PAPER CHAIN KIT RETROSPOT,2.95
97,SMALL HEART FLOWERS HOOK ,0.85
98,TEA TIME DES TEA COSY,2.55
99,FELT EGG COSY WHITE RABBIT ,0.85
100,ZINC WILLIE WINKIE  CANDLE STICK,0.85
101,CERAMIC CHERRY CAKE MONEY BANK,1.45
102,RETROSPOT LARGE MILK JUG,4.95
103,SET OF 6 FUNKY BEAKERS,2.95
104,EDWARDIAN PARASOL BLACK,5.95
105,EDWARDIAN PARASOL NATURAL,5.95
106,CERAMIC STRAWBERRY CAKE MONEY BANK,1.45
107,BLUE OWL SOFT TOY,2.95
108,BALLOON ART MAKE YOUR OWN FLOWERS,1.95
109,GLASS CLOCHE SMALL,3.95
110,GUMBALL MONOCHROME COAT RACK,1.06
111,DOORMAT FANCY FONT HOME SWEET HOME,6.75
112,Discount,27.5
113,VINTAGE SNAKES & LADDERS,3.75
114,CHOCOLATE CALCULATOR,1.65
115,RECYCLING BAG RETROSPOT ,2.1
116,TOY TIDY PINK POLKADOT,1.85
117,ANTIQUE GLASS DRESSING TABLE POT,2.95
118,IVORY GIANT GARDEN THERMOMETER,5.95
119,3 TIER CAKE TIN GREEN AND CREAM,14.95
120,3 TIER CAKE TIN RED AND CREAM,14.95
121,SET 3 WICKER OVAL BASKETS W LIDS,16.95
122,SET OF 3 COLOURED  FLYING DUCKS,4.65
123,WOOD BLACK BOARD ANT WHITE FINISH,6.45
124,COLOUR GLASS T-LIGHT HOLDER HANGING,0.65
125,HANGING METAL HEART LANTERN,1.65
126,HANGING MEDINA LANTERN SMALL,2.95
127,NATURAL SLATE HEART CHALKBOARD ,2.95
128,HEART OF WICKER SMALL,1.45
129,HEART OF WICKER LARGE,2.55
130,WHITE LOVEBIRD LANTERN,2.95
131,CLASSIC METAL BIRDCAGE PLANT HOLDER,12.75
132,CREAM HEART CARD HOLDER,3.95
133,ENAMEL FLOWER JUG CREAM,5.95
134,ENAMEL FIRE BUCKET CREAM,6.95
135,ENAMEL BREAD BIN CREAM,10.95
136,JUMBO BAG DOLLY GIRL DESIGN,1.95
137,TRADITIONAL CHRISTMAS RIBBONS,1.25
138,ORGANISER WOOD ANTIQUE WHITE ,8.5
139,LUNCH BAG DOLLY GIRL DESIGN,1.65
140,WHITE WIRE EGG HOLDER,4.95
141,JUMBO BAG RED RETROSPOT,1.65
142,CHILLI LIGHTS,3.82
143,LIGHT GARLAND BUTTERFILES PINK,3.37
144,WOODEN OWLS LIGHT GARLAND ,3.37
145,FAIRY TALE COTTAGE NIGHTLIGHT,1.45
146,HOME SMALL WOOD LETTERS,4.95
147,GINGHAM HEART  DOORSTOP RED,4.25
148,FIVE HEART HANGING DECORATION,2.95
149,ASSORTED BOTTLE TOP  MAGNETS ,0.42
150,FRIDGE MAGNETS US DINER ASSORTED,0.85
151,HOMEMADE JAM SCENTED CANDLES,1.45
152,FRIDGE MAGNETS LES ENFANTS ASSORTED,0.85
153,ROSE CARAVAN DOORSTOP,6.75
154,5 HOOK HANGER MAGIC TOADSTOOL,1.65
155,CHRISTMAS LIGHTS 10 REINDEER,8.5
156,VINTAGE UNION JACK CUSHION COVER,4.95
157,SET OF 3 GOLD FLYING DUCKS,6.35
158,RED RETROSPOT UMBRELLA,5.95
159,BLACK/BLUE POLKADOT UMBRELLA,5.95
160,RED DINER WALL CLOCK,8.5
161,BLUE DINER WALL CLOCK,8.5
162,IVORY DINER WALL CLOCK,8.5
163,LARGE HEART MEASURING SPOONS,1.65
164,SMALL HEART MEASURING SPOONS,0.85
165,JAM JAR WITH PINK LID,0.72
166,JAM JAR WITH GREEN LID,0.72
167,ROSE COTTAGE KEEPSAKE BOX ,8.5
168,HANGING HEART ZINC T-LIGHT HOLDER,0.64
169,PAPER CHAIN KIT VINTAGE CHRISTMAS,2.55
170,DISCO BALL CHRISTMAS DECORATION,0.1
171,SMALL POPCORN HOLDER,0.72
172,LARGE POPCORN HOLDER ,1.45
173,SET/20 RED RETROSPOT PAPER NAPKINS ,0.64
174,SET/6 RED SPOTTY PAPER CUPS,0.65
175,POLKADOT RAIN HAT ,0.32
176,DELUXE SEWING KIT ,4.95
177,RETROSPOT HEART HOT WATER BOTTLE,4.25
178,ENGLISH ROSE HOT WATER BOTTLE,3.75
179,PHOTO CUBE,1.48
180,PLASTERS IN TIN CIRCUS PARADE ,1.65
181,PACK OF 12 PINK PAISLEY TISSUES ,0.29
182,PACK OF 12 BLUE PAISLEY TISSUES ,0.29
183,PACK OF 12 RED RETROSPOT TISSUES ,0.29
184,CHICK GREY HOT WATER BOTTLE,3.45
185,PLASTERS IN TIN VINTAGE PAISLEY ,1.65
186,PLASTERS IN TIN SKULLS,1.65
187,3 STRIPEY MICE FELTCRAFT,1.95
188,SET OF 6 SOLDIER SKITTLES,3.75
189,TRADITIONAL WOODEN SKIPPING ROPE,1.25
190,WOODEN BOX OF DOMINOES,1.25
191,RUSTIC  SEVENTEEN DRAWER SIDEBOARD,165.0
192,PARTY CONES CARNIVAL ASSORTED,1.25
193,PARTY CONES CANDY ASSORTED,1.25
194,PICNIC BASKET WICKER SMALL,5.95
195,STAR DECORATION PAINTED ZINC ,0.65
196,RETROSPOT LAMP,9.95
197,"FANCY FONT BIRTHDAY CARD, ",0.42
198,HAND WARMER SCOTTY DOG DESIGN,1.85
199,HAND WARMER OWL DESIGN,1.85
200,DOG BOWL CHASING BALL DESIGN,3.75
201,CLOTHES PEGS RETROSPOT PACK 24 ,1.25
202,HAND OVER THE CHOCOLATE   SIGN ,2.1
203,TRAVEL SEWING KIT,1.65
204,BLACK HEART CARD HOLDER,3.95
205,SMALL GLASS HEART TRINKET POT,2.1
206,ALARM CLOCK BAKELIKE IVORY,3.75
207,ALARM CLOCK BAKELIKE ORANGE,3.75
208,HAND WARMER BIRD DESIGN,2.1
209,IVORY EMBROIDERED QUILT ,35.75
210,SET OF 3 BLACK FLYING DUCKS,4.65
211,RED RETROSPOT MUG,2.95
212,BABUSHKA LIGHTS STRING OF 10,6.75
213,DOORMAT FAIRY CAKE,7.95
214,STRAWBERRY CERAMIC TRINKET BOX,1.25
215,PINK DOUGHNUT TRINKET POT ,1.65
216,SILK PURSE BABUSHKA PINK,3.35
217,HOT WATER BOTTLE I AM SO POORLY,4.65
218,CHOCOLATE HOT WATER BOTTLE,4.95
219,WHITE SKULL HOT WATER BOTTLE ,3.75
220,SCOTTIE DOG HOT WATER BOTTLE,4.95
221,BIRD HOUSE HOT WATER BOTTLE,2.55
222,BOUDOIR SQUARE TISSUE BOX,1.25
223,SKULLS SQUARE TISSUE BOX,1.25
224,PHOTO FRAME CORNICE,2.95
225,SILK PURSE BABUSHKA RED,3.35
226,PICTURE DOMINOES,1.45
227,S/6 SEW ON CROCHET FLOWERS,1.25
228,SCANDINAVIAN REDS RIBBONS,1.25
229,BALLOONS  WRITING SET ,1.65
230,LAVENDER INCENSE IN TIN,1.25
231,TV DINNER TRAY VINTAGE PAISLEY,4.95
232,SET OF 4 ENGLISH ROSE PLACEMATS,3.75
233,SET OF 4 ENGLISH ROSE COASTERS,1.25
234,TRIPLE PHOTO FRAME CORNICE ,9.95
235,FAMILY PHOTO FRAME CORNICE,9.95
236,MIRRORED DISCO BALL ,5.95
237,DISCO BALL ROTATOR BATTERY OPERATED,4.25
238,SILVER LOOKING MIRROR,4.95
239,LADIES & GENTLEMEN METAL SIGN,2.55
240,METAL SIGN HER DINNER IS SERVED ,2.95
241,DOORMAT TOPIARY,7.95
242,BATHROOM METAL SIGN,0.55
243,KITCHEN METAL SIGN,0.55
244,TOILET METAL SIGN,0.55
245,METAL SIGN TAKE IT OR LEAVE IT ,2.95
246,I'M ON HOLIDAY METAL SIGN,2.1
247,GROW YOUR OWN BASIL IN ENAMEL MUG,2.1
248,SET/10 PINK POLKADOT PARTY CANDLES,1.25
249,SET 20 NAPKINS FAIRY CAKES DESIGN ,0.85
250,SET OF 6 T-LIGHTS SNOWMEN,2.95
251,SET OF 6 T-LIGHTS SANTA,2.95
252,SET OF 9 HEART SHAPED BALLOONS,1.25
253,SANDWICH BATH SPONGE,1.25
254,APPLE BATH SPONGE,1.25
255,STRAWBERRY BATH SPONGE ,1.25
256,BLACK PIRATE TREASURE CHEST,1.65
257,STAR PORTABLE TABLE LIGHT ,2.95
258,SNOWFLAKE PORTABLE TABLE LIGHT ,2.95
259,PINK OVAL JEWELLED MIRROR,5.95
260,RETROSPOT CIGAR BOX MATCHES ,1.25
261,COSY HOUR GIANT TUBE MATCHES,2.55
262,JAZZ HEARTS PURSE NOTEBOOK,0.85
263,CANDLEHOLDER PINK HANGING HEART,2.95
264,ASSORTED COLOUR MINI CASES,7.95
265,LUNCH BAG SPACEBOY DESIGN ,1.65
266,LUNCH BAG WOODLAND,1.65
267,LUNCH BAG PINK POLKADOT,1.65
268,GUMBALL COAT RACK,2.55
269,BLUE NEW BAROQUE CANDLESTICK CANDLE,2.95
270,PINK NEW BAROQUECANDLESTICK CANDLE,2.95
271,FAIRY CAKE FLANNEL ASSORTED COLOUR,2.55
272,BREAD BIN DINER STYLE PINK,16.95
273,TEA TIME TABLE CLOTH,10.65
274,HOT WATER BOTTLE BABUSHKA ,4.25
275,HEART IVORY TRELLIS SMALL,1.25
276,PINK DRAWER KNOB ACRYLIC EDWARDIAN,1.25
277,GREEN DRAWER KNOB ACRYLIC EDWARDIAN,1.25
278,BLUE DRAWER KNOB ACRYLIC EDWARDIAN,1.25
279,SET 6 FOOTBALL CELEBRATION CANDLES,1.25
280,SET OF 6 GIRLS CELEBRATION CANDLES,1.25
281,ROMANTIC PINKS RIBBONS ,1.25
282,BRIGHT BLUES RIBBONS ,1.25
283,CHOCOLATE BOX RIBBONS ,1.25
284,PARTY INVITES FOOTBALL,0.85
285,PARTY INVITES JAZZ HEARTS,0.85
286,PARTY INVITES SPACEMAN,0.85
287,SET OF 3 BUTTERFLY COOKIE CUTTERS,1.25
288,SET OF 3 HEART COOKIE CUTTERS,1.25
289,3 PIECE SPACEBOY COOKIE CUTTER SET,2.1
290,PACK OF 72 SKULL CAKE CASES,0.55
291,PACK OF 60 SPACEBOY CAKE CASES,0.55
292,72 SWEETHEART FAIRY CAKE CASES,0.55
293,LUNCH BAG SUKI  DESIGN ,1.65
294,LUNCH BAG CARS BLUE,1.65
295,LUNCH BAG  BLACK SKULL.,1.65
296,HEART IVORY TRELLIS LARGE,1.65
297,SET/5 RED RETROSPOT LID GLASS BOWLS,2.55
298,MAGIC DRAWING SLATE DINOSAUR,0.42
299,MAGIC DRAWING SLATE BAKE A CAKE ,0.42
300,12 PENCILS TALL TUBE SKULLS,0.85
301,RED  HARMONICA IN BOX ,1.25
302,BLUE HARMONICA IN BOX ,1.25
303,SKULLS  WATER TRANSFER TATTOOS ,0.85
304,PACK 3 BOXES BIRD PANNETONE ,1.95
305,SET OF 20 KIDS COOKIE CUTTERS,2.1
306,10 COLOUR SPACEBOY PEN,0.85
307,VICTORIAN GLASS HANGING T-LIGHT,1.25
308,SINGLE HEART ZINC T-LIGHT HOLDER,0.95
309,HANGING METAL STAR LANTERN,1.65
310,SILVER HANGING T-LIGHT HOLDER,1.65
311,DOORMAT RED RETROSPOT,7.95
312,DOORMAT HEARTS,7.95
313,NATURAL SLATE RECTANGLE CHALKBOARD,1.65
314,LOVEBIRD HANGING DECORATION WHITE ,0.85
315,PENS ASSORTED FUNNY FACE,0.85
316,CARD CIRCUS PARADE,0.42
317,WRAP COWBOYS  ,0.42
318,AIRLINE BAG VINTAGE TOKYO 78,4.25
319,SET OF 72 RETROSPOT PAPER  DOILIES,1.45
320,SLEEPING CAT ERASERS,0.21
321,CARD BIRTHDAY COWBOY,0.42
322,PACK 3 BOXES CHRISTMAS PANNETONE,1.95
323,ROTATING SILVER ANGELS T-LIGHT HLDR,2.55
324,RIBBON REEL MAKING SNOWMEN ,1.65
325,4 TRADITIONAL SPINNING TOPS,1.25
326,BAG 500g SWIRLY MARBLES,1.65
327,5 STRAND GLASS NECKLACE CRYSTAL,6.35
328,SQUARECUSHION COVER PINK UNION FLAG,6.75
329,SPACEBOY CHILDRENS EGG CUP,1.25
330,CHILDREN'S SPACEBOY MUG,1.65
331,FELTCRAFT CUSHION OWL,3.75
332,BLACK CANDELABRA T-LIGHT HOLDER,2.1
333,TOY TIDY DOLLY GIRL DESIGN,2.1
334,SET 12 LAVENDER  BOTANICAL T-LIGHTS,2.95
335,UNION JACK FLAG LUGGAGE TAG,1.25
336,RED HEART LUGGAGE TAG,1.25
337,RED GLASS TASSLE BAG CHARM,2.95
338,CLEAR ACRYLIC FACETED BANGLE,2.95
339,DOORMAT UNION JACK GUNS AND ROSES,7.95
340,VANILLA SCENT CANDLE JEWELLED BOX,4.25
341,FULL ENGLISH BREAKFAST PLATE,3.75
342,MAGIC DRAWING SLATE CIRCUS PARADE  ,0.42
343,CHRISTMAS HANGING HEART WITH BELL,1.25
344,CAKE STAND VICTORIAN FILIGREE MED,6.75
345,PAISLEY PATTERN  STICKERS,0.85
346,FLOWERS  STICKERS,0.85
347,BLACK LOVE BIRD CANDLE,1.25
348,PARTY TIME PENCIL ERASERS,0.21
349,PINK B'FLY C/COVER W BOBBLES,5.95
350,PINK UNION JACK  LUGGAGE TAG,1.25
351,6 RIBBONS ELEGANT CHRISTMAS ,1.65
352,AGED GLASS SILVER T-LIGHT HOLDER,0.65
353,BOOM BOX SPEAKER GIRLS,5.95
354,6 RIBBONS SHIMMERING PINKS ,1.65
355,JUMBO BAG OWLS,1.95
356,OWL DOORSTOP,4.95
357,PAINTED METAL STAR WITH HOLLY BELLS,1.45
358,PAINTED METAL HEART WITH HOLLY BELL,1.45
359,ANGEL DECORATION STARS ON DRESS,0.42
360,JUMBO BAG STRAWBERRY,1.95
361,STRAWBERRY SHOPPER BAG,1.25
362,ROUND SNACK BOXES SET OF 4 FRUITS ,2.95
363,ROUND SNACK BOXES SET OF 4 SKULLS,2.95
364,DOLLY GIRL LUNCH BOX,1.95
365,GREEN POLKADOT PLATE ,1.69
366,BLUE POLKADOT PLATE ,1.69
367,RED RETROSPOT PLATE ,1.69
368,PINK  POLKADOT PLATE ,1.69
369,FELTCRAFT DOLL MOLLY,2.95
370,FELTCRAFT CHRISTMAS FAIRY,4.25
371,SET OF 3 NOTEBOOKS IN PARCEL,1.65
372,RED RETROSPOT TAPE,0.65
373,COSY SLIPPER SHOES SMALL  RED ,2.95
374,6 RIBBONS RUSTIC CHARM,1.65
375,12 DAISY PEGS IN WOOD BOX,1.65
376,5 HOOK HANGER RED MAGIC TOADSTOOL,1.65
377,CHRISTMAS CRAFT TREE TOP ANGEL,2.1
378,CHRISTMAS CRAFT LITTLE FRIENDS,2.1
379,COSY SLIPPER SHOES SMALL GREEN,2.95
380,FELTCRAFT DOLL ROSIE,2.95
381,FELTCRAFT DOLL EMILY,2.95
382,FELTCRAFT PRINCESS OLIVIA DOLL,3.75
383,REX CASH+CARRY JUMBO SHOPPER,0.95
384,FELTCRAFT CUSHION RABBIT,3.75
385,FELTCRAFT CUSHION BUTTERFLY,3.75
386,TOTE BAG I LOVE LONDON,2.1
387,FOLDING UMBRELLA PINKWHITE POLKADOT,4.95
388,FOLDING UMBRELLA CREAM POLKADOT,4.95
389,FOLDING UMBRELLA WHITE/RED POLKADOT,4.95
390,SET 10 LIGHTS NIGHT OWL,6.75
391,FOLDING UMBRELLA RED/WHITE POLKADOT,4.95
392,S/4 VALENTINE DECOUPAGE HEART BOX,2.95
393,SOLDIERS EGG CUP ,1.25
394,RED RETROSPOT MINI CASES,7.95
395,60 CAKE CASES VINTAGE CHRISTMAS,0.55
396,RIBBON REEL CHRISTMAS SOCK BAUBLE,1.65
397,RIBBON REEL SNOWY VILLAGE,1.65
398,SET OF 20 VINTAGE CHRISTMAS NAPKINS,0.85
399,TURQUOISE CHRISTMAS TREE ,1.25
400,RED STAR CARD HOLDER,2.95
401,WICKER WREATH SMALL,1.45
402,ADVENT CALENDAR GINGHAM SACK,5.95
403,FELTCRAFT BUTTERFLY HEARTS,1.45
404,PARTY CONE CHRISTMAS DECORATION ,0.85
405,WICKER STAR ,2.1
406,VINTAGE SNAP CARDS,0.85
407,FELTCRAFT 6 FLOWER FRIENDS,2.1
408,BIRD DECORATION RED RETROSPOT,0.85
409,CHRISTMAS GINGHAM TREE,0.85
410,CHRISTMAS GINGHAM STAR,0.85
411,CHRISTMAS GINGHAM HEART,0.85
412,PACK OF 12 PINK POLKADOT TISSUES,0.29
413,FELTCRAFT PRINCESS LOLA DOLL,3.75
414,PACK OF 12 LONDON TISSUES ,0.29
415,PURPLE DRAWERKNOB ACRYLIC EDWARDIAN,1.25
416,CHILDREN'S APRON DOLLY GIRL ,2.1
417,CHILDRENS APRON SPACEBOY DESIGN,1.95
418,CHRISTMAS LIGHTS 10 SANTAS ,8.5
419,PACK OF 60 MUSHROOM CAKE CASES,0.55
420,60 CAKE CASES DOLLY GIRL DESIGN,0.55
421,HAND WARMER BABUSHKA DESIGN,2.1
422,SET 12 RETRO WHITE CHALK STICKS,0.42
423,FELTCRAFT HAIRBAND RED AND BLUE,0.85
424,FELTCRAFT HAIRBAND PINK AND PURPLE,0.85
425,FELTCRAFT HAIRBANDS PINK AND WHITE ,0.85
426,TV DINNER TRAY DOLLY GIRL,4.95
427,PLASTERS IN TIN SPACEBOY,1.65
428,PLASTERS IN TIN WOODLAND ANIMALS,1.65
429,MAGIC DRAWING SLATE SPACEBOY ,0.42
430,MAGIC DRAWING SLATE GO TO THE FAIR ,0.42
431,MAGIC DRAWING SLATE DOLLY GIRL ,0.42
432,CHARLIE + LOLA RED HOT WATER BOTTLE,2.95
433,URBAN BLACK RIBBONS ,1.25
434,SET OF 6 T-LIGHTS TOADSTOOLS,2.95
435,ROTATING LEAVES T-LIGHT HOLDER,1.25
436,CUPCAKE LACE PAPER SET 6,1.95
437,TRADITIONAL WOODEN CATCH CUP GAME ,1.25
438,S/6 WOODEN SKITTLES IN COTTON BAG,2.95
439,RED METAL BEACH SPADE ,1.25
440,BOYS VINTAGE TIN SEASIDE BUCKET,2.55
441,GIRLS VINTAGE TIN SEASIDE BUCKET,2.55
442,GREY HEART HOT WATER BOTTLE,3.75
443,KINGS CHOICE TEA CADDY ,2.95
444,KINGS CHOICE BISCUIT TIN,4.25
445,METAL SIGN EMPIRE TEA,2.95
446,FAWN BLUE HOT WATER BOTTLE,2.95
447,PACK OF 6 BIRDY GIFT TAGS,1.25
448,CERAMIC STRAWBERRY MONEY BOX,2.55
449,CERAMIC HEART FAIRY CAKE MONEY BANK,1.45
450,CERAMIC PIRATE CHEST MONEY BANK,1.45
451,DOORSTOP RETROSPOT HEART,3.75
452,RETROSPOT BABUSHKA DOORSTOP,3.75
453,SWEETHEART WIRE WALL TIDY,9.95
454,RED RETROSPOT OVEN GLOVE ,1.06
455,NAMASTE SWAGAT INCENSE,0.24
456,CERAMIC STRAWBERRY DESIGN MUG,1.25
457,CLASSICAL ROSE SMALL VASE,1.25
458,HYACINTH BULB T-LIGHT CANDLES,0.42
459,CHRISTMAS CRAFT WHITE FAIRY ,1.45
460,COSY HOUR CIGAR BOX MATCHES ,1.25
461,RED TEA TOWEL CLASSIC DESIGN,1.25
462,HEART FILIGREE DOVE  SMALL,1.25
463,RETROSPOT CHILDRENS APRON,1.95
464,COLOURING PENCILS BROWN TUBE,0.85
465,4 IVORY DINNER CANDLES SILVER FLOCK,2.55
466,ZINC METAL HEART DECORATION,1.25
467,GREEN FERN NOTEBOOK,1.65
468,BLUE PAISLEY NOTEBOOK,1.65
469,CHRYSANTHEMUM NOTEBOOK,1.65
470,LARGE CHINESE STYLE SCISSOR,0.85
471,SMALL CHINESE STYLE SCISSOR,0.42
472,HANGING GLASS ETCHED TEALIGHT,1.65
473,COOKING SET RETROSPOT,9.95
474,KINGS CHOICE GIANT TUBE MATCHES,2.55
475,PLACE SETTING WHITE STAR,0.42
476,S/15 SILVER GLASS BAUBLES IN BAG,1.25
477,FRENCH WC SIGN BLUE METAL,1.25
478,FAIRY SOAP SOAP HOLDER,1.69
479,GREEN GIANT GARDEN THERMOMETER,5.95
480,BLUE GIANT GARDEN THERMOMETER,5.95
481,VICTORIAN SEWING BOX SMALL ,5.95
482,VICTORIAN SEWING BOX MEDIUM,7.95
483,SET/10 RED POLKADOT PARTY CANDLES,1.25
484,WASHROOM METAL SIGN,1.45
485,BLACK SWEETHEART BRACELET,4.25
486,DIAMANTE HAIR GRIP PACK/2 BLACK DIA,1.65
487,BLACK DIAMANTE EXPANDABLE RING,4.25
488,DIAMANTE HAIR GRIP PACK/2 RUBY,1.65
489,DIAMANTE HAIR GRIP PACK/2 MONTANA,1.65
490,BLUE SWEETHEART BRACELET,4.25
491,PINK SWEETHEART BRACELET,4.25
492,PURPLE SWEETHEART BRACELET,4.25
493,RIBBON REEL CHRISTMAS PRESENT ,1.65
494,FIRST AID TIN,3.25
495,MAKE YOUR OWN MONSOON CARD KIT,2.95
496,PACK OF 12 HEARTS DESIGN TISSUES ,0.29
497,HEART FILIGREE DOVE LARGE,1.65
498,SWIRLY CIRCULAR RUBBERS IN BAG,0.42
499,VINTAGE PAISLEY STATIONERY SET,2.95
500,SET/10 BLUE POLKADOT PARTY CANDLES,1.25
501,RIBBON REEL SOCKS AND MITTENS,1.65
502,CHRISTMAS METAL TAGS ASSORTED ,0.85
503,CHRISTMAS TREE T-LIGHT HOLDER,1.45
504,STAR  T-LIGHT HOLDER ,1.45
505,HEART T-LIGHT HOLDER ,1.45
506,MINI FUNKY DESIGN TAPES,0.85
507,STAR WOODEN CHRISTMAS DECORATION,0.85
508,WOODEN HEART CHRISTMAS SCANDINAVIAN,0.85
509,CHRISTMAS RETROSPOT TREE WOOD,0.85
510,SET/9 CHRISTMAS T-LIGHTS SCENTED ,1.25
511,BLUE ROSE FABRIC MIRROR,1.25
512,THREE CANVAS LUGGAGE TAGS,1.95
513,RETROSPOT PARTY BAG + STICKER SET,1.65
514,RETROSPOT SMALL TUBE MATCHES,1.65
515,3D CHRISTMAS STAMPS STICKERS ,1.25
516,36 FOIL HEART CAKE CASES,2.1
517,PACK OF 6 SWEETIE GIFT BOXES,2.55
518,CINAMMON SET OF 9 T-LIGHTS,0.85
519,ORANGE SCENTED SET/9 T-LIGHTS,0.85
520,RIBBON REEL STRIPES DESIGN ,1.65
521,SET OF 2 TINS JARDIN DE PROVENCE,4.95
522,MAKE YOUR OWN PLAYTIME CARD KIT,2.95
523,DINOSAURS  WRITING SET ,1.65
524,SKULLS WRITING SET ,1.65
525,DOORMAT BLACK FLOCK ,7.95
526,CHRISTMAS DECOUPAGE CANDLE,0.85
527,OFFICE MUG WARMER POLKADOT,2.95
528,BLACK RECORD COVER FRAME,3.39
529,"RECORD FRAME 7"" SINGLE SIZE ",2.1
530,36 PENCILS TUBE RED RETROSPOT,1.25
531,36 PENCILS TUBE WOODLAND,1.25
532,ROCKING HORSE RED CHRISTMAS ,0.72
533,REGENCY CAKESTAND 3 TIER,10.95
534,VINTAGE UNION JACK BUNTING,8.5
535,RETRO LONGBOARD IRONING BOARD COVER,3.75
536,3D DOG PICTURE PLAYING CARDS,2.95
537,SAVE THE PLANET COTTON TOTE BAG,2.25
538,PAPER BUNTING WHITE LACE,2.95
539,GENTLEMAN SHIRT REPAIR KIT ,0.85
540,CARD I LOVE LONDON ,0.42
541,MIRRORED WALL ART FOXY,6.35
542,MIRRORED WALL ART GENTS,2.55
543,AIRLINE BAG VINTAGE JET SET WHITE,4.25
544,POTTING SHED SOW 'N' GROW SET,4.25
545,AIRLINE BAG VINTAGE WORLD CHAMPION ,4.25
546,PINK HEARTS PAPER GARLAND,1.65
547,POTTING SHED SEED ENVELOPES,1.25
548,HI TEC ALPINE HAND WARMER,1.65
549,POLYESTER FILLER PAD 45x45cm,1.55
550,CARD DOLLY GIRL ,0.42
551,CARD BILLBOARD FONT,0.42
552,RAINY LADIES BIRTHDAY CARD,0.42
553,RED WHITE SCARF  HOT WATER BOTTLE,3.95
554,SET OF 2 TEA TOWELS APPLE AND PEARS,2.95
555,LANTERN CREAM GAZEBO ,4.95
556,BLUE BIRDHOUSE DECORATION,0.85
557,ANTIQUE SILVER TEA GLASS ENGRAVED,1.06
558,SET OF 2 WOODEN MARKET CRATES,12.75
559,CLASSIC FRENCH STYLE BASKET NATURAL,6.75
560,CRAZY DAISY HEART DECORATION,1.25
561,CARD HOLDER GINGHAM HEART,2.55
562,SMALL STRIPES CHOCOLATE GIFT BAG ,0.85
563,"TRAY, BREAKFAST IN BED",12.75
564,PIZZA PLATE IN BOX,3.75
565,PINK HEART DOTS HOT WATER BOTTLE,3.75
566,PLACE SETTING WHITE HEART,0.42
567,SET OF 4 NAPKIN CHARMS LEAVES   ,2.55
568,SET OF 4 NAPKIN CHARMS STARS   ,2.55
569,SET OF 4 NAPKIN CHARMS CUTLERY,2.55
570,CARAVAN SQUARE TISSUE BOX,1.25
571,BUTTON BOX ,1.95
572,12 MESSAGE CARDS WITH ENVELOPES,1.65
573,SMALL RED BABUSHKA NOTEBOOK ,0.85
574,HERB MARKER MINT,0.65
575,HERB MARKER ROSEMARY,0.65
576,HERB MARKER BASIL,0.65
577,HERB MARKER CHIVES ,0.65
578,HERB MARKER PARSLEY,0.65
579,HERB MARKER THYME,0.65
580,METAL MERRY CHRISTMAS WREATH,1.95
581,WHITE CHRISTMAS GARLAND STARS TREES,3.75
582,RETROSPOT GIANT TUBE MATCHES,2.55
583,36 FOIL STAR CAKE CASES ,2.1
584,PACK OF 6 HANDBAG GIFT BOXES,2.55
585,GARLAND WOODEN HAPPY EASTER,1.25
586,CALENDAR PAPER CUT DESIGN,2.95
587,CALENDAR IN SEASON DESIGN,2.95
588,BLUE PAISLEY TISSUE BOX,1.25
589,PINK PAISLEY SQUARE TISSUE BOX ,1.25
590,TOAST ITS - HAPPY BIRTHDAY,1.25
591,SET/10 IVORY POLKADOT PARTY CANDLES,1.25
592,SKULLS STORAGE BOX SMALL,2.1
593,JUMBO STORAGE BAG SKULLS,1.95
594,GARDEN PATH JOURNAL,2.55
595,BLACK ORANGE SQUEEZER,0.42
596,SET OF 72 GREEN PAPER DOILIES,1.45
597,RETROSPOT RED WASHING UP GLOVES,2.1
598,SMALL LICORICE DES PINK BOWL,1.25
599,"SWISS ROLL TOWEL, CHOCOLATE  SPOTS",2.95
600,PICNIC BASKET WICKER LARGE,9.95
601,CREAM SWEETHEART EGG HOLDER,4.95
602,PINK 3 PIECE POLKADOT CUTLERY SET,3.75
603,PINK PARTY BAGS,2.1
604,BLUE PARTY BAGS ,2.1
605,PINK CREAM FELT CRAFT TRINKET BOX ,1.25
606,RED RETROSPOT OVEN GLOVE DOUBLE,2.95
607,RIDGED GLASS STORAGE JAR CREAM LID,3.75
608,PACK OF 20 NAPKINS PANTRY DESIGN,0.85
609,SWEETHEART CAKESTAND 3 TIER,9.95
610,CHRISTMAS HANGING STAR WITH BELL,1.25
611,MULTICOLOUR  CONFETTI IN TUBE,1.65
612,CHOCOLATE 3 WICK MORRIS BOX CANDLE,4.25
613,SET OF 16 VINTAGE PISTACHIO CUTLERY,12.75
614,CHRISTMAS TOILET ROLL,1.25
615,WHITE BELL HONEYCOMB PAPER ,1.65
616, 4 PURPLE FLOCK DINNER CANDLES,2.55
617,PINK & WHITE BREAKFAST TRAY,5.95
618,ENGLISH ROSE SPIRIT LEVEL ,1.95
619,LARGE ROUND WICKER PLATTER ,5.95
620,BLACK TEA TOWEL CLASSIC DESIGN,1.25
621,CHRISTMAS LIGHTS 10 VINTAGE BAUBLES,4.95
622,ROSES REGENCY TEACUP AND SAUCER ,2.95
623,T-LIGHT HOLDER HANGING LACE,1.25
624,HANGING HEART MIRROR DECORATION ,0.65
625,CREAM SLICE FLANNEL CHOCOLATE SPOT ,2.95
626,CREAM SLICE FLANNEL PINK SPOT ,2.95
627,GREEN REGENCY TEACUP AND SAUCER,2.95
628,EIGHT PIECE DINOSAUR SET,1.25
629,HEADS AND TAILS SPORTING FUN,1.25
630,ASS COL SMALL SAND GECKO P'WEIGHT,0.42
631,ENAMEL MEASURING JUG CREAM,4.25
632,12 PENCILS SMALL TUBE SKULL,0.65
633,12 PENCIL SMALL TUBE WOODLAND,0.65
634,BLUE PAPER PARASOL ,2.95
635,VICTORIAN  METAL POSTCARD SPRING,1.69
636,METAL 4 HOOK HANGER FRENCH CHATEAU,2.95
637,BLACK KITCHEN SCALES,8.5
638,RED KITCHEN SCALES,8.5
639,IVORY KITCHEN SCALES,8.5
640,MULTI COLOUR SILVER T-LIGHT HOLDER,0.85
641,3 HOOK HANGER MAGIC GARDEN,1.95
642,ASSORTED COLOUR LIZARD SUCTION HOOK,0.42
643,JUMBO BAG WOODLAND ANIMALS,1.95
644,CHILDREN'S CIRCUS PARADE MUG,1.65
645,PACK 3 FIRE ENGINE/CAR PATCHES,1.25
646,CARD PSYCHEDELIC APPLES,0.42
647,IVORY ENCHANTED FOREST PLACEMAT,1.65
648,PACK OF 6 PANNETONE GIFT BOXES,2.55
649,MEASURING TAPE BABUSHKA RED,2.95
650,RED ENCHANTED FOREST PLACEMAT,1.65
651,CHILDRENS DOLLY GIRL MUG,1.65
652,TOADSTOOL MONEY BOX,2.95
653,MAKE YOUR OWN FLOWERPOWER CARD KIT,2.95
654,PAPER CHAIN KIT LONDON,2.95
655,MEASURING TAPE BABUSHKA BLUE,2.95
656,PENCIL CASE LIFE IS BEAUTIFUL,2.95
657,WOODEN ROUNDERS GARDEN SET ,9.95
658,CHILDS BREAKFAST SET DOLLY GIRL ,9.95
659,CHILDS BREAKFAST SET SPACEBOY ,9.95
660,CAKE PLATE LOVEBIRD WHITE,4.95
661,WOODEN ADVENT CALENDAR RED,16.95
662,GREEN CHRISTMAS TREE CARD HOLDER,4.25
663,STRING OF STARS CARD HOLDER,2.95
664,SET/12 TAPER CANDLES,0.85
665,MINT KITCHEN SCALES,8.5
666,WHITE WOOD GARDEN PLANT LADDER,9.95
667,GLASS JAR ENGLISH CONFECTIONERY,2.95
668,GLASS JAR DIGESTIVE BISCUITS,2.95
669,MILK BOTTLE WITH GLASS STOPPER ,6.95
670,WELCOME  WOODEN BLOCK LETTERS,9.95
671,SET/4 MODERN VINTAGE COTTON NAPKINS,2.95
672,VINTAGE UNION JACK APRON,6.95
673,SWALLOW SQUARE TISSUE BOX,1.25
674,NO JUNK MAIL METAL SIGN,1.25
675,SLATE TILE NATURAL HANGING,1.65
676,VINTAGE GLASS COFFEE CADDY,5.95
677,SILVER GLASS T-LIGHT SET,2.95
678,RIDGED GLASS FINGER BOWL,1.45
679,GLASS  BEURRE DISH,3.95
680,GIN & TONIC DIET GREETING CARD ,0.42
681,"BIRTHDAY CARD, RETRO SPOT",0.42
682,WRAP RED APPLES ,0.42
683,RED RETROSPOT WRAP ,0.42
684,WRAP CHRISTMAS SCREEN PRINT,0.42
685,FANCY FONTS BIRTHDAY WRAP,0.42
686,CLASSIC WHITE FRAME,2.95
687,BLACK DINER WALL CLOCK,8.5
688,DOORMAT PEACE ON EARTH BLUE,7.95
689,BOX OF 24 COCKTAIL PARASOLS,0.42
690,GROW YOUR OWN PLANT IN A CAN ,1.06
691,PLASTERS IN TIN STRONGMAN,1.65
692,MINI JIGSAW DINOSAUR ,0.42
693,MINI JIGSAW BAKE A CAKE ,0.42
694,MINI JIGSAW DOLLY GIRL,0.42
695,WOODEN SCHOOL COLOURING SET,1.65
696,PACK OF 12 TRADITIONAL CRAYONS,0.42
697,CARD PARTY GAMES ,0.42
698,BOOZE & WOMEN GREETING CARD ,0.42
699,PACK OF 12 SUKI TISSUES ,0.29
700,PACK OF 12 WOODLAND TISSUES ,0.29
701,PACK OF 12 SKULL TISSUES,0.29
702,PACK OF 12 CIRCUS PARADE TISSUES ,0.29
703,PACK OF 12 SPACEBOY TISSUES,0.29
704,LADS ONLY TISSUE BOX,1.25
705,RED RETROSPOT TISSUE BOX,1.25
706,GINGERBREAD MAN COOKIE CUTTER,1.25
707,GIN AND TONIC MUG,1.25
708,IF YOU CAN'T STAND THE HEAT MUG,1.25
709,I CAN ONLY PLEASE ONE PERSON MUG,1.25
710,PINK HEART SHAPE EGG FRYING PAN,1.25
711,200 RED + WHITE BENDY STRAWS,1.25
712,RECIPE BOX RETROSPOT ,2.95
713,RECIPE BOX PANTRY YELLOW DESIGN,2.95
714,RECIPE BOX BLUE SKETCHBOOK DESIGN,2.95
715,20 DOLLY PEGS RETROSPOT,1.25
716,NO SINGING METAL SIGN,2.1
717,BISCUIT TIN VINTAGE RED,6.75
718,EMERGENCY FIRST AID TIN ,1.25
719,POLKADOT PEN,0.85
720,DECORATIVE PLANT POT WITH FRIEZE,7.95
721,FRENCH BLUE METAL DOOR SIGN 5,1.25
722,CHEST OF DRAWERS GINGHAM HEART ,16.95
723,RED RETROSPOT CAKE STAND,10.95
724,JOY WOODEN BLOCK LETTERS,4.95
725,NOEL WOODEN BLOCK LETTERS ,5.95
726,PEACE WOODEN BLOCK LETTERS,6.95
727,OFFICE MUG WARMER BLACK+SILVER ,2.95
728,SET OF 2 CHRISTMAS DECOUPAGE CANDLE,1.25
729,COSMETIC BAG VINTAGE ROSE PAISLEY,2.1
730,PINK ROSE FABRIC MIRROR,1.25
731,SILVER PLATE CANDLE BOWL SMALL,2.95
732,SMALL REGAL  SILVER CANDLEPOT ,2.95
733,ANTIQUE TALL SWIRLGLASS TRINKET POT,3.75
734,ANTIQUE GLASS PEDESTAL BOWL,3.75
735,GUMBALL MAGAZINE RACK,7.65
736,RED FLOWER CROCHET FOOD COVER,3.75
737,CHERRY CROCHET FOOD COVER,3.75
738,STRAWBERRY RAFFIA FOOD COVER,3.75
739,POLKA DOT RAFFIA FOOD COVER,3.75
740,DOORMAT SPOTTY HOME SWEET HOME,7.95
741,T-LIGHT GLASS FLUTED ANTIQUE,1.25
742,SILVER  CANDLEPOT JARDIN ,3.75
743,POLKADOT MUG PINK ,1.65
744,PAPER BUNTING COLOURED LACE,2.95
745,ANTIQUE GLASS HEART DECORATION ,1.95
746,SET OF 6 KASHMIR FOLKART BAUBLES,4.25
747,CHRISTMAS RETROSPOT ANGEL WOOD,0.85
748,CHRISTMAS RETROSPOT STAR WOOD,0.85
749,HEART WOODEN CHRISTMAS DECORATION,0.85
750,LARGE HANGING IVORY & RED WOOD BIRD,0.65
751,SMALL HANGING IVORY/RED WOOD BIRD,0.42
752,GRAND CHOCOLATECANDLE,1.45
753,FAIRY CAKE BIRTHDAY CANDLE SET,3.75
754,3 HOOK PHOTO SHELF ANTIQUE WHITE,8.5
755,CREAM SWEETHEART WALL CABINET,18.95
756,DOORMAT ENGLISH ROSE ,7.95
757,DOORMAT UNION FLAG,7.95
758,ROMANTIC IMAGES NOTEBOOK SET,4.25
759,CURIOUS  IMAGES NOTEBOOK SET,4.25
760,VINTAGE KEEPSAKE BOX PARIS DAYS,6.35
761,RED GINGHAM ROSE JEWELLERY BOX,1.65
762,BLUE CHARLIE+LOLA PERSONAL DOORSIGN,2.95
763,"CHARLIE+LOLA""EXTREMELY BUSY"" SIGN",2.55
764,CHARLOTTE BAG SUKI DESIGN,0.85
765,LOLITA  DESIGN  COTTON TOTE BAG,2.25
766,LETS GO SHOPPING COTTON TOTE BAG,2.25
767,PAINT YOUR OWN CANVAS SET,1.65
768,CAMOUFLAGE LED TORCH,1.69
769,BLUE DRAGONFLY HELICOPTER,7.95
770,YELLOW SHARK HELICOPTER,7.95
771,RED SHARK HELICOPTER,7.95
772,TOOL BOX SOFT TOY ,8.95
773,DOCTOR'S BAG SOFT TOY,8.95
774,CARRIAGE,50.0
775,JUMBO BAG SCANDINAVIAN PAISLEY,1.95
776,JUMBO BAG TOYS ,1.95
777,SET OF SALT AND PEPPER TOADSTOOLS,1.25
778,"HOOK, 1 HANGER ,MAGIC GARDEN",0.85
779,RED SPOTTY BISCUIT TIN,3.75
780,PORCELAIN HANGING BELL SMALL,1.45
781,PAINTED LIGHTBULB STAR+ MOON,0.42
782,BLUE TEA TOWEL CLASSIC DESIGN,1.25
783,SET 12 KIDS  WHITE CHALK STICKS,0.42
784,CHRISTMAS MUSICAL ZINC STAR,0.85
785,CHRISTMAS MUSICAL ZINC HEART ,0.85
786,DOVE DECORATION PAINTED ZINC ,0.65
787,UNION STRIPE WITH FRINGE  HAMMOCK,7.95
788,FOLKART ZINC HEART CHRISTMAS DEC,0.85
789,SKULLS AND CROSSBONES WRAP,0.42
790,POLYESTER FILLER PAD 45x30cm,1.45
791,POLYESTER FILLER PAD 40x40cm,1.45
792,PINK FLOWER FABRIC PONY,3.75
793,BIRTHDAY PARTY CORDON BARRIER TAPE,1.25
794,CAMOUFLAGE DESIGN TEDDY,2.55
795,TV DINNER TRAY AIR HOSTESS ,4.95
796,SUKI  SHOULDER BAG,1.65
797,BLUE SPOT CERAMIC DRAWER KNOB,1.25
798,CUSHION COVER PINK UNION JACK,5.95
799,CREAM SWEETHEART LETTER RACK,5.45
800,FOUR HOOK  WHITE LOVEBIRDS,2.1
801,FRENCH BLUE METAL DOOR SIGN 3,1.25
802,FRENCH BLUE METAL DOOR SIGN No,1.25
803,SET OF 3 BABUSHKA STACKING TINS,4.95
804,BEACH HUT KEY CABINET,3.75
805,SMALL PURPLE BABUSHKA NOTEBOOK ,0.85
806,CHERRY BLOSSOM PASSPORT COVER,2.1
807,SMALL YELLOW BABUSHKA NOTEBOOK ,0.85
808,RETRO MOD TRAY,0.85
809,SWEETHEART WIRE MAGAZINE RACK,7.95
810,CARDHOLDER HOLLY WREATH METAL,3.75
811,SILVER CHRISTMAS TREE BAUBLE STAND ,16.95
812,SWEETHEART RECIPE BOOK STAND,6.75
813,OVERNIGHT BAG VINTAGE ROSE PAISLEY,4.95
814,ANT WHITE WIRE HEART SPIRAL,3.95
815,"FEATHER PEN,COAL BLACK",0.85
816,"FEATHER PEN,LIGHT PINK",0.85
817,"FEATHER PEN,HOT PINK",0.85
818,DOORMAT AIRMAIL ,6.75
819,NUMBER TILE COTTAGE GARDEN 8,1.95
820,DOORMAT 3 SMILEY CATS,6.75
821,BREAD BIN DINER STYLE IVORY,14.95
822,BREAD BIN DINER STYLE RED ,14.95
823,MAGNETS PACK OF 4 VINTAGE COLLAGE,1.25
824,MAGNETS PACK OF 4 HOME SWEET HOME,1.25
825,MAGNETS PACK OF 4 CHILDHOOD MEMORY,1.25
826,"ART LIGHTS,FUNK MONKEY",2.95
827,MINI CAKE STAND WITH HANGING CAKES,1.45
828,CERAMIC CAKE STAND + HANGING CAKES,9.95
829,SWEETHEART CERAMIC TRINKET BOX,1.25
830,SET OF 4 FAIRY CAKE PLACEMATS,3.75
831,OFFICE MUG WARMER PINK,2.95
832,OFFICE MUG WARMER CHOC+BLUE,2.95
833,PLEASE ONE PERSON METAL SIGN,2.1
834,GLITTER CHRISTMAS HEART ,0.85
835,CIRCUS PARADE CHILDRENS EGG CUP ,1.25
836,RED STRIPE CERAMIC DRAWER KNOB,1.25
837,"NURSERY A,B,C PAINTED LETTERS",6.75
838,SET OF 2 ROUND TINS DUTCH CHEESE,2.95
839,GREEN GEISHA GIRL ,3.75
840,BLUE GEISHA GIRL ,3.75
841,NEWSPAPER STAND,14.95
842,CINAMMON & ORANGE WREATH,6.75
843,LARGE WHITE HONEYCOMB PAPER BELL  ,2.1
844,WOOD STOCKING CHRISTMAS SCANDISPOT,0.85
845,SET OF 4 NAPKIN CHARMS HEARTS,2.55
846,WOODEN TREE CHRISTMAS SCANDINAVIAN,0.85
847,ROCKING HORSE GREEN CHRISTMAS ,0.85
848,CHRISTMAS HANGING TREE WITH BELL,1.25
849,JINGLE BELLS TREE DECORATION,2.1
850,SET OF 4 NAPKIN CHARMS 3 KEYS ,2.55
851,SET OF 4 NAPKIN CHARMS INSTRUMENT,2.55
852,SET OF 4 NAPKIN CHARMS CROWNS ,2.55
853,SWALLOW WOODEN CHRISTMAS DECORATION,0.85
854,GLITTER CHRISTMAS TREE,0.85
855,GARLAND WITH STARS AND BELLS,4.95
856,"CHRISTMAS GARLAND STARS,TREES",3.75
857,SWISS CHALET TREE DECORATION ,0.85
858,BIRD BOX CHRISTMAS TREE DECORATION,0.85
859,WOODEN ADVENT CALENDAR CREAM,16.95
860,Manual,1.25
861,CARD MOTORBIKE SANTA,0.42
862,CARD CHRISTMAS VILLAGE,0.42
863,DOORMAT I LOVE LONDON,7.95
864,WOOD AND GLASS MEDICINE CABINET,29.95
865,MA CAMPAGNE CUTLERY BOX,14.95
866,YULETIDE IMAGES GIFT WRAP SET,2.1
867,WICKER WREATH LARGE,1.95
868,TABLE LAMP WHITE SHADE WOOD BASE,5.95
869,SMALL FOLKART STAR CHRISTMAS DEC,0.42
870,SMALLFOLKART BAUBLE CHRISTMAS DEC,0.42
871,SMALL HANGING GLASS+ZINC LANTERN,1.45
872,SET/3 CHRISTMAS DECOUPAGE CANDLES,1.25
873,PINK/WHITE CHRISTMAS TREE 60CM,0.65
874,GREEN CHRISTMAS TREE STRING 20LIGHT,4.95
875,EUCALYPTUS & PINECONE  WREATH,6.75
876,CHRISTMAS PUDDING TRINKET POT ,1.45
877,BLACK CHRISTMAS TREE 60CM,0.65
878,15CM CHRISTMAS GLASS BALL 20 LIGHTS,7.95
879,CARDHOLDER GINGHAM STAR,2.55
880,WOODEN STAR CHRISTMAS SCANDINAVIAN,0.85
881,FINE WICKER HEART ,1.25
882,UNION JACK FLAG PASSPORT COVER ,1.69
883,EDWARDIAN PARASOL PINK,4.6
884,S/4 CACTI CANDLES,4.25
885,PINK MARSHMALLOW SCARF KNITTING KIT,2.55
886,6 CHOCOLATE LOVE HEART T-LIGHTS,1.69
887,PINK BLUE FELT CRAFT TRINKET BOX,1.06
888,TOAST ITS - BEST MUM,1.05
889,3 TRADITIONAL COOKIE CUTTERS  SET,2.1
890,MIRRORED WALL ART SKULLS,3.75
891,MIRRORED WALL ART STARS,2.95
892,CHARLIE+LOLA PINK HOT WATER BOTTLE,2.95
893,CHARLIE+LOLA RED HOT WATER BOTTLE ,4.65
894,COWBOYS AND INDIANS BIRTHDAY CARD ,0.42
895,RING OF ROSES BIRTHDAY CARD,0.42
896,ALARM CLOCK BAKELIKE CHOCOLATE,3.75
897,CERAMIC CAKE DESIGN SPOTTED MUG,1.49
898,LIPSTICK PEN FUSCHIA,0.42
899,BROCADE RING PURSE ,0.21
900,GREEN 3 PIECE POLKADOT CUTLERY SET,3.75
901,PAINTED METAL PEARS ASSORTED,1.69
902,COLOUR GLASS. STAR T-LIGHT HOLDER,3.25
903,SWALLOWS GREETING CARD,0.42
904,LADLE LOVE HEART PINK,0.42
905,"LETTER ""M"" BLING KEY RING",1.25
906,"LETTER ""V"" BLING KEY RING",1.25
907,"LETTER ""S"" BLING KEY RING",1.25
908,"LETTER ""J"" BLING KEY RING",1.25
909,WALL TIDY RETROSPOT ,2.1
910,BINGO SET,3.75
911,KIDS RAIN MAC PINK,0.85
912,RED RETROSPOT CUP,0.85
913,SQUARE FLOOR CUSHION VINTAGE RED,7.95
914,SET/3 VANILLA SCENTED CANDLE IN BOX,4.25
915,SET OF 2 TINS VINTAGE BATHROOM ,4.25
916,BLUE  DIAMANTE PEN IN GIFT BOX,4.95
917,36 PENCILS TUBE SKULLS,1.25
918,GREEN FERN JOURNAL ,2.55
919,RIBBON REEL FLORA + FAUNA ,1.65
920,BLACK EAR MUFF HEADPHONES,5.49
921,RED POLKADOT COFFEE  MUG,2.1
922,EMPIRE UNION JACK TV DINNER TRAY,4.95
923,ASSORTED TUTTI FRUTTI MIRROR,1.25
924,SET OF 4 ROSE BOTANICAL CANDLES,3.75
925,FELT EGG COSY BLUE RABBIT ,0.85
926,LOVE HEART SOCK HANGER,1.65
927,SCOTTIES CHILDRENS APRON,1.65
928,CHILDS GARDEN BRUSH PINK,2.1
929,LADYBIRD + BEE RAFFIA FOOD COVER,3.75
930,HOME SWEET HOME MUG,1.25
931,CHILDRENS GARDEN GLOVES BLUE,1.25
932,CHRYSANTHEMUM SKETCHBOOK ,3.75
933,BAG 250g SWIRLY MARBLES,0.85
934,BAG 125g SWIRLY MARBLES,0.42
935,ROSE 3 WICK MORRIS BOX CANDLE,4.25
936,ROSE SCENT CANDLE JEWELLED DRAWER,4.25
937,RED RETROSPOT CHILDRENS UMBRELLA,3.25
938,WHITE BAMBOO RIBS LAMPSHADE,0.85
939,FOLDING UMBRELLA CHOCOLATE POLKADOT,4.95
940,CAKE STAND LOVEBIRD 2 TIER WHITE,9.95
941,3 GARDENIA MORRIS BOXED CANDLES,4.25
942,SET/4 GARDEN ROSE DINNER CANDLE,1.65
943,GOLD PRINT PAPER BAG,0.19
944,WOODEN HAPPY BIRTHDAY GARLAND,2.95
945,SET/4 BADGES CUTE CREATURES,1.25
946,BLUE PAISLEY POCKET BOOK,0.85
947,PORCELAIN ROSE LARGE ,1.25
948,PORCELAIN ROSE SMALL,0.85
949,BAKING SET SPACEBOY DESIGN,4.25
950,SOAP DISH BROCANTE,2.95
951,FLUTED ANTIQUE CANDLE HOLDER,0.85
952,PEACE SMALL WOOD LETTERS,6.75
953,RED RETROSPOT APRON ,5.95
954,TEA TIME KITCHEN APRON,5.95
955,FELTCRAFT DOLL MARIA,2.95
956,PARTY METAL SIGN ,1.45
957,VINTAGE CREAM 3 BASKET CAKE STAND,9.95
958,CHRISTMAS RETROSPOT HEART WOOD,0.85
959,DOORMAT RESPECTABLE HOUSE,7.95
960,MEMO BOARD RETROSPOT  DESIGN,4.95
961,PINK/YELLOW FLOWERS HANDBAG,1.25
962,CHARLIE+LOLA MY ROOM DOOR SIGN,2.55
963,SALLE DE BAIN HOOK,1.25
964,CHRISTMAS CARD STACK OF PRESENTS,0.42
965,SET 12 KIDS COLOUR  CHALK STICKS,0.42
966,SPACEBOY BIRTHDAY CARD,0.42
967,ROBOT BIRTHDAY CARD,0.42
968,JOY LARGE WOOD LETTERS,9.95
969,WORLD WAR 2 GLIDERS ASSTD DESIGNS,0.29
970,CHILDRENS APRON APPLES DESIGN,1.95
971,ENCHANTED BIRD COATHANGER 5 HOOK,4.65
972,TOAST ITS - FAIRY FLOWER,1.25
973,CACTI T-LIGHT CANDLES,0.42
974,HANGING BAUBLE T-LIGHT HOLDER SMALL,2.1
975,12 PENCILS SMALL TUBE RED RETROSPOT,0.65
976,BALLOON WATER BOMB PACK OF 35,0.42
977,BALLOON PUMP WITH 10 BALLOONS,1.95
978,ALPHABET STENCIL CRAFT,1.25
979,IVORY PAPER CUP CAKE CASES ,0.42
980,PARTY INVITES WOODLAND,0.85
981,PARTY INVITES BALLOON GIRL,0.85
982,LOVELY BONBON STICKER SHEET,0.85
983,SWEET PUDDING STICKER SHEET,0.85
984,ASSTD DESIGN 3D PAPER STICKERS,0.85
985,CUTE CATS TAPE,0.65
986,COLOURING PENCILS BROWN TUBE,1.25
987,TOOTHPASTE TUBE PEN,0.65
988,MAGIC DRAWING SLATE PURDEY,0.42
989,PACK OF 12 COLOURED PENCILS,0.85
990,TOAST ITS - I LOVE YOU ,1.25
991,BANK ACCOUNT  GREETING  CARD ,0.42
992,EMPIRE BIRTHDAY CARD,0.42
993,TEA PARTY BIRTHDAY CARD,0.42
994,CARD CAT AND TREE ,0.42
995,CARD DOG AND BALL ,0.42
996,PENNY FARTHING BIRTHDAY CARD,0.42
997,BLUE STRIPE CERAMIC DRAWER KNOB,1.25
998,RED SPOT CERAMIC DRAWER KNOB,1.25
999,WHITE SPOT BLUE CERAMIC DRAWER KNOB,1.25
1000,EMBOSSED GLASS TEALIGHT HOLDER,1.25
1001,WATERING CAN PINK BUNNY,1.95
1002,WATERING CAN GREEN DINOSAUR,1.95
1003,WATERING CAN BLUE ELEPHANT,1.95
1004,FLYING PIG WATERING CAN,2.95
1005,VINTAGE BILLBOARD TEA MUG,1.25
1006,VINTAGE BILLBOARD MUG ,1.25
1007,LIPSTICK PEN RED,0.42
1008,FRENCH BLUE METAL DOOR SIGN 1,1.25
1009,FRENCH BATHROOM SIGN BLUE METAL,1.65
1010,YELLOW GIANT GARDEN THERMOMETER,5.95
1011,GLASS BELL JAR LARGE,8.5
1012,WATERING CAN GARDEN MARKER,1.25
1013,KINGS CHOICE MUG,1.25
1014,FRIDGE MAGNETS LA VIE EN ROSE,0.85
1015,RED RETROSPOT ROUND CAKE TINS,9.95
1016,COFFEE MUG CAT + BIRD DESIGN,2.55
1017,PIN CUSHION BABUSHKA PINK,3.35
1018,BROCANTE SHELF WITH HOOKS,10.75
1019,GREEN POLKADOT BOWL,1.25
1020,RED RETROSPOT BOWL,1.25
1021,AREA PATROLLED METAL SIGN,2.1
1022,PICTURE FRAME WOOD TRIPLE PORTRAIT,6.75
1023,SKULLS  STICKERS,0.85
1024,SET3 BOOK BOX GREEN GINGHAM FLOWER ,4.25
1025,POTTING SHED TEA MUG,1.25
1026,ROUND CAKE TIN VINTAGE RED,7.95
1027,RETRO PLASTIC ELEPHANT TRAY,0.85
1028,GOLD MINI TAPE MEASURE ,0.85
1029,RAINBOW PEGS PHOTO CLIP STRING,0.65
1030,TEATIME PEN CASE & PENS,0.85
1031,PHOTO FRAME 3 CLASSIC HANGING,9.95
1032,3D TRADITIONAL CHRISTMAS STICKERS,1.25
1033,TRADITIONAL MODELLING CLAY,1.25
1034,SEASIDE FLYING DISC,1.25
1035,PEG BAG APPLES DESIGN,2.55
1036,GREY FLORAL FELTCRAFT SHOULDER BAG,3.75
1037,CHARLIE LOLA BLUE HOT WATER BOTTLE ,4.65
1038,SET/3 RED GINGHAM ROSE STORAGE BOX,3.75
1039,GLASS HEART T-LIGHT HOLDER ,0.85
1040,TEA TIME PARTY BUNTING,4.65
1041,WOODEN UNION JACK BUNTING,5.95
1042,PAPER BUNTING RETROSPOT,2.95
1043,SMALL WHITE RETROSPOT MUG IN BOX ,3.75
1044,SMALL RED RETROSPOT MUG IN BOX ,3.75
1045,"SET 3 RETROSPOT TEA,COFFEE,SUGAR",4.95
1046,12 PENCILS TALL TUBE RED RETROSPOT,0.85
1047,RED RETROSPOT PUDDING BOWL,4.25
1048,RED RETROSPOT TRADITIONAL TEAPOT ,7.95
1049,DAIRY MAID  PUDDING BOWL,3.75
1050,ASSORTED CAKES FRIDGE MAGNETS,0.65
1051,FOOD CONTAINER SET 3 LOVE HEART ,1.95
1052,DO NOT TOUCH MY STUFF DOOR HANGER ,1.45
1053,MOODY GIRL DOOR HANGER ,1.45
1054,KEEP OUT BOYS DOOR HANGER ,1.45
1055,MOODY BOY  DOOR HANGER ,1.45
1056,FILIGRIS HEART WITH BUTTERFLY,1.25
1057,HEART DECORATION PAINTED ZINC ,0.65
1058,"DECORATION HEN ON NEST, HANGING",1.65
1059,HEN HOUSE DECORATION,1.65
1060,PACK OF 12 STICKY BUNNIES,0.65
1061,MINI WOODEN HAPPY BIRTHDAY GARLAND,1.69
1062,PINK HAPPY BIRTHDAY BUNTING,5.45
1063,BLUE HAPPY BIRTHDAY BUNTING,5.45
1064,WOOD STAMP SET BEST WISHES,1.65
1065,WOOD STAMP SET HAPPY BIRTHDAY,1.65
1066,WOOD STAMP SET THANK YOU,1.65
1067,GLAMOROUS  MUG,1.25
1068,CREAM WALL PLANTER HEART SHAPED,5.95
1069,JUMBO BAG SPACEBOY DESIGN,1.95
1070,RED FLORAL FELTCRAFT SHOULDER BAG,3.75
1071,PINK FLORAL FELTCRAFT SHOULDER BAG,3.75
1072,AIRLINE BAG VINTAGE JET SET RED,4.25
1073,AIRLINE BAG VINTAGE JET SET BROWN,4.25
1074,COSY SLIPPER SHOES LARGE GREEN,2.95
1075,WHITE JEWELLED HEART DECORATION,0.85
1076,IVORY HANGING DECORATION  HEART,0.85
1077,STRIPEY CHOCOLATE NESTING BOXES,2.95
1078,CHRISTMAS TREE STAR DECORATION,0.42
1079,CHRISTMAS TREE DECORATION WITH BELL,0.42
1080,CHINESE DRAGON PAPER LANTERNS,0.42
1081,MILK PAN PINK POLKADOT,3.75
1082,BOOM BOX SPEAKER BOYS,5.95
1083,PINK FAIRY CAKE CHILDRENS APRON,1.95
1084,SMALL PINK MAGIC CHRISTMAS TREE,0.85
1085,SET OF 4 FAIRY CAKE PLACEMATS ,3.75
1086,RECYCLED PENCIL WITH RABBIT ERASER,0.21
1087,BLUE CALCULATOR RULER,1.25
1088,RED FLOCK LOVE HEART PHOTO FRAME,0.85
1089,SCENTED CANDLE IN DIGITALIS TIN,2.1
1090,GROW YOUR OWN FLOWERS SET OF 3,7.95
1091,RED HEART SHAPE LOVE BUCKET ,2.95
1092,VINTAGE POST OFFICE CABINET,79.95
1093,SET OF 6 3D KIT CARDS FOR KIDS,0.85
1094,CLEAR MILKSHAKE GLASS,2.1
1095,RED BABY BUNTING ,2.95
1096,BIRDS MOBILE VINTAGE DESIGN,5.95
1097,WOODLAND  HEIGHT CHART STICKERS ,2.95
1098,DINOSAUR LUNCH BOX WITH CUTLERY,2.55
1099,CHARLIE + LOLA BISCUITS TINS,9.95
1100,CHARLIE AND LOLA TABLE TINS,9.95
1101,CHARLIE AND LOLA FIGURES TINS,9.95
1102,CAKE STAND WHITE TWO TIER LACE,8.5
1103,BLUE POLKADOT BOWL,1.25
1104,PINK  POLKADOT CUP,0.85
1105,SKULL AND CROSSBONES  GARLAND ,1.65
1106,PACK OF 6 SKULL PAPER CUPS,0.65
1107,PACK OF 6 SKULL PAPER PLATES,0.85
1108,PACK OF 20 SKULL PAPER NAPKINS,0.85
1109,200 BENDY SKULL STRAWS,1.25
1110,SKULLS PARTY BAG + STICKER SET,1.65
1111,SET OF 9 BLACK SKULL BALLOONS,0.85
1112,STRAWBERRY HONEYCOMB  GARLAND ,1.65
1113,PINK POLKADOT BOWL,1.25
1114,SET OF 6 T-LIGHTS WEDDING CAKE ,2.95
1115,MINI CAKE STAND T-LIGHT HOLDER,0.42
1116,ROUND CAKE TIN VINTAGE GREEN,7.95
1117,"BLACK TEA,COFFEE,SUGAR JARS",6.35
1118,SHOE SHINE BOX ,9.95
1119,BREAD BIN DINER STYLE MINT,16.95
1120,VANILLA INCENSE 40 CONES IN TIN,1.25
1121,LAVENDER INCENSE 40 CONES IN TIN,1.25
1122,COLUMBIAN CANDLE ROUND ,1.25
1123,COLUMBIAN CANDLE RECTANGLE,1.25
1124,ZINC FINISH 15CM PLANTER POTS,1.25
1125,SMALL SQUARE CUT GLASS CANDLESTICK,4.95
1126,SILK PURSE BABUSHKA BLUE,3.35
1127,ARMY CAMO BOOKCOVER TAPE,0.42
1128,CARROT CHARLIE+LOLA COASTER SET,2.95
1129,MEMO BOARD COTTAGE DESIGN,4.95
1130,CHILDS GARDEN SPADE BLUE,2.1
1131,LOVE HEART NAPKIN BOX ,4.25
1132,SKULLS GREETING CARD,0.42
1133,HANGING CHICK  YELLOW DECORATION,1.45
1134,SET OF 72 SKULL PAPER  DOILIES,1.45
1135,SET OF 36 PAISLEY FLOWER DOILIES,1.45
1136,SPACEBOY GIFT WRAP,0.42
1137,BLUE GLASS CHUNKY CHARM BRACELET,8.95
1138,BLACK+WHITE NECKLACE W TASSEL,9.95
1139,AMBER CHUNKY GLASS+BEAD NECKLACE,11.95
1140,POPPY'S PLAYHOUSE LIVINGROOM ,2.1
1141,GINGHAM ROSE WRAP,0.42
1142,12 PENCILS TALL TUBE POSY,0.85
1143,12 COLOURED PARTY BALLOONS,0.65
1144,PINK FLOWER CROCHET FOOD COVER,3.75
1145,FLOWER VINE RAFFIA FOOD COVER,3.75
1146,FOOD/DRINK SPONGE STICKERS,0.21
1147,PINK HEART SHAPE PHOTO FRAME,1.65
1148,LILAC DIAMANTE PEN IN GIFT BOX,4.95
1149,SILVER DIAMANTE PEN IN GIFT BOX,4.95
1150,BLUE JUICY FRUIT PHOTO FRAME,2.55
1151,GREEN JUICY FRUIT PHOTO FRAME,2.55
1152,GLITTER BUTTERFLY CLIPS,2.55
1153,ASSORTED CREEPY CRAWLIES,0.42
1154,VINTAGE UNION JACK MEMOBOARD,9.95
1155,BASKET OF FLOWERS SEWING KIT,0.85
1156,ANTIQUE SILVER TEA GLASS ETCHED,1.25
1157,FAMILY ALBUM WHITE PICTURE FRAME,8.5
1158,WRAP PINK FAIRY CAKES ,0.42
1159,BABY BOOM RIBBONS ,1.25
1160,ENAMEL WASH BOWL CREAM,3.75
1161,LOCAL CAFE MUG,2.1
1162,DIAMANTE BOW BROOCH BLACK COLOUR,6.35
1163,DIAMANTE BOW BROOCH GREEN COLOUR,6.35
1164,DIAMANTE BOW BROOCH RED COLOUR,6.35
1165,LILY BROOCH AMETHYST COLOUR,4.95
1166,PAIR OF ENAMEL BUTTERFLY HAIRCLIP,3.35
1167,AMETHYST DIAMANTE EXPANDABLE RING,4.25
1168,PURPLE GEMSTONE BRACELET,8.95
1169,BLACK GEMSTONE BRACELET,8.95
1170,PURPLE GEMSTONE NECKLACE 45CM,12.75
1171,5 STRAND GLASS NECKLACE BLACK,6.35
1172,DROP DIAMANTE EARRINGS CRYSTAL,2.95
1173,AMETHYST HOOP EARRING FLORAL LEAF,2.95
1174,HANGING BAUBLE T-LIGHT HOLDER LARGE,2.95
1175,CUT GLASS HEXAGON T-LIGHT HOLDER,2.55
1176,CLAM SHELL SMALL ,2.1
1177,CLAM SHELL LARGE,3.75
1178,COCKLE SHELL DISH,2.1
1179,PARTY PIZZA DISH RED RETROSPOT,0.85
1180,SPACEBOY TV DINNER TRAY,4.95
1181,PINK TALL PORCELAIN T-LIGHT HOLDER ,2.55
1182,WHITE TALL PORCELAIN T-LIGHT HOLDER,2.55
1183,DOLLY GIRL CHILDRENS EGG CUP,1.25
1184,"KEY FOB , GARAGE DESIGN",0.65
1185,GARDEN METAL SIGN ,1.65
1186,"KEY FOB , FRONT  DOOR ",0.65
1187,"KEY FOB , BACK DOOR ",0.65
1188,SET OF 6 CAKE CHOPSTICKS,1.25
1189,SET OF 6 STRAWBERRY CHOPSTICKS,1.25
1190,CHRYSANTHEMUM POCKET BOOK ,0.85
1191,GARDEN PATH POCKET BOOK,0.85
1192,RED DAISY POCKET BOOK ,0.85
1193,12 PENCILS TALL TUBE WOODLAND,0.85
1194,FROG SOCK PUPPET,2.95
1195,PINK HORSE SOCK PUPPET,2.95
1196,BLACK WINE GLASS,1.65
1197,CLASSICAL ROSE CANDLESTAND,1.25
1198,GAOLERS KEYS DECORATIVE GARDEN ,3.75
1199,BLACK CHAMPAGNE GLASS,1.65
1200,PINK OWL SOFT TOY,2.95
1201,RED RETROSPOT PEG BAG,2.1
1202,FAIRY CAKE DESIGN UMBRELLA,3.75
1203,BIG DOUGHNUT FRIDGE MAGNETS,0.85
1204,"WRAP, BILLBOARD FONTS DESIGN",0.42
1205,GIFT BAG PSYCHEDELIC APPLES,0.65
1206,BLACK ENCHANTED FOREST PLACEMAT,1.45
1207,WRAP GREEN PEARS ,0.42
1208,RED RETROSPOT CHARLOTTE BAG,0.85
1209,PAPER CHAIN KIT EMPIRE,2.95
1210,CHARLOTTE BAG PINK POLKADOT,0.85
1211,TOY TIDY SPACEBOY  ,2.1
1212,4 ROSE PINK DINNER CANDLES,1.25
1213,4 SKY BLUE DINNER CANDLES,1.25
1214,TWO DOOR CURIO CABINET,12.75
1215,PINK POLKADOT WRAP ,0.42
1216,ASSORTED COLOURS SILK FAN,0.75
1217,SPOTTY PINK DUCK DOORSTOP,4.25
1218,Bank Charges,15.0
1219,RED RETROSPOT SHOPPER BAG,1.25
1220,RED RETROSPOT BUTTER DISH,4.95
1221,LOVE GARLAND PAINTED ZINC ,1.65
1222,MEASURING TAPE BABUSHKA PINK,2.55
1223,VINTAGE KID DOLLY CARD ,0.36
1224,"ELEPHANT, BIRTHDAY CARD, ",0.36
1225,BLUE POLKADOT WRAP,0.34
1226,WOODLAND CHARLOTTE BAG,0.72
1227,VICTORIAN SEWING KIT,1.25
1228,MIRROR LOVE BIRD T-LIGHT HOLDER,1.25
1229,BLACK LOVE BIRD T-LIGHT HOLDER,1.25
1230,HANGING JAM JAR T-LIGHT HOLDER,0.72
1231,HAND OPEN SHAPE GOLD,3.39
1232,FELT FARM ANIMAL WHITE BUNNY ,0.85
1233,RED RETROSPOT PURSE ,2.95
1234,SNOWSTORM PHOTO FRAME FRIDGE MAGNET,0.85
1235,RED POLKADOT PUDDING BOWL,2.1
1236,BLUE POLKADOT PUDDING BOWL,2.1
1237,VINTAGE BLUE TINSEL REEL,0.42
1238,JARDIN ETCHED GLASS BUTTER DISH,7.25
1239,SPACE FROG,1.25
1240,SPACE CADET BLACK,1.25
1241,SPACE CADET RED,1.25
1242,SPACE OWL,1.25
1243,SPACE CADET WHITE,1.25
1244,WOODLAND DESIGN  COTTON TOTE BAG,2.25
1245,ILLUSTRATED CAT BOWL ,2.55
1246,TOAST ITS - DINOSAUR,1.25
1247,GARDEN PATH SKETCHBOOK,3.75
1248,BLUE POLKADOT COFFEE MUG,2.1
1249,MONSTERS STENCIL CRAFT,1.25
1250,CITRONELLA CANDLE GARDEN POT,1.25
1251,MODERN FLORAL STATIONERY SET,2.95
1252,FUNKY WASHING UP GLOVES ASSORTED,2.1
1253,FLORAL FOLK STATIONERY SET,2.95
1254,BLUE POLKADOT WASHING UP GLOVES,2.1
1255,CHILDS BREAKFAST SET CIRCUS PARADE,8.5
1256,WOODLAND STORAGE BOX SMALL,2.1
1257,SKULLS  DESIGN  COTTON TOTE BAG,2.25
1258,FLOWER BURST SILVER RING CRYSTAL,3.75
1259,LAUNDRY 15C METAL SIGN,1.45
1260,FANNY'S REST STOPMETAL SIGN,2.1
1261,CHOCOLATE THIS WAY METAL SIGN,2.1
1262,HOT BATHS METAL SIGN,2.1
1263,POTTERING IN THE SHED METAL SIGN,1.95
1264,"KEY FOB , SHED",0.65
1265,LOVE HEART POCKET WARMER,1.65
1266,BOTANICAL LAVENDER BIRTHDAY CARD,0.42
1267,CORONA MEXICAN TRAY,3.75
1268,KIDS RAIN MAC BLUE,0.85
1269,MONEY BOX CONFECTIONERY DESIGN,1.25
1270,MONEY BOX KINGS CHOICE DESIGN,1.25
1271,MONEY BOX POCKET MONEY DESIGN,1.25
1272,ASSORTED COLOUR T-LIGHT HOLDER,0.55
1273,WEEKEND BAG VINTAGE ROSE PAISLEY,7.65
1274,CERAMIC CAKE BOWL + HANGING CAKES,2.95
1275,CHRISTMAS CARD SCREEN PRINT ,0.42
1276,CHRISTMAS CARD SINGING ANGEL,0.42
1277,PAPER BUNTING VINTAGE PAISLEY,2.95
1278,IVORY PILLAR CANDLE SILVER FLOCK,2.95
1279,CREAM SWEETHEART MINI CHEST,12.75
1280,SILVER FISHING GNOME ,6.95
1281,PARTY INVITES DINOSAURS,0.85
1282,NUMBER TILE COTTAGE GARDEN 9,1.95
1283,NUMBER TILE COTTAGE GARDEN 1,1.95
1284,NUMBER TILE COTTAGE GARDEN No,2.1
1285,ENAMEL WATERING CAN CREAM,4.95
1286,ENAMEL COLANDER CREAM,4.95
1287,BLUE POLKADOT CUP,0.85
1288,FRYING PAN UNION FLAG,3.75
1289,BLUE/CREAM STRIPE CUSHION COVER ,1.25
1290,UNION STRIPE CUSHION COVER ,1.25
1291,KEY CABINET MA CAMPAGNE,9.95
1292,DINOSAUR PARTY BAG + STICKER SET,1.65
1293,IVY HEART WREATH,6.75
1294,VINTAGE RED KITCHEN CABINET,295.0
1295,LARGE CAKE STAND HANGING HEARTS,9.95
1296,LARGE CAKE STAND  HANGING STRAWBERY,9.95
1297,RED RETROSPOT SUGAR JAM BOWL,2.55
1298,RED RETROSPOT SHOPPING BAG,2.55
1299,RED RETROSPOT WASHBAG,2.1
1300,TEA TIME OVEN GLOVE,1.25
1301,STRAWBERRY FAIRY CAKE TEAPOT,4.95
1302,WRAP ENGLISH ROSE ,0.42
1303,WRAP  PINK FLOCK,0.42
1304,TUB 24 PINK FLOWER PEGS,1.65
1305,FENG SHUI PILLAR CANDLE,0.19
1306,"DECOUPAGE,GREETING CARD,",0.42
1307,NOVELTY BISCUITS CAKE STAND 3 TIER,9.95
1308,DAIRY MAID TOASTRACK,2.95
1309,DAIRY MAID TRADITIONAL TEAPOT ,6.95
1310,GLITTER HEART GARLAND WITH BELLS ,3.75
1311,GLITTER STAR GARLAND WITH BELLS ,3.75
1312,HEART GARLAND RUSTIC PADDED,2.95
1313,LAVENDER SCENTED FABRIC HEART,1.25
1314,BLUE POLKADOT PASSPORT COVER,2.1
1315,SET/6 BEAD COASTERS GAUZE BAG GOLD,1.25
1316,GROW YOUR OWN HERBS SET OF 3,7.95
1317,PINK POLKADOT CHILDRENS UMBRELLA,3.25
1318,WOODEN CROQUET GARDEN SET,14.95
1319,STAR DECORATION RUSTIC,0.42
1320,WHITE CHRISTMAS STAR DECORATION,0.42
1321,HEART DECORATION RUSTIC HANGING ,0.65
1322,PORCELAIN T-LIGHT HOLDERS ASSORTED,1.25
1323,CHOC TRUFFLE GOLD TRINKET POT ,1.65
1324,DOORMAT MERRY CHRISTMAS RED ,6.75
1325,CARDHOLDER GINGHAM CHRISTMAS TREE,2.55
1326,WASH BAG VINTAGE ROSE PAISLEY,2.55
1327,CABIN BAG VINTAGE PAISLEY,29.95
1328,CABIN BAG VINTAGE RETROSPOT,29.95
1329,3 HEARTS HANGING DECORATION RUSTIC,2.95
1330,CHRISTMAS METAL POSTCARD WITH BELLS,1.25
1331,POPPY'S PLAYHOUSE BATHROOM,2.1
1332,TRADITIONAL KNITTING NANCY,1.45
1333,VINTAGE CREAM CAT FOOD CONTAINER,6.35
1334,MOROCCAN TEA GLASS,0.85
1335,FAUX FUR CHOCOLATE THROW,19.95
1336,RIBBON REEL LACE DESIGN ,2.1
1337,LUSH GREENS RIBBONS,1.25
1338,PACK OF 6 SANDCASTLE FLAGS ASSORTED,0.85
1339,BEADED PEARL HEART WHITE ON STICK,1.25
1340,COFFEE MUG DOG + BALL DESIGN,2.55
1341,HEARTS WRAPPING TAPE ,0.65
1342,DOGGY RUBBER,0.21
1343,MAGIC TREE -PAPER FLOWERS,0.85
1344,BLUE PAISLEY JOURNAL ,2.55
1345,NECKLACE+BRACELET SET FRUIT SALAD ,2.55
1346,LARGE PURPLE BABUSHKA NOTEBOOK  ,1.25
1347,SKULLS TAPE,0.65
1348,CAKES AND BOWS GIFT  TAPE,0.65
1349,LARGE YELLOW BABUSHKA NOTEBOOK ,1.25
1350,LARGE RED BABUSHKA NOTEBOOK ,1.25
1351,ANGEL DECORATION 3 BUTTONS ,0.42
1352,75 GREEN PETIT FOUR CASES,0.42
1353,SET OF 36 TEATIME PAPER DOILIES,1.45
1354,ROSE DU SUD OVEN GLOVE,2.95
1355,BROWN CHECK CAT DOORSTOP ,4.25
1356,BLACK AND WHITE CAT BOWL,2.1
1357,HOLIDAY FUN LUDO,3.75
1358,6 RIBBONS EMPIRE  ,1.65
1359,LA PALMIERA WALL THERMOMETER,2.55
1360,PACK 20 ENGLISH ROSE PAPER NAPKINS,0.85
1361,SET/20 STRAWBERRY PAPER NAPKINS ,0.85
1362,ASSORTED INCENSE PACK,0.16
1363,VANILLA INCENSE IN TIN,0.85
1364,YULETIDE IMAGES S/6 PAPER BOXES,2.55
1365,3D VINTAGE CHRISTMAS STICKERS ,1.25
1366,SET/3 FLORAL GARDEN TOOLS IN BAG,7.95
1367,ROBOT MUG IN DISPLAY BOX,1.25
1368,PACK/12 BLUE FOLKART CARDS,2.95
1369,"FOLK ART GREETING CARD,pack/12",2.95
1370,VINTAGE CARAVAN GREETING CARD ,0.42
1371,SET OF SKULL WALL STICKERS,2.95
1372,HEARTS  STICKERS,0.85
1373,ENGLISH ROSE GARDEN SECATEURS,1.95
1374,"ASSORTED FLOWER COLOUR ""LEIS""",0.65
1375,EIGHT PIECE SNAKE  SET,1.25
1376,SMALL CAMPHOR WOOD FIELD  MUSHROOM,1.65
1377,CAMPHOR WOOD PORTOBELLO MUSHROOM,1.25
1378,PINK/GREEN FLOWER DESIGN BIG MUG,1.95
1379,"FLOWER FAIRY,5 SUMMER B'DRAW LINERS",2.55
1380,RED LOVE HEART SHAPE CUP,0.85
1381,PINK LOVE HEART SHAPE CUP,0.85
1382,BLUE/YELLOW FLOWER DESIGN BIG MUG,1.95
1383,GREEN/BLUE FLOWER DESIGN BIG MUG,1.95
1384,PINK  HEART SHAPE LOVE BUCKET ,2.95
1385,SCANDINAVIAN PAISLEY PICNIC BAG,2.95
1386,PINK VINTAGE PAISLEY PICNIC BAG,2.95
1387,CHARLIE AND LOLA CHARLOTTE BAG,1.65
1388,YELLOW/PINK FLOWER DESIGN BIG MUG,1.95
1389,RED RETROSPOT TEA CUP AND SAUCER ,3.75
1390,FAIRY CAKE NOTEBOOK A5 SIZE,0.85
1391,ENGLISH ROSE NOTEBOOK A7 SIZE,0.42
1392,MORE BUTTER METAL SIGN ,2.1
1393,HOME SWEET HOME METAL SIGN ,2.95
1394,PARTY BUNTING,4.65
1395,STRAWBERRIES  DESIGN FLANNEL ,0.85
1396,VINTAGE CREAM DOG FOOD CONTAINER,8.5
1397,DOORMAT NEIGHBOURHOOD WITCH ,7.95
1398,PHARMACIE FIRST AID TIN,6.75
1399,NATURAL SLATE CHALKBOARD LARGE ,4.95
1400,METAL SIGN HIS DINNER IS SERVED,2.95
1401,BEADED PEARL HEART WHITE LARGE,1.65
1402,BEADED CRYSTAL HEART BLUE SMALL,1.25
1403,RIBBON REEL POLKADOTS ,1.65
1404,METAL DECORATION NAUGHTY CHILDREN ,0.85
1405,"GARLAND, MAGIC GARDEN 1.8M",1.95
1406,FOLK ART METAL STAR T-LIGHT HOLDER,0.38
1407,PIG KEYRING WITH LIGHT & SOUND ,1.25
1408,HELLO SAILOR BLUE SOAP HOLDER,1.69
1409,COFFEE MUG BLUE PAISLEY DESIGN,2.55
1410,BEWARE OF THE CAT METAL SIGN ,1.69
1411,3D SHEET OF DOG STICKERS,0.85
1412,3D SHEET OF CAT STICKERS,0.85
1413,BATHROOM SET LOVE HEART DESIGN,2.95
1414,CINNAMON SCENTED VOTIVE CANDLE,0.29
1415,JASMINE VOTIVE CANDLE,0.29
1416,SILVER MUG BONE CHINA TREE OF LIFE,1.95
1417,WOODLAND PARTY BAG + STICKER SET,1.65
1418,HOT BATHS SOAP HOLDER,1.69
1419,12 RED ROSE PEG PLACE SETTINGS,1.25
1420,BLUE CIRCLES DESIGN MONKEY DOLL,2.55
1421,VINTAGE PHOTO ALBUM PARIS DAYS,6.35
1422,MIDNIGHT GLAMOUR SCARF KNITTING KIT,2.95
1423,FRAPPUCINO SCARF KNITTING KIT,2.95
1424,SKULL LUNCH BOX WITH CUTLERY ,2.55
1425,MONEY BOX BISCUITS DESIGN,1.25
1426,BLUE LEAVES AND BEADS PHONE CHARM,1.25
1427,BLACK GEMSTONE NECKLACE 45CM,12.75
1428,VINTAGE ROSE BEAD BRACELET BLACK,4.25
1429,BLUE/GREEN SHELL NECKLACE W PENDANT,5.95
1430,SILVER/NATURAL SHELL NECKLACE,8.5
1431,BLUE POLKADOT PURSE ,2.95
1432,BLUE POLKADOT LUGGAGE TAG ,1.25
1433,DAIRY MAID STRIPE MUG,2.95
1434,MAGNETS PACK OF 4 SWALLOWS,1.25
1435,BLUE PATCH PURSE PINK HEART,1.65
1436,BLUE ROUND COMPACT MIRROR,3.75
1437,TROPICAL LUGGAGE TAG,1.25
1438,ASSORTED MONKEY SUCTION CUP HOOK,0.42
1439,ASSORTED TUTTI FRUTTI PEN,0.85
1440,RED RETROSPOT LUGGAGE TAG,1.25
1441,MAGNETS PACK OF 4 RETRO PHOTO,1.25
1442,ASS FLORAL PRINT SPIRIT LEVEL ,1.95
1443,COLUMBIAN CANDLE ROUND,0.65
1444,COLUMBIAN CANDLE ROUND,0.85
1445,FUSCHIA FLOWER PURSE WITH BEADS,1.49
1446,ROSE SCENT CANDLE IN JEWELLED BOX,4.25
1447,DOG TOY WITH PINK CROCHET SKIRT,3.75
1448,MOUSE TOY WITH PINK T-SHIRT,3.75
1449,SET/3 OCEAN SCENT CANDLE JEWEL BOX,4.25
1450,OCEAN SCENT CANDLE IN JEWELLED BOX,4.25
1451,NURSE'S BAG SOFT TOY,8.95
1452,BOHEMIAN COLLAGE STATIONERY SET,2.95
1453,PINK/WHITE RIBBED MELAMINE JUG,7.95
1454,RED RETROSPOT PICNIC BAG,2.95
1455,MODERN VINTAGE COTTON SHOPPING BAG,2.55
1456,STRAWBERRY   PICNIC BAG,2.95
1457,PINK DOG BOWL,2.95
1458,GLASS JAR KINGS CHOICE,2.95
1459,GLASS JAR DAISY FRESH COTTON WOOL,2.95
1460,GLASS JAR PEACOCK BATH SALTS,2.95
1461,BATHROOM SCALES FOOTPRINTS IN SAND,3.75
1462,NEW BAROQUE BLACK PHOTO ALBUM,8.5
1463,SCENTED VELVET LOUNGE CANDLE ,1.25
1464,BLUE FLOCK GLASS CANDLEHOLDER,1.65
1465,SILVER GLITTER FLOWER VOTIVE HOLDER,1.25
1466,GOLD MUG BONE CHINA TREE OF LIFE,1.95
1467,SCANDINAVIAN 3 HEARTS NAPKIN RING,0.65
1468,CHOCOLATE 1 WICK MORRIS BOX CANDLE,4.25
1469,GARDENIA 3 WICK MORRIS BOXED CANDLE,4.25
1470,3 ROSE MORRIS BOXED CANDLES,4.25
1471,PINK BAROQUE FLOCK CANDLE HOLDER,5.95
1472,SEWING BOX RETROSPOT DESIGN ,16.95
1473,FELTCRAFT HAIRBAND PINK AND BLUE,0.85
1474,TEA BAG PLATE RED RETROSPOT,0.85
1475,GLITTER HANGING BUTTERFLY STRING,2.1
1476,SET/4 SKULL BADGES,1.25
1477,CANDY SHOP  STICKER SHEET,0.85
1478,SET OF 72 PINK HEART PAPER DOILIES,1.45
1479,SET OF 6 HEART CHOPSTICKS,1.25
1480,MULTI HEARTS  STICKERS,0.85
1481,FRYING PAN PINK POLKADOT,4.25
1482,LITTLE GREEN MONSTER SOFT TOY,2.55
1483,MOUSEY LONG LEGS SOFT TOY,2.55
1484,FRENCH LAUNDRY SIGN BLUE METAL,1.65
1485,RED DRAGONFLY HELICOPTER,7.95
1486,FORKED CACTUS CANDLE,2.95
1487,POTTERING MUG,1.25
1488,FRENCH ENAMEL POT W LID,2.95
1489,FRENCH ENAMEL UTENSIL HOLDER,3.75
1490,WAKE UP COCKEREL CALENDAR SIGN ,3.75
1491,ENAMEL BLUE RIM COFFEE CONTAINER,2.1
1492,ENAMEL BLUE RIM BISCUIT BIN,4.95
1493,"SWISS ROLL TOWEL, PINK  SPOTS",2.95
1494,FLOWER FAIRY INCENSE BOUQUET,1.69
1495,GLITTER SNOW PEAR TREE DECORATION,1.45
1496,CAT BOWL VINTAGE CREAM,3.25
1497,ASSTD DESIGN RACING CAR PEN,1.69
1498,3 WHITE CHOC MORRIS BOXED CANDLES,4.25
1499,4 BLUE DINNER CANDLES SILVER FLOCK,2.55
1500,DANISH ROSE ROUND SEWING BOX,4.25
1501,CRYSTAL DIAMANTE EXPANDABLE RING,4.25
1502,WHITE GLASS CHUNKY CHARM BRACELET,8.95
1503,CAST IRON HOOK GARDEN FORK,2.55
1504,CAST IRON HOOK GARDEN TROWEL,2.55
1505,HEART DECORATION WITH PEARLS ,0.85
1506,RIBBON REEL HEARTS DESIGN ,1.65
1507,ANT SILVER LIME GREEN BOUDICCA RING,2.95
1508,ANT SILVER PURPLE BOUDICCA RING,2.95
1509,VINTAGE UNION JACK PENNANT,1.95
1510,BEADED LOVE HEART JEWELLERY SET,0.85
1511,MAGNETS PACK OF 4 VINTAGE LABELS ,1.25
1512,HAPPY STENCIL CRAFT,1.25
1513,ASS DES PHONE SPONGE CRAFT STICKER,0.65
1514,SWEETHEART WIRE FRUIT BOWL,8.5
1515,COFFEE MUG PINK PAISLEY DESIGN,2.55
1516,DENIM PATCH PURSE PINK BUTTERFLY,1.65
1517,YELLOW FLOWERS FELT HANDBAG KIT,2.1
1518,WHITE TISSUE REAM,7.95
1519,FELT TOADSTOOL  SMALL,0.85
1520,FELT FARM ANIMAL CHICKEN,1.25
1521,12 IVORY ROSE PEG PLACE SETTINGS,1.25
1522,"SMALL POP BOX,FUNKY MONKEY",1.25
1523,CHILDRENS GARDEN GLOVES PINK,1.25
1524,DAISY GARDEN MARKER,1.25
1525,BIRDHOUSE GARDEN MARKER ,1.25
1526,STRIPES DESIGN TEDDY,2.55
1527,RAIN PONCHO RETROSPOT,0.85
1528,DECORATIVE CATS BATHROOM BOTTLE,1.25
1529,BASKET OF TOADSTOOLS,1.25
1530,PINK  HONEYCOMB PAPER BALL ,2.1
1531,CERAMIC STRAWBERRY TRINKET TRAY,2.55
1532,CHERRY BLOSSOM  DECORATIVE FLASK,3.75
1533,DINOSAUR KEYRINGS ASSORTED,0.21
1534,PAPERWEIGHT CHILDHOOD MEMORIES,2.55
1535,RED GINGHAM TEDDY BEAR ,2.95
1536,PINK PAINTED KASHMIRI CHAIR,42.95
1537,SET/6 PURPLE BUTTERFLY T-LIGHTS,2.1
1538,75 BLACK PETIT FOUR CASES,0.42
1539,DOLLY MIXTURE CHILDREN'S UMBRELLA,3.25
1540,CREAM FELT EASTER EGG BASKET,1.65
1541,BLUE FELT EASTER EGG BASKET,1.65
1542,FOLKART HEART NAPKIN RINGS,2.95
1543,STRAWBERRY DREAM CHILDS UMBRELLA,3.25
1544,FAIRY CAKES NOTEBOOK A7 SIZE,0.42
1545,SMALL CHOCOLATES PINK BOWL,1.25
1546,LARGE CAKE TOWEL PINK SPOTS,6.75
1547,12 PINK ROSE PEG PLACE SETTINGS,1.25
1548,UNION FLAG WINDSOCK,1.25
1549,FLOOR LAMP SHADE WOOD BASE,9.95
1550,ETCHED GLASS COASTER,1.25
1551,BUTTERFLY CROCHET FOOD COVER,3.75
1552,PING MICROWAVE APRON,5.95
1553,OVEN MITT APPLES DESIGN,1.45
1554,APRON APPLE DELIGHT,4.95
1555,GINGHAM OVEN GLOVE RED HEART ,3.75
1556,BROCANTE COAT RACK,8.5
1557,CAKE STAND VICTORIAN FILIGREE LARGE,8.5
1558,PINK GLASS CANDLEHOLDER,2.95
1559,CHEST 7 DRAWER MA CAMPAGNE,21.95
1560,CHALKBOARD KITCHEN ORGANISER,21.95
1561,CUPBOARD 3 DRAWER MA CAMPAGNE,12.75
1562,CHRISTMAS TREE HEART DECORATION,0.42
1563,CHRISTMAS MUSICAL ZINC TREE,0.85
1564,MAGIC DRAWING SLATE LEAP FROG ,0.42
1565,PERIWINKLE T-LIGHT HOLDER,1.25
1566,SILICON STAR BULB  BLUE,0.42
1567,LARGE MEDINA STAMPED METAL BOWL ,4.95
1568,BLUE NETTING STORAGE HANGER,1.95
1569,TABLECLOTH RED APPLES DESIGN ,8.5
1570,"SILICON CUBE 25W, BLUE",0.42
1571,SET/6 COLLAGE PAPER PLATES,0.85
1572,MULTICOLOUR HONEYCOMB FAN,1.65
1573,RETROSPOT PADDED SEAT CUSHION,3.75
1574,MADRAS NOTEBOOK LARGE ,3.75
1575,SET OF 3 BIRD LIGHT PINK FEATHER ,1.25
1576,VINTAGE BEAD NOTEBOOK,2.95
1577,BEADED CRYSTAL HEART PINK LARGE,1.65
1578,SANDALWOOD FAN,0.85
1579,HANGING HEART JAR T-LIGHT HOLDER,1.25
1580,PACK 6 HEART/ICE-CREAM PATCHES,1.25
1581,SET/6 TURQUOISE BUTTERFLY T-LIGHTS,2.1
1582,CREAM AND PINK FLOWERS PONY ,3.75
1583,6 ROCKET BALLOONS ,0.65
1584,BLUE CIRCLES DESIGN TEDDY,2.55
1585,CRYSTAL FROG PHONE CHARM,0.85
1586,SOMBRERO ,1.95
1587,ANIMAL STICKERS,0.21
1588,GREEN BITTY LIGHT CHAIN,4.65
1589,RAIN PONCHO ,0.85
1590,ASSORTED TUTTI FRUTTI BRACELET,0.65
1591,BLUE TRAVEL FIRST AID KIT,1.65
1592,FRENCH TOILET SIGN BLUE METAL,1.25
1593,BLACK GRAND BAROQUE PHOTO FRAME,4.25
1594,METAL SIGN NEIGHBOURHOOD WITCH ,2.1
1595,BAG OF SILVER STONES,0.42
1596,IVORY PILLAR CANDLE GOLD FLOCK,2.95
1597,ABSTRACT CIRCLES SKETCHBOOK ,3.75
1598,FAIRY CAKES NOTEBOOK A6 SIZE,0.65
1599,TEA TIME BREAKFAST BASKET,2.1
1600,ALPHABET HEARTS STICKER SHEET,0.85
1601,FOLKART STAR CHRISTMAS DECORATIONS,1.25
1602,ASS COLOUR GLOWING TIARAS,0.85
1603,WHITE BELL HONEYCOMB PAPER GARLAND ,1.65
1604,SMALL SILVER TRELLIS CANDLEPOT,2.95
1605,ROBIN CHRISTMAS CARD,0.42
1606,36 PENCILS TUBE POSY,1.25
1607,FOLKART ZINC STAR CHRISTMAS DEC,0.85
1608,"STRING OF 8 BUTTERFLIES,PINK",1.65
1609,UTILTY CABINET WITH HOOKS,26.95
1610,FRENCH BLUE METAL DOOR SIGN 9,1.25
1611,BATHROOM SCALES RUBBER DUCKS,3.75
1612,FLOOR CUSHION ELEPHANT CARNIVAL,8.95
1613,RABBIT  DESIGN  COTTON TOTE BAG,2.25
1614,JIGSAW TREE WITH BIRDHOUSE,1.45
1615,EASTER TIN BUNNY BOUQUET,1.65
1616,EASTER TIN CHICKS PINK DAISY,1.65
1617,MOTORING TISSUE BOX,1.25
1618,EMPIRE TISSUE BOX,1.25
1619,PINK UNION JACK  PASSPORT COVER ,2.1
1620,KENSINGTON COFFEE SET,12.75
1621,SET/12 FUNKY FELT FLOWER PEG IN BAG,2.1
1622,PARTY CONES CANDY TREE DECORATION,0.85
1623,SET OF 6 T-LIGHTS EASTER CHICKS,2.95
1624,"LARGE CAKE TOWEL, CHOCOLATE SPOTS",6.75
1625,PINK PADDED MOBILE,4.25
1626,S/12 MINI RABBIT EASTER,1.65
1627,TEA FOR ONE POLKADOT,4.25
1628,MEDIUM MEDINA STAMPED METAL BOWL ,2.95
1629,MIRROR CORNICE,14.95
1630,BLUE & WHITE BREAKFAST TRAY,5.95
1631,"METAL SIGN,CUPCAKE SINGLE HOOK",1.25
1632,RETRO PLASTIC 70'S TRAY,0.42
1633,PAPER POCKET TRAVELING FAN ,0.14
1634,SCOTTIE DOGS BABY BIB,1.25
1635,BEADED CRYSTAL HEART PINK SMALL,1.25
1636,BEADED CRYSTAL HEART GREEN SMALL,1.25
1637,HANGING FAIRY CAKE DECORATION,2.1
1638,VINTAGE UNION JACK DOORSTOP,5.95
1639,BLUE TEATIME PRINT BOWL ,1.25
1640,MAN FLU METAL SIGN,2.1
1641,HOUSE WRECKING METAL SIGN ,2.1
1642,LOVE LARGE WOOD LETTERS ,12.75
1643,BISCUIT TIN VINTAGE GREEN,6.75
1644,FRYING PAN RED RETROSPOT,4.25
1645,SET OF 16 VINTAGE ROSE CUTLERY,12.75
1646,NEW ENGLAND MUG W GIFT BOX,2.55
1647,PINK GREEN EMBROIDERY COSMETIC BAG,2.95
1648,BLUE GREEN EMBROIDERY COSMETIC BAG,2.95
1649,PAIR PADDED HANGERS PINK CHECK,3.75
1650,ANGEL DECORATION PAINTED ZINC ,0.65
1651,SMALL SILVER FLOWER CANDLE POT,2.95
1652,RED ROSE AND LACE C/COVER,2.95
1653,WOODLAND STORAGE BOX LARGE ,2.95
1654,GLITTER CHRISTMAS STAR ,0.85
1655,CARD SUKI BIRTHDAY,0.42
1656,WRAP SUKI AND FRIENDS,0.42
1657,BIRDHOUSE DECORATION MAGIC GARDEN,1.25
1658,BIRDCAGE DECORATION TEALIGHT HOLDER,1.25
1659,BROWN  PIRATE TREASURE CHEST ,1.65
1660,BLUE PUDDING SPOON,0.42
1661,RETRO PINK BALL ASHTRAY ,1.25
1662,SUMMER FUN DESIGN SHOWER CAP,1.25
1663,STRIPY DESIGN SHOWER CAP,1.25
1664,SET/4 DAISY MIRROR MAGNETS,2.1
1665,SET/4 BIRD MIRROR MAGNETS ,2.1
1666,SET/4 BUTTERFLY MIRROR MAGNETS,2.1
1667,FRENCH STYLE EMBOSSED HEART CABINET,21.95
1668,SKULL DESIGN TV DINNER TRAY,4.95
1669,GREEN SWEETHEART BRACELET,4.25
1670,CARNIVAL BRACELET,12.75
1671,4 PEAR BOTANICAL DINNER CANDLES,3.75
1672,FUNKY MONKEY MUG,1.25
1673,QUEEN OF SKIES LUGGAGE TAG,1.25
1674,ECONOMY LUGGAGE TAG,1.25
1675,HEART CALCULATOR,1.25
1676,BISCUITS SMALL BOWL LIGHT BLUE,1.25
1677,SMALL MARSHMALLOWS PINK BOWL,1.25
1678,PARTY PIZZA DISH GREEN POLKADOT,0.85
1679,PARTY PIZZA DISH PINK POLKADOT,0.85
1680,PARTY PIZZA DISH BLUE POLKADOT,0.85
1681,ASSORTED CHEESE FRIDGE MAGNETS,0.65
1682,PEARL CRYSTAL PUMPKIN T-LIGHT HLDR,1.65
1683,WHITE STITCHED CUSHION COVER,6.95
1684,PORCELAIN BUTTERFLY OIL BURNER,2.95
1685,SET OF 6 VINTAGE NOTELETS KIT,2.55
1686,CARD GINGHAM ROSE ,0.42
1687,SET OF 12  VINTAGE POSTCARD SET,2.55
1688,LADLE LOVE HEART RED ,0.42
1689,36 DOILIES DOLLY GIRL,1.45
1690,ROSE 1 WICK MORRIS BOXED CANDLE,4.25
1691,SET/6 PINK BIRD T-LIGHT CANDLES,2.1
1692,ASSORTED TUTTI FRUTTI  FOB NOTEBOOK,0.85
1693,DOLLY HONEYCOMB GARLAND,1.65
1694,ROSE FOLKART HEART DECORATIONS,1.25
1695,GLITTER CHRISTMAS TREE WITH BELLS,1.95
1696,PINK KNITTED EGG COSY,1.95
1697,BLUE KNITTED EGG COSY,1.95
1698,WAY OUT METAL SIGN ,1.65
1699,SAVOY ART DECO CLOCK,12.75
1700,HALL CABINET WITH 3 DRAWERS,49.95
1701,DOORMAT HOME SWEET HOME BLUE ,7.95
1702,BLUE WIRE SPIRAL CANDLE HOLDER,6.35
1703,S/12 VANILLA  BOTANICAL T-LIGHTS,2.95
1704,SMALL HAMMERED SILVER CANDLEPOT ,2.95
1705,WHITE CHRYSANTHEMUMS ART FLOWER,2.1
1706,RETRO PLASTIC DAISY TRAY,0.42
1707,ANGEL DECORATION WITH LACE PADDED,0.85
1708,SUNSET CHECK HAMMOCK,7.95
1709,RETRO PLASTIC POLKA TRAY,0.85
1710,WHITE BROCANTE SOAP DISH,2.95
1711,ABSTRACT CIRCLE JOURNAL ,2.55
1712,CHRYSANTHEMUM  JOURNAL,2.55
1713,ASSTD MULTICOLOUR CIRCLES MUG,1.69
1714,6 EGG HOUSE PAINTED WOOD,7.95
1715,FRENCH CHATEAU LARGE PLATTER ,7.95
1716,ENVELOPE 50 CURIOUS IMAGES,0.85
1717,FOLDING CAMPING SCISSOR W/KNIF & S,0.12
1718,HAND OPEN SHAPE DECO.WHITE,3.49
1719,PINK JEWELLED MIRROR TRINKET TRAY,9.95
1720,WHITE SAGE INCENSE,0.21
1721,AFGHAN SLIPPER SOCK PAIR,3.45
1722,SET OF 6 T-LIGHTS CACTI ,2.95
1723,CITRONELLA CANDLE FLOWERPOT,2.1
1724,SMALL GLASS SUNDAE DISH CLEAR,1.65
1725,VINTAGE CARAVAN GIFT WRAP,0.42
1726,GOLD EAR MUFF HEADPHONES,5.49
1727,PAPERWEIGHT SAVE THE PLANET,2.55
1728,SET/3 ROSE CANDLE IN JEWELLED BOX,4.25
1729,SWEETHEART CARRY-ALL BASKET,8.5
1730,RED RETROSPOT STORAGE JAR,3.39
1731,POCKET BAG BLUE PAISLEY RED SPOT,1.25
1732,POCKET BAG PINK PAISELY BROWN SPOT,1.25
1733,ESSENTIAL BALM 3.5g TIN IN ENVELOPE,0.18
1734,BUTTERFLIES STICKERS,0.85
1735,CAKE SHOP  STICKER SHEET,0.85
1736,SET OF 16 VINTAGE SKY BLUE CUTLERY,12.75
1737,"TUMBLER, BAROQUE",1.65
1738,SMALL POLKADOT CHOCOLATE GIFT BAG ,0.85
1739,LARGE STRIPES CHOCOLATE GIFT BAG,1.25
1740,WOODEN SKITTLES GARDEN SET,15.95
1741,CUBIC MUG FLOCK BLUE ON BROWN,2.55
1742,CUBIC MUG PINK POLKADOT,2.55
1743,VINTAGE KEEPSAKE BOX TRAVELOGUE,6.35
1744,VINTAGE NOTEBOOK PARIS DAYS,2.95
1745,"PINK/WHITE ""KEEP CLEAN"" BULLET BIN",2.95
1746,FRENCH BLUE METAL DOOR SIGN 8,1.25
1747,FRENCH BLUE METAL DOOR SIGN 0,1.25
1748,SET OF 36 MUSHROOM PAPER DOILIES,1.45
1749,DOORMAT WELCOME PUPPIES,7.95
1750,DOORMAT WELCOME SUNRISE,7.95
1751,CAROUSEL DESIGN WASHBAG,1.95
1752,TOXIC AREA  DOOR HANGER ,1.45
1753,LA PALMIERA TILE COASTER,1.25
1754,WAKE UP COCKEREL TILE COASTER,1.25
1755,JIGSAW RABBIT AND BIRDHOUSE,1.65
1756,WOODEN BOX ADVENT CALENDAR ,8.95
1757,PLASMATRONIC LAMP,12.75
1758,4 BURGUNDY WINE DINNER CANDLES,1.25
1759,SILVER OVAL SHAPE TRINKET BOX,9.95
1760,WRAP BLUE RUSSIAN FOLKART,0.42
1761,DAISY JOURNAL ,2.55
1762,DUSTY PINK CHRISTMAS TREE 30CM,1.25
1763,HANGING PHOTO CLIP ROPE LADDER,1.65
1764,PINK PARTY SUNGLASSES,1.95
1765,POSY CANDY BAG,1.25
1766,BLACKCHRISTMAS TREE 30CM,1.25
1767,SET OF PICTURE FRAME  STICKERS,2.95
1768,MIRRORED WALL ART PHOTO FRAMES,4.25
1769,SET/4 BADGES BALLOON GIRL,1.25
1770,SMALL DOLLY MIX DESIGN ORANGE BOWL,1.25
1771,POCKET MIRROR WOODLAND,1.25
1772,SWEETIES  STICKERS,0.85
1773,"TUMBLER, NEW ENGLAND",1.65
1774,HEART SHAPE WIRELESS DOORBELL,2.1
1775,MILK PAN RED RETROSPOT,3.75
1776,ROUND CONTAINER SET OF 5 RETROSPOT,1.65
1777,SET/6 PINK  BUTTERFLY T-LIGHTS,2.1
1778,ASSORTED TUTTI FRUTTI SMALL PURSE,1.25
1779,COLUMBIAN CANDLE RECTANGLE,1.95
1780,SET/6 GREEN SPRING PAPER CUPS,0.65
1781,ASSORTED TUTTI FRUTTI LARGE PURSE,2.1
1782,COFFEE SCENT PILLAR CANDLE,0.95
1783,PINK ROSE WASHBAG,3.75
1784,GARDENIA 1 WICK MORRIS BOXED CANDLE,4.25
1785,SILVER LATTICE VANILLA CANDLE POT,3.75
1786,4 WILDFLOWER BOTANICAL CANDLES,3.75
1787,PACK 3 IRON ON DOG PATCHES,1.25
1788,DAISY NOTEBOOK ,1.65
1789,BLACK FINE BEAD NECKLACE W TASSEL,5.95
1790,FIRE POLISHED GLASS NECKL BRONZE,5.95
1791,ROUND PINK HEART MIRROR,2.1
1792,GOLD COSMETIC BAG PINK STAR,2.1
1793,EIGHT PIECE CREEPY CRAWLIE SET,1.25
1794,SMOKEY GREY COLOUR D.O.F. GLASS,0.65
1795,IVORY LOVE BIRD CANDLE,1.25
1796,S/3 POT POURI CUSHIONS BLUE COLOURS,2.1
1797,CHRISTMAS TREE PAINTED ZINC ,0.65
1798,BLACK AND WHITE DOG BOWL,2.95
1799,SPOTS ON RED BOOKCOVER TAPE,0.42
1800,ASSORTED TUTTI FRUTTI HEART BOX,1.25
1801,POLYESTER FILLER PAD 65CMx65CM,4.25
1802,ASSORTED TUTTI FRUTTI NOTEBOOK,2.1
1803,FRENCH BLUE METAL DOOR SIGN 6,1.25
1804,SMALL RED RETROSPOT WINDMILL,1.25
1805,HAND TOWEL PALE BLUE W FLOWERS,5.95
1806,BLUE ORGANDY ROUND LAMPSHADE W BEA,0.85
1807,WHITE AND BLUE CERAMIC OIL BURNER,1.25
1808,PAPER CHAIN KIT SKULLS ,2.95
1809,PINK FAIRY CAKE CUSHION COVER,2.55
1810,GREEN POP ART MAO CUSHION COVER ,0.19
1811,HEART SHAPED MIRROR,1.69
1812,GOLD WASHBAG,2.95
1813,PURPLE PAPER PARASOL,2.95
1814,FRENCH GARDEN SIGN BLUE METAL,1.25
1815,WHITE GOOSE FEATHER CHRISTMAS TREE ,2.95
1816,PINK PAISLEY ROSE GIFT WRAP,0.42
1817,WOODLAND  STICKERS,0.85
1818,SILVER TEDDY BEAR,3.75
1819,PSYCHEDELIC WALL THERMOMETER,2.55
1820,GARLAND WITH HEARTS AND BELLS,4.95
1821,MAGIC DRAWING SLATE BUNNIES ,0.42
1822,CERAMIC BIRDHOUSE CRESTED TIT SMALL,2.95
1823,WRAP FOLK ART,0.42
1824,SILVER JEWELLED MIRROR TRINKET TRAY,9.95
1825,4 LILY  BOTANICAL DINNER CANDLES,3.75
1826,ROSE DU SUD WASHBAG ,5.95
1827,ROSE DU SUD COSMETICS BAG,4.25
1828,GROW A FLYTRAP OR SUNFLOWER IN TIN,1.25
1829,CAMOUFLAGE EAR MUFF HEADPHONES,5.49
1830,BLUE POLKADOT EGG CUP ,1.25
1831,VINTAGE BEAD PINK EVENING BAG,4.25
1832,ENGLISH ROSE SCENTED HANGING FLOWER,4.25
1833,CUPID DESIGN SCENTED CANDLES,2.55
1834,SQUARE CHERRY BLOSSOM CABINET,5.95
1835,BLUE ROSE PATCH PURSE PINK BUTTERFL,1.65
1836,PACK OF 20 NAPKINS RED APPLES,0.85
1837,ELEPHANT CARNIVAL POUFFE,14.95
1838,WHITE BEADED GARLAND STRING 20LIGHT,6.35
1839,WOODEN REGATTA BUNTING,5.95
1840,FREESTYLE CANVAS ART PICTURE,4.25
1841,CUBIC MUG FLOCK PINK ON BROWN,2.55
1842,DAIRY MAID LARGE MILK JUG,4.95
1843,CHILDS GARDEN SPADE PINK,2.1
1844,CHILDS GARDEN BRUSH BLUE,2.1
1845,MIRROR MOSAIC VOTIVE HOLDER,2.1
1846,MINI JIGSAW BUNNIES,0.36
1847,PORCELAIN BUDAH INCENSE HOLDER,0.07
1848,ANTIQUE ALL GLASS CANDLESTICK,2.1
1849,GREEN ROSE WASHBAG,3.75
1850,WISE MAN STAR SHAPE EGG PAN,1.65
1851,LOVE POTION MASALA INCENSE,0.21
1852,SET OF 16 VINTAGE RED CUTLERY,12.75
1853,PACK OF 20 SPACEBOY NAPKINS,0.85
1854,WOOD STAMP SET FLOWERS,1.65
1855,CALENDAR FAMILY FAVOURITES,2.95
1856,BANQUET BIRTHDAY  CARD  ,0.42
1857,FRENCH PAISLEY CUSHION COVER ,2.95
1858,MULTICOLOUR SPRING FLOWER MUG,0.85
1859,BATHROOM METAL SIGN ,1.45
1860,SET/3 DECOUPAGE STACKING TINS,4.95
1861,DECORATIVE ROSE BATHROOM BOTTLE,1.25
1862,SILVER VANILLA  FLOWER CANDLE POT,3.75
1863,PACK/12 XMAS FUN CARD,2.95
1864,GREEN FERN SKETCHBOOK ,3.75
1865,SET/6 BLACK BIRD T-LIGHT CANDLES,2.1
1866,MIXED NUTS LIGHT GREEN BOWL,1.25
1867,SET/6 IVORY BIRD T-LIGHT CANDLES,2.1
1868,FRENCH ENAMEL WATER BASIN,3.75
1869,BUTTONS AND STRIPES NOTEBOOK ,3.75
1870,EAU DE NILE JEWELLED T-LIGHT HOLDER,0.85
1871,TIGRIS EYE CHUNKY CHARM BRACELET,8.95
1872,VINYL RECORD FRAME SILVER,3.39
1873,SET OF 2 ROUND TINS CAMEMBERT ,2.95
1874,SEWING SUSAN 21 NEEDLE SET,0.85
1875,JET BLACK LAS VEGAS BRACELET ROUND,3.75
1876,PURPLE LAS VEGAS BRACELET ROUND,3.75
1877,WRAP DOLLY GIRL,0.42
1878,BIRTHDAY BANQUET GIFT WRAP,0.42
1879,CERAMIC PLATE STRAWBERRY DESIGN,1.49
1880,CERAMIC CAKE DESIGN SPOTTED PLATE,1.49
1881,BAKING MOULD HEART MILK CHOCOLATE,2.55
1882,BAKING MOULD HEART WHITE CHOCOLATE,2.55
1883,BAKING MOULD TOFFEE CUP CHOCOLATE,2.55
1884,BAKING MOULD CHOCOLATE CUPCAKES,2.55
1885,WRAP I LOVE LONDON ,0.42
1886,BLUE SCANDINAVIAN PAISLEY WRAP,0.42
1887,BAKING MOULD ROSE WHITE CHOCOLATE,3.25
1888,BAKING MOULD ROSE MILK CHOCOLATE,3.25
1889,T-LIGHT HOLDER SWEETHEART HANGING,1.95
1890,ZINC TOP  2 DOOR WOODEN SHELF ,14.95
1891,CREAM SWEETHEART SHELF + HOOKS,7.95
1892,PARTY FOOD SHOPPER BAG,1.25
1893, OVAL WALL MIRROR DIAMANTE ,9.95
1894,FUSCHIA VOILE POINTY SHOE DEC,1.95
1895,"LETTER ""C"" BLING KEY RING",1.25
1896,"LETTER ""B"" BLING KEY RING",1.25
1897,"LETTER ""K"" BLING KEY RING",1.25
1898,BLACK MINI TAPE MEASURE ,0.85
1899,S/4 BLACK MINI ROSE CANDLE IN BOWL,1.65
1900,PIN CUSHION BABUSHKA RED,3.35
1901,JAZZ HEARTS ADDRESS BOOK,0.42
1902,MEDINA STAMPED METAL STOOL,39.95
1903,PINK SMALL JEWELLED PHOTOFRAME,1.65
1904,WHITE HANGING BEADS CANDLE HOLDER,5.45
1905,BLUE NEW BAROQUE FLOCK CANDLESTICK,4.65
1906,JUNGLE POPSICLES ICE LOLLY HOLDERS,1.25
1907,PINK PAISLEY CUSHION COVER ,5.95
1908,DAISY SKETCHBOOK ,3.75
1909,TROPICAL  HONEYCOMB PAPER GARLAND ,2.55
1910,RED RETROSPOT BIG BOWL,4.95
1911,LARGE  TALL CAMPHOR WOOD TOADSTOOL ,5.45
1912,LARGE CAMPHOR WOOD FIELD MUSHROOM ,5.45
1913,MULTICOLOUR 3D BALLS GARLAND,2.55
1914,QUEEN OF THE SKIES PASSPORT COVER ,2.1
1915,POTTING SHED TWINE,2.1
1916,BLACK PHOTO ALBUM ,5.55
1917,EASTER DECORATION NATURAL CHICK,0.65
1918,ASSORTED COLOUR SUCTION CUP HOOK,0.19
1919,GINGHAM BABUSHKA DOORSTOP,3.75
1920,DOORMAT MULTICOLOUR STRIPE,7.95
1921,IVORY SCULPTED RND CANDLE ,0.85
1922,COLUMBIAN CUBE CANDLE,1.95
1923,HEART T-LIGHT HOLDER,1.25
1924,FOLK ART METAL HEART T-LIGHT HOLDER,0.38
1925,CERAMIC BOWL WITH STRAWBERRY DESIGN,2.95
1926,AMETHYST CHUNKY BEAD BRACELET W STR,8.95
1927,AMBER CHUNKY BEAD BRACELET W STRAP,8.95
1928,BLUE FLOCK CUSHION COVER ,3.75
1929,VINTAGE NOTEBOOK BEAUTY GIRL,2.95
1930,BLUE PADDED SOFT MOBILE,4.25
1931,PAIR BUTTERFLY HAIR CLIPS,3.75
1932,DOORSTOP FOOTBALL DESIGN,3.75
1933,A4 WALL TIDY BLUE OFFICE,0.65
1934,CD WALL TIDY RED FLOWERS,0.42
1935,MAGAZINE RACK GEBRA ASSORTED ,2.75
1936,TEA TIME TEAPOT IN GIFT BOX,9.95
1937,WALL MIRROR RECTANGLE DIAMANTE PINK,7.95
1938,CHRISTMAS CRAFT HEART STOCKING ,2.1
1939,HEART STRING MEMO HOLDER HANGING,2.95
1940,BLUE PAISLEY SKETCHBOOK,3.75
1941,BAKING SET 9 PIECE RETROSPOT ,4.95
1942,ORANGE VOTIVE CANDLE,0.29
1943,4 PINK FLOCK CHRISTMAS BALLS,1.25
1944,METAL BASE FOR CANDLES,0.42
1945,BOX OF 9 PEBBLE CANDLES,1.95
1946,FLORAL BLUE MONSTER,4.25
1947,SET/3 TALL GLASS CANDLE HOLDER PINK,12.75
1948,BLUE POLKADOT KIDS BAG,1.95
1949,GIFT BAG BIRTHDAY,0.65
1950,FUNKY MONKEY GIFT BAG MEDIUM,0.42
1951,CLEAR LOVE BIRD T-LIGHT HOLDER,3.75
1952,PINK DIAMANTE PEN IN GIFT BOX,4.95
1953,CHERRY BLOSSOM TABLE CLOCK ,8.95
1954,REGENCY MIRROR WITH SHUTTERS,165.0
1955,VINTAGE RED MUG,1.25
1956,VINTAGE KITCHEN PRINT SEAFOOD,2.55
1957,PINK CAT BOWL,2.1
1958,SMALL MEDINA STAMPED METAL BOWL ,0.85
1959,FAWN AND MUSHROOM GREETING CARD,0.42
1960,SET/6 EAU DE NIL BIRD T-LIGHTS,2.1
1961,CHILDS GARDEN RAKE BLUE,2.1
1962,CHILDS GARDEN FORK PINK,0.85
1963,CHILDS GARDEN TROWEL PINK,0.85
1964,PINK REGENCY TEACUP AND SAUCER,2.95
1965,FRENCH ENAMEL CANDLEHOLDER,2.1
1966,GREEN SQUARE COMPACT MIRROR,3.75
1967,BLUE HEART COMPACT MIRROR,3.75
1968,JET BLACK LAS VEGAS NECKLACE 45CM,5.95
1969,ASSORTED COLOUR METAL CAT ,1.25
1970,TRIANGULAR POUFFE VINTAGE ,14.95
1971,FELT TOADSTOOL LARGE,1.25
1972,4 LAVENDER BOTANICAL DINNER CANDLES,3.75
1973,CAKE STAND 3 TIER MAGIC GARDEN,10.95
1974,BAKING MOULD EASTER EGG MILK CHOC,2.95
1975,CUT GLASS T-LIGHT HOLDER OCTAGON,2.55
1976,FUNKY DIVA PEN,0.85
1977,RIBBONS PURSE ,2.1
1978,SET/4 SPRING FLOWER DECORATION,2.95
1979,ASSORTED CIRCULAR MOBILE,0.21
1980,ASS COL CIRCLE MOBILE ,0.42
1981,METAL TUBE CHIME ON BAMBOO,1.69
1982,WHITE BAMBOO RIBS LAMPSHADE,1.25
1983,RETRO PLASTIC POLKA TRAY,0.42
1984,"FLOWER GLASS GARLAND NECKL.36""BLACK",7.95
1985,RED RETROSPOT SMALL MILK JUG,2.55
1986,MEDIUM CHINESE STYLE SCISSOR,0.5
1987,SMALL FOLDING SCISSOR(POINTED EDGE),0.25
1988,RETROSPOT CANDLE  SMALL,1.69
1989,BLUE BREAKFAST CUP AND SAUCER ,2.95
1990,"RETRO ""TEA FOR ONE"" ",4.95
1991,GARDEN PATH NOTEBOOK ,1.65
1992,ABSTRACT CIRCLES POCKET BOOK,0.85
1993,S/4 IVORY MINI ROSE CANDLE IN BOWL,1.65
1994,SET/4 BLUE FLOWER CANDLES IN BOWL,1.65
1995,HAIRCLIPS FORTIES FABRIC ASSORTED,0.65
1996,3 TIER SWEETHEART GARDEN SHELF,35.95
1997,FAIRY DREAMS INCENSE ,0.21
1998,DRAGONS BLOOD INCENSE,0.21
1999,GOLD FISHING GNOME,6.95
2000,SILVER STANDING GNOME   ,4.25
2001,DANISH ROSE PHOTO FRAME,2.55
2002,HEARTS GIFT TAPE,0.65
2003,PINK FOXGLOVE ARTIIFCIAL FLOWER,2.55
2004,JIGSAW TREE WITH WATERING CAN,0.85
2005,SET OF 3 CONEY ISLAND OVAL BOXES,4.95
2006,MINT GREEN ROSE TOWEL,4.65
2007,SOFT PINK ROSE TOWEL ,4.65
2008,HAND TOWEL PINK FLOWER AND DAISY,5.95
2009,WHITE SOAP RACK WITH 2 BOTTLES,5.95
2010,ROMANTIC IMAGES GIFT WRAP SET,2.1
2011,CURIOUS IMAGES GIFT WRAP SET,2.1
2012,VINTAGE BEAD PINK PURSE ,2.95
2013,TEA TIME TEA SET IN GIFT BOX,6.95
2014,POMPOM CURTAIN,6.95
2015,SET OF 6 RIBBONS VINTAGE CHRISTMAS,2.55
2016,ENGLISH ROSE SMALL SCENTED FLOWER,0.85
2017,FRENCH BLUE METAL DOOR SIGN 4,1.25
2018,SET OF 36 DOILIES SPACEBOY DESIGN ,1.45
2019,HAWAIIAN GRASS SKIRT ,1.25
2020,HEN HOUSE W CHICK STANDING,0.42
2021,ASSORTED EASTER DECORATIONS  BELLS,1.25
2022,BAKING MOULD EASTER EGG WHITE CHOC,2.95
2023,SET/4 COLOURFUL MIXING BOWLS,9.95
2024,SET OF 4 PISTACHIO LOVEBIRD COASTER,2.55
2025,SET OF 4 BLACK LOVEBIRD COASTERS,2.55
2026,TEA COSY BLUE STRIPE,2.55
2027,EMPIRE DESIGN ROSETTE,1.25
2028,DOORMAT WELCOME TO OUR HOME,7.95
2029,GOLD STANDING GNOME,3.75
2030,FIRST CLASS LUGGAGE TAG ,1.25
2031,ASS COL LARGE SAND FROG P'WEIGHT,1.05
2032,GREEN BIRDHOUSE DECORATION,0.72
2033,HANGING CHICK CREAM DECORATION,1.45
2034,BLUE POLKADOT GARDEN PARASOL,7.95
2035,SILVER FABRIC MIRROR,1.25
2036,WHITE HONEYCOMB PAPER GARLAND ,1.65
2037,DANISH ROSE TRINKET TRAYS,5.95
2038,SET 4 NURSERY DES ROUND BOXES,2.95
2039,DANISH ROSE DELUXE COASTER,0.85
2040,SMALL KITCHEN FLOWER POTS PLAQUE,6.95
2041,KITCHEN FLOWER POTS WALL PLAQUE,5.95
2042,BUNNY WOODEN PAINTED WITH FLOWER ,0.85
2043,KITTY PENCIL ERASERS,0.21
2044,BUNNY WOODEN PAINTED WITH BIRD ,0.85
2045,WRAP GREEN RUSSIAN FOLKART ,0.42
2046,LILY BROOCH OLIVE COLOUR,4.95
2047,POPART RECT PENCIL SHARPENER ASST,0.42
2048,LARGE TORTILLA DESIGN RED BOWL,3.75
2049,YELLOW METAL CHICKEN HEART ,1.49
2050,BLUE KNITTED HEN ,1.65
2051,CANDY SPOT HEART DECORATION,0.85
2052,PICNIC BOXES SET OF 3 RETROSPOT ,4.95
2053,BOTTLE BAG RETROSPOT ,2.1
2054,GREEN GOOSE FEATHER CHRISTMAS TREE ,16.95
2055,HOLLY TOP CHRISTMAS STOCKING,0.85
2056,FLOWER PURPLE CLOCK W/SUCKER,0.85
2057,SKULLS DESIGN FLANNEL,0.85
2058,ORIGAMI ROSE INCENSE/CANDLE SET ,2.55
2059,ORIGAMI JASMINE INCENSE/CANDLE SET,2.55
2060,ORIGAMI OPIUM INCENSE/CANDLE SET ,2.55
2061,ORIGAMI SANDLEWOOD INCENSE/CAND SET,2.55
2062,TALL ROCOCO CANDLE HOLDER,8.5
2063,MINI CAKE STAND  HANGING STRAWBERY,1.45
2064,FRUIT TREE AND BIRDS WALL PLAQUE,7.95
2065,SPRIG LAVENDER ARTIFICIAL FLOWER,0.42
2066,SET OF 3 PINK FLYING DUCKS,5.45
2067,PAINTED PINK RABBIT ,0.85
2068,FRYING PAN BLUE POLKADOT,4.25
2069,PINK POLKADOT GARDEN PARASOL,7.95
2070,ENCHANTED BIRD PLANT CAGE,3.75
2071,PAPERWEIGHT VINTAGE COLLAGE,2.55
2072,PAPERWEIGHT HOME SWEET HOME,2.55
2073,STRAWBRY SCENTED VOTIVE CANDLE,0.29
2074,LOVE SEAT ANTIQUE WHITE METAL,175.0
2075,DOG BOWL VINTAGE CREAM,4.25
2076,MIRROR MOSAIC GOBLET CANDLE HOLDER,4.25
2077,MIRROR MOSAIC T-LIGHT HOLDER ,1.65
2078,RATTLE SNAKE EGGS,1.25
2079,MINI HIGHLIGHTER PENS,0.12
2080,SILVER PHOTO FRAME,2.1
2081,GOLD PHOTO FRAME,2.1
2082,LIPSTICK PEN BABY PINK,0.42
2083,KITTENS DESIGN FLANNEL,0.85
2084,FRENCH BLUE METAL DOOR SIGN 2,1.25
2085,SET OF 4 POLKADOT PLACEMATS ,3.75
2086,CRYSTAL HOOP EARRING FLORAL LEAF,2.95
2087,SILVER/AMETHYST DROP EARRINGS LEAF,2.95
2088,CRYSTAL PAIR HEART HAIR SLIDES,3.75
2089,MIDNIGHT BLUE PAIR HEART HAIR SLIDE,3.75
2090,PINK VINTAGE VICTORIAN EARRINGS,2.95
2091,ROSE COLOUR PAIR HEART HAIR SLIDES,3.75
2092,RETROSPOT CANDLE  MEDIUM,2.1
2093,SMALL TALL CAMPHOR WOOD TOADSTOOL,1.65
2094,BLOSSOM IMAGES GIFT WRAP SET,2.1
2095,ASSORTED EASTER GIFT TAGS,0.85
2096,ENVELOPE 50 BLOSSOM IMAGES,0.85
2097,EASTER TIN KEEPSAKE,1.65
2098,EASTER TIN CHICKS IN GARDEN,1.65
2099,JIGSAW TOADSTOOLS 3 PIECE,1.65
2100,EASTER TIN BUCKET,2.1
2101,BLUE TILED TRAY,6.75
2102,ASSORTED LAQUERED INCENSE HOLDERS,0.17
2103,CARTOON  PENCIL SHARPENERS,0.16
2104,TROPICAL HOLIDAY PURSE ,2.95
2105,CAROUSEL PONIES BABY BIB,1.25
2106,VIP HOLIDAY PURSE,2.95
2107,CAKES AND RABBITS DESIGN FLANNEL ,0.85
2108,PARTY TIME DESIGN FLANNEL,0.85
2109,ECONOMY HOLIDAY PURSE,2.95
2110,OLD DOC RUSSEL METAL SIGN,2.1
2111,NINJA RABBIT PINK,1.25
2112,BLUE SHARK HELICOPTER,7.95
2113,GREEN WIRE STANDING CANDLE HOLDER,3.75
2114,ROMANTIC IMAGES SCRAP BOOK SET,4.95
2115,MINI JIGSAW PURDEY,0.42
2116,LETTER SHAPE PENCIL SHARPENER,0.16
2117,BLACK STITCHED WALL CLOCK,1.25
2118,DOOR HANGER  MUM + DADS ROOM,1.45
2119,QUEEN OF THE SKIES HOLIDAY PURSE ,2.95
2120,GOLD SCROLL GLASS T-LIGHT HOLDER,2.1
2121,GLASS JAR MARMALADE ,2.95
2122,PINK BUTTERFLY WASHBAG,4.25
2123,S/4 PINK FLOWER CANDLES IN BOWL,1.65
2124,"FLOWER GLASS GARLD NECKL36""AMETHYST",7.95
2125,PURPLE BOUDICCA LARGE BRACELET,6.95
2126,RED BOUDICCA LARGE BRACELET,6.95
2127,ANT COPPER TURQ BOUDICCA BRACELET,4.95
2128,TURQ+RED BOUDICCA LARGE BRACELET,6.95
2129,PINK BOUDICCA LARGE BRACELET,6.95
2130,"BATHROOM SCALES, TROPICAL BEACH",3.75
2131,LARGE PINK GLASS SUNDAE DISH,0.75
2132,CHARLIE & LOLA WASTEPAPER BIN BLUE,3.75
2133,BLACK CHRISTMAS FLOCK DROPLET ,1.25
2134,WHITE CHRISTMAS FLOCK DROPLET ,1.25
2135,FLOWERS TILE HOOK,2.1
2136,DANISH ROSE BEDSIDE CABINET,39.95
2137,PINK GLASS TASSLE BAG CHARM ,2.95
2138,WHITE MURANO TWIST BRACELET,4.25
2139,DOORSTOP RACING CAR DESIGN,1.25
2140,BLACK SILOUETTE CANDLE PLATE,0.85
2141,4 VANILLA BOTANICAL CANDLES,3.75
2142,HEN PARTY CORDON BARRIER TAPE,1.25
2143,VINTAGE UNION JACK SHOPPING BAG,4.95
2144,FRENCH KITCHEN SIGN BLUE METAL,1.25
2145,EMPIRE GIFT WRAP,0.42
2146,CANDLE PLATE LACE WHITE,2.55
2147,ANT SILVER FUSCHIA BOUDICCA RING,2.95
2148,PINK/WHITE GLASS DEMI CHOKER,7.5
2149,GOLD M PEARL  ORBIT NECKLACE,9.95
2150,CHUNKY SILVER NECKLACE PASTEL FLOWE,9.95
2151,IVORY SHELL HEART NECKLACE,6.25
2152,MOROCCAN BEATEN METAL DISH LARGE,12.75
2153,ZINC HEART LATTICE T-LIGHT HOLDER,1.25
2154,RIDGED GLASS T-LIGHT HOLDER,0.65
2155,ZINC HEART LATTICE CHARGER LARGE,3.75
2156,ZINC HEART LATTICE CHARGER SMALL,2.95
2157,SILVER APERITIF GLASS,2.12
2158,ANTIQUE GLASS PLACE SETTING,1.25
2159,SET OF 6 HERB TINS SKETCHBOOK,3.95
2160,SET OF 6 SPICE TINS PANTRY DESIGN,3.95
2161,SET OF 3 CAKE TINS PANTRY DESIGN ,4.95
2162,PINK DOG CANNISTER,5.95
2163,ORANGE TV TRAY TABLE ,4.25
2164,BLUE TV TRAY TABLE ,4.25
2165,PURPLE BERTIE GLASS BEAD BAG CHARM,2.1
2166,SWEETHEART CREAM STEEL TABLE RECT,19.95
2167,GREY ACRYLIC FACETED BANGLE,1.25
2168,MR ROBOT SOFT TOY,1.95
2169,DANISH ROSE FOLDING CHAIR,7.95
2170,PINK LOVE BIRD CANDLE,0.42
2171,DIAMANTE RING ASSORTED IN BOX.,1.25
2172,RED   ACRYLIC FACETED BANGLE,1.25
2173,PURPLE ACRYLIC FACETED BANGLE,1.25
2174,VINTAGE BLUE KITCHEN CABINET,125.0
2175,SMALL PINK GLASS SUNDAE DISH,0.42
2176,HOME GARLAND PAINTED ZINC ,0.85
2177,SET 3 WICKER STORAGE BASKETS ,9.95
2178,SILVER ROCOCO CANDLE STICK,1.95
2179,RED VICTORIAN FABRIC OVAL BOX,0.42
2180,NUMBER TILE VINTAGE FONT 8,1.95
2181,NUMBER TILE VINTAGE FONT 5,1.95
2182,DANISH ROSE DECORATIVE PLATE,0.42
2183,WOOLLY HAT SOCK GLOVE ADVENT STRING,2.95
2184,WAKE UP COCKEREL TILE HOOK,2.1
2185,SET OF 3 CAKE TINS SKETCHBOOK,4.95
2186,VIPPASSPORT COVER ,2.1
2187,VINTAGE BEAD PINK SCARF ,1.65
2188,WHITE HAND TOWEL WITH BUTTERFLY,1.25
2189,WRAP CIRCUS PARADE,0.42
2190,CHILDS GARDEN FORK BLUE ,0.85
2191,CHILDS GARDEN TROWEL BLUE ,0.85
2192,HAPPY EASTER HANGING DECORATION,3.75
2193,HANGING HEART BASKET,2.1
2194,3D HEARTS  HONEYCOMB PAPER GARLAND,2.95
2195,HANGING SPRING FLOWER EGG LARGE,0.85
2196,WHITE STITCHED WALL CLOCK,1.25
2197,SET OF 4 CAROUSEL PLACEMATS ,1.25
2198,"METAL SIGN,CUPCAKE SINGLE HOOK",0.42
2199,ASSTD COL BUTTERFLY/CRYSTAL W/CHIME,0.42
2200,BLUE DAISY MOBILE,0.85
2201,ASS FLORAL PRINT MULTI SCREWDRIVER,0.42
2202,NUMBER TILE VINTAGE FONT No ,0.75
2203,NUMBER TILE VINTAGE FONT 9 ,0.42
2204,NUMBER TILE VINTAGE FONT 7,0.42
2205,NUMBER TILE VINTAGE FONT 6 ,0.42
2206,NUMBER TILE VINTAGE FONT 4,0.42
2207,NUMBER TILE VINTAGE FONT 3,0.42
2208,NUMBER TILE VINTAGE FONT 2,0.42
2209,NUMBER TILE VINTAGE FONT 1,0.42
2210,NUMBER TILE VINTAGE FONT 0,0.42
2211,CERAMIC LOVE HEART MONEY BANK,0.42
2212,PENS ASSORTED SPACEBALL,0.21
2213,PENS ASSORTED FUNKY JEWELED ,0.21
2214,VINTAGE PINK DECORATIVE PARASOL,3.95
2215,HIPPY CHIC DECORATIVE PARASOL,3.95
2216,MRS ROBOT SOFT TOY,1.95
2217,PINK BERTIE GLASS BEAD BAG CHARM,0.85
2218,PINK HEARTS LIGHT CHAIN ,1.25
2219,RED HEARTS LIGHT CHAIN ,1.25
2220,SET/6 FROG PRINCE T-LIGHT CANDLES,0.85
2221,"WHITE TEA,COFFEE,SUGAR JARS",1.25
2222,PINK STITCHED WALL CLOCK,1.25
2223,GLASS CHALICE GREEN  SMALL ,1.45
2224,BLUE POT PLANT CANDLE ,3.75
2225,FROSTED WHITE BASE ,0.85
2226,MULTICOLOUR HONEYCOMB PAPER GARLAND,1.65
2227,MILK PAN BLUE POLKADOT,3.75
2228,CRYSTAL STUD EARRINGS ASSORTED COL ,0.38
2229,RETRO BROWN BALL ASHTRAY ,1.25
2230,BEACH HUT DESIGN BLACKBOARD,4.25
2231,FIRST CLASS PASSPORT COVER ,2.1
2232,TURQ ICE CREAM BUM BAG ,2.55
2233,SILVER ROCCOCO CHANDELIER,29.95
2234,SQUARE CHERRY BLOSSOM CABINET,3.95
2235,PINK FLY SWAT,0.65
2236,BLUE FLY SWAT,0.65
2237,LARGE RED RETROSPOT WINDMILL,2.1
2238,ORIGAMI ROSE INCENSE IN TUBE,1.65
2239,METAL SIGN CUPCAKE SINGLE HOOK,0.42
2240,TEA TIME CAKE STAND IN GIFT BOX,10.75
2241,IVORY HANGING DECORATION  EGG,0.85
2242,CAKE PLATE LOVEBIRD PINK,1.95
2243,AMBER DIAMANTE EXPANDABLE RING,4.25
2244,FINE SILVER NECKLACE W PASTEL FLOWE,7.5
2245,ANT COPPER PINK BOUDICCA BRACELET,4.95
2246,ANT COPPER LIME BOUDICCA BRACELET,4.95
2247,GREEN GLASS TASSLE BAG CHARM,2.95
2248,TURQUOISE GLASS TASSLE BAG CHARM ,2.95
2249,EGG CUP NATURAL CHICKEN,1.25
2250,SET/4 RED MINI ROSE CANDLE IN BOWL,1.65
2251,FELT FARM ANIMAL SHEEP,0.42
2252,FELT FARM ANIMAL RABBIT,0.42
2253,FELT FARM ANIMAL HEN,0.42
2254,PINK CHRISTMAS FLOCK DROPLET ,1.25
2255,"ACRYLIC JEWEL SNOWFLAKE,PINK",2.55
2256,JARDIN ETCHED GLASS FRUITBOWL,10.75
2257,RIDGED GLASS POSY VASE ,1.45
2258,BLACK CHRISTMAS TREE 120CM,8.49
2259,FRESHWATER PEARL BRACELET GOLD,2.55
2260,PALE PINK/AMETHYST STONE NECKLACE,9.95
2261,FIRE POLISHED GLASS NECKL GOLD,5.95
2262,"PEARL & SHELL 42""NECKL. GREEN",10.75
2263,TEAL/FUSCHIA COL BEAD NECKLACE,4.95
2264,AMBER FINE BEAD NECKLACE W TASSEL,5.95
2265,PINK FLOCK GLASS CANDLEHOLDER,1.65
2266,JARDIN ETCHED GLASS SMALL BELL JAR,4.95
2267,BOTANICAL ROSE GREETING CARD,0.42
2268,BOTANICAL LILY GREETING CARD,0.42
2269,BLACK MEDIUM GLASS CAKE STAND,3.75
2270,STRIPES DESIGN MONKEY DOLL,2.55
2271,S/4 GROOVY CAT MAGNETS,1.65
2272,BLUE GINGHAM ROSE CUSHION COVER,5.95
2273,PING! MICROWAVE PLATE,3.75
2274,MINI PAINTED GARDEN DECORATION ,0.21
2275,ASSTD FRUIT+FLOWERS FRIDGE MAGNETS,0.55
2276,ORIGAMI LAVENDER INCENSE/CANDL SET ,2.55
2277,PINK  HONEYCOMB PAPER FAN,2.1
2278,CLASSIC FRENCH STYLE BASKET GREEN ,6.75
2279,FOLDING UMBRELLA BLACKBLUE POLKADOT,4.95
2280,ORIGAMI VANILLA INCENSE CONES,0.5
2281,ORIGAMI VANILLA INCENSE/CANDLE SET ,0.5
2282,NUMBER TILE COTTAGE GARDEN 0 ,1.95
2283,NUMBER TILE COTTAGE GARDEN 6,1.95
2284,NUMBER TILE COTTAGE GARDEN 2,1.95
2285,NUMBER TILE COTTAGE GARDEN 7,1.95
2286,NUMBER TILE COTTAGE GARDEN 5,1.95
2287,NUMBER TILE COTTAGE GARDEN 4,1.95
2288,NUMBER TILE COTTAGE GARDEN 3 ,1.95
2289,COFFEE MUG PEARS  DESIGN,2.55
2290,SCOTTIES DESIGN WASHBAG,1.95
2291,ROUND WHITE CONFETTI IN TUBE,1.65
2292,PINK  HEART CONFETTI IN TUBE,1.65
2293,CAKE STAND LACE WHITE,4.25
2294,PAPERWEIGHT KINGS CHOICE ,2.55
2295,LONDON BUS COFFEE MUG,2.55
2296,PINK ENAMEL+GLASS HAIR COMB,2.1
2297,COFFEE MUG APPLES DESIGN,2.55
2298,CERAMIC BOWL WITH LOVE HEART DESIGN,2.95
2299,BOTANICAL ROSE GIFT WRAP,0.42
2300,PINK SPOTS CHOCOLATE NESTING BOXES ,2.55
2301,QUEENS GUARD COFFEE MUG,2.55
2302,GREEN ROUND COMPACT MIRROR,1.25
2303,SET/4 WHITE RETRO STORAGE CUBES ,34.95
2304,PSYCHEDELIC TILE COASTER,0.42
2305,RED PUDDING SPOON,0.42
2306,MULTICOLOUR RABBIT EGG WARMER,2.1
2307,CURIOUS IMAGES SCRAP BOOK SET,4.95
2308,MAGIC SHEEP WOOL GROWING FROM PAPER,2.55
2309,SET OF 4 DIAMOND NAPKIN RINGS,12.75
2310,PINK NEW BAROQUE FLOCK CANDLESTICK,4.65
2311,SILVER HOOP EARRINGS WITH FLOWER,5.95
2312,SILVER LARIAT BLACK STONE EARRINGS,4.25
2313,APRON MODERN VINTAGE COTTON,5.95
2314,PAPERWEIGHT VINTAGE PAISLEY,0.85
2315,POLKADOT COFFEE CUP & SAUCER PINK,0.85
2316,EAU DE NIL LOVE BIRD CANDLE,1.25
2317,BLACK SMALL GLASS CAKE STAND,1.95
2318,SKULLS STORAGE BOX LARGE,2.95
2319,FELT EGG COSY LADYBIRD ,0.19
2320,HOUSE SHAPE PENCIL SHARPENER,0.21
2321,VINTAGE KITCHEN PRINT FRUITS,2.55
2322,TEATIME ROUND PENCIL SHARPENER ,0.42
2323,MOBILE VINTAGE HEARTS ,4.95
2324,FRENCH LAVENDER SCENT HEART,2.1
2325,4 PINK DINNER CANDLE SILVER FLOCK,2.55
2326,ORIGAMI SANDLEWOOD INCENSE+FLOWER,2.1
2327,ENAMEL PINK TEA CONTAINER,2.1
2328,ENAMEL PINK COFFEE CONTAINER,2.1
2329,TROPICAL PASSPORT COVER ,0.75
2330,SUNFLOWER DECORATIVE PARASOL,3.95
2331,PINK FLUFFY CHRISTMAS DECORATION,0.19
2332,MONEY BOX HOUSEKEEPING DESIGN,1.25
2333,IVORY HANGING DECORATION  BIRD,0.85
2334,SILVER DISCO HANDBAG,5.95
2335,SILVER T-LIGHT SETTING,6.75
2336,BLOSSOM IMAGES SCRAP BOOK SET,4.95
2337,RETROSPOT CANDLE  LARGE,2.55
2338,DECORATION WHITE CHICK MAGIC GARDEN,0.85
2339,MONEY BOX FIRST ADE DESIGN,1.25
2340,PINK GINGHAM CAT WITH SCARF,2.55
2341,FLORAL SOFT CAR TOY,3.75
2342,PINK CHICK EGG WARMER + EGG CUP,2.1
2343,BLUE  TILE HOOK,2.55
2344,PINK FELT EASTER RABBIT GARLAND,2.55
2345,SCHOOL DESK AND CHAIR ,65.0
2346,WHITE BAROQUE WALL CLOCK ,12.75
2347,BLACK BAROQUE WALL CLOCK ,12.75
2348,SET/3 POLKADOT STACKING TINS,4.95
2349,TEA COSY RED  STRIPE,2.55
2350,CAKE STAND LOVEBIRD 2 TIER PINK,9.95
2351,POLYESTER FILLER PAD 30CMx30CM,1.25
2352,MOCK LOBSTER FRIDGE MAGNET,0.85
2353,DROP DIAMANTE EARRINGS PURPLE,2.95
2354,ANT COPPER RED BOUDICCA BRACELET,4.95
2355,DROP DIAMANTE EARRINGS BLACK DIAMON,2.95
2356,VINTAGE ROSE BEAD BRACELET RASPBERR,4.25
2357,LAZER CUT NECKLACE W PASTEL BEADS,8.95
2358,5 STRAND GLASS NECKLACE AMBER,6.35
2359,SILVER/MOP ORBIT NECKLACE,9.95
2360,DAISY HAIR BAND,1.65
2361,PURPLE CHUNKY GLASS+BEAD NECKLACE,11.95
2362,SUMMER DAISIES BAG CHARM,2.55
2363,CLASSIC FRENCH STYLE BASKET BROWN,6.75
2364,EAU DE NILE JEWELLED PHOTOFRAME,2.55
2365,PINK BOUDOIR T-LIGHT HOLDER,0.85
2366,CREAM DELPHINIUM ARTIFICIAL FLOWER,2.95
2367,LARGE WHITE/PINK ROSE ART FLOWER,2.12
2368,MEDIUM WHITE/PINK ROSE ART FLOWER,1.69
2369,WHITE ANEMONE ARTIFICIAL FLOWER,1.69
2370,PINK CANDYSTUFT ARTIFICIAL FLOWER,1.45
2371,PINK BABY BUNTING,2.95
2372,"DECORATION , WOBBLY RABBIT , METAL ",1.65
2373,FROG CANDLE,1.25
2374,WRAP MONSTER FUN ,0.42
2375,TOYBOX  WRAP ,0.42
2376,BLUE BLOSSOM HAIR CLIP,1.05
2377,PINK STRAWBERRY HANDBAG ,2.95
2378,MIRRORED WALL ART TABLE LAMP,2.95
2379,SMALL SKULL WINDMILL,1.25
2380,SET/3 RABBITS FLOWER SKIPPPING ROPE,0.85
2381,BEADED CRYSTAL HEART GREEN LARGE,1.65
2382,"GREETING CARD,SQUARE, DOUGHNUTS",0.42
2383,DINOSAUR HEIGHT CHART STICKER SET,2.95
2384,MINI JIGSAW GO TO THE FAIR,0.42
2385,WHITE HEART CONFETTI IN TUBE,0.42
2386,GLASS BEAD HOOP EARRINGS BLACK,2.95
2387,GLASS BEAD HOOP EARRINGS AMETHYST,2.95
2388,SILVER M.O.P ORBIT BRACELET,4.95
2389,MURANO STYLE GLASS BRACELET RED,3.5
2390,GREEN MURANO TWIST BRACELET,4.25
2391,MURANO STYLE GLASS BRACELET BLACK,3.5
2392,CANNABIS LEAF BEAD CURTAIN,0.85
2393,OPIUM SCENTED VOTIVE CANDLE,0.21
2394,"LETTER ""D"" BLING KEY RING",1.25
2395,LOVE HEART TRINKET POT,1.45
2396,PINK POT PLANT CANDLE,3.75
2397,GLOW IN DARK DOLPHINS,0.21
2398,LAVENDER SCENT CAKE CANDLE,0.29
2399,"METAL SIGN,CUPCAKE SINGLE HOOK",1.25
2400,FRENCH BLUE METAL DOOR SIGN 7,1.25
2401,YELLOW DRAGONFLY HELICOPTER,7.95
2402,CHEST NATURAL WOOD 20 DRAWERS,125.0
2403,WHEELBARROW FOR CHILDREN ,12.75
2404,CHILDS GARDEN RAKE PINK,2.1
2405,PINK PAPER PARASOL ,2.95
2406,12 EGG HOUSE PAINTED WOOD,12.75
2407,PINK METAL CHICKEN HEART ,1.25
2408,GREEN CAT FLORAL CUSHION COVER ,3.75
2409,EDWARDIAN DROP EARRINGS JET BLACK,3.75
2410,PURPLE FRANGIPANI HAIRCLIP,0.85
2411,BLACK FLOWER CANDLE PLATE,0.85
2412,BLUE EGG  SPOON,0.42
2413,VINTAGE RED TEATIME MUG,1.25
2414,POPART WOODEN PENCILS ASST,0.12
2415,RED POLKADOT BEAKER ,1.95
2416,SET OF 36 DINOSAUR PAPER DOILIES,1.45
2417,TEA PARTY  WRAPPING PAPER ,0.42
2418,WHITE ROSEBUD  PEARL EARRINGS,2.55
2419,RED PURSE WITH PINK HEART,1.25
2420,BLUE CHENILLE SHAGGY CUSHION COVER ,1.95
2421,PINK CAT FLORAL CUSHION COVER ,3.75
2422,PINK FAIRY CAKE CUSHION COVER,3.75
2423,VINTAGE GLASS TEA CADDY,5.95
2424,RELAX LARGE WOOD LETTERS,15.95
2425,FLOWERS TILE COASTER,0.42
2426,HANGING CHICK GREEN DECORATION,1.45
2427,EASTER CRAFT 4 CHICKS ,1.95
2428,BOX/12 CHICK & EGG IN BASKET,1.95
2429,HANGING SPRING FLOWER EGG SMALL,0.65
2430,CARD WEDDING DAY,0.42
2431,3 WICK CHRISTMAS BRIAR CANDLE ,3.75
2432,PINK POODLE HANGING DECORATION ,0.38
2433,VINTAGE GOLD TINSEL REEL,0.42
2434,PINK/FLOWER RABBIT EGG WARMER ,2.1
2435,75 GREEN FAIRY CAKE CASES,0.55
2436,SET OF 16 VINTAGE BLACK CUTLERY,12.75
2437,ENGLISH ROSE METAL WASTE BIN,2.95
2438,WRAP DAISY CARPET ,0.42
2439,SET/3 POT PLANT CANDLES,5.45
2440,WRAP WEDDING DAY,0.42
2441,HANGING METAL RABBIT DECORATION,1.25
2442,FLAMINGO LIGHTS,4.95
2443,ANTIQUE LILY FAIRY LIGHTS,4.95
2444,FUSCHIA RETRO BAR STOOL,39.95
2445,CONDIMENT TRAY 4 BOWLS AND 4 SPOONS,9.95
2446,CANDY SPOT BUNNY,2.95
2447,PINK SCOTTIE DOG W FLOWER PATTERN,2.55
2448,BLUE SCOTTIE DOG W FLOWER PATTERN,2.55
2449,RABBIT EASTER DECORATION,2.95
2450,MULTICOLOUR EASTER RABBIT ,1.95
2451,HILDA CANDY SPOT RABBIT,3.75
2452,ANTIQUE CREAM CUTLERY SHELF ,8.5
2453,VINTAGE WOODEN BAR STOOL,29.95
2454,YELLOW POT PLANT CANDLE,3.75
2455,DAISY FOLKART HEART DECORATION,1.25
2456,PAINTED YELLOW WOODEN DAISY,0.85
2457,DAISIES  HONEYCOMB GARLAND ,1.65
2458,CONGRATULATIONS BUNTING,5.45
2459,PSYCHEDELIC TILE HOOK,2.1
2460,BLACK CHERRY LIGHTS,6.75
2461,ASSORTED TUTTI FRUTTI ROUND BOX,1.65
2462,VINTAGE KITCHEN PRINT PUDDINGS,2.55
2463,ICON PLACEMAT POP ART ELVIS,0.42
2464,CAKE STAND VICTORIAN FILIGREE SMALL,4.95
2465,"WRAP, CAROUSEL",0.42
2466,GLASS CHALICE BLUE SMALL ,1.65
2467,EAU DE NILE HEART SHAPE PHOTO FRAME,1.65
2468,BLUE  VOILE LAMPSHADE,2.95
2469,ROSE DU SUD DRAWSTRING BAG,4.25
2470,SET/6 COLLAGE PAPER CUPS,0.65
2471,SET/6 FRUIT SALAD PAPER CUPS,0.65
2472,SET/6 FRUIT SALAD  PAPER PLATES,0.85
2473,CANDY SPOT EGG WARMER HARE,1.25
2474,CANDY SPOT EGG WARMER RABBIT,1.25
2475,"GREETING CARD, STICKY GORDON",0.19
2476,"GREETING CARD, OVERCROWDED POOL.",0.19
2477,DECORATION  BUTTERFLY  MAGIC GARDEN,0.72
2478,DECORATION  PINK CHICK MAGIC GARDEN,0.72
2479,BUNNY DECORATION MAGIC GARDEN,0.72
2480,"GREETING CARD, TWO SISTERS.",0.19
2481,SET OF 4 POLKADOT COASTERS,1.25
2482,CITRUS GARLAND FELT FLOWERS ,1.95
2483,SET/4 BADGES DOGS,1.25
2484,SET/4 BADGES BEETLES,1.25
2485,EASTER DECORATION HANGING BUNNY,0.65
2486,EASTER DECORATION SITTING BUNNY,0.85
2487,EASTER DECORATION EGG BUNNY ,1.25
2488,ROSE DU SUD CUSHION COVER,6.35
2489,LIGHTHOUSE PRINTED METAL SIGN,4.95
2490,TURQUOISE HEART OF GLASS BRACELET,5.95
2491,GREEN HEART OF GLASS BRACELET,5.95
2492,PINK CRYSTAL+GLASS BRACELET,4.95
2493,BLACK CHUNKY BEAD BRACELET W STRAP,8.95
2494,TURQUOISE CRYSTAL+GLASS BRACELET,4.95
2495,RESIN BRACELET W PASTEL BEADS,4.95
2496,RESIN NECKLACE W PASTEL BEADS,7.5
2497,LARGE CIRCULAR MIRROR MOBILE,1.25
2498,PINK LARGE JEWELED PHOTOFRAME,2.55
2499,NEW BAROQUE JEWELLERY BOX ,7.95
2500,NEW BAROQUE BLACK BOXES,12.75
2501,MOROCCAN BEATEN METAL MIRROR,12.75
2502,HANGING RIDGE GLASS T-LIGHT HOLDER,1.69
2503,PINK CHERRY LIGHTS,6.75
2504,BLUE CRUSOE CHECK LAMPSHADE,0.42
2505,VINTAGE KITCHEN PRINT VEGETABLES,2.55
2506,HANGING WOOD AND FELT BUTTERFLY ,0.42
2507,HANGING WOOD AND FELT FLOWER,0.42
2508,SET OF 12 MINI BUNNIES IN A BUCKET,2.1
2509,NINJA RABBIT BLACK,1.25
2510,DECORATIVE FLORE BATHROOM BOTTLE,0.42
2511,BLOSSOM  IMAGES NOTEBOOK SET,4.25
2512,PINK HEART RED HANDBAG,2.95
2513,LITTLE PINK MONSTER SOFT TOY,2.55
2514,TEA TIME TEA TOWELS ,2.55
2515,PASTEL COLOUR HONEYCOMB FAN,1.65
2516,COLOURFUL FLOWER FRUIT BOWL,6.95
2517,EASTER TREE YELLOW BIRDS,5.95
2518,FIRST CLASS HOLIDAY PURSE ,2.95
2519,GLASS CAKE COVER AND PLATE,14.95
2520,BIRD DECORATION GREEN POLKADOT,0.85
2521,PINK POLKADOT KIDS BAG,1.95
2522,MIRROR MOSAIC T-LIGHT HOLDER ROUND,1.65
2523,WRAP DOILEY DESIGN,0.42
2524,PINK RETRO BIG FLOWER BAG,1.95
2525,WHITE/PINK CHICK DECORATION,1.25
2526,WRAP ALPHABET DESIGN,0.42
2527,PINK FELT EASTER EGG BASKET,1.65
2528,FOLK FELT HANGING MULTICOL GARLAND,3.75
2529,HANGING BUTTERFLY  EGG,0.85
2530,PINK HANGING GINGHAM EASTER HEN,0.42
2531,BLUE HANGING GINGHAM EASTER HEN,0.42
2532,"DECORATION , WOBBLY CHICKEN, METAL ",1.65
2533,BUNNY EGG GARLAND,0.42
2534,BLOND DOLL DOORSTOP,6.75
2535,BLACK/WHITE GLASS/SILVER BRACELET,8.95
2536,YELLOW EASTER EGG HUNT START POST,1.95
2537,GREEN EASTER EGG HUNT START POST,1.95
2538,EASTER BUNNY GARLAND OF FLOWERS,0.42
2539,CANDY SPOT CUSHION COVER,2.95
2540,AQUA BERTIE GLASS BEAD BAG CHARM,0.85
2541,SET 3 SONG BIRD PAPER EGGS ASSORTED,2.55
2542,SET 3 PAPER VINTAGE CHICK PAPER EGG,2.55
2543,MIRRORED WALL ART LADIES,2.55
2544,BEADED CRYSTAL HEART PINK ON STICK,1.25
2545,BEADED CRYSTAL HEART BLUE ON STICK,1.25
2546,BEADED CRYSTAL HEART GREEN ON STICK,1.25
2547,ASSTD RASTA KEY-CHAINS,0.42
2548,WRAP POPPIES  DESIGN,0.42
2549,EASTER BUNNY HANGING GARLAND,1.25
2550,BUNNY EGG BOX,1.25
2551,EASTER BUNNY WITH BASKET ON BACK,0.65
2552,BLUE EASTER EGG HUNT START POST,1.95
2553,3 PINK HEN+CHICKS IN BASKET,1.25
2554,12 PINK HEN+CHICKS IN BASKET,2.55
2555,EASTER BUNNY WREATH,4.95
2556,FROG KING WATERING CAN,2.95
2557,PIN CUSHION BABUSHKA BLUE,3.35
2558,50CM METAL STRING WITH  7 CLIPS,0.85
2559,ASSORTED SHAPES PHOTO CLIP SILVER ,0.65
2560,WRAP VINTAGE PETALS  DESIGN,0.42
2561,PINK BUTTERFLY CUSHION COVER ,4.95
2562,WHITE CANDYSTUFT ARTIFICIAL FLOWER,1.45
2563,2 PICTURE BOOK EGGS EASTER BUNNY,1.25
2564,PINK METAL SWINGING BUNNY,0.85
2565,ASSORTED FARMYARD ANIMALS IN BUCKET,0.85
2566,RED PAPER PARASOL,2.95
2567,MINI  ZINC GARDEN DECORATIONS ,0.85
2568,MEDIUM CERAMIC TOP STORAGE JAR,1.04
2569,ZINC HEART LATTICE 2 WALL PLANTER,6.35
2570,FLAG OF ST GEORGE ,1.65
2571,BLUE VICTORIAN FABRIC OVAL BOX,0.42
2572,BLUE SAVANNAH PICNIC HAMPER FOR 2,12.75
2573,HEN HOUSE W FAMILY IN BARN & NEST,0.85
2574,WHITE CHERRY LIGHTS,6.75
2575,RED/CREAM STRIPE CUSHION COVER ,1.25
2576,PINK CHERRY BLOSSOM CUP & SAUCER,1.25
2577,"DIAMANTE HEART SHAPED WALL MIRROR, ",12.75
2578,"LETTER ""R"" BLING KEY RING",1.25
2579,FOUR RABBIT EASTER DECORATIONS,1.25
2580,SET OF 4 GREEN CAROUSEL COASTERS,1.25
2581,SMALL ROUND CUT GLASS CANDLESTICK,4.95
2582,PINK HYDRANGEA ART FLOWER,2.1
2583,CROCHET ROSE PURSE WITH SUEDE BACK,2.95
2584,LA PALMIERA TILE HOOK,2.1
2585,SMALL WHITE/PINK ROSE ART FLOWER,1.25
2586,RETRO PLASTIC 70'S TRAY,1.25
2587,OYSTER TRINKET BOX,3.25
2588,BEADED CRYSTAL HEART BLUE  LARGE,1.65
2589,GREEN FERN POCKET BOOK,0.85
2590,MIRRORED WALL ART POPPIES,2.55
2591,SET/6 POSIES PAPER PLATES,0.85
2592,FIVE CATS HANGING DECORATION,2.55
2593,RED DAISY PAPER LAMPSHADE,1.25
2594,PIG MUG IN TWO COLOUR DESIGNS,0.85
2595,FLAMES SUNGLASSES PINK LENSES,1.95
2596,PINK PILLAR CANDLE SILVER FLOCK,2.95
2597,STANDING FAIRY POLE SUPPORT ,0.85
2598,2 PICTURE BOOK EGGS EASTER DUCKS,1.25
2599,RUBY DROP CHANDELIER EARRINGS,3.75
2600,VINTAGE ENAMEL & CRYSTAL EARRINGS,4.95
2601,RETRO PLASTIC DAISY TRAY,0.85
2602,COLUMBIAN  CUBE CANDLE ,0.85
2603,2 PICTURE BOOK EGGS EASTER CHICKS,1.25
2604,GLASS SPHERE CANDLE STAND MEDIUM,5.45
2605,VINTAGE BEAD PINK SHADE ,1.25
2606,"LETTER ""G"" BLING KEY RING",1.25
2607,SUNSET COLOUR CHUNKY KNITTED THROW,16.95
2608,LARGE BLUE PROVENCAL CERAMIC BALL,2.1
2609,RECTANGULAR SHAPED MIRROR,1.69
2610,DECORATIVE HANGING SHELVING UNIT,59.95
2611,BLACK GLASS BRACELET W HEART CHARMS,4.95
2612,TURQUOISE BERTIE GLASS BEAD CHARM,0.85
2613,WHITE/PINK CHICK EASTER DECORATION,0.85
2614,HANGING WOOD AND FELT HEART,0.42
2615,EASTER CRAFT IVY WREATH WITH CHICK,1.95
2616,STEEL SWEETHEART ROUND TABLE CREAM,14.95
2617,TEATIME PUSH DOWN RUBBER,0.42
2618,S/2 ZINC HEART DESIGN PLANTERS,9.95
2619,CUPID SCENTED CANDLE IN GLASS,1.65
2620,CHRISTMAS STAR WISH LIST CHALKBOARD,0.72
2621,LARGE ROUND CUTGLASS CANDLESTICK,6.75
2622,WHITE HEART OF GLASS BRACELET,5.95
2623,PINK HEART OF GLASS BRACELET,5.95
2624,AMBER GLASS/SILVER BRACELET,8.95
2625,LONG SILVER NECKLACE PASTEL FLOWER,12.75
2626,GOLD/M.O.P PENDANT ORBIT NECKLACE,8.5
2627,SILVER/M.O.P PENDANT ORBIT NECKLACE,8.5
2628,FLORAL BATHROOM SET,3.75
2629,GREEN METAL SWINGING BUNNY,0.85
2630,VINTAGE NOTEBOOK TRAVELOGUE,2.95
2631,SMALL CHUNKY GLASS ROMAN  BOWL,2.95
2632,GLASS CHALICE GREEN  LARGE ,2.55
2633,GOLD TEDDY BEAR,3.75
2634,BLACK BIRD GARDEN DESIGN MUG,1.25
2635,15 PINK FLUFFY CHICKS IN BOX,2.95
2636,ZINC HEART LATTICE TRAY OVAL ,5.95
2637,SET OF 6 ICE CREAM SKITTLES,2.95
2638,BLUE CUSHION COVER WITH FLOWER,6.95
2639,PINK YELLOW PATCH CUSHION COVER,7.65
2640,EAU DE NILE JEWELLED PHOTOFRAME,1.65
2641,A4 WALL TIDY RED FLOWERS,0.65
2642,PEACH KNITTED HEN ,1.65
2643,INCENSE BAZAAR PEACH,0.42
2644,TRANQUILITY MASALA INCENSE,0.21
2645,OCEAN STRIPE HAMMOCK ,7.95
2646,VINTAGE SHELLS PRINT,6.45
2647,ELEPHANT CLIP W SUCTION CUP,0.42
2648,CHERRY BLOSSOM DECORATIVE FLASK,3.75
2649,CREAM SWEETHEART MAGAZINE RACK,14.95
2650,WHITE HYDRANGEA ART FLOWER,2.1
2651,CREAM CLIMBING HYDRANGA ART FLOWER,3.75
2652,BLUE STONES ON WIRE FOR CANDLE,0.21
2653,CANDY HEART HANGING DECORATION,1.25
2654,PINK JEWELLED PHOTO FRAME,7.95
2655,PINK JEWELLED PHOTO FRAME ,4.95
2656,PINK GAUZE BUTTERFLY LAMPSHADE,0.42
2657,CHERRY BLOSSOM CANVAS ART PICTURE,7.95
2658,BOTANICAL LAVENDER GIFT WRAP ,0.42
2659,PINK/PURPLE RETRO RADIO,2.95
2660,MEDIUM PINK BUDDHA HEAD ,2.95
2661,"PET MUG, GOLDFISH",0.42
2662,TINY CRYSTAL BRACELET GREEN,2.55
2663,NECKLACE+BRACELET PINK BUTTERFLY,2.55
2664,ICE CREAM DESIGN GARDEN PARASOL,7.95
2665,SET 2 PANTRY DESIGN TEA TOWELS,2.95
2666,MINI JIGSAW LEAP FROG,0.42
2667,METAL RABBIT LADDER EASTER ,0.85
2668,LUNCH BOX WITH CUTLERY FAIRY CAKES ,2.55
2669,COTTON APRON PANTRY DESIGN,4.95
2670,GIRLS ALPHABET IRON ON PATCHES ,0.21
2671,BOYS ALPHABET IRON ON PATCHES,0.21
2672,WHITE TRAVEL ALARM CLOCK,2.55
2673,FLORAL PINK MONSTER,3.75
2674,CANDY SPOT TEA COSY,3.35
2675,ICON MUG REVOLUTIONARY,1.25
2676,"ACRYLIC JEWEL SNOWFLAKE, PINK",2.1
2677,"POCKET MIRROR ""GLAMOROUS""",1.25
2678,WHITE ENAMEL FLOWER HAIR TIE,2.95
2679,GREEN ENAMEL FLOWER HAIR TIE,2.95
2680,BUTTERFLY HAIR BAND,2.55
2681,FIRE POLISHED GLASS BRACELET BLACK,3.75
2682,BLUE MURANO TWIST BRACELET,4.25
2683,JADE CRYSTAL+GLASS BRACELET,4.95
2684,RUBY GLASS CLUSTER BRACELET,5.95
2685,MIDNIGHT BLUE GLASS/SILVER BRACELET,8.95
2686,PAINTED SEA SHELL METAL WINDCHIME,3.75
2687,FOLDING SHOE TIDY,2.95
2688,MADRAS NOTEBOOK MEDIUM,2.55
2689,SQUARE METAL CANDLEHOLDER BASE,0.85
2690,ASSORTED TUTTI FRUTTI KEYRING BALL,0.85
2691,M/COLOUR POM-POM CURTAIN,4.25
2692,CRACKED GLAZE EARRINGS BROWN,2.55
2693,BLACK VINTAGE  CRYSTAL EARRINGS,3.75
2694,BLACK CRYSTAL DROP EARRINGS,2.95
2695,WHITE VINTAGE CRYSTAL EARRINGS,3.75
2696,WHITE VINT ART DECO CRYSTAL NECKLAC,8.5
2697,BLACK VINT ART DEC CRYSTAL NECKLACE,8.5
2698,NEW BAROQUE SMALL NECKLACE BLACK,8.5
2699,LILAC GAUZE BUTTERFLY LAMPSHADE,0.42
2700,PINK/PURPLE CIRCLE CURTAIN,4.65
2701,GIANT MEDINA STAMPED METAL BOWL ,9.95
2702,PINK FLOWERS RABBIT EASTER,2.95
2703,PURPLE AMETHYST NECKLACE W TASSEL,9.95
2704,BLUE/NAT SHELL NECKLACE W PENDANT,5.95
2705,SILVER/NAT SHELL NECKLACE W PENDANT,5.95
2706,SILVER M.O.P ORBIT DROP EARRINGS,4.25
2707,FILIGREE DIAMANTE EARRINGS,4.25
2708,JADE DROP EARRINGS W FILIGREE,4.95
2709,GRASS HOPPER WOODEN WALL CLOCK ,5.95
2710,IVORY STRING CURTAIN WITH POLE ,5.95
2711,PINK SQUARE TABLE CLOCK,2.55
2712,PINK MONTE CARLO HANDBAG,8.5
2713,PINK DISCO HANDBAG,5.95
2714,FROSTED WHITE BASE ,0.22
2715,HANGING METAL CHICKEN DECORATION,1.25
2716,PANTRY SCRUBBING BRUSH,1.65
2717,SET OF 4 PANTRY JELLY MOULDS,1.25
2718,TRAVEL CARD WALLET FLOWER MEADOW,0.42
2719,TRAVEL CARD WALLET PANTRY,0.42
2720,TRAVEL CARD WALLET SKULLS,0.42
2721,TRAVEL CARD WALLET VINTAGE ROSE ,0.42
2722,TRAVEL CARD WALLET TRANSPORT,0.42
2723,TRAVEL CARD WALLET RETROSPOT,0.42
2724,TRAVEL CARD WALLET KEEP CALM,0.42
2725,GIRAFFE WOODEN RULER,1.95
2726,REVOLVER WOODEN RULER ,1.95
2727,POTTING SHED ROSE CANDLE,2.95
2728,"RETRO PILL BOX , REVOLUTIONARY",0.18
2729,TRAVEL CARD WALLET RETRO PETALS,0.36
2730,TRAVEL CARD WALLET SUKI,0.36
2731,TRAVEL CARD WALLET VINTAGE TICKET,0.36
2732,PANTRY ROLLING PIN,3.75
2733,TRAVEL CARD WALLET UNION JACK,0.42
2734,TRAVEL CARD WALLET I LOVE LONDON,0.42
2735,"RETRO TIN ASHTRAY,REVOLUTIONARY",0.65
2736,FRENCH FLORAL CUSHION COVER ,2.95
2737,FUSCHIA TABLE RUN FLOWER ,3.75
2738,DOTCOMGIFTSHOP TEA TOWEL,1.65
2739,PINK FLOCK GLASS CANDLEHOLDER,1.65
2740,S/3 PINK SQUARE PLANTERS ROSES,10.95
2741,PURPLE/COPPER HANGING LAMPSHADE,0.85
2742,BLUE WHITE PLASTIC RINGS LAMPSHADE,0.85
2743,GOLD M.O.P ORBIT DROP EARRINGS,4.25
2744,WHITE VINTAGE CRYSTAL BRACELET,6.75
2745,SILVER LARIAT 40CM,12.75
2746,NEW BAROQUE B'FLY NECKLACE CRYSTAL,8.5
2747,GLASS BEAD HOOP NECKLACE AMETHYST,8.5
2748,SILVER BRACELET W PASTEL FLOWER,7.5
2749,NEW BAROQUE B'FLY NECKLACE GREEN,8.5
2750,MIDNIGHT BLUE COPPER FLOWER NECKLAC,5.95
2751,COPPER/OLIVE GREEN FLOWER NECKLACE,5.95
2752,RASPBERRY ANT COPPER FLOWER NECKLAC,5.95
2753,GLASS BEAD HOOP NECKLACE GREEN,8.5
2754,GLASS BEAD HOOP NECKLACE MONTANA,8.5
2755,PINK AND BLACK STRING CURTAIN,5.95
2756,PACK 20 DOLLY PEGS,0.72
2757,GREEN ENAMEL+GLASS HAIR COMB,1.75
2758,CREAM SWEETHEART TRAYS,12.75
2759,GREEN HEART COMPACT MIRROR,1.25
2760,WOVEN BERRIES CUSHION COVER ,4.95
2761,T-LIGHT HOLDER WHITE LACE,0.85
2762,SCALLOP SHELL SOAP DISH,2.1
2763,HEART BUTTONS JEWELLERY BOX,7.65
2764,PINK STRING CURTAIN WITH POLE,5.95
2765,TOP SECRET PEN SET,1.25
2766,"LETTER ""A"" BLING KEY RING",1.25
2767,NECKLACE+BRACELET SET PINK DAISY,2.55
2768,NECKLACE+BRACELET SET BLUE BLOSSOM,2.55
2769,SET/6 POSIES PAPER CUPS,0.65
2770,PINK CHRYSANTHEMUMS ART FLOWER,2.1
2771,STARFISH SOAP DISH,2.55
2772,PINK RIVIERA HANDBAG,5.95
2773,BEST DAD CANDLE LETTERS,0.85
2774,GROOVY CACTUS INFLATABLE,0.85
2775,HEAVENS SCENT FRAGRANCE OILS ASSTD,0.29
2776,SMALL SINGLE FLAME CANDLE HOLDER,0.35
2777,PINK FELT HANGING HEART W FLOWER,0.85
2778,BEACH HUT SHELF W 3 DRAWERS,5.95
2779,FUNKY MONKEY CUSHION COVER,0.85
2780,PURPLE ANEMONE ARTIFICIAL FLOWER,1.69
2781,WHITE ALLIUM  ARTIFICIAL FLOWER,1.69
2782,MIRRORED DOVE WALL DECORATION,2.1
2783,TOILET SIGN OCCUPIED OR VACANT,0.83
2784,SMALL BLUE PROVENCAL CERAMIC BALL,1.65
2785,PANTRY WASHING UP BRUSH,1.45
2786,TREASURE ISLAND BOOK BOX,2.25
2787,BUFFALO BILL TREASURE BOOK BOX,2.25
2788,GYMKHANNA TREASURE BOOK BOX,2.25
2789,ABC TREASURE BOOK BOX ,2.25
2790,PANTRY PASTRY BRUSH,1.25
2791,DOLLCRAFT GIRL AMELIE KIT,4.95
2792,DOLLCRAFT GIRL NICOLE,4.95
2793,CLEAR STATIONERY BOX SET ,0.85
2794,WOVEN FROST CUSHION COVER,4.95
2795,FELTCRAFT BOY JEAN-PAUL KIT,4.95
2796,MOTHER'S KITCHEN SPOON REST ,3.75
2797,CLOCK MAGNET MUM'S KITCHEN,2.89
2798,JAM CLOCK MAGNET,2.89
2799,PANTRY APPLE CORER,1.45
2800,PINK & WHITE ROSEBUD RING,4.25
2801,WHITE WITH BLACK CATS PLATE,0.85
2802,MUM'S KITCHEN CLOCK,4.95
2803,ASSORTED MINI MADRAS NOTEBOOK,1.25
2804,TURQ PENDANT TRIPLE SHELL NECKLACE,4.95
2805,GREEN PENDANT TRIPLE SHELL NECKLACE,4.95
2806,BLACK DROP EARRINGS W LONG BEADS,2.95
2807,BLUE MURANO TWIST NECKLACE,9.95
2808,RECYCLED ACAPULCO MAT RED,8.25
2809,RECYCLED ACAPULCO MAT PINK,8.25
2810,RECYCLED ACAPULCO MAT LAVENDER,8.25
2811,RECYCLED ACAPULCO MAT GREEN,8.25
2812,RECYCLED ACAPULCO MAT TURQUOISE,8.25
2813,RECYCLED ACAPULCO MAT BLUE,8.25
2814,"S/4 ICON COASTER,ELVIS LIVES",1.25
2815,FRENCH STYLE STORAGE JAR JAM,1.25
2816,BULL DOG BOTTLE OPENER,4.95
2817,PINK CRYSTAL GUITAR PHONE CHARM,0.85
2818,BLACK FEATHER CHRISTMAS DECORATION,0.19
2819,PURPLE FOXGLOVE ARTIIFCIAL FLOWER,2.55
2820,MURANO STYLE GLASS BRACELET GOLD,3.5
2821,GLASS AND PAINTED BEADS BRACELET OL,3.75
2822,GLASS AND BEADS BRACELET IVORY,3.75
2823,"LETTER ""P"" BLING KEY RING",1.25
2824,MIRRORED WALL ART SPLODGES,3.75
2825,YELLOW FELT HANGING HEART W FLOWER,0.85
2826,PURPLE/TURQ FLOWERS HANDBAG,1.25
2827,CROCHET ROSE DES CLOTHES HANGER,2.95
2828,BLUE HOLE PUNCH,1.25
2829,BABY MOUSE RED GINGHAM DRESS,4.25
2830,BULL DOG BOTTLE TOP WALL CLOCK,8.25
2831,FRENCH STYLE STORAGE JAR BONBONS,1.25
2832,FRENCH STYLE STORAGE JAR CAFE ,1.25
2833,"RUSTIC WOODEN CABINET, GLASS DOORS",24.95
2834,YELLOW/BLUE RETRO RADIO,2.95
2835,"RETRO PILL BOX KEY CHAIN,THE KING",0.19
2836,I LOVE LONDON BABY GIFT SET,14.95
2837, SPACEBOY BABY GIFT SET,14.95
2838,DOLLY GIRL BABY GIFT SET,14.95
2839,CANDY SPOT HAND BAG,2.1
2840,CIRCUS PARADE BABY GIFT SET,14.95
2841,CHERRY BLOSSOM LUGGAGE TAG,1.25
2842,ENGLISH ROSE NOTEBOOK A6 SIZE,0.65
2843,PASTEL PINK PHOTO ALBUM ,0.5
2844,BLUE FLYING SINGING CANARY,3.75
2845,RED  EGG  SPOON,0.12
2846,HELLO SAILOR BATHROOM SET,3.75
2847,BLUE GLASS GEMS IN BAG,0.64
2848,HEN HOUSE W CHICK IN NEST,0.42
2849,WRAP BAD HAIR DAY,0.1
2850,BLACK ENAMEL FLOWER RING,2.95
2851,ACRYLIC GEOMETRIC LAMP,18.95
2852,PIECE OF CAMO STATIONERY SET,0.21
2853,WINE BOTTLE DRESSING LT.BLUE,0.29
2854,SET OF 16 VINTAGE IVORY CUTLERY,12.75
2855,LARGE SKULL WINDMILL,2.1
2856,PINK FLOWERS RABBIT EASTER,1.95
2857,WOVEN CANDY CUSHION COVER ,4.95
2858,PINK SMALL GLASS CAKE STAND,1.95
2859,FLAG OF ST GEORGE CHAIR,5.95
2860,BLUE POLKADOT BEAKER ,0.39
2861,ORANGE FLOWER MUG ,0.39
2862,YELLOW PINK FLOWER DESIGN BIG BOWL,0.39
2863,FRENCH CHATEAU OVAL PLATTER,1.95
2864,ASSORTED SANSKRIT MINI NOTEBOOK,1.25
2865,BLUE FLOWER DES PURSE,1.25
2866,ELVIS WALLHANGING / CURTAIN,1.25
2867,BIG POLKADOT MUG,0.39
2868,"FLOWER GLASS GARLD NECKL36""TURQUOIS",7.95
2869,RED KUKUI COCONUT SEED NECKLACE,5.95
2870,PINK/AMETHYST/GOLD NECKLACE,6.95
2871,ASSORTED COLOUR SILK GLASSES CASE,2.1
2872,DOUGHNUT LIP GLOSS ,1.25
2873,ICE CREAM SUNDAE LIP GLOSS,1.25
2874,ICE CREAM PEN LIP GLOSS ,1.25
2875,OPEN CLOSED METAL SIGN,4.95
2876,WINE BOTTLE DRESSING DARK BLUE,0.29
2877,CROCHET BEAR RED/BLUE  KEYRING,1.65
2878,PINK HAWAIIAN PICNIC HAMPER FOR 2,12.75
2879,FAN BLACK FRAME ,0.29
2880,POTTING SHED CANDLE CITRONELLA,3.21
2881,SET OF 5 PANCAKE DAY MAGNETS,2.08
2882,SET OF 4 JAM JAR MAGNETS,2.08
2883,SET OF 5 MINI GROCERY MAGNETS,2.08
2884,KNICKERBOCKERGLORY MAGNET ASSORTED ,0.83
2885,PACK 4 FLOWER/BUTTERFLY PATCHES,1.25
2886,SET OF 5 LUCKY CAT MAGNETS ,1.85
2887,JARDIN ETCHED GLASS LARGE BELL JAR,12.75
2888,MUMMY MOUSE RED GINGHAM RIBBON,5.45
2889,FRENCH CHATEAU SMALL FRUITBOWL,1.95
2890,FRENCH CHATEAU LARGE FRUIT BOWL ,1.95
2891,ANTIQUE CREAM CUTLERY CUPBOARD,12.75
2892,ENVELOPE 50 ROMANTIC IMAGES,0.85
2893,PINK ROSEBUD PEARL BRACELET,7.5
2894,PINK MURANO TWIST NECKLACE,9.95
2895,GREEN MURANO TWIST NECKLACE,9.95
2896,GREEN  DIAMANTE PEN IN GIFT BOX,4.95
2897,NECKLACE+BRACELET SET BLUE HIBISCUS,2.55
2898,ORANGE FELT VASE + FLOWERS,1.25
2899,SET OF 6 NATIVITY MAGNETS ,2.08
2900,SILVER/BLACK ORBIT NECKLACE,9.95
2901,VINTAGE BEAD COSMETIC BAG ,3.35
2902,ENAMEL BLUE RIM TEA CONTAINER,0.83
2903,BEACH HUT MIRROR,4.25
2904,MIRROR MOSAIC CANDLE PLATE,1.45
2905,GOLDIE LOOKING MIRROR,4.95
2906,PINK ROUND COMPACT MIRROR,1.25
2907,BLUE SQUARE COMPACT MIRROR,1.25
2908,MIRROR MOSAIC HURRICANE LAMP ,6.75
2909,TEATIME FUNKY FLOWER BACKPACK FOR 2,16.95
2910,CHILDRENS CUTLERY DOLLY GIRL ,4.15
2911,CHILDRENS CUTLERY SPACEBOY ,4.15
2912,NEW BAROQUE B'FLY NECKLACE PINK,8.5
2913,CHILDRENS CUTLERY CIRCUS PARADE,4.15
2914,BOTANICAL LILY GIFT WRAP,0.42
2915,ANTIQUE OPAL WHITE FLOWER EARRINGS,4.25
2916,BAROQUE BUTTERFLY EARRINGS BLACK,3.75
2917,MOP PENDANT SHELL NECKLACE,4.95
2918,YELLOW/ORANGE FLOWER DESIGN PLATE,0.29
2919,SWEETHEART KEY CABINET,5.55
2920,CHARLOTTE BAG VINTAGE ALPHABET ,0.85
2921,JUMBO BAG ALPHABET,2.08
2922,LUNCH BAG ALPHABET DESIGN,1.65
2923,JUMBO BAG APPLES,2.08
2924,LUNCH BAG APPLE DESIGN,1.65
2925,CHARLOTTE BAG APPLES DESIGN,0.85
2926,LUNCH BAG VINTAGE LEAF DESIGN,1.65
2927,HARDMAN MUG 3 ASSORTED,0.39
2928,S/2 BEACH HUT TREASURE CHESTS,5.95
2929,SMALL TAHITI BEACH BAG,3.81
2930,PINK FEATHERS CURTAIN,1.25
2931,WOVEN BUBBLE GUM CUSHION COVER,4.95
2932,WOVEN ROSE GARDEN CUSHION COVER ,4.95
2933,WOVEN SUNSET CUSHION COVER ,4.95
2934,PADS TO MATCH ALL CUSHIONS,0.001
2935,3 BIRDS CANVAS SCREEN,1.65
2936,LARGE DECO JEWELLERY STAND,12.5
2937,PASTEL BLUE PHOTO ALBUM ,0.5
2938,HEART BEADED TRELLIS DECORATION,2.08
2939,GEMSTONE CHANDELIER T-LIGHT HOLDER,4.15
2940,SMALL DECO JEWELLERY STAND,8.25
2941,ALUMINIUM STAMPED HEART,2.49
2942,DOUBLE CERAMIC PARLOUR HOOK,4.15
2943,ZINC SWEETHEART WIRE LETTER RACK,3.75
2944,GEORGIAN TRINKET BOX,12.5
2945,CROCHET WHITE RABBIT KEYRING ,1.65
2946,SET OF 12 ROSE BOTANICAL T-LIGHTS,2.95
2947,BLUE CAT BISCUIT BARREL PINK HEART,1.95
2948,TRIPLE HOOK ANTIQUE IVORY ROSE,3.29
2949,VINTAGE EMBOSSED HEART,1.25
2950,GOLD WINE GOBLET,0.79
2951,GOLD APERITIF GLASS,0.39
2952,IVORY CHANDELIER T-LIGHT HOLDER,6.25
2953,FLOWERS CHANDELIER T-LIGHT HOLDER,6.25
2954,TRIPLE WIRE HOOK IVORY HEART,4.15
2955,TRIPLE WIRE HOOK PINK HEART,4.15
2956,SMALL ZINC HEART WALL ORGANISER,5.75
2957,SMALL IVORY HEART WALL ORGANISER,5.75
2958,MARIE ANTOIENETT TRINKET BOX GOLD,12.5
2959,IVORY SWEETHEART WIRE LETTER RACK ,3.75
2960,LARGE ZINC HEART WALL ORGANISER,7.05
2961,LARGE IVORY HEART WALL ORGANISER,7.05
2962,60 GOLD AND SILVER FAIRY CAKE CASES,0.55
2963,SINGLE ANTIQUE ROSE HOOK IVORY,1.45
2964,MINIATURE ANTIQUE ROSE HOOK IVORY,0.83
2965,ZINC T-LIGHT HOLDER STARS SMALL,0.72
2966,IVORY WIRE KITCHEN ORGANISER,10.4
2967,IVORY WIRE SWEETHEART LETTER TRAY,3.75
2968,SINGLE WIRE HOOK PINK HEART,1.45
2969,SINGLE WIRE HOOK IVORY HEART,1.45
2970,IVORY SWEETHEART SOAP DISH,2.49
2971,ZINC T-LIGHT HOLDER STAR LARGE,0.95
2972,16 PIECE CUTLERY SET PANTRY DESIGN,15.95
2973,ZINC WIRE SWEETHEART LETTER TRAY,3.75
2974,PAINTED LIGHTBULB RAINBOW DESIGN,0.42
2975,LILAC VOTIVE CANDLE,0.21
2976,TEATIME GEL PENS ASST,0.42
2977,ORANGE/WHT/FUSCHIA STONES NECKLACE,4.95
2978,WHITE/PINK MINI CRYSTALS NECKLACE,4.95
2979,COTE D'AZURE NECKLACE,4.95
2980,WHITE  ROSEBUD PEARL BRACELET,7.5
2981,PINK ROSEBUD & PEARL NECKLACE,7.5
2982,WHITE ROSEBUD & PEARL NECKLACE,7.5
2983,ST TROPEZ NECKLACE,4.95
2984,RIVIERA NECKLACE,4.95
2985,CRACKED GLAZE NECKLACE RED,6.95
2986,EDWARDIAN PHOTO FRAME,6.25
2987,MAXWELL 2 TONE BLUE 60 PAGE PHOTO A,0.5
2988,MISTLETOE HEART WREATH CREAM,4.15
2989,HANGING ENGRAVED METAL HEART,4.15
2990,BLUE TABLE RUN FLOWER,1.25
2991,BLUE STRIPES SHOULDER BAG,0.83
2992,BLUE CHECK BAG W HANDLE 34X20CM,0.83
2993,LASER CUT MULTI STRAND NECKLACE,11.95
2994,REGENCY SUGAR TONGS,2.49
2995,DOORMAT KEEP CALM AND COME IN,6.75
2996,DOORMAT VINTAGE LEAVES DESIGN ,7.95
2997,GREEN ENAMEL FLOWER RING,2.95
2998,RED ENAMEL FLOWER RING,2.95
2999,PURPLE ENAMEL FLOWER RING,2.95
3000,CD WALL TIDY BLUE OFFICE,0.36
3001,REGENCY TEA STRAINER,3.75
3002,FRENCH FLORAL CUSHION COVER ,0.85
3003,SMALL ZINC/GLASS CANDLEHOLDER,1.25
3004,GOLD FLOWER CUSHION COVER ,1.95
3005,SET OF 10 LANTERNS FAIRY LIGHT STAR,4.15
3006,PAPER LANTERN 7 POINT SNOW STAR,6.65
3007,PAPER LANTERN 9 POINT SNOW STAR,4.15
3008,PAPER LANTERN 9 POINT SNOW STAR ,5.75
3009,CINDERELLA CHANDELIER ,49.95
3010,BLING KEY RING STAND,1.25
3011,MISTLETOE HEART WREATH GREEN,4.15
3012,WHITE 3 FRAME BIRDS AND TREE ,21.95
3013,FRENCH LATTICE CUSHION COVER ,0.83
3014,WRAP SUMMER ROSE DESIGN,0.42
3015,FRENCH PAISLEY CUSHION COVER,0.83
3016,FRENCH LATTICE CUSHION COVER ,0.85
3017,REGENCY TEA SPOON,1.04
3018,REGENCY CAKE FORK,1.04
3019,REGENCY CAKE SLICE,4.15
3020,ANTIQUE IVORY WIRE BOWL SMALL,2.49
3021,PINK FLOCK PHOTO FRAME ,1.25
3022,ZINC WIRE KITCHEN ORGANISER,10.4
3023,FOOD COVER WITH BEADS SET 2 ,3.75
3024,SPOTTY BUNTING,4.95
3025,EDWARDIAN HEART PHOTO FRAME,4.15
3026,ZINC SWEETHEART SOAP DISH,2.49
3027,CRYSTAL STUD EARRINGS CLEAR DISPLAY,0.38
3028,PAPER LANTERN 9 POINT HOLLY STAR 40,6.25
3029,PAPER LANTERN 5 POINT STAR MOON 30,4.15
3030,PINK AND WHITE CHRISTMAS TREE 120CM,2.95
3031,POLYESTER FILLER PAD 60x40cm,2.55
3032,BLUE DISCO HANDBAG,1.95
3033,LUNCH BAG DOILEY PATTERN ,1.65
3034,JUMBO BAG PEARS,2.08
3035,JUMBO BAG DOILEY PATTERNS,2.08
3036,MONTANA DIAMOND CLUSTER EARRINGS,2.55
3037,MARIE ANTOINETTE TRINKET BOX SILVER,12.5
3038,JUMBO BAG VINTAGE LEAF,2.08
3039,PAPER LANTERN 9 POINT DELUXE STAR,6.65
3040,PAPER LANTERN 5 POINT SEQUIN STAR,5.75
3041,PAPER LANTERN 9 POINT HOLLY STAR S,4.15
3042,RASTA IN BATH W SPLIFF ASHTRAY,0.85
3043,FLOWER GARLAND NECKLACE RED,7.95
3044,IVORY SHELL HEART EARRINGS,2.55
3045,TURQ STONE/CRYSTAL EARRINGS,2.95
3046,"FLOWER GLASS GARLAND NECKL.36""BLUE",7.95
3047,FOLDING BUTTERFLY MIRROR IVORY ,0.83
3048,FOLDING BUTTERFLY MIRROR HOT PINK ,0.83
3049,BUNDLE OF 3 SCHOOL EXERCISE BOOKS  ,1.65
3050,BUNDLE OF 3 RETRO NOTE BOOKS,1.65
3051,GREEN GOOSE FEATHER TREE 60CM,1.95
3052,PINK GOOSE FEATHER TREE 60CM,1.95
3053,WHITE GOOSE FEATHER TREE 60CM ,1.95
3054,REGENCY MILK JUG PINK ,3.25
3055,REGENCY SUGAR BOWL GREEN,4.15
3056,REGENCY TEAPOT ROSES ,8.15
3057,REGENCY TEA PLATE PINK,1.65
3058,REGENCY TEA PLATE GREEN ,1.65
3059,REGENCY TEA PLATE ROSES ,1.65
3060,GREEN METAL BOX ARMY SUPPLIES,8.25
3061,RABBIT NIGHT LIGHT,2.08
3062,FOLDING BUTTERFLY MIRROR RED  ,0.83
3063,PARISIENNE JEWELLERY DRAWER ,7.5
3064,PETIT TRAY CHIC,1.65
3065,ZINC HERB GARDEN CONTAINER,6.25
3066,LE GRAND TRAY CHIC SET,12.5
3067,SET OF 10 LED DOLLY LIGHTS,6.25
3068,RED METAL BOX TOP SECRET,8.25
3069,PARISIENNE KEY CABINET ,5.75
3070,BUNDLE OF 3 ALPHABET EXERCISE BOOKS,1.65
3071,SILVER BELLS TABLE DECORATION,1.25
3072,SILVER HEARTS TABLE DECORATION,0.83
3073,SET 6 PAPER TABLE LANTERN HEARTS ,3.75
3074,FLOWERS HANDBAG blue and orange,1.25
3075,SMALL PARISIENNE HEART PHOTO FRAME ,2.49
3076,LED TEA LIGHTS,2.49
3077,BELL HEART DECORATION,1.65
3078,PARISIENNE CURIO CABINET,7.5
3079,PARISIENNE SEWING BOX,12.5
3080,TOADSTOOL BEDSIDE LIGHT ,8.95
3081,SMALL CERAMIC TOP STORAGE JAR ,0.69
3082,IVORY PANTRY HANGING LAMP ,12.5
3083,CLASSIC SUGAR DISPENSER,1.25
3084,LARGE ZINC GLASS CANDLEHOLDER,2.1
3085,CLASSIC GLASS SWEET JAR,4.15
3086,LARGE CERAMIC TOP STORAGE JAR,1.45
3087,SILVER STARS TABLE DECORATION,0.83
3088,GLASS BON BON JAR,1.65
3089,WHITE WIRE PLANT POT HOLDER,2.89
3090,FIRE POLISHED GLASS BRACELET GREEN,3.75
3091,FIRE POLISHED GLASS BRACELET MONTAN,3.75
3092,FIRE POLISHED GLASS BRACELET RED,3.75
3093,ZINC HEARTS PLANT POT HOLDER,2.89
3094,ZINC  HEART T-LIGHT HOLDER,1.25
3095,ZINC HEART FLOWER T-LIGHT HOLDER,1.25
3096,"PEARL & SHELL 42""NECKL. IVORY",10.75
3097,GARDENERS KNEELING PAD KEEP CALM ,1.65
3098,GARDENERS KNEELING PAD CUP OF TEA ,1.45
3099,KNEELING MAT HOUSEWORK  DESIGN,1.65
3100,ENGLISH ROSE SCENTED HANGING HEART,4.25
3101,VINTAGE GLASS T-LIGHT HOLDER,0.83
3102,SET 6 PAPER TABLE LANTERN STARS ,3.75
3103,LARGE ANTIQUE WHITE PHOTO FRAME,7.9
3104,ANTIQUE SILVER BAUBLE LAMP  ,10.4
3105,FRENCH CARRIAGE LANTERN,6.65
3106,ZINC  STAR T-LIGHT HOLDER ,1.25
3107,WHITE SQUARE TABLE CLOCK,2.55
3108,"LETTER ""Y"" BLING KEY RING",1.25
3109,FUNKY FLOWER PICNIC BAG FOR 4,16.95
3110,DARK BIRD HOUSE TREE DECORATION,0.85
3111,MULTICOLOUR POLKADOT PLATE,0.85
3112,HEART SHAPED HOLLY WREATH,4.15
3113,BLUE DELPHINIUM ARTIFICIAL FLOWER,2.95
3114,PINK ENAMEL FLOWER HAIR TIE,2.95
3115,RED PEONY CUSHION COVER ,4.65
3116,GREEN PEONY CUSHION COVER,4.65
3117,CLEAR CRYSTAL STAR PHONE CHARM,0.85
3118,CRYSTAL STILETTO PHONE CHARM,0.85
3119,SILVER FLOWR PINK SHELL NECKLACE,7.5
3120,SILVER DROP EARRINGS WITH FLOWER,3.75
3121,GREEN VINTAGE EARRINGS ,3.75
3122,CRACKED GLAZE NECKLACE IVORY,6.95
3123,IVORY PENDANT TRIPLE SHELL NECKLACE,4.95
3124,CAPIZ CHANDELIER,29.95
3125,PEARL AND CHERRY QUARTZ BRACLET,3.5
3126,FILIGREE HEART BIRD WHITE ,1.25
3127,FILIGREE HEART BUTTERFLY WHITE ,1.25
3128,AMBER BERTIE GLASS BEAD BAG CHARM,2.1
3129,Next Day Carriage,15.0
3130,CHERRY BLOSSOM PURSE,2.95
3131,FILIGREE HEART DAISY WHITE,1.25
3132,PINK OVAL SHAPE TRINKET BOX,9.95
3133,CHAMPAGNE TRAY BLANK CARD,0.19
3134,JINGLE BELL HEART ANTIQUE GOLD,2.08
3135,JINGLE BELL HEART ANTIQUE SILVER,2.08
3136,DIAMANTE HAIR GRIP PACK/2 LT ROSE,1.65
3137,PAIR OF PINK FLOWER CLUSTER SLIDE,2.55
3138,WHITE ROCKING HORSE HAND PAINTED,1.25
3139,STAR WREATH DECORATION WITH BELL,1.25
3140,HEART WREATH DECORATION WITH BELL,1.25
3141,LAUREL STAR ANTIQUE SILVER ,1.25
3142,CHERUB HEART DECORATION GOLD,0.83
3143,REINDEER HEART DECORATION SILVER,0.83
3144,RED ROCKING HORSE HAND PAINTED,1.04
3145,LAUREL HEART ANTIQUE GOLD,1.04
3146,LAUREL HEART ANTIQUE SILVER,1.04
3147,CHERUB HEART DECORATION SILVER ,0.72
3148,SET OF 3 HANGING OWLS OLLIE BEAK,1.25
3149,SET OF 3 WOODEN HEART DECORATIONS,1.25
3150,SET OF 60 I LOVE LONDON CAKE CASES ,0.55
3151,SET OF 6 HALLOWEEN GHOST T-LIGHTS,0.42
3152,SET OF 2 CERAMIC PAINTED HEARTS ,1.45
3153,CRYSTAL DIAMANTE STAR BROOCH,4.95
3154,GOLD DIAMANTE STAR BROOCH,4.95
3155,PINK/BLUE DISC/MIRROR STRING,0.85
3156,SET OF 60 PANTRY DESIGN CAKE CASES ,0.55
3157,SET OF 36 DOILIES PANTRY DESIGN,1.45
3158,SET OF 60 VINTAGE LEAF CAKE CASES ,0.55
3159,HEART T-LIGHT HOLDER WILLIE WINKIE,1.65
3160,STAR T-LIGHT HOLDER WILLIE WINKIE,1.65
3161,"ACRYLIC JEWEL ICICLE, PINK",0.38
3162,MIRRORED WALL ART SNOWFLAKES,0.75
3163,POP ART PUSH DOWN RUBBER ,0.12
3164,"LETTER ""E"" BLING KEY RING",1.25
3165,WHITE FRANGIPANI HAIR CLIP,0.85
3166,SET OF 4 KNICK KNACK TINS DOILEY ,4.15
3167,SET OF 4 KNICK KNACK TINS LONDON ,4.15
3168,SET OF TEA COFFEE SUGAR TINS PANTRY,4.15
3169,BLACK SQUARE TABLE CLOCK,2.55
3170,PINK FLOCK SUEDE CUSHION COVER ,1.25
3171,SET OF 3 REGENCY CAKE TINS,4.95
3172,SET OF 4 KNICK KNACK TINS POPPIES,4.15
3173,DOILEY STORAGE TIN,2.89
3174,STORAGE TIN VINTAGE LEAF,2.89
3175,TREASURE TIN GYMKHANA DESIGN,2.08
3176,TREASURE TIN BUFFALO BILL ,2.08
3177,BISCUIT TIN 50'S CHRISTMAS,2.89
3178,ROUND STORAGE TIN VINTAGE LEAF,1.95
3179,SET OF 4 KNICK KNACK TINS LEAVES ,4.15
3180,36 DOILIES VINTAGE CHRISTMAS,1.45
3181,FOLKART CHRISTMAS TREE T-LIGHT HOLD,0.38
3182,SMALL WHITE HEART OF WICKER,1.69
3183,BUBBLEGUM RING ASSORTED,0.42
3184,"LETTER ""L"" BLING KEY RING",1.25
3185,"LETTER ""N"" BLING KEY RING",1.25
3186,"LETTER ""H"" BLING KEY RING",1.25
3187,REINDEER HEART DECORATION GOLD,0.83
3188,FRUIT SALAD BAG CHARM,1.69
3189,DANISH ROSE UMBRELLA STAND,15.95
3190,THE KING GIFT BAG,0.65
3191,ZINC FOLKART SLEIGH BELLS,1.69
3192,SET OF 3 WOODEN STOCKING DECORATION,1.25
3193,SET OF 3 WOODEN TREE DECORATIONS,1.25
3194,SET OF 3 WOODEN SLEIGH DECORATIONS,1.25
3195,SET OF 2 CERAMIC CHRISTMAS TREES,1.45
3196,SET OF 2 CERAMIC CHRISTMAS REINDEER,1.45
3197,VINTAGE RED ENAMEL TRIM JUG ,3.75
3198,LARGE WHITE HEART OF WICKER,2.95
3199,DOLPHIN WINDMILL,2.12
3200,BLUE VINTAGE SPOT BEAKER,0.85
3201,EGG FRYING PAN RED ,2.08
3202,PINK VINTAGE SPOT BEAKER,0.85
3203,GREEN VINTAGE SPOT BEAKER,0.85
3204,VINTAGE KEEPSAKE BOX PINK FLOWER,6.35
3205,JUMBO BAG VINTAGE CHRISTMAS ,2.08
3206,GLASS BEAD HOOP NECKLACE BLACK,8.5
3207,"FLOWER GLASS GARLAND NECKL.36""GREEN",7.95
3208,VINTAGE ENAMEL & CRYSTAL NECKLACE,4.95
3209,ANTIQUE RASPBERRY FLOWER EARRINGS,4.25
3210,ANTIQUE OLIVE GREEN FLOWER EARRINGS,4.25
3211,ANTIQUE MID BLUE FLOWER EARRINGS,4.25
3212,GOLD/AMBER DROP EARRINGS W LEAF,2.95
3213,SILVER/CRYSTAL DROP EARRINGS W LEAF,2.95
3214,GREEN DROP EARRINGS W BEAD CLUSTER,3.35
3215,CHRISTMAS TABLE CANDLE SILVER SPIKE,0.83
3216,EGG FRYING PAN IVORY ,2.08
3217,EGG FRYING PAN BLUE ,2.08
3218,EGG FRYING PAN PINK ,2.08
3219,EGG FRYING PAN MINT ,2.08
3220,SPACE BOY CHILDRENS CUP,1.25
3221,DOLLY GIRL CHILDRENS CUP,1.25
3222,DOLLY GIRL CHILDRENS BOWL,1.25
3223,SPACEBOY CHILDRENS BOWL,1.25
3224,RED VINTAGE SPOT BEAKER,0.85
3225,ROSE DU SUD CUSHION COVER ,4.95
3226,VINTAGE  2 METER FOLDING RULER,1.65
3227,VINTAGE RED ENAMEL TRIM MUG ,1.25
3228,VINTAGE RED ENAMEL TRIM PLATE,1.65
3229,VINTAGE RED TRIM ENAMEL BOWL ,1.25
3230,VINTAGE DONKEY TAIL GAME ,3.39
3231,BISCUIT TIN VINTAGE CHRISTMAS,2.89
3232,GLASS APOTHECARY BOTTLE PERFUME,3.95
3233,GLASS APOTHECARY BOTTLE ELIXIR,3.95
3234,DRAWER KNOB CERAMIC IVORY,1.45
3235,CROCHET DOG KEYRING,1.65
3236,GLASS  SONGBIRD STORAGE JAR,12.5
3237,DRAWER KNOB CRACKLE GLAZE IVORY,1.65
3238,DRAWER KNOB CRACKLE GLAZE BLUE,1.65
3239,DRAWER KNOB CRACKLE GLAZE PINK,1.65
3240,DRAWER KNOB CRACKLE GLAZE GREEN,1.65
3241,DRAWER KNOB CERAMIC RED,1.45
3242,DRAWER KNOB CERAMIC BLACK,1.45
3243,GLASS APOTHECARY BOTTLE TONIC,3.95
3244,TRANSPARENT ACRYLIC TAPE DISPENSER,0.85
3245,JUMBO BAG 50'S CHRISTMAS ,2.08
3246,GOLD FABRIC MIRROR,0.39
3247,SMALL BONNE JAM JAR  T-LIGHT HOLDER,1.79
3248,GLASS TWIST BON BON JAR,6.65
3249,DRAWER KNOB VINTAGE GLASS STAR,1.79
3250,PACK OF 6 LARGE FRUIT STRAWS ,0.62
3251,COCKTAIL SWORDS 50 PIECES,0.83
3252,PARTY CHARMS 50 PIECES,0.83
3253,PACK OF 6 SMALL FRUIT STRAWS,0.42
3254,PACK OF 6 COCKTAIL PARASOL STRAWS,0.42
3255,18PC WOODEN CUTLERY SET DISPOSABLE,1.25
3256,6PC WOOD PLATE SET DISPOSABLE,1.25
3257,T-LIGHT HOLDER SILVER HEART HANDLE,1.95
3258,BLACK BAROQUE CARRIAGE CLOCK,9.95
3259,PINK STOCKING CHRISTMAS DECORATION,0.38
3260,RIDGED BONNE JAM JAR T-LIGHT HOLDER,1.65
3261,CLASSICAL ROSE TABLE LAMP,19.95
3262,SMALL APOTHECARY MEASURING JAR ,8.25
3263,PINK CLEAR GLASS CANDLE PLATE,1.25
3264,TREE T-LIGHT HOLDER WILLIE WINKIE,1.65
3265,T-LIGHT HOLDER SILVER PETIT FOUR ,1.25
3266,GLASS BONNE JAM JAR,4.15
3267,PANTRY MAGNETIC  SHOPPING LIST,1.45
3268,DRAWER KNOB VINTAGE GLASS HEXAGON,2.08
3269,CORDIAL GLASS JUG,8.25
3270,LARGE BONNE JAM JAR  T-LIGHT HOLDER,2.89
3271,CHRISTMAS TREE HANGING SILVER ,0.83
3272,CHRISTMAS TREE HANGING GOLD,0.83
3273,SKETCHBOOK MAGNETIC SHOPPING LIST,1.45
3274,RETRO LEAVES MAGNETIC NOTEPAD,1.45
3275,DOORMAT CHRISTMAS VILLAGE,7.95
3276,SET OF 4 SANTA PLACE SETTINGS,1.25
3277,WHITE WICKER STAR ,2.1
3278,IVORY REFECTORY CLOCK,9.95
3279,RED REFECTORY CLOCK ,9.95
3280,MINT DINER WALL CLOCK,8.5
3281,PINK DINER WALL CLOCK,8.5
3282,CANDLE HOLDER SILVER MADELINE,1.65
3283,DIAMANTE NECKLACE PURPLE,7.5
3284,BLUE REFECTORY CLOCK ,9.95
3285,APOTHECARY MEASURING JAR,12.5
3286,LARGE APOTHECARY MEASURING JAR ,12.5
3287,DRAWER KNOB VINTAGE GLASS BALL,2.08
3288,SET OF 2 TEA TOWELS PING MICROWAVE,2.95
3289,SILVER BOOK MARK WITH BEADS,0.85
3290,PINK EASTER HENS+FLOWER,3.75
3291,ROUND BLUE CLOCK WITH SUCKER,0.19
3292,ROUND PURPLE CLOCK WITH SUCKER,0.19
3293,FLOWER BLUE CLOCK WITH SUCKER,0.29
3294,GIANT 50'S CHRISTMAS CRACKER,2.89
3295,MOROCCAN BEATEN METAL DISH,9.95
3296,PACKING CHARGE,7.5
3297,BOX OF 6 MINI VINTAGE CRACKERS,2.49
3298,BOX OF 6 MINI 50'S CRACKERS,2.49
3299,COPPER AND BRASS BAG CHARM,4.95
3300,IVORY GOLD METAL BAG CHARM,4.95
3301,WHITE WITH METAL BAG CHARM,4.95
3302,GREEN WITH METAL BAG CHARM,4.95
3303,LARGE CRYSTAL DIAMANTE HAIRSLIDE,1.65
3304,LARGE MINT DIAMANTE HAIRSLIDE,1.65
3305,RED PEONY TABLE CLOCK,2.95
3306,KNITTED RABBIT DOLL ,1.65
3307,LILAC FEATHERS CURTAIN,0.79
3308,VINTAGE BEAD PINK JEWEL BOX,4.25
3309,T-LIGHT HOLDER SILVER SAUCER,0.83
3310,VINTAGE CHRISTMAS BUNTING,4.95
3311,SET OF 6 TEA TIME BAKING CASES,1.04
3312,SET OF 6 SNACK LOAF BAKING CASES,0.72
3313,SET OF 12 FAIRY CAKE BAKING CASES,0.72
3314,SET OF 12 MINI LOAF BAKING CASES,0.72
3315,SET 40 HEART SHAPE PETIT FOUR CASES,1.45
3316,PSYCHEDELIC METAL SIGN CALENDAR,0.79
3317,ROUND BLUE CLOCK WITH SUCKER,0.19
3318,ROUND ARTICULATED PINK CLOCK W/SUCK,0.19
3319,"LETTER ""I"" BLING KEY RING",1.25
3320,VINTAGE CHRISTMAS STOCKING ,2.55
3321,VINTAGE CHRISTMAS TABLECLOTH,12.5
3322,VINTAGE CHRISTMAS GIFT SACK,4.15
3323,WRAP CHRISTMAS VILLAGE,0.34
3324,BROWN KUKUI COCONUT SEED NECKLACE,1.0
3325,BILI NUT AND WOOD NECKLACE,1.0
3326,SPOTTED WHITE NATURAL SEED NECKLACE,1.0
3327,WHITE FRANGIPANI NECKLACE,2.55
3328,PURPLE FRANGIPANI NECKLACE,2.55
3329,ROSE PENDANT TRIPLE SHELL NECKLACE,4.95
3330,ORANGE PENDANT TRIPLE SHELL NECKLAC,4.95
3331,WRAP ALPHABET POSTER  ,0.42
3332,LAUREL STAR ANTIQUE GOLD,1.25
3333,PURPLE/BLUE CERAMIC CANDLE HOLDER,1.65
3334,BLUE/YELLOW CERAMIC CANDLE HOLDER,1.65
3335,GREEN/BLUE CERAMIC CANDLE HOLDER,1.65
3336,PURPLE DRESS JEWELLERY STAND,0.79
3337,WRAP BIRD GARDEN ,0.42
3338,WRAP PAISLEY PARK ,0.42
3339,THE KING GIFT BAG 25x24x12cm,0.42
3340,BLUE MONTE CARLO HANDBAG,1.95
3341,CUTE RABBIT CEATURE SCREEN ,0.39
3342,CUTE BIRD CEATURE SCREEN,0.39
3343,WRAP RED DOILEY,0.42
3344,WRAP FLOWER SHOP  ,0.42
3345,WRAP MAGIC FOREST ,0.42
3346,BIRD ON BRANCH CANVAS SCREEN,1.95
3347,WRAP 50'S  CHRISTMAS,0.42
3348,PINK/BLUE STRING CURTAIN ,1.95
3349,I LOVE LONDON BEAKER,1.25
3350, DOLLY GIRL BEAKER,1.25
3351,SPACEBOY BEAKER,1.25
3352,ORIENTAL RED CUSHION COVER ,4.65
3353,PINK BITTY LIGHT CHAIN,4.65
3354,LIGHT PINK FLOCK GLASS CANDLEHOLDER,0.38
3355,VINTAGE CHRISTMAS CAKE FRILL,1.65
3356,VINTAGE BEAD PINK JEWEL STAND,4.95
3357,GOLD M.O.P ORBIT BRACELET,4.95
3358,SET 8 CANDLES VINTAGE DOILEY,1.95
3359,SET OF 12 T-LIGHTS VINTAGE DOILEY,1.95
3360,VINTAGE CHRISTMAS PAPER GIFT BAG,0.82
3361,GIFT BAG LARGE VINTAGE CHRISTMAS,1.25
3362,6 GIFT TAGS VINTAGE CHRISTMAS ,0.83
3363,6 GIFT TAGS 50'S CHRISTMAS ,0.83
3364,RED SPOT PAPER GIFT BAG,0.82
3365, RED SPOT GIFT BAG LARGE,1.25
3366,SET OF 12 FORK CANDLES,2.49
3367,BLUE PAINTED KASHMIRI CHAIR,49.95
3368,ROLL WRAP VINTAGE CHRISTMAS,1.25
3369,ROLL WRAP VINTAGE SPOT ,1.25
3370,ROLL WRAP 50'S RED CHRISTMAS ,1.25
3371,ROLL WRAP 50'S CHRISTMAS,1.25
3372,RUSTIC STRAWBERRY JAMPOT LARGE ,2.08
3373,PURPLE ENAMEL+GLASS HAIR COMB,2.1
3374,IVORY WICKER HEART LARGE,1.65
3375,DECORATIVE WICKER HEART LARGE,1.65
3376,MIDNIGHT BLUE VINTAGE EARRINGS,3.75
3377,DECORATIVE WICKER HEART MEDIUM,1.25
3378,IVORY WICKER HEART SMALL,0.55
3379,IVORY WICKER HEART MEDIUM,1.04
3380,SET 6 SCHOOL MILK BOTTLES IN CRATE,3.75
3381,DECORATIVE WICKER HEART SMALL,0.63
3382,HANGING CLEAR MINI BOTTLE,0.63
3383,HANGING MINI COLOURED BOTTLES,0.63
3384,RUSTIC STRAWBERRY JAMPOT SMALL,1.65
3385,"ACRYLIC JEWEL ANGEL,PINK",0.38
3386,PINK/WHITE CHRISTMAS TREE 30CM,0.38
3387,"ACRYLIC JEWEL ICICLE, BLUE",0.38
3388,BLUE FELT HANGING HEART WITH FLOWER,0.85
3389,HOT WATER BOTTLE SEX BOMB,4.95
3390,HOT STUFF HOT WATER BOTTLE,3.75
3391,50'S CHRISTMAS PAPER GIFT BAG,0.82
3392,LOVE HOT WATER BOTTLE,5.95
3393,3 BLACK CATS W HEARTS BLANK CARD,0.19
3394,HAPPY BIRTHDAY CARD STRIPEY TEDDY,0.19
3395,HOT WATER BOTTLE KEEP CALM,4.95
3396,DIAMANTE NECKLACE,7.5
3397,DIAMANTE NECKLACE GREEN,7.5
3398, 50'S CHRISTMAS GIFT BAG LARGE,1.25
3399,GREEN PAIR HEART HAIR SLIDES,3.75
3400,ICE CREAM BUBBLES,0.83
3401,NOEL GARLAND PAINTED ZINC ,1.65
3402,HAND WARMER RED LOVE HEART,2.1
3403,SILVER BLACK ORBIT DROP EARRINGS,4.25
3404,NEW BAROQUE B'FLY NECKLACE RED,8.5
3405,DIAMOND LAS VEGAS NECKLACE 45CM,5.95
3406,NATURAL HANGING QUILTED HEARTS ,0.72
3407,HANGING QUILTED PATCHWORK APPLES,0.83
3408,CHILDRENS TOY COOKING UTENSIL SET,2.08
3409,HAPPY BIRTHDAY CARD TEDDY/CAKE,0.19
3410,DOTCOM POSTAGE,11.17
3411,CRUK Commission,1.6
3412,"ACRYLIC HANGING JEWEL,BLUE",0.38
3413,PRETTY HANGING QUILTED HEARTS,0.83
3414,PACK OF 12 VINTAGE CHRISTMAS TISSUE,0.39
3415,PACK OF 12 50'S CHRISTMAS TISSUES,0.39
3416,AMBER DROP EARRINGS W LONG BEADS,2.95
3417,PACK OF 12 PAISLEY PARK TISSUES ,0.39
3418,BUTTERFLY CUSHION COVER,3.75
3419,BELLE JARDINIERE CUSHION COVER,3.75
3420,POSTE FRANCE CUSHION COVER,3.75
3421,SET OF 2 TRAYS HOME SWEET HOME,9.95
3422,HOME SWEET HOME CUSHION COVER ,3.75
3423,STOOL HOME SWEET HOME ,12.5
3424,FOOT STOOL HOME SWEET HOME ,9.95
3425,PACK OF 12 DOLLY GIRL TISSUES,0.39
3426,HOME SWEET HOME HANGING HEART,0.85
3427, TRELLIS COAT RACK,4.95
3428,HANGING HEART BONHEUR,0.85
3429,HOME SWEET HOME BLACKBOARD,4.95
3430,GINGHAM RECIPE BOOK BOX,4.95
3431,HOME SWEET HOME KEY HOLDER,6.25
3432,ZINC BOX SIGN HOME,9.95
3433,HOME SWEET HOME 2 DRAWER CABINET,4.95
3434,PACK OF 12 RED APPLE TISSUES,0.39
3435,PACK OF 12 VINTAGE LEAF TISSUES ,0.39
3436,PACK OF 12 VINTAGE DOILY TISSUES,0.39
3437,HOME SWEEET HOME 3 PEG HANGER ,3.75
3438,LETTER HOLDER HOME SWEET HOME,3.75
3439,METAL SIGN DROP YOUR PANTS,2.89
3440,STORAGE TIN HOME SWEET HOME,2.49
3441,HEART MIRROR ANTIQUE WHITE,7.5
3442,SPACEBOY ROCKET LOLLY MAKERS,2.08
3443,SHELF WITH 4 HOOKS HOME SWEET HOME,6.25
3444,SILVER BLACK ORBIT BRACELET,4.95
3445,GLASS AND PAINTED BEADS BRACELET TO,3.75
3446,HOME SWEET HOME HOOK,1.65
3447,BATHROOM HOOK,1.65
3448,VINTAGE COFFEE GRINDER BOX,4.95
3449,PHOTO FRAME LINEN AND LACE LARGE,3.75
3450,PHOTO FRAME LINEN AND LACE SMALL,2.08
3451,RUSTIC MIRROR WITH LACE HEART,6.25
3452,CURIO CABINET LINEN AND LACE ,8.15
3453,WOODLAND BUNNIES LOLLY MAKERS,2.08
3454,PANTRY 3 HOOK ROLLING PIN HANGER,3.75
3455,PANTRY HOOK SPATULA,2.08
3456,PANTRY HOOK BALLOON WHISK ,2.08
3457,METALIC LEAVES BAG CHARMS,2.46
3458,LAVENDER TOILETTE BOTTLE,2.08
3459,HOME SWEET HOME BOTTLE ,2.08
3460,3 RAFFIA RIBBONS VINTAGE CHRISTMAS,2.08
3461,3 RAFFIA RIBBONS 50'S CHRISTMAS ,2.08
3462, I LOVE LONDON MINI BACKPACK,4.15
3463,DOLLY GIRL MINI BACKPACK,4.15
3464,SPACEBOY MINI BACKPACK,4.15
3465,EMBOSSED HEART TRINKET BOX,2.08
3466,WOODLAND MINI BACKPACK,4.15
3467,CHAMBRE HOOK,1.65
3468,CHRISTMAS HANGING SNOWFLAKE,2.49
3469,FLAG OF ST GEORGE CAR FLAG,0.42
3470,PANTRY HOOK TEA STRAINER ,2.08
3471,PANTRY CHOPPING BOARD,4.95
3472,"ACRYLIC HANGING JEWEL,PINK",1.25
3473,BLUE CLIMBING HYDRANGA ART FLOWER,3.75
3474,CRYSTAL SEA HORSE PHONE CHARM,1.63
3475,SET 10 CARDS HANGING BAUBLES 17080,2.99
3476,PLAYING CARDS KEEP CALM & CARRY ON,1.25
3477,SET 12 COLOURING PENCILS DOILY,0.65
3478,SET 12 COLOUR PENCILS SPACEBOY ,0.65
3479,PLAYING CARDS JUBILEE UNION JACK,1.25
3480,SET 36 COLOUR PENCILS SPACEBOY ,1.25
3481,MINI PLAYING CARDS SPACEBOY ,0.42
3482,PLAYING CARDS VINTAGE DOILEY ,1.25
3483,SET 36 COLOUR PENCILS DOILEY,1.25
3484,VINTAGE DOILY TRAVEL SEWING KIT,1.95
3485,SET 12 COLOUR PENCILS LOVE LONDON,0.65
3486,SET 36 COLOUR PENCILS LOVE LONDON,1.25
3487,EMBROIDERED RIBBON REEL RUBY ,3.75
3488,EMBROIDERED RIBBON REEL EMILY ,2.08
3489,EMBROIDERED RIBBON REEL REBECCA ,2.89
3490,SET 12 COLOUR PENCILS DOLLY GIRL ,0.65
3491,PLAYING CARDS I LOVE LONDON ,1.25
3492,SET 36 COLOUR PENCILS DOLLY GIRL,1.25
3493,EMBROIDERED RIBBON REEL ROSIE,2.08
3494,EMBROIDERED RIBBON REEL DAISY ,2.08
3495,EMBROIDERED RIBBON REEL SALLY ,2.08
3496,EMBROIDERED RIBBON REEL RACHEL ,2.89
3497,MINI PLAYING CARDS GYMKHANA,0.42
3498,MINI PLAYING CARDS DOLLY GIRL ,0.42
3499,MINI PLAYING CARDS FUN FAIR ,0.42
3500,MINI PLAYING CARDS BUFFALO BILL ,0.42
3501,EMBROIDERED RIBBON REEL SUSIE ,2.08
3502,FOLKART CLIP ON STARS,0.39
3503,ROUND CACTUS CANDLE,2.95
3504,DIAMANTE HAIR GRIP PACK/2 CRYSTAL,1.65
3505,LARGE BLACK DIAMANTE HAIRSLIDE,1.65
3506,DIAMANTE HAIR GRIP PACK/2 PERIDOT,1.65
3507,2 DAISIES HAIR COMB,2.95
3508,DAISY HAIR COMB,2.55
3509,PURPLE ENAMEL FLOWER HAIR TIE,2.95
3510,PINK DAISY BAG CHARM,2.55
3511,CLASSIC DIAMANTE EARRINGS JET,2.95
3512,DROP DIAMANTE EARRINGS GREEN,2.95
3513,BLACK 3 BEAD DROP EARRINGS,2.95
3514,EMBROIDERED RIBBON REEL SOPHIE  ,3.75
3515,EMBROIDERED RIBBON REEL CLAIRE,3.75
3516,VINTAGE DOILY DELUXE SEWING KIT ,5.95
3517,NEW BAROQUE LARGE NECKLACE BLK/WHIT,8.5
3518,BLACK DIAMOND CLUSTER NECKLACE,8.95
3519,SWEETHEART BIRD HOUSE,4.15
3520,TUSCAN VILLA DOVECOTE,8.25
3521,CARD HOLDER LOVE BIRD SMALL,4.15
3522,HEART TRELLISTRIPLE T-LIGHT HOLDER,2.89
3523,VINTAGE LEAF CHOPPING BOARD  ,4.95
3524,POPPY FIELDS CHOPPING BOARD,4.95
3525,RED APPLES CHOPPING BOARD   ,4.95
3526,SIX DRAWER OFFICE TIDY,9.95
3527,VEGETABLE GARDEN CHOPPING BOARD,4.95
3528, NINE DRAWER OFFICE TIDY,14.95
3529,CARD HOLDER LOVE BIRD LARGE ,6.25
3530,HORSE & PONY WALL ART,3.75
3531,BICYCLE SAFTEY WALL ART,5.95
3532,STOP FOR TEA WALL ART,5.95
3533,WALL ART CLASSIC PUDDINGS ,8.25
3534,WALL ART LOVES' SECRET ,3.88
3535,DOG AND BALL WALL ART,1.63
3536,DOG LICENCE WALL ART,3.88
3537,WALL ART GARDEN HAVEN ,3.88
3538,70'S ALPHABET WALL ART,6.67
3539,SPACEBOY WALL ART,2.66
3540,KEEP CALM WALL ART ,7.45
3541,WALL ART ONLY ONE PERSON ,3.58
3542,WALL ART VINTAGE HEART,3.58
3543,CAT AND BIRD WALL ART,1.12
3544,TREASURE AHOY WALL ART,2.66
3545,WALL ART BIG LOVE ,4.77
3546,ANIMALS AND NATURE WALL ART,3.75
3547,HANGING  BUTTERFLY T-LIGHT HOLDER,1.25
3548,DOLLY GIRL WALL ART,3.75
3549,VILLAGE SHOW WALL ART,5.95
3550,WALL ART MID CENTURY MODERN ,8.25
3551,WALL ART WORK REST AND PLAY  ,4.15
3552,BUFFALO BILL WALL ART ,3.29
3553,WALL ART THE MAGIC FOREST ,6.25
3554,I LOVE LONDON WALL ART,4.95
3555,KEY RING BASEBALL BOOT ASSORTED ,1.04
3556,TUSCAN VILLA FEEDING STATION,8.25
3557,KEY RING BASEBALL BOOT UNION JACK,1.04
3558,AMBER GLASS TASSLE BAG CHARM,2.95
3559,PURPLE GLASS TASSLE BAG CHARM,2.95
3560,MIDNIGHT BLUE DROP CRYSTAL NECKLACE,2.95
3561,TUSCAN VILLA BIRD TABLE ,8.25
3562,UBO-LIGHT TRIOBASE PURPLE,0.85
3563,SILVER 2 STRAND NECKLACE-LEAF CHARM,7.5
3564,CRACKED GLAZE EARRINGS RED,2.55
3565,DROP EARRINGS W FLOWER & LEAF,2.55
3566,RUBY GLASS CLUSTER EARRINGS,1.25
3567,CREAM BUNNY EASTER EGG BASKET,1.65
3568,PINK BUNNY EASTER EGG BASKET,1.65
3569,BLUE BUNNY EASTER EGG BASKET,1.65
3570,BLACK DROP CRYSTAL NECKLACE,2.95
3571,BOX OF 6 CHRISTMAS CAKE DECORATIONS,3.75
3572,HENRIETTA HEN MUG ,1.65
3573,MILK MAIDS MUG ,1.65
3574,EGG CUP MILKMAID INGRID,1.25
3575,EGG CUP HENRIETTA HEN PINK,1.25
3576,SWEET HEART CAKE CARRIER,9.95
3577,T-LIGHT HOLDER HANGING LOVE BIRD,3.75
3578,OVAL  MINI PORTRAIT FRAME,1.95
3579,HEART MINI PORTRAIT FRAME,1.95
3580,SQUARE MINI PORTRAIT FRAME,1.95
3581,PEARLISED IVORY HEART LARGE ,1.65
3582,DOLLY CABINET 2 DRAWERS ,12.5
3583,EGG CUP MILKMAID HELGA ,1.25
3584,MEDIUM PARLOUR PICTURE FRAME ,4.15
3585,VINTAGE ZINC WATERING CAN,9.95
3586,VINTAGE ZINC WATERING CAN SMALL,4.95
3587,LARGE PARLOUR PICTURE FRAME,4.95
3588,SMALL PARLOUR PICTURE FRAME,2.89
3589,EGG CUP HENRIETTA HEN CREAM ,1.25
3590,EGG CUP MILKMAID HEIDI,1.25
3591,VINTAGE ZINC PLANTER  ,3.29
3592,WIRE EGG BASKET ,7.85
3593,PEARLISED IVORY HEART SMALL ,1.25
3594,DOLLY CABINET 3 DRAWERS ,14.95
3595,SNACK TRAY I LOVE LONDON,1.95
3596,High Resolution Image,3.0
3597,LANDMARK FRAME LONDON BRIDGE ,10.95
3598,LANDMARK FRAME COVENT GARDEN ,10.95
3599,LANDMARK FRAME OXFORD STREET,10.95
3600,LANDMARK FRAME BAKER STREET ,12.5
3601,LANDMARK FRAME NOTTING HILL ,12.5
3602,LANDMARK FRAME CAMDEN TOWN ,12.5
3603,"GARLAND, VINTAGE BELLS",2.89
3604,VINTAGE JINGLE BELLS HEART,8.25
3605,VINTAGE JINGLE BELLS WREATH,8.25
3606,WOODLAND LARGE BLUE FELT HEART,1.25
3607,WOODLAND LARGE PINK FELT HEART,1.25
3608,WOODLAND LARGE RED FELT HEART,1.25
3609,ANTIQUE HEART SHELF UNIT,16.65
3610,MINI LIGHTS WOODLAND MUSHROOMS,3.29
3611,WOODLAND SMALL RED FELT HEART,0.72
3612,SWEETHEART WALL TIDY ,9.95
3613,ROCOCO WALL MIRROR WHITE,19.95
3614,SET 12 VINTAGE DOILY CHALK ,0.42
3615,BOTANICAL GARDENS WALL CLOCK ,25.0
3616,BAROQUE BUTTERFLY EARRINGS CRYSTAL,3.75
3617,TRADITIONAL PICK UP STICKS GAME ,1.25
3618,SET OF 3 MINI HANGING PORTRAITS,4.15
3619,TRADITIONAL NAUGHTS & CROSSES,1.65
3620,TRADTIONAL ALPHABET STAMP SET,4.95
3621,SET 4 PICNIC CUTLERY BLUEBERRY,1.95
3622,WOODLAND SMALL BLUE FELT HEART,0.83
3623,VINTAGE DOILY JUMBO BAG RED ,2.08
3624,LUNCH BAG PAISLEY PARK  ,1.65
3625,JUMBO BAG PAISLEY PARK,1.79
3626,UBO-LIGHT TRIOBASE BLUE,0.85
3627,SET 4 PICNIC CUTLERY FONDANT,1.95
3628,WOODLAND SMALL PINK FELT HEART,0.83
3629,CLASSIC CHROME BICYCLE BELL ,1.45
3630,SET 4 PICNIC CUTLERY CHERRY ,1.95
3631,SET OF 3 PANTRY WOODEN SPOONS,1.25
3632,PANTRY KITCHEN THERMOMETER ,1.25
3633,LIGHT DECORATION BATTERY OPERATED,2.1
3634,KEEP CALM BIRTHDAY WRAP,0.42
3635,AMBER GLASS/SHELL/PEARL NECKLACE,8.95
3636,5 STRAND GLASS NECKLACE AMETHYST,6.35
3637,RUBY GLASS CLUSTER NECKLACE,7.5
3638,CLASSIC DIAMANTE NECKLACE JET,7.5
3639,DIAMANTE NECKLACE BLACK ,7.5
3640,LUNCH BAG RED VINTAGE DOILY,1.65
3641,BLACK SIL'T SQU CANDLE PLATE ,2.1
3642,ANT SILVER TURQUOISE BOUDICCA RING,2.95
3643,ST GEORGE SET OF 10 PARTY LIGHTS,2.95
3644,WRAP A PRETTY THANK YOU,0.42
3645,DOILY THANK YOU CARD,0.42
3646,A PRETTY THANK YOU CARD,0.42
3647,BLACK VINT ART DEC CRYSTAL BRACELET,6.75
3648,PAPER BUNTING VINTAGE PARTY,2.95
3649,PAPER BUNTING PAISLEY PARK,2.95
3650,FLOWER SHOP DESIGN MUG,1.65
3651,ROSE FLOWER CANDLE+INCENSE 16X16CM,3.75
3652,WHITE CHRISTMAS TREE 60CM,2.95
3653,PAISLEY PARK CARD,0.42
3654,CRYSTAL CZECH CROSS PHONE CHARM,1.63
3655,12 HANGING EGGS HAND PAINTED,2.08
3656,SET OF 6 EASTER RAINBOW CHICKS,1.25
3657,DUSTY PINK CHRISTMAS TREE 60CM,2.95
3658,IVORY RETRO KITCHEN WALL CLOCK,8.15
3659,CAT WITH SUNGLASSES BLANK CARD,0.19
3660,BLUE RETRO KITCHEN WALL CLOCK,8.15
3661,RED RETRO KITCHEN WALL CLOCK,8.15
3662,HAND PAINTED HANGING EASTER EGG,0.42
3663,UNION JACK HOT WATER BOTTLE ,5.95
3664,WHITE STONE/CRYSTAL EARRINGS,2.95
3665,MIDNIGHT BLUE CRYSTAL DROP EARRINGS,2.95
3666,PAINT YOUR OWN EGGS IN CRATE,2.08
3667,BICYCLE PUNCTURE REPAIR KIT ,2.08
3668,CLASSIC BICYCLE CLIPS ,1.45
3669,CROCHET LILAC/RED BEAR KEYRING,1.65
3670,SNACK TRAY RED GINGHAM,1.95
3671,SNACK TRAY HAPPY FOREST  ,1.95
3672,SNACK TRAY PAISLEY PARK,1.95
3673,SET OF 6 RIBBONS COUNTRY STYLE,2.89
3674,SNACK TRAY RED VINTAGE DOILY,1.95
3675,SET OF 6 RIBBONS PERFECTLY PRETTY  ,2.89
3676,SET OF 6 RIBBONS PARTY,2.89
3677,"LETTER ""F"" BLING KEY RING",0.29
3678,"LETTER ""O"" BLING KEY RING",0.29
3679,"LETTER ""T"" BLING KEY RING",0.29
3680,"LETTER ""U"" BLING KEY RING",0.29
3681,"LETTER ""W"" BLING KEY RING",0.29
3682,"LETTER ""Z"" BLING KEY RING",0.29
3683,PINK CRYSTAL SKULL PHONE CHARM,0.19
3684,"PAPER CRAFT , LITTLE BIRDIE",2.08
