actor_id,actor_name
1,Unknown
2,Ama Qamata
3,Khosi Ngema
4,Gail Mabalane
5,Thabang Molaba
6,Dillon Windvogel
7,Natasha Thahane
8,Arno Greeff
9,Xolile Tshabalala
10,Getmore Sithole
11,Cindy Mahlangu
12,Ryle De Morny
13,Greteli Fincham
14,Sello Maake Ka-Ncube
15,Odwa Gwanya
16,Mekaila Mathys
17,Sandi Schultz
18,Duane Williams
19,Shamilla Miller
20,Patrick Mofokeng
21,Sami Bouajila
22,Tracy Gotoas
23,Samuel Jouy
24,Nabiha Akkari
25,Sofia Lesaffre
26,Salim Kechiouche
27,Noureddine Farihi
28,Geert Van Rampelberg
29,Bakary Diombera
30,Mayur More
31,Jitendra Kumar
32,Ranjan Raj
33,Alam Khan
34,Ahsaas Channa
35,Revathi Pillai
36,Urvi Singh
37,Arun Kumar
38,Kate Siegel
39,Zach Gilford
40,Hamish Linklater
41,Henry Thomas
42,Kristin Lehman
43,Samantha Sloyan
44,Igby Rigney
45,Rahul Kohli
46,Annarah Cymone
47,Annabeth Gish
48,Alex Essoe
49,Rahul Abburi
50,Matt Biedel
51,Michael Trucco
52,Crystal Balint
53,Louis Oliver
54,Vanessa Hudgens
55,Kimiko Glenn
56,James Marsden
57,Sofia Carson
58,Liza Koshy
59,Ken Jeong
60,Elizabeth Perkins
61,Jane Krakowski
62,Michael McKean
63,Phil LaMarr
64,Kofi Ghanaba
65,Oyafunmike Ogunlano
66,Alexandra Duah
67,Nick Medley
68,Mutabaruka
69,Afemo Omilami
70,Reggie Carter
71,Mzuri
72,Mel Giedroyc
73,Sue Perkins
74,Mary Berry
75,Paul Hollywood
76,Melissa McCarthy
77,Chris O'Dowd
78,Kevin Kline
79,Timothy Olyphant
80,Daveed Diggs
81,Skyler Gisondo
82,Laura Harrier
83,Rosalind Chao
84,Kimberly Quinn
85,Loretta Devine
86,Ravi Kapoor
87,Sukollawat Kanarot
88,Sushar Manaying
89,Pavarit Mongkolpisit
90,Sahajak Boonthanakit
91,Suthipongse Thatphithakkul
92,Bhasaworn Bawronkirati
93,Daweerit Chullasapya
94,Waratthaya Wongchayaporn
95,Kittiphoom Wongpentak
96,Abhicha Thanachanun
97,Nophand Boonyai
98,Kittipong Khamsat
99,Arisara Wongchalee
100,Jaytiya Naiwattanakul
101,Pantipa Arunwattanachai
102,Panupan Jantanawong
103,Kungtap Saelim
104,Phumphat Chartsuriyakiat
105,Issara Veranitinunt
106,Keerati Sivakuae
107,Panjai Sirisuwan
108,Supranee Charoenpol
109,Suda Chuenban
110,Visaka Banhansupavat
111,Pitchatorn Santinatornkul
112,Luna Wedler
113,Jannis Niewöhner
114,Milan Peschel
115,Edin Hasanović
116,Anna Fialová
117,Marlon Boess
118,Victor Boccard
119,Fleur Geffrier
120,Aziz Dyab
121,Mélanie Fouché
122,Elizaveta Maximová
123,Klara Castanho
124,Lucca Picon
125,Júlia Gomes
126,Marcus Bessa
127,Kiria Malheiros
128,Fernanda Concon
129,Gabriel Lima
130,Caio Cabral
131,Leonardo Cidade
132,Jade Cardozo
133,Logan Browning
134,Brandon P. Bell
135,DeRon Horton
136,Antoinette Robertson
137,John Patrick Amedori
138,Ashley Blaine Featherson
139,Marque Richardson
140,Giancarlo Esposito
141,Luis Ernesto Franco
142,Camila Sodi
143,Sergio Goyri
144,Samadhi Zendejas
145,Eduardo Yáñez
146,Sonya Smith
147,Alejandro Camacho
148,Azela Robinson
149,Uriel del Toro
150,Géraldine Bazán
151,Gabriela Roel
152,Marcus Ornellas
153,Freida Pinto
154,Logan Marshall-Green
155,Robert John Burke
156,Megan Elisabeth Kelly
157,Sarah Minnich
158,Hayes Hargrove
159,Mark Sivertsen
160,Brandon Fierro
161,Antonio Valles
162,Clint Obenchain
163,Blanca Suárez
164,Iván Marcos
165,Óscar Casas
166,Adrián Lastra
167,Francesc Garrido
168,Stefan Weinert
169,Julia Möller
170,Alicia Chojnowski
171,Engin Altan Düzyatan
172,Serdar Gökhan
173,Hülya Darcan
174,Kaan Taşaner
175,Esra Bilgiç
176,Osman Soykut
177,Serdar Deniz
178,Cengiz Coşkun
179,Reshad Strik
180,Hande Subaşı
181,Kamal Hassan
182,Meena
183,Gemini Ganesan
184,Heera Rajgopal
185,Nassar
186,S.P. Balasubrahmanyam
187,Maisie Benson
188,Paul Killam
189,Kerry Gudjohnsen
190,AC Lim
191,Prashanth
192,Aishwarya Rai Bachchan
193,Sri Lakshmi
194,Brooke Satchwell
195,Arvind Swamy
196,Kajol
197,Prabhu Deva
198,Girish Karnad
199,Adam Sandler
200,Kevin James
201,Chris Rock
202,David Spade
203,Rob Schneider
204,Salma Hayek
205,Maria Bello
206,Maya Rudolph
207,Colin Quinn
208,Tim Meadows
209,Joyce Van Patten
210,Keri Russell
211,Josh Hamilton
212,J.K. Simmons
213,Dakota Goyo
214,Kadan Rockett
215,L.J. Benet
216,Rich Hutchman
217,Myndy Crist
218,Annie Thurman
219,Jake Brennan
220,Liam Hemsworth
221,Gary Oldman
222,Amber Heard
223,Harrison Ford
224,Lucas Till
225,Embeth Davidtz
226,Julian McMahon
227,Josh Holloway
228,Richard Dreyfuss
229,Angela Sarafyan
230,Abhishek Banerjee
231,Rinku Rajguru
232,Delzad Hiwale
233,Kunal Kapoor
234,Zoya Hussain
235,Nikhil Dwivedi
236,Palomi Ghosh
237,Lauren Ash
238,Rory O'Malley
239,RuPaul Charles
240,Jill Talley
241,Ike Barinholtz
242,Jon Barinholtz
243,Matthew Craig
244,Bob Odenkirk
245,Mike Hagerty
246,Katie Rich
247,Chris Witaske
248,Asa Butterfield
249,Gillian Anderson
250,Ncuti Gatwa
251,Emma Mackey
252,Connor Swindells
253,Kedar Williams-Stirling
254,Alistair Petrie
255,Lee Jung-jae
256,Park Hae-soo
257,Wi Ha-jun
258,Oh Young-soo
259,Jung Ho-yeon
260,Heo Sung-tae
261,Kim Joo-ryoung
262,Tripathi Anupam
263,You Seong-joo
264,Lee You-mi
265,Dami Lee
266,Jason Lee
267,Bommie Catherine Han
268,Jennifer Waescher
269,Nancy Kim
270,Adrian Titieni
271,Elena Purea
272,Judith State
273,Valeriu Andriuță
274,Tudor Smoleanu
275,Virgil Aioanei
276,Radu Botar
277,Petronela Grigorescu
278,Bogdan Nechifor
279,Cristian Bota
280,Gilles Lellouche
281,Karim Leklou
282,François Civil
283,Adèle Exarchopoulos
284,Kenza Fortas
285,Cyril Lecomte
286,Michaël Abiteboul
287,Idir Azougli
288,Vincent Darmuzey
289,Jean-Yves Berteloot
290,Antti Pääkkönen
291,Heljä Heikkinen
292,Lynne Guaglione
293,Pasi Ruohonen
294,Rauno Ahonen
295,Billy Magnussen
296,Ron Yuan
297,Qu Jingjing
298,Terry Chen
299,Vanness Wu
300,Jin Xing
301,Philip Ng
302,Xia Yu
303,Yu Xia
304,Vatsal Dubey
305,Julie Tejwani
306,Rupa Bhimani
307,Jigna Bhardwaj
308,Rajesh Kava
309,Mousam
310,Swapnil
311,Yuri Lowenthal
312,Kimberly Brooks
313,Antony Del Rio
314,Trevor Devall
315,Ben Diskin
316,Grey Griffin
317,David Kaye
318,Tom Kenny
319,Judy Alice Lee
320,Roger Craig Smith
321,Fred Tatasciore
322,Roy Scheider
323,Robert Shaw
324,Lorraine Gary
325,Murray Hamilton
326,Carl Gottlieb
327,Jeffrey Kramer
328,Susan Backlinie
329,Jonathan Filley
330,Ted Grossman
331,Joseph Mascolo
332,Collin Wilcox Paxton
333,Ann Dusenberry
334,Mark Gruner
335,Barry Coe
336,Susan French
337,Dennis Quaid
338,Bess Armstrong
339,Simon MacCorkindale
340,Louis Gossett Jr.
341,John Putch
342,Lea Thompson
343,P.H. Moriarty
344,Dan Blasko
345,Liz Morris
346,Lisa Maurer
347,Lance Guest
348,Mario Van Peebles
349,Karen Young
350,Michael Caine
351,Judith Barsi
352,Mitchell Anderson
353,Lynn Whitfield
354,Denzel Washington
355,Ryan Reynolds
356,Vera Farmiga
357,Brendan Gleeson
358,Sam Shepard
359,Rubén Blades
360,Nora Arnezeder
361,Robert Patrick
362,Liam Cunningham
363,Joel Kinnaman
364,Osas Ighodaro
365,Ini Dima-Okojie
366,Kemi Lala Akindoju
367,Toni Tones
368,Ebenezer Eno
369,Eso Okolocha DIke
370,Patrick Diabuah
371,Karibi Fubara
372,Temisan Emmanuel
373,Timini Egbuson
374,Ethan Hawke
375,Scott Glenn
376,Tom Berenger
377,Harris Yulin
378,Raymond J. Barry
379,Cliff Curtis
380,Dr. Dre
381,Snoop Dogg
382,Macy Gray
383,Eva Mendes
384,Richard Mofe-Damijo
385,Dakore Akande
386,Bimbo Manuel
387,Blossom Chukwujekwu
388,Deyemi Okanlawon
389,Etim Effiong
390,Denola Grey
391,Duke Akintola
392,Eku Edewor
393,Ade Laoye
394,Anee Icha
395,Kevin Ushi
396,Jude Chukwuka
397,Amanda Afolabi
398,Kashmira Irani
399,Chandan Anand
400,Dinesh Mehta
401,Ankit Arora
402,Pushkar Goggiaa
403,Anjali Rana
404,Aarya DharmChand Kumar
405,Amit Behl
406,Maleeka Ghai
407,Kappei Yamaguchi
408,Satsuki Yukino
409,Mieko Harada
410,Koji Tsujitani
411,Houko Kuwashima
412,Kumiko Watanabe
413,Noriko Hidaka
414,Kenichi Ogata
415,Toshiyuki Morikawa
416,Izumi Ogami
417,Ken Narita
418,Akio Otsuka
419,Kikuko Inoue
420,Cho
421,Mamiko Noto
422,Nobutoshi Canna
423,Hisako Kyoda
424,Tomokazu Seki
425,Nicole Byer
426,Jacques Torres
427,Junko Takeuchi
428,Chie Nakamura
429,Rikiya Koyama
430,Kazuhiko Inoue
431,Masaki Terasoma
432,Mie Sonozaki
433,Yuichi Nakamura
434,Kengo Kawanishi
435,Kosei Hirota
436,Masako Katsuki
437,Noriaki Sugiyama
438,Unsho Ishizuka
439,Motoko Kumai
440,Showtaro Morikubo
441,Nana Mizuki
442,Satoshi Hino
443,Shinji Kawada
444,Kentaro Ito
445,Ryoka Yuzuki
446,Kohsuke Toriumi
447,Yoichi Masukawa
448,Koichi Tochika
449,Yukari Tamura
450,Ayumi Fujimura
451,Keisuke Oda
452,Daisuke Kishio
453,Fumiko Orikasa
454,Hidetoshi Nakamura
455,Tetsuya Kakihara
456,Kisho Taniyama
457,Miyuki Sawashiro
458,Katsuyuki Konishi
459,Keiko Nemoto
460,Masashi Ebara
461,Romi Park
462,Daisuke Ono
463,Seizo Kato
464,Nobuaki Fukuda
465,Kenji Hamada
466,Saori Hayami
467,Yumi Toma
468,Yuko Kobayashi
469,Fujiko Takimoto
470,Mutsumi Tamura
471,Mayuki Makiguchi
472,Gamon Kaai
473,Akira Ishida
474,Yasuyuki Kase
475,Urara Takano
476,Sachiko Kojima
477,Takako Honda
478,Kyousuke Ikeda
479,Marika Hayashi
480,Umeji Sasaki
481,Masashi Sugawara
482,Hisao Egawa
483,Yuhko Kaida
484,Tsutomu Isobe
485,Hirotaka Suzuoki
486,Jun Karasawa
487,Harii Kaneko
488,Ikuo Nishikawa
489,Winslow Fegley
490,Lidya Jewett
491,Krysten Ritter
492,Beth Chalmers
493,David Holt
494,Marcel McCalla
495,Teresa Gallagher
496,Mark-Paul Gosselaar
497,Tiffani Thiessen
498,Mario Lopez
499,Lark Voorhies
500,Elizabeth Berkley
501,Dustin Diamond
502,Dennis Haskins
503,Michael Schumacher
504,Itatí Cantoral
505,Evan Spiridellis
506,Erin Fitzgerald
507,Jeff Gill
508,Evan Michael Lee
509,Jared Isaacman
510,Sian Proctor
511,Chris Sembroski
512,Hayley Arceneaux
513,Jack Whitehall
514,Michael Whitehall
515,Sola Sobowale
516,Adesua Etomi
517,"Remilekun ""Reminisce"" Safaru"
518,"Tobechukwu ""iLLbliss"" Ejiofor"
519,Paul Sambo
520,Jide Kosoko
521,Sharon Ooja
522,Bear Grylls
523,Jason Derek Prempeh
524,Daiki Yamashita
525,Jun Fukushima
526,Hiroki Yasumoto
527,Yoshitsugu Matsuoka
528,Junichi Suwabe
529,Ayaka Suwa
530,Megumi Han
531,Tomoaki Maeno
532,Tsubasa Yonaga
533,Hiroyuki Yoshino
534,Atsushi Abe
535,Koji Yusa
536,Kouki Miyata
537,Hiro Shimono
538,Wataru Hatano
539,Kenji Nojima
540,Mamoru Miyano
541,Yuma Uchida
542,Jun Fukuyama
543,Sumriddhi Shukla
544,Jigna Bharadwaj
545,Sonal Kaushal
546,Neshma Chemburkar
547,Ganesh Divekar
548,Annamaya Verma
549,Anamay Verma
550,Manoj Pandey
551,Vijay Sethupathi
552,Parthiban
553,Raashi Khanna
554,Thomas Brodie-Sangster
555,Felicity Jones
556,Freddie Highmore
557,Patrick Stewart
558,Meera Syal
559,Sanjeev Bhaskar
560,Nonso Anozie
561,Mary Elizabeth Winstead
562,Jun Kunimura
563,Woody Harrelson
564,Tadanobu Asano
565,Miyavi
566,Michiel Huisman
567,Miku Martineau
568,Tom Ellis
569,Lauren German
570,Kevin Alejandro
571,D.B. Woodside
572,Lesley-Ann Brandt
573,Scarlett Estevez
574,Rachael Harris
575,Aimee Garcia
576,Tricia Helfer
577,Tom Welling
578,Jeremiah W. Birkett
579,Pej Vahdat
580,Michael Gladis
581,Jo Koy
582,Funke Akindele
583,Ayo Makun
584,Chioma Chukwuka Akpotha
585,Yemi Eberechi Alade
586,Alexx Ekubo
587,Zubby Michael
588,Tina Mba
589,Femi Jacobs
590,Ikue Otani
591,Sarah Natochenny
592,Zeno Robinson
593,Cherami Leigh
594,James Carter Cathcart
595,Michele Knotz
596,Rodger Parsons
597,Ray Chase
598,Casey Mongillo
599,Tara Sands
600,David Kross
601,Hanno Koffler
602,Maria Ehrich
603,Robert Finster
604,Yung Ngo
605,Klaus Steinbacher
606,Livia Matthes
607,Nellie Thalbach
608,Jeon Hae-ri
609,Kim Eun-ah
610,Hong Bum-ki
611,Nam Do-hyeong
612,Um Sang-hyun
613,Malcolm X
614,Muhammad Ali
615,Sabina Malik
616,Lalit Agarwal
617,Rajesh Shukla
618,Emma Roberts
619,Danielle Macdonald
620,Awkwafina
621,Eiza González
622,Milla Jovovich
623,Jeremy Irvine
624,Arnaud Valois
625,Daniel Horvath
626,Pauline Etienne
627,Laurent Capelluto
628,Stefano Cassetti
629,Mehmet Kurtuluş
630,Babetida Sadjo
631,Jan Bijvoet
632,Ksawery Szlenkier
633,Vincent Londez
634,Regina Bikkinina
635,Alba Gaïa Kraghede Bellugi
636,Nabil Mallat
637,Elsa Öhrn
638,Mustapha Aarab
639,Jonay Pineda Skallak
640,Magnus Krepper
641,Loreen
642,Albin Grenholm
643,Simon Mezher
644,Elsa Bergström Terent
645,Josef Kadim
646,Yohannes Frezgi
647,Will Arnett
648,Ludacris
649,Natasha Lyonne
650,Stanley Tucci
651,Jordin Sparks
652,Gabriel Iglesias
653,Shaquille O'Neal
654,Omar Chaparro
655,Alan Cumming
656,Andy Beckwith
657,Delia Sheppard
658,Kerry Shale
659,Michelle Buteau
660,Ronnie Van Zandt
661,Gary Rossington
662,Allen Collins
663,Leon Wilkeson
664,Bob Burns
665,Billy Powell
666,Ed King
667,Artimus Pyle
668,Steve Gaines
669,Johnny Van Zant
670,Jack Fisher
671,Amanda C. Miller
672,Kim Yarbrough
673,Keith Ferguson
674,Lily Rose Silver
675,Antonio Aakeel
676,Chipo Chung
677,Simon Foster
678,Simon Greenall
679,Kate Harbour
680,Paul Panting
681,Rob Rackstraw
682,William Vanderpuye
683,Helen Walsh
684,Keith Wickham
685,Andres Williams
686,Jo Wyatt
687,Julie Delpy
688,Elisabeth Shue
689,Sarah Jones
690,Alexia Landeau
691,Mathieu Demy
692,Troy Garity
693,Timm Sharp
694,Giovanni Ribisi
695,Austin Abell
696,Travis Turner
697,Cole Howard
698,Anna Cummer
699,Jesse Inocalla
700,Brian Dobson
701,Michael Adamthwaite
702,Joseph Girgis
703,Caitlyn Bairstow
704,Omotola Jalade-Ekeinde
705,Yemi Blaq
706,Ken Erics
707,Toyin Aimakhu
708,Segun Arinze
709,Jibola Dabo
710,Rotimi Salami
711,Pa Jimi Solanke
712,Rachael Okonkwo
713,Bassey Okon
714,Lucien Morgan
715,Magdalena Korpas
716,Robyn Slade
717,Kami Desilets
718,Antony Varghese
719,Reshma Rajan
720,Binny Rinky Benjamin
721,Vineeth Vishwam
722,Kichu Tellus
723,Sreekanth Dasan
724,Sarath Kumar
725,Tito Wilson
726,Anandhu
727,Bitto Davis
728,Sinoj Varghese
729,Peyton List
730,Karan Brar
731,Skai Jackson
732,Miranda May
733,Kevin G. Quinn
734,Nathan Arenas
735,Nina Lu
736,Mandy Grace
737,David de Vos
738,Donna Rusch
739,Devan Key
740,Isabella Mancuso
741,Ariana Guido
742,Aubri Ibrag
743,Sana'a Shaik
744,Miah Madden
745,Mercy Cornwall
746,Georgia-May Davis
747,Ryan Harrison
748,Josh Heuston
749,Alexander Grant
750,Úrsula Corberó
751,Itziar Ituño
752,Álvaro Morte
753,Paco Tous
754,Enrique Arce
755,Pedro Alonso
756,María Pedraza
757,Alba Flores
758,Miguel Herrán
759,Jaime Lorente
760,Esther Acebo
761,Darko Peric
762,Kiti Mánver
763,Liam Mitchell
764,Dee Bradley Baker
765,Josh McDermitt
766,Kari Wahlgren
767,Ali Mawji
768,Michael Keaton
769,Amy Ryan
770,Shunori Ramanathan
771,Ato Blankson-Wood
772,Tate Donovan
773,Laura Benanti
774,Chris Tardio
775,Victoria Justice
776,Midori Francis
777,Robyn Scott
778,Adam Garcia
779,Timothy Renouf
780,Gloria Garcia
781,Myfanwy Waring
782,Spencer Sutherland
783,Madhuri Dixit
784,Shah Rukh Khan
785,Tinnu Anand
786,Johny Lever
787,Kalpana Iyer
788,Himani Shivpuri
789,Sudha Chandran
790,Beena
791,Kiran Kumar
792,Abbie Cornish
793,Ben Whishaw
794,Paul Schneider
795,Kerry Fox
796,Edie Martin
797,Claudie Blakley
798,Gerard Monaco
799,Antonia Campbell-Hughes
800,Samuel Roukin
801,Krrish Chhabria
802,Hetal Gada
803,Vipin Sharma
804,Gulfam Khan
805,Suresh Menon
806,Vijay Maurya
807,Rajiv Lakshman
808,Ninad Kamat
809,Akshay Oberoi
810,Pankaj Tripathi
811,Ragini Khanna
812,Aamir Bashir
813,Shalini Vatsa
814,Ashish Verma
815,Janine Gutierrez
816,JC Santos
817,Victor Anastacio
818,Yesh Burce
819,Lotlot De Leon
820,Jon Allen
821,Kellen Goff
822,Joe Hernandez
823,Kaiji Tang
824,Lee Ji-eun
825,Yeo Jin-goo
826,Shin Jung-geun
827,Seo Yi-sook
828,Bae Hae-sun
829,Pyo Ji-hoon
830,Cho Hyun-chul
831,Kang Hong-suk
832,Lee Do-hyun
833,Lee Tae-seon
834,Kang Mina
835,Park You-na
836,Oh Ji-ho
837,Meg Ryan
838,Mark Ruffalo
839,Jennifer Jason Leigh
840,Nick Damici
841,Sharrieff Pugh
842,Kevin Bacon
843,Yaani King Mondschein
844,Heather Litteer
845,Sean Hayes
846,Wanda Sykes
847,Laurie Metcalf
848,David Harbour
849,Gary Cole
850,Patti Harrison
851,Matt Rogers
852,Aadil Khan
853,Sadia Khateeb
854,Zain Khan Durrani
855,Priyanshu Chatterjee
856,Bhavna Chauhan
857,Ashwin Dhar
858,Farid Azad Khan
859,Saghar Sehrai
860,Hilary Duff
861,Chad Michael Murray
862,Jennifer Coolidge
863,Dan Byrd
864,Regina King
865,Julie Gonzalo
866,Lin Shaye
867,Madeline Zima
868,Andrea Avery
869,Mary Pat Gleason
870,Paul Rodriguez
871,Whip Hubley
872,Kevin Kilner
873,Erica Hubbard
874,Simon Helberg
875,Glenn Close
876,Terence Stamp
877,Max Irons
878,Christina Hendricks
879,Stefanie Martini
880,Julian Sands
881,Honor Kneafsey
882,Christian McKay
883,Amanda Abbington
884,Robert Redford
885,Jennifer Lopez
886,Morgan Freeman
887,Josh Lucas
888,Damian Lewis
889,Camryn Manheim
890,Becca Gardner
891,Lynda Boyd
892,Rob Hayter
893,P. Lynn Johnson
894,America Young
895,Amber May
896,Giselle Fernandez
897,Alejandro Saab
898,Dinora Walcott
899,Rutger Hauer
900,Sean Young
901,Edward James Olmos
902,M. Emmet Walsh
903,Daryl Hannah
904,William Sanderson
905,Brion James
906,Joe Turkel
907,Joanna Cassidy
908,James Hong
909,Morgan Paull
910,Tseng Yun-fan
911,Kao Yun-shuo
912,Chiang Ching-yen
913,Meng Ching-fu
914,Huang Bai-wei
915,Ma Kuo-yao
916,Chen Yen-chun
917,Sun Ke-fang
918,Kai Yang-niu
919,Chen Yu-wen
920,Nick Liao
921,Lin Kai-ling
922,Mickey Huang
923,Liu Kuan-ting
924,Jiang Du-hui
925,Sharlto Copley
926,Hugh Jackman
927,Sigourney Weaver
928,Dev Patel
929,Ninja
930,Yo-Landi Visser
931,Jose Pablo Cantillo
932,Brandon Auret
933,Johnny Selema
934,Maurice Carpede
935,Willem Dafoe
936,Anne Archer
937,Joaquim de Almeida
938,Henry Czerny
939,Donald Moffat
940,Miguel Sandoval
941,Benjamin Bratt
942,Dean Jones
943,Thora Birch
944,James Earl Jones
945,Raymond Cruz
946,Sylvester Stallone
947,John Lithgow
948,Michael Rooker
949,Janine Turner
950,Rex Linn
951,Caroline Goodall
952,Leon
953,Craig Fairbrass
954,Ralph Waite
955,Max Perlich
956,Paul Winfield
957,Jude Law
958,Nicole Kidman
959,Renée Zellweger
960,Eileen Atkins
961,Philip Seymour Hoffman
962,Natalie Portman
963,Donald Sutherland
964,Ray Winstone
965,Paul Hogan
966,Linda Kozlowski
967,Jere Burns
968,Jonathan Banks
969,Aida Turturro
970,Alec Wilson
971,Gerry Skilton
972,Steve Rackman
973,Serge Cockburn
974,Mark Adair-Rios
975,Tiriel Mora
976,Grant Piro
977,Mike Tyson
978,Channing Tatum
979,Amanda Seyfried
980,Richard Jenkins
981,D.J. Cotrona
982,Cullen Moss
983,Gavin McCulley
984,Jose Lucena Jr.
985,Keith Robinson
986,Scott Porter
987,Danny Aiello
988,Ossie Davis
989,Ruby Dee
990,Richard Edson
991,Spike Lee
992,Bill Nunn
993,John Turturro
994,Paul Benjamin
995,Frankie Faison
996,Samuel L. Jackson
997,Rosie Perez
998,Martin Lawrence
999,Joaquín Furriel
1000,Luis Ziembrowski
1001,Guillermo Pfening
1002,Mónica Lairana
1003,Germán de Silva
1004,Victoria Raposo
1005,Andrea Garrote
1006,Bruce Willis
1007,Kellan Lutz
1008,Gina Carano
1009,D.B. Sweeney
1010,Joshua Mikel
1011,Steve Coulter
1012,Dan Bilzerian
1013,Heather Johansen
1014,Hilary Swank
1015,Patrick Dempsey
1016,Imelda Staunton
1017,April L. Hernandez
1018,Mario
1019,Kristin Herrera
1020,Jaclyn Ngan
1021,Sergio Montalvo
1022,Jason Finn
1023,Deance Wyatt
1024,Vanetta Smith
1025,Blake Lively
1026,Peter Sarsgaard
1027,Mark Strong
1028,Tim Robbins
1029,Jay O. Sanders
1030,Taika Waititi
1031,Angela Bassett
1032,Christopher Reid
1033,Christopher Martin
1034,Robin Harris
1035,Tisha Campbell
1036,A.J. Johnson
1037,Paul Anthony
1038,Bowlegged Lou
1039,B-Fine
1040,Edith Fields
1041,Kelly Jo Minter
1042,Clifton Powell
1043,Verda Bridges
1044,Kamron
1045,Iman
1046,Queen Latifah
1047,David Edwards
1048,Angela Means
1049,Ketty Lester
1050,Bernie Mac
1051,Michael Colyar
1052,Chris Tucker
1053,Khandi Alexander
1054,Hakeem Kae-Kazim
1055,Chioma Omeruah
1056,Orukotan Adejola
1057,Flora Chiedo
1058,Emeka Nwagbaraocha
1059,Anthony Oseyemi
1060,Oluwabukola Thomas
1061,Soibifaa Dokubo
1062,Master P
1063,Anthony Johnson
1064,Gretchen Palmer
1065,Frantz Turner
1066,Richard Keats
1067,Joe Estevez
1068,William Knight
1069,Anthony Boswell
1070,Tommy 'Tiny' Lister
1071,Helen Martin
1072,John Witherspoon
1073,Mia X
1074,Omar Epps
1075,LL Cool J
1076,Nia Long
1077,Pam Grier
1078,Hill Harper
1079,Jake Weber
1080,David Patrick Kelly
1081,Veronica Webb
1082,Ron Canada
1083,Robert LaSardo
1084,Gano Grills
1085,Ivonne Coll
1086,Don Harvey
1087,Mya
1088,Nasir 'Nas' Jones
1089,Jermaine Dupri
1090,Jay Chou
1091,Anne Suzuki
1092,Edison Chen
1093,Anthony Wong Chau-sang
1094,Shawn Yue
1095,Chapman To
1096,Jordan Chan
1097,Kenny Bee
1098,Jai Brooks
1099,Luke Brooks
1100,James Yammouni
1101,Daniel Sahyounie
1102,Beau Brooks
1103,Lori Gardner
1104,Kate Bristol
1105,Billy Bob Thompson
1106,Marc Thompson
1107,Erica Schroeder
1108,Kensho Ono
1109,Yuki Ono
1110,Chiwa Saito
1111,Yoshimasa Hosoya
1112,Hirofumi Nojima
1113,Takuya Eguchi
1114,Soichiro Hoshi
1115,Tatsuhisa Suzuki
1116,Go Inoue
1117,Ryohei Kimura
1118,Kazuya Nakai
1119,Kenichi Suzumura
1120,Hiroshi Kamiya
1121,David Bowie
1122,Jennifer Connelly
1123,Frank Oz
1124,Kevin Clash
1125,Anthony Asbury
1126,Dave Goelz
1127,Brian Henson
1128,Ron Mueck
1129,Karen Prell
1130,Shari Weiser
1131,Christopher Egan
1132,Gael García Bernal
1133,Vanessa Redgrave
1134,Franco Nero
1135,Luisa Ranieri
1136,Marina Massironi
1137,Milena Vukotic
1138,Marcia DeBonis
1139,Luisa De Santis
1140,Lidia Biondi
1141,Giordano Formenti
1142,Chris Egan
1143,Katie Douglas
1144,Celina Martin
1145,Peter Outerbridge
1146,Sara Canning
1147,Alexis Whelan
1148,Amalia Williamson
1149,Josette Halpert
1150,Kiana Madeira
1151,Nick Cannon
1152,Christina Milian
1153,Kenan Thompson
1154,Kal Penn
1155,Steve Harvey
1156,Al Thompson
1157,Ashley Monique Clark
1158,Elimu Nelson
1159,Nichole Robinson
1160,Melissa Schuman
1161,Miriam Chin Wah Yeung
1162,Singh Hartihan Bitto
1163,Isabel Chan
1164,Cheung Tat-ming
1165,Matt Chow
1166,Chui Tien-you
1167,Queenie Chu
1168,Charmaine Fong
1169,Vincent Kok
1170,Gerald McRaney
1171,Shanna Reed
1172,Nicole Dubuc
1173,Chelsea Hertford
1174,Marisa Ryan
1175,Matt Mulhern
1176,Beverly Archer
1177,Jon Cypher
1178,Jack Nicholson
1179,Annette Bening
1180,Pierce Brosnan
1181,Danny DeVito
1182,Martin Short
1183,Sarah Jessica Parker
1184,Michael J. Fox
1185,Rod Steiger
1186,Tom Jones
1187,Lukas Haas
1188,Chadwick Boseman
1189,Josh Gad
1190,Kate Hudson
1191,Sterling K. Brown
1192,Dan Stevens
1193,James Cromwell
1194,Keesha Sharp
1195,Roger Guenveur Smith
1196,Derrick Baskin
1197,Barrett Doss
1198,Ashton Kutcher
1199,Tara Reid
1200,Jeffrey Tambor
1201,Andy Richter
1202,Michael Madsen
1203,Jon Abrahams
1204,David Koechner
1205,Carmen Electra
1206,Molly Shannon
1207,Ben Stiller
1208,Hank Azaria
1209,William H. Macy
1210,Janeane Garofalo
1211,Kel Mitchell
1212,Paul Reubens
1213,Wes Studi
1214,Greg Kinnear
1215,Geoffrey Rush
1216,Lena Olin
1217,Eddie Izzard
1218,Artie Lange
1219,Pras
1220,Claire Forlani
1221,Tom Waits
1222,Patricio Contreras
1223,Alejandro Goic
1224,Sergio Hernández
1225,Mariana Loyola Ruz
1226,Alejandro Trejo
1227,Daniel Alcaíno Cuevas
1228,Nicolás Poblete
1229,Susana Hidalgo
1230,Gloria Münchmeyer
1231,Robert De Niro
1232,James Woods
1233,Elizabeth McGovern
1234,Treat Williams
1235,Tuesday Weld
1236,Burt Young
1237,Joe Pesci
1238,William Forsythe
1239,James Hayden
1240,Joel McHale
1241,Mike Epps
1242,Billy Connolly
1243,Crispin Glover
1244,Steve Schirripa
1245,Georgia Engel
1246,Diedrich Bader
1247,Cody Cameron
1248,Fred Stoller
1249,Olivia Hack
1250,Laurence Fishburne
1251,David Hyde Pierce
1252,Brandy Norwood
1253,William Shatner
1254,Ron Howard
1255,Kid Rock
1256,Ben Stein
1257,Kurt Russell
1258,Jacinda Barrett
1259,Emmy Rossum
1260,Mía Maestro
1261,Mike Vogel
1262,Kevin Dillon
1263,Freddy Rodríguez
1264,Too $hort
1265,B-Real
1266,Kurtis Blow
1267,Da Brat
1268,Grandmaster Caz
1269,"Sean ""P. Diddy"" Combs"
1270,Chuck D.
1271,Desiree Densiti
1272,E-40
1273,MC Eiht
1274,Heavy D
1275,Lauryn Hill
1276,Ice-T
1277,Wyclef Jean
1278,Ras Kass
1279,KRS-One
1280,L.V.
1281,Mack 10
1282,Craig Mack
1283,Method Man
1284,Keith Murray
1285,The Notorious B.I.G.
1286,Q-Tip
1287,Raekwon
1288,Redman
1289,Senen Reyes
1290,Busta Rhymes
1291,RZA
1292,DJ Scratch
1293,Erick Sermon
1294,Tupac Shakur
1295,Adario Strange
1296,Suave
1297,Djimon Hounsou
1298,Jon Voight
1299,Olivia Holt
1300,Jack Black
1301,Joan Cusack
1302,Mike White
1303,Sarah Silverman
1304,Lee Wilkof
1305,Kate McGregor-Stewart
1306,Adam Pascal
1307,Suzzanne Douglas
1308,Miranda Cosgrove
1309,Kevin Alexander Clark
1310,Joey Gaydos Jr.
1311,Robert Tsai
1312,Veronica Afflerbach
1313,Jordan-Claire Green
1314,Tyler Oakley
1315,Monica Bellucci
1316,Cole Hauser
1317,Eamonn Walker
1318,Johnny Messner
1319,Nick Chinlund
1320,Charles Ingram
1321,Paul Francis
1322,Chad Smith
1323,Tom Skerritt
1324,Malick Bowens
1325,Awaovieyi Agie
1326,Brooke Shields
1327,Christopher Atkins
1328,Leo McKern
1329,William Daniels
1330,Elva Josephson
1331,Glenn Kohan
1332,Alan Hopgood
1333,Gus Mercurio
1334,Eddie Murphy
1335,J.L. Reate
1336,Charles Dance
1337,Charlotte Lewis
1338,Victor Wong
1339,Randall Tex Cobb
1340,Shakti Chen
1341,Tau Logo
1342,Tiger Chung Lee
1343,Gregory Peck
1344,David Niven
1345,Anthony Quinn
1346,Stanley Baker
1347,Anthony Quayle
1348,James Darren
1349,Irene Papas
1350,Gia Scala
1351,James Robertson Justice
1352,Richard Harris
1353,James Franco
1354,Seth Rogen
1355,Lizzy Caplan
1356,Randall Park
1357,Diana Bang
1358,Timothy Simons
1359,Reese Alexander
1360,James Yi
1361,Jada Pinkett Smith
1362,James Coburn
1363,Larry Miller
1364,Dave Chappelle
1365,John Ales
1366,Patricia Wilson
1367,Jamal Mixon
1368,Janet Jackson
1369,Richard Gant
1370,Anna Maria Horsford
1371,Melinda McGraw
1372,Gabriel Williams
1373,Chris Elliott
1374,Joy Bryant
1375,Margaret Avery
1376,Mo'Nique
1377,Cedric the Entertainer
1378,Nicole Ari Parker
1379,Michael Clarke Duncan
1380,Louis C.K.
1381,Clint Eastwood
1382,John Malkovich
1383,Rene Russo
1384,Dylan McDermott
1385,Fred Thompson
1386,John Mahoney
1387,Gregory Alan Williams
1388,Jim Curley
1389,Sally Hughes
1390,Marie Kondo
1391,Shin Min-a
1392,Kim Seon-ho
1393,Lee Sang-yi
1394,Gong Min-jeung
1395,Kim Young-ok
1396,Cho Han-cheul
1397,In Gyo-jin
1398,Lee Bong-ryeon
1399,Cha Cheong-hwa
1400,Kang Hyung-suk
1401,Kenjiro Tsuda
1402,Ramzy Bedia
1403,Éric Judor
1404,Benoît Magimel
1405,Kristin Scott Thomas
1406,Élodie Bouchez
1407,Édouard Baer
1408,Fred Testot
1409,Omar Sy
1410,Park Yoon-hee
1411,Kang Shi-hyun
1412,Kim Hyun-wook
1413,Lee In-suk
1414,Song Ha-rim
1415,Satya Dev
1416,Priyanka Jawalkar
1417,Brahmaji
1418,Jeremy Renner
1419,Elizabeth Olsen
1420,Jon Bernthal
1421,Gil Birmingham
1422,Kelsey Asbille
1423,Tantoo Cardinal
1424,Teo Briones
1425,Matthew Del Negro
1426,Hugh Dillon
1427,Julia Jones
1428,James Jordan
1429,Eric Lange
1430,Martin Sensmeier
1431,Mason Davis
1432,Graham Greene
1433,Mithun Chakraborty
1434,Tusshar Kapoor
1435,Anupam Kher
1436,Rajpal Yadav
1437,Raima Sen
1438,Dilip Prabhavalkar
1439,Sanjay Mishra
1440,Jung Hae-in
1441,Koo Kyo-hwan
1442,Kim Sung-kyun
1443,Son Suk-ku
1444,Frank Ramirez
1445,Patricia Castañeda
1446,Chela del Río
1447,Patrick Delmas
1448,María José Martínez
1449,Robinson Díaz
1450,Juan Ángel
1451,Guillermo Olarte
1452,Constanza Duque
1453,Marcela Carvajal
1454,Sanjay Dutt
1455,Arjun Rampal
1456,Malaika Arora
1457,Aashish Chaudhary
1458,Neha Uberoi
1459,Urmila Matondkar
1460,Manoj Joshi
1461,Daya Shankar Pandey
1462,Pushkar Jog
1463,Kulbhushan Kharbanda
1464,Addison Rae
1465,Tanner Buchanan
1466,Rachael Leigh Cook
1467,Madison Pettis
1468,Isabella Crovetti
1469,Matthew Lillard
1470,Peyton Meyer
1471,Annie Jacob
1472,Myra Molloy
1473,Kourtney Kardashian
1474,Michael J. Woodard
1475,Mary Lambert
1476,Jonathan Van Ness
1477,Haley Tju
1478,Brett Gelman
1479,Tony Hale
1480,Vincent Rodriguez III
1481,Annie Potts
1482,Jessica Williams
1483,Melissa Villaseñor
1484,Cathy Vu
1485,Flea
1486,Efa Iwara
1487,Titi Kuti
1488,"Charles  ""Charly Boy"" Oputa"
1489,Nse Ikpe-Etim
1490,Keppy Ekpenyong Bassey
1491,Akin Lewis
1492,Lord Frank
1493,Taiwo Ajai-Lycett
1494,Aftab Shivdasani
1495,Natassha
1496,Dipannita Sharma
1497,Himanshu Mallik
1498,Vaidya Advai
1499,Pushy Anand
1500,Shama Deshpande
1501,Rajendra Gupta
1502,Sohail Khan
1503,Isha Koppikar
1504,Rati Agnihotri
1505,Vrajesh Hirjee
1506,Divya Palat
1507,Hiten Tejwani
1508,Rajendranath Zutshi
1509,Esha Deol
1510,Kusumit Sana
1511,Rishi Kapoor
1512,Moon Moon Sen
1513,Ashay Chitre
1514,Jeetendra
1515,Riteish Deshmukh
1516,Neha Dhupia
1517,Jay Sean
1518,Krishna Abhishek
1519,Mandana Karimi
1520,Shakti Kapoor
1521,Darshan Jariwala
1522,Sushmita Mukherjee
1523,Meghna Naidu
1524,Anand Kumar
1525,Claudia Ciesla
1526,Rohit Shetty
1527,Neha Sharma
1528,Chunky Pandey
1529,Sarah-Jane Dias
1530,Razak Khan
1531,Kavin Dave
1532,Govinda
1533,Sushmita Sen
1534,Rambha
1535,Satish Kaushik
1536,Sharad Kapoor
1537,Mohnish Bahl
1538,Nushrat Bharucha
1539,Anshuman Jha
1540,Neha Chauhan
1541,Rajkummar Rao
1542,Arya Banerjee
1543,Amit Sial
1544,Herry Tangri
1545,Vivek Oberoi
1546,Zayed Khan
1547,Shriya Saran
1548,Nikitin Dheer
1549,Shabbir Ahluwalia
1550,Sunil Shetty
1551,Shweta Bhardwaj
1552,Ajay Devgn
1553,Emraan Hashmi
1554,Kangana Ranaut
1555,Prachi Desai
1556,Randeep Hooda
1557,Naved Aslam
1558,Asif Basra
1559,Avtar Gill
1560,Akshay Kumar
1561,Imran Khan
1562,Sonakshi Sinha
1563,Sonali Bendre
1564,Sarfaraz Khan
1565,Mahesh Manjrekar
1566,Abhimanyu Singh
1567,Kurush Deboo
1568,Pitobash
1569,Chetan Hansraj
1570,Kainaz Motivala
1571,Rajat Kaul
1572,Janice
1573,Shernaza
1574,Mangala Ahire
1575,Vinod Rawat
1576,Sunny Leone
1577,Saahil Prem
1578,Parvin Dabas
1579,Sandhya Mridul
1580,Divya Dutta
1581,Soniya Mehra
1582,Karan Mehra
1583,Charlie Murphy
1584,Ruth Bradley
1585,Sarah Greene
1586,Brian Gleeson
1587,Michelle Fairley
1588,Ian McElhinney
1589,Michael Ford-FitzGerald
1590,Paul Reid
1591,Barry Ward
1592,Tom Turner
1593,Perdita Weeks
1594,Andrew Simpson
1595,Sophie Robinson
1596,King & Prince
1597,Hey! Say! JUMP
1598,KAT-TUN
1599,NEWS
1600,Kansai Johnny's Jr.
1601,Snow Man
1602,Tomoyuki Yara
1603,Travis Japan
1604,Bi shonen
1605,SixTONES
1606,HiHi Jets
1607,Kis-My-Ft2
1608,Koichi Domoto
1609,Sam Heughan
1610,Ruby Rose
1611,Andy Serkis
1612,Hannah John-Kamen
1613,Tom Wilkinson
1614,Tom Hopper
1615,Noel Clarke
1616,Anne Reid
1617,Owain Yeoman
1618,Jing Lusi
1619,Ray Panthaki
1620,Richard McCabe
1621,Douglas Reith
1622,Amitabh Bachchan
1623,Arbaaz Khan
1624,Abhishek Bachchan
1625,Rohit Roy
1626,Dia Mirza
1627,Amrita Singh
1628,Sendhil Ramamurthy
1629,Preeti Desai
1630,Sundeep Kishan
1631,Radhika Apte
1632,Girija Oak
1633,Alok Chaturvedi
1634,Sudhir Chowdhary
1635,Vidya Balan
1636,Naseeruddin Shah
1637,Rajesh Sharma
1638,Imran Hasnee
1639,Anju Mahendru
1640,Takuma Terashima
1641,Mikako Komatsu
1642,Rie Kugimiya
1643,Hiromichi Tezuka
1644,Shiori Izawa
1645,Shiki Aoki
1646,Sayaka Ohara
1647,Hochu Otsuka
1648,Tia Mowry-Hardrict
1649,Anthony Alabi
1650,Talia Jackson
1651,Isaiah Russell-Bailey
1652,Cameron J. Wright
1653,Jordyn Raya James
1654,Richard Roundtree
1655,Bob Ross
1656,Zoe Kazan
1657,Betty Gabriel
1658,Adrian Grenier
1659,Phoenix Raei
1660,Abraham Lim
1661,Jessica Collins
1662,Camaron Engels
1663,Jaylin Fletcher
1664,Liz Alexander
1665,Joyce Guy
1666,Daniel Henshall
1667,Ian Meadows
1668,Jamie Timony
1669,Steve Mouzakis
1670,Becca Lish
1671,Maria Wawreniuk
1672,Ignacy Liss
1673,Michał Sikorski
1674,Wojciech Dolatowski
1675,Klaudia Koścista
1676,Zuzanna Galewicz
1677,Marta Nieradkiewicz
1678,Sara Celler Jezierska
1679,Pola Król
1680,Marcin Czarnik
1681,Martyna Nowakowska
1682,Kathrine Thorborg Johansen
1683,Elias Holmen Sørensen
1684,André Sørum
1685,Kim Fairchild
1686,Sara Khorami
1687,Terje Strømdahl
1688,Øystein Røger
1689,Marianne Jonger
1690,Martin Karelius
1691,Kofi Siriboe
1692,Yootha Wong-Loi-Sing
1693,Michael Ealy
1694,Uzo Aduba
1695,Luke Bracey
1696,Olga Kurylenko
1697,Eliza Taylor
1698,Caterina Scorsone
1699,Bill Smitrovich
1700,Will Patton
1701,Amila Terzimehic
1702,Lazar Ristovski
1703,Mediha Musliovic
1704,Brigitte Kali Canales
1705,Andrea Cortes
1706,Julia Vera
1707,Sal Lopez
1708,David Oyelowo
1709,Rosario Dawson
1710,Lonnie Chavis
1711,Amiah Miller
1712,Alfred Molina
1713,Pat Sajak
1714,Vanna White
1715,Aishwarya Rajesh
1716,Vidhu
1717,Surya Ganapathy
1718,Madhuri
1719,Pavel Navageethan
1720,Avantika Vandanapu
1721,Theo James
1722,Mary McDonnell
1723,Lara Pulver
1724,Graham McTavish
1725,Tom Canton
1726,David Errigo Jr
1727,Jennifer Hale
1728,Matt Yang King
1729,Darryl Kurylo
1730,Melissa Roxburgh
1731,Josh Dallas
1732,Athena Karkanis
1733,J.R. Ramirez
1734,Luna Blaise
1735,Jack Messina
1736,Parveen Kaur
1737,Lucía Uribe
1738,Flavio Medina
1739,Isabella Vazquez Morales
1740,Pierre Louis
1741,Mercedes Hernández
1742,Ahmed El Fishawy
1743,Ruby
1744,Mohamed Mamdouh
1745,Ahmed Malek
1746,Asmaa Abulyazeid
1747,Samy Maghawry
1748,Safaa El-Toukhy
1749,Ahmed Kamal
1750,Arfa Abdel Rassoul
1751,Hana Shiha
1752,Paik Jong-won
1753,Roy Chiu
1754,Ann Hsu
1755,Tsai Chen-nan
1756,Chung Hsin-ling
1757,Lan Wei-hua
1758,Peace Yang
1759,Huang Lu Tz-yin
1760,Jason Momoa
1761,Isabela Merced
1762,Manuel Garcia-Rulfo
1763,Amy Brenneman
1764,Adria Arjona
1765,Raza Jaffrey
1766,Justin Bartha
1767,Lex Scott Davis
1768,Michael Raymond-James
1769,Sandra Oh
1770,Jay Duplass
1771,Holland Taylor
1772,David Morse
1773,Bob Balaban
1774,Nana Mensah
1775,Everly Carganilla
1776,Asher Bishop
1777,David Tennant
1778,Michelle Gomez
1779,Brian Stepanek
1780,Catherine Taber
1781,Liliana Mumy
1782,Nika Futterman
1783,Cristina Pucelli
1784,Jessica DiCicco
1785,Lara Jill Miller
1786,Paolo Contis
1787,Yen Santos
1788,Hans Tórgarð
1789,Ruby Ruiz
1790,Zweden Obias
1791,Maria Rianne Castro
1792,Arianne Mavis Uera
1793,Maricor Canlas
1794,Anton Yelchin
1795,Jennifer Lawrence
1796,Charlie Bewley
1797,Alex Kingston
1798,Oliver Muirhead
1799,Finola Hughes
1800,Chris Messina
1801,Ben York Jones
1802,Jamie Thomas King
1803,Philip Froissant
1804,Alice Dwyer
1805,Hanns Zischler
1806,Mercedes Müller
1807,Sammy Scheuritzel
1808,Lieselotte Voß
1809,Katharina Schütz
1810,Jodie Leslie Ahlborn
1811,Marco Wittorf
1812,Ilknur Boyraz
1813,Manisha Koirala
1814,Nasser
1815,Raja Krishnamoorthy
1816,Alan C. Lim
1817,Smith Foreman
1818,Neena-Sinaii Simpo
1819,Eli Morse
1820,Adelaide Hirasaki
1821,Jim Capobianco
1822,Anna Chambers
1823,Pfifer Chastain
1824,Idia Aisien
1825,Ndidi Obi
1826,Kenneth Okolie
1827,Zack Orji
1828,Bovi Ugboma
1829,Bimbo Ademoye
1830,Beverly Osu
1831,Beverly Naya
1832,Larry Gaaga
1833,Shaffy Bello
1834,Waje
1835,Dulquer Salmaan
1836,Nithya Menon
1837,Prakash Raj
1838,Leela Samson
1839,Vinodhini
1840,Ramya Subramanian
1841,Siva Ananth
1842,John Devasahayam
1843,Prabhu Lakshman
1844,Ludovica Francesconi
1845,Giuseppe Maggio
1846,Gaja Masciale
1847,Jozef Gjura
1848,Eleonora Gaggero
1849,Franco Ravera
1850,Elisabetta Coraini
1851,Michele Franco
1852,Edoardo Rossi
1853,Anmol Limbu
1854,Ishika Gurung
1855,Manju Chettri
1856,Banita Lagun
1857,Binod Pradhan
1858,Mahindra Bajgai
1859,Rupa Tamang
1860,Saran Rai
1861,Taylor Kitsch
1862,Nina Hoss
1863,Michael C. Hall
1864,Tuppence Middleton
1865,Mala Emde
1866,Maximilian Ehrenreich
1867,Sebastian Koch
1868,Anne Ratte-Polle
1869,Lena Dörrie
1870,Benjamin Sadler
1871,Larissa Manoela
1872,Thati Lopes
1873,Bruno Montaleone
1874,David Sherod James
1875,Maiara Walsh
1876,Flávia Garrafa
1877,Kathy-Ann Hart
1878,Ray Faiola
1879,Noa Graham
1880,Elizabeth Banks
1881,Gillian Jacobs
1882,Sarah Wright
1883,Ethan Suplee
1884,Bill Burr
1885,Ken Davitian
1886,Lawrence Gilliard Jr.
1887,Alphonso Mcauley
1888,Da'Vone McDonald
1889,John Marsden
1890,Willie Garson
1891,Oliver Hudson
1892,P.J. Byrne
1893,Kaito Ishikawa
1894,Asami Seto
1895,Nao Toyama
1896,Atsumi Tanezaki
1897,Maaya Uchida
1898,Yurika Kubo
1899,Inori Minase
1900,Holly Hunter
1901,Harvey Keitel
1902,Sam Neill
1903,Anna Paquin
1904,Kerry Walker
1905,Genevieve Lemon
1906,Tungia Baker
1907,Ian Mune
1908,Matilda Lambert
1909,Ik Ogbonna
1910,Prince Sontoye
1911,Linda Osifo
1912,Emem Inwang
1913,Pete Edochie
1914,Okon Imeh  Bishop
1915,Chinenye Nnebe
1916,Femi Adebayo
1917,Liza Jacqueline
1918,Helena Evangeliou
1919,Lisa Ortiz
1920,Kerry Williams
1921,Gregory Abbey
1922,Dan Green
1923,Michael Sinterniklaas
1924,Suzy Myers
1925,Christina Rodriguez
1926,Dani Schaffel
1927,Sebastian Arcelus
1928,Rachael Lillis
1929,John David Washington
1930,Boyd Holbrook
1931,Alicia Vikander
1932,Vicky Krieps
1933,Lena Kitsopoulou
1934,Panos Koronis
1935,Maria Votti
1936,Rosa Salazar
1937,Catherine Keener
1938,Jeff Ward
1939,Manny Jacinto
1940,Hannah Levien
1941,Patrick Fischler
1942,Tyler Posey
1943,Charlet Chung
1944,Jorge Diaz
1945,Camille Ramsey
1946,Luke Youngblood
1947,Renée Elise Goldsberry
1948,Finnegan Oldfield
1949,Nicolas Duvauchelle
1950,Guillaume Gouix
1951,Garance Marillier
1952,Nailia Harzoune
1953,Jane Fonda
1954,Lily Tomlin
1955,Martin Sheen
1956,Sam Waterston
1957,June Diane Raphael
1958,Brooklyn Decker
1959,Ethan Embry
1960,Baron Vaughn
1961,Chino Darín
1962,Nancy Dupláa
1963,Peter Lanzani
1964,Mercedes Morán
1965,Diego Peretti
1966,Vera Spinetta
1967,Nico García Hume
1968,Victoria Almeida
1969,Santiago Korovsky
1970,Patricio Aramburu
1971,Alfonso Tort
1972,Diego Gentile
1973,Néstor Guzzini
1974,Daniel Kuzniecka
1975,Diana Gómez
1976,Silma López
1977,Paula Malia
1978,Teresa Riott
1979,Maxi Iglesias
1980,Ibrahim Al Shami
1981,Andria Tayeh
1982,Rakeen Sa'ad
1983,Noor Taher
1984,Yara Mustafa
1985,Joanna Arida
1986,Salsabiela
1987,Nadera Emran
1988,Reem Saadeh
1989,Lokillo Florez
1990,Ben Rausch
1991,Erica Lindbeck
1992,Dante Basco
1993,Brando Eaton
1994,Stephen Kramer Glickman
1995,Caroline Caliston
1996,G.K. Bowes
1997,Dan McCoy
1998,Mike Ezuruonye
1999,Juliet Ochienge
2000,Angela Okorie
2001,Huddah Monroe
2002,Catherine Kamau
2003,Naomi Mburu
2004,Derrick Aduwo
2005,Chris Kamau
2006,Abubakar Salum
2007,Celebrity Landlord
2008,Ximena Romo
2009,Mabel Cadena
2010,Alejandra Herrera
2011,Nelly González
2012,Samantha Orozco
2013,Axel Arenas
2014,Esteban Caicedo
2015,Paulina Goto
2016,Raquel Robles
2017,Baby Bátiz
2018,Pascacio López
2019,Juán Carlos Torres
2020,Javier Oliván
2021,Claudia Lobo
2022,Giovanna Zacarías
2023,Joey King
2024,Joel Courtney
2025,Jacob Elordi
2026,Molly Ringwald
2027,Taylor Zakhar Perez
2028,Maisie Richardson-Sellers
2029,Meganne Young
2030,Stephen Jennings
2031,Colin Firth
2032,Stellan Skarsgård
2033,Sam Reid
2034,Hiroyuki Sanada
2035,Michael MacKenzie
2036,Tom Stokes
2037,Laila Lockhart Kraner
2038,Tucker Chandler
2039,Juliet Donenfeld
2040,Maggi Lowe
2041,Donovan Patton
2042,Eduardo Franco
2043,Tara Strong
2044,Secunda Wood
2045,Carla Tassara
2046,Sainty Nelsen
2047,Khemanit Jamikorn
2048,Thitipoom Techaapaikhun
2049,Kannaporn Puangthong
2050,Premmanat Suwannanon
2051,Mintita Wattanakul
2052,Thames Sanpakit
2053,Katareeya Theapchatri
2054,Phanuroj Chalermkijporntavee
2055,Jirapisit Jaravijit
2056,Amparo Grisales
2057,Fernando Solórzano
2058,Angelica Blandon
2059,Katherine Escobar
2060,Yuly Ferreira
2061,Alejandra Sandoval
2062,Andrea Gómez
2063,Andrea Guzmán
2064,Diego Vásquez
2065,Julián Román
2066,Juan Pablo Franco
2067,Lee Se-young
2068,Kim Sang-kyung
2069,Jung Hye-young
2070,Jang Kwang
2071,Kwon Hae-hyo
2072,Jang Yeong-nam
2073,Lee Kyu-han
2074,Yoko Hikasa
2075,Megumi Hayashibara
2076,Inuko Inuyama
2077,Kosuke Takaguchi
2078,Masahiko Tanaka
2079,Wataru Takagi
2080,Yuji Ueda
2081,Megumi Nakajima
2082,Takehito Koyasu
2083,Yoko Soumi
2084,Yui Horie
2085,Takumu Miyazono
2086,Noriaki Kanze
2087,Michiko Neya
2088,Toru Sakurai
2089,Rina Hidaka
2090,Masakazu Morita
2091,Minami Takayama
2092,Maggie Smith
2093,Tom Courtenay
2094,Pauline Collins
2095,Michael Gambon
2096,Andrew Sachs
2097,Sheridan Smith
2098,David Ryall
2099,Trevor Peacock
2100,Gwyneth Jones
2101,Enhle Mbali
2102,Ramsey Nouah
2103,Dawn Thandeka Kang
2104,Idris Sultan
2105,Tumi Morake
2106,Trevor Gumbi
2107,Lillian Dube
2108,Kaly Bossy Asante
2109,Shaleen Surtie
2110,Fabian Lojege
2111,Hikaru Iwamoto
2112,Tatsuya Fukazawa
2113,Raul
2114,Shota Watanabe
2115,Koji Mukai
2116,Ryohei Abe
2117,Ren Meguro
2118,Ryota Miyadate
2119,Daisuke Sakuma
2120,Arata Sato
2121,Tatsuya Kageyama
2122,Taiga Suzuki
2123,Shunsuke Motoi
2124,Taiga Tsubaki
2125,Yuki Yokohara
2126,Minato Matsui
2127,Shosei Oda
2128,Alain Uy
2129,Mykel Shannon Jenkins
2130,Jae Suh Park
2131,Matthew Page
2132,Joziah Lagonoy
2133,Raymond Ma
2134,Lior Raz
2135,Kaelen Ohm
2136,Sanaa Lathan
2137,Moran Rosenblatt
2138,Lior Ashkenazi
2139,Gregg Henry
2140,Gal Toren
2141,Suriya
2142,Revathy
2143,Siddarth
2144,Parvathy
2145,Delhi Ganesh
2146,Gautham Vasudev Menon
2147,Anjali
2148,Yogi Babu
2149,Aditi Balan
2150,Remya Nambeesan
2151,Poorna
2152,Prayaga Martin
2153,Rythvika Suriya
2154,Prasanna
2155,Atharva
2156,Bobby Simha
2157,Ashok Selvan
2158,Nedumudi Venu
2159,Kishore
2160,Falz
2161,Williams Uchemba
2162,Michelle Dede
2163,Buchi Ojei
2164,Jemima Osunde
2165,Gbubemi Ejeye
2166,Badmus Olakunle
2167,Suliane Brahim
2168,Sofian Khammes
2169,Marie Narbonne
2170,Raphaël Romand
2171,Stéphan Castang
2172,Victor Bonnel
2173,Christian Bouillette
2174,Renan Prévot
2175,Vincent Deniard
2176,Lin-Manuel Miranda
2177,Ynairaly Simo
2178,Zoe Saldana
2179,Juan de Marcos
2180,Brian Tyree Henry
2181,Gloria Estefan
2182,Deepika Padukone
2183,Satyaraj
2184,Kamini Kaushal
2185,Lekh Tandon
2186,Mukesh Tiwari
2187,Luis Brandoni
2188,China Zorrilla
2189,Antonio Gasalla
2190,Julio De Grazia
2191,Betiana Blum
2192,Monica Villa
2193,Juan Manuel Tenuta
2194,Andrea Tenuta
2195,Cecilia Rossetto
2196,Enrique Pinti
2197,Jackie Collins
2198,Fernán Mirás
2199,Cecilia Dopazo
2200,Imanol Arias
2201,Héctor Alterio
2202,Leonardo Sbaraglia
2203,Federico D'Elía
2204,David Masajnik
2205,Cristina Banegas
2206,Ernesto Alterio
2207,Antonio Birabent
2208,Rita Dominic
2209,Chidi Mokeme
2210,Ibinabo Fiberesima
2211,Daniel K. Daniel
2212,Memry Savanhu
2213,Adonijah Owiriwa
2214,Pat Nebo
2215,Nelly Ekwereogu
2216,Shuaibu Ebenesi Adams
2217,Debo Oguns
2218,Ben Nwosu
2219,Ada Ofoegbu
2220,Ashley Greene
2221,Shawn Ashmore
2222,Sharif Atkins
2223,Britt Baron
2224,Diana Hopper
2225,Ross McCall
2226,Jamie Kaler
2227,Travis Coles
2228,Susan Walters
2229,Jason Liles
2230,David Geffen
2231,Mark Towle
2232,Shawn Pilot
2233,Constance Nunes
2234,Tony Quinones
2235,"Mike ""Caveman"" Pyle"
2236,Ana Valeria Becerril
2237,Michael Ronda
2238,Yankel Stevan
2239,Zion Moreno
2240,Luis Curiel
2241,Samantha Acuña
2242,Macarena García
2243,Fiona Palomo
2244,Andrés Baida
2245,Patricio Gallardo
2246,Iván Aragón
2247,Xabiani Ponce de León
2248,Patricia Maqueo
2249,Rodrigo Cachero
2250,Rocío Verdejo
2251,Mauro Sánchez Navarro
2252,Lidia San José
2253,Thanya López
2254,Renata del Castillo
2255,Arturo Barba
2256,Kariam Castro
2257,Ariana Saavedra
2258,Alexander Holtmann
2259,Nastassia Villasana
2260,Marco Zunino
2261,Paris Hilton
2262,Ady An
2263,Wu Kang-ren
2264,Xiao Xiao Bin
2265,Pruitt Taylor Vince
2266,Shelley Winters
2267,Liv Tyler
2268,Debbie Harry
2269,Evan Dando
2270,Joe Grifasi
2271,Marian Quinn
2272,Genevieve Nnaji
2273,Odalys Garcia
2274,Ulrich Que
2275,Jeff Swarthout
2276,Clem Ohameze
2277,Ann D. Carey
2278,Anahit Setian
2279,Danielle Soibelman
2280,Jon Morgan Woodward
2281,Alice Ko
2282,Tia Lee
2283,Patrick Lee
2284,Kuo Shu-yao
2285,James Wen
2286,Janel Tsai
2287,Maximilian Schmidt
2288,Joe Chen
2289,Ming Dao
2290,Sam Wang
2291,Joyce Chao
2292,Gino
2293,Su Li-hsin
2294,Wang Chuan
2295,Ehlo Huang
2296,Weber Yang
2297,Lin Yo-Wei
2298,Megan Lai
2299,Amanda Chou
2300,Lucia Xie
2301,Cherry Leung
2302,Ethan Juan
2303,Baron Chen
2304,Bianca Bai
2305,Na Wei-hsun
2306,Tan Ai-Chen
2307,Tina Fey
2308,Alec Baldwin
2309,Tracy Morgan
2310,Jack McBrayer
2311,Scott Adsit
2312,Judah Friedlander
2313,Katrina Bowden
2314,Keith Powell
2315,Lonny Ross
2316,John Lutz
2317,Kevin Brown
2318,Grizz Chapman
2319,Maulik Pancholy
2320,Simona Berman
2321,Marca Leigh
2322,Scottie Ray
2323,Henry F. Benjamin
2324,Charles Grodin
2325,Bonnie Hunt
2326,Oliver Platt
2327,Nicholle Tom
2328,Christopher Castile
2329,Sarah Rose Karr
2330,David Duchovny
2331,Patricia Heaton
2332,O-Lan Jones
2333,Nancy Fish
2334,Debi Mazar
2335,Chris Penn
2336,Anthony Hopkins
2337,Angelina Jolie
2338,Robin Wright
2339,Alison Lohman
2340,Sharisse Baker-Bernard
2341,Scott Adkins
2342,Teodora Duhovnikova
2343,Alon Aboutboul
2344,Julian Vergov
2345,Brahim Achabbakhe
2346,Paul Chahidi
2347,Petio Petkov
2348,Valentin Ganev
2349,Vlado Mihailov
2350,Leonardo DiCaprio
2351,Tom Hanks
2352,Christopher Walken
2353,Nathalie Baye
2354,Amy Adams
2355,James Brolin
2356,Brian Howe
2357,Frank John Hughes
2358,Steve Eastin
2359,Bill Hader
2360,Anna Faris
2361,James Caan
2362,Andy Samberg
2363,Bruce Campbell
2364,Mr. T
2365,Bobb'e J. Thompson
2366,Neil Patrick Harris
2367,Al Roker
2368,Yusuke Kobayashi
2369,Reina Ueda
2370,Nichika Omori
2371,Taku Yashiro
2372,Yumiri Hanamori
2373,Ai Kayano
2374,Thomas Jane
2375,Saffron Burrows
2376,Jacqueline McKenzie
2377,Michael Rapaport
2378,Cristos
2379,Daniel Rey
2380,Matthew Broderick
2381,Alan Ruck
2382,Mia Sara
2383,Jeffrey Jones
2384,Jennifer Grey
2385,Cindy Pickett
2386,Lyman Ward
2387,Edie McClurg
2388,Charlie Sheen
2389,Kristy Swanson
2390,Del Close
2391,Haley Lu Richardson
2392,Cole Sprouse
2393,Moisés Arias
2394,Kimberly Hébert Gregory
2395,Parminder Nagra
2396,Emily Baldoni
2397,Gary Weeks
2398,Cynthia Evans
2399,Julianne Moore
2400,Edie Falco
2401,Ron Eldard
2402,Aunjanue Ellis
2403,Anthony Mackie
2404,LaTanya Richardson Jackson
2405,Clarke Peters
2406,Peter Friedman
2407,Domenick Lombardozzi
2408,Kyle Chandler
2409,Connie Britton
2410,Aimee Teegarden
2411,Jesse Plemons
2412,Minka Kelly
2413,Adrianne Palicki
2414,Derek Phillips
2415,Brad Leland
2416,Gaius Charles
2417,Timothy F. Crowley
2418,Louanne Stephens
2419,Stacey Oristano
2420,Dane Cook
2421,Jessica Alba
2422,Dan Fogler
2423,Ellia English
2424,Sasha Pieterse
2425,Annie Wood
2426,Chelan Simmons
2427,Simone Bailly
2428,Jodelle Ferland
2429,Crystal Lowe
2430,Troy Gentile
2431,Georgia Craig
2432,Michelle Harrison
2433,Chiara Zanni
2434,Mariya Ise
2435,Keiji Fujiwara
2436,Daisuke Namikawa
2437,Eve Ai
2438,Fu Meng-po
2439,Lin Mei-hsiu
2440,9m88
2441,Joseph Gordon-Levitt
2442,Elliot Page
2443,Tom Hardy
2444,Ken Watanabe
2445,Dileep Rao
2446,Cillian Murphy
2447,Marion Cotillard
2448,Pete Postlethwaite
2449,John C. Reilly
2450,Philip Baker Hall
2451,Tom Cruise
2452,Jeremy Blackman
2453,Jason Robards
2454,Melinda Dillon
2455,April Grace
2456,Luis Guzmán
2457,Ricky Jay
2458,Michael Murphy
2459,Melora Walters
2460,Damon Wayans
2461,Karyn Parsons
2462,William Hickey
2463,Michael Ironside
2464,Albert Hall
2465,Ross Bickell
2466,Orlando Brown
2467,Peyton Chesson-Fohl
2468,Steven Martini
2469,Dan Aykroyd
2470,Jamie Lee Curtis
2471,Macaulay Culkin
2472,Anna Chlumsky
2473,Richard Masur
2474,Griffin Dunne
2475,Ann Nelson
2476,Peter Michael Goetz
2477,Jane Hallaren
2478,Anthony R. Jones
2479,Austin O'Brien
2480,Christine Ebersole
2481,Angeline Ball
2482,William Townsend
2483,Donny Lucas
2484,Melissa Sturm
2485,Brian Drummond
2486,Kathleen Barr
2487,Garry Chalk
2488,Lee Tockar
2489,Shannon Chan-Kent
2490,Michelle Murdocca
2491,Lorne Cardinal
2492,Peter Kelamis
2493,Danny McBride
2494,Kevin Corrigan
2495,Craig Robinson
2496,Ed Begley Jr.
2497,Nora Dunn
2498,Justin Long
2499,Dwayne Johnson
2500,Seann William Scott
2501,Jessica Biel
2502,John Cleese
2503,Freddie Benedict
2504,Diane Keaton
2505,Jacki Weaver
2506,Rhea Perlman
2507,Celia Weston
2508,Alisha Boe
2509,Charlie Tahan
2510,Tobey Maguire
2511,Jeff Bridges
2512,Chris Cooper
2513,Gary Stevens
2514,David McCullough
2515,Kingston DuCoeur
2516,Eddie Jones
2517,Ed Lauter
2518,Michael O'Neill
2519,Michael Angarano
2520,Royce D. Applegate
2521,Annie Corley
2522,Valerie Mahaffey
2523,Tommy Lee Jones
2524,James Garner
2525,Marcia Gay Harden
2526,William Devane
2527,Loren Dean
2528,Courtney B. Vance
2529,Rade Serbedzija
2530,Barbara Babcock
2531,Blair Brown
2532,Trey Parker
2533,Matt Stone
2534,Kristen Miller
2535,Masasa Moyo
2536,Daran Norris
2537,Phil Hendrie
2538,Maurice LaMarche
2539,Chelsea Magritte
2540,Jeremy Shada
2541,Hailee Steinfeld
2542,Kyra Sedgwick
2543,Blake Jenner
2544,Hayden Szeto
2545,Alexander Calvert
2546,Eric Keenleyside
2547,Abigail Spencer
2548,Katee Sackhoff
2549,Emily Alyn Lind
2550,Cicely Tyson
2551,Andrea Frankle
2552,Brad James
2553,Lance E. Nichols
2554,Chelsea Field
2555,Noble Willingham
2556,Taylor Negron
2557,Danielle Harris
2558,Halle Berry
2559,Bruce McGill
2560,Matthew McConaughey
2561,Ryan Phillippe
2562,John Leguizamo
2563,Michael Peña
2564,Bryan Cranston
2565,Bob Gunton
2566,Marisa Tomei
2567,Frances Fisher
2568,Jeffrey Dean Morgan
2569,Chris Evans
2570,Idris Elba
2571,Columbus Short
2572,Óscar Jaenada
2573,Jason Patric
2574,Holt McCallany
2575,Peter Macdissi
2576,Peter Francis James
2577,Christian Bale
2578,Aitana Sánchez-Gijón
2579,John Sharian
2580,Reg E. Cathey
2581,Anna Massey
2582,Matthew Romero
2583,Robert Long
2584,Colin Stinton
2585,Craig Stevenson
2586,Sandra Bullock
2587,Jeremy Northam
2588,Dennis Miller
2589,Diane Baker
2590,Wendy Gazelle
2591,Ken Howard
2592,Ray McKinnon
2593,Daniel Schorr
2594,L. Scott Caldwell
2595,Robert Gossett
2596,D.L. Hughley
2597,Kathy Bates
2598,Bradley Cooper
2599,Eric Dane
2600,Hector Elizondo
2601,Jamie Foxx
2602,Jennifer Garner
2603,Topher Grace
2604,Anne Hathaway
2605,Taylor Lautner
2606,George Lopez
2607,Shirley MacLaine
2608,Julia Roberts
2609,Taylor Swift
2610,Madeleine Mantock
2611,Sarah Jeffery
2612,Melonie Diaz
2613,Rupert Evans
2614,Ser'Darius Blain
2615,Ellen Tamaki
2616,Charlie Gillespie
2617,Tunde Aladese
2618,Omatta Udalor
2619,Terje Lien
2620,Ann Njemanze
2621,Anders Lidin Hansen
2622,Jenny Bonden
2623,Belinda Effah
2624,Anita Daniels
2625,Silje Drensgrud
2626,Torbjørn Jensen
2627,Astrid Bergès-Frisbey
2628,Sam Riley
2629,José Coronado
2630,Luis Tosar
2631,Emilio Gutiérrez Caba
2632,Axel Stein
2633,Daniel Holguín
2634,Famke Janssen
2635,Megan Hilty
2636,Parvesh Cheena
2637,Chris Diamantopoulos
2638,Megan Nicole Dong
2639,Jessie Mueller
2640,Josh Radnor
2641,Khaled Abol El Naga
2642,Souad Massi
2643,Suhail Haddad
2644,Malak Ermileh
2645,Maisa Abd Elhadi
2646,Walid Abdul Salam
2647,Nisreen Faour
2648,Areen Omari
2649,Metin Akpınar
2650,Demet Akbağ
2651,Umur Bugay
2652,Ahmet Gülhan
2653,Dikmen Gürün
2654,Kandemir Konduk
2655,Perran Kutman
2656,Zeynep Oral
2657,Nevra Serezli
2658,Selma Sonat
2659,Suat Sungur
2660,Ferhan Şensoy
2661,Cihat Tamer
2662,Demet Taner
2663,Chase Stokes
2664,Madelyn Cline
2665,Madison Bailey
2666,Jonathan Daviss
2667,Rudy Pankow
2668,Charles Esten
2669,Adina Porter
2670,Austin North
2671,Drew Starkey
2672,Yasmine Al Massri
2673,Ashraf Farah
2674,Ali Suliman
2675,Hiam Abbass
2676,Samia Kuzmoz Bakri
2677,Yosef Abu Wardeh
2678,Wardeh Dukwar
2679,Manal Awad
2680,Valentina Abu-'Aksa
2681,Ahmad Abu Sal'oum
2682,Wardeh Jubran
2683,Takeru Satoh
2684,Kasumi Arimura
2685,Issey Takahashi
2686,Nijiro Murakami
2687,Masanobu Ando
2688,Kazuki Kitamura
2689,Yosuke Eguchi
2690,Jean-Claude Van Damme
2691,Alban Ivanov
2692,Patrick Timsit
2693,Miou-Miou
2694,Assa Sylla
2695,Samir Decazza
2696,Valérie Kaprisky
2697,Djimo
2698,Nassim Lyes
2699,Damilola Adegbite
2700,Chris Attoh
2701,Chuks Chukwujekwu
2702,Bikiya Graham Douglas
2703,Jay Pharoah
2704,Sinqua Walls
2705,Tymberlee Hill
2706,Jeryl Prescott Gallien
2707,Christiani Pitts
2708,Karen Obilom
2709,Alexander Hodge
2710,T.J. Power
2711,Sylvaine Strike
2712,Kayne Lee Harrison
2713,Jake Foushee
2714,Jason Marnocha
2715,Linsay Rousseau
2716,Joe Zieja
2717,Frank Todaro
2718,Bill Rogers
2719,Keith Silverstein
2720,Edward Bosco
2721,Tessho Genda
2722,Chafurin
2723,Józef Pawłowski
2724,Zofia Domalik
2725,Szymon Bobrowski
2726,Bartłomiej Topa
2727,Janusz Chabior
2728,Rafał Zawierucha
2729,Antoni Pawlicki
2730,Cezary Łukaszewicz
2731,Danuta Stenka
2732,Jan Frycz
2733,Damian Majewski
2734,Grant Gustin
2735,Candice Patton
2736,Danielle Panabaker
2737,Carlos Valdes
2738,Tom Cavanagh
2739,Jesse L. Martin
2740,Neil Sandilands
2741,Britne Oldford
2742,Danielle Nicolet
2743,Keiynan Lonsdale
2744,Kim Engelbrecht
2745,Juan Pablo Urrego
2746,Sebastián Osorio
2747,Patricia Tamayo
2748,Verónica Velásquez
2749,María Camila Zárate
2750,Nicole Santamaría
2751,Eduardo Pérez
2752,Julian Farrieta
2753,Gustavo Angarita Jr.
2754,Carlos Manuel Vesga
2755,Helena Mallarino
2756,David Prada
2757,Margarita Reyes
2758,Adriana Silva
2759,Laura Rodríguez
2760,Angélica Blandón
2761,Maia Landaburu
2762,Jesús de los Ríos
2763,Daniel Ezra
2764,Taye Diggs
2765,Samantha Logan
2766,Bre-Z
2767,Greta Onieogou
2768,Monet Mazur
2769,Michael Evans Behling
2770,Cody Christian
2771,Karimah Westbrook
2772,Jalyn Hall
2773,Jordan Belfi
2774,Briana Lane
2775,Rana Daggubati
2776,Vijay Raaz
2777,Madhu Shalini
2778,Deepak Tijori
2779,Anjana Sukhani
2780,Manchu Lakshmi
2781,Jennifer Taylor
2782,Justin Schilling
2783,Emily Sweet
2784,Julia Terranova
2785,Patrick Cronen
2786,Richard Neil
2787,Maximilian Mundt
2788,Danilo Kamperidis
2789,Lena Klenke
2790,Damian Hardung
2791,Leonie Wesselow
2792,Luna Schaller
2793,Bjarne Mädel
2794,Roland Riebeling
2795,Jay Hatton
2796,Zoe Hatz
2797,Meesha Contreras
2798,Dylan Shombing
2799,Tyler Nathan
2800,Leo Orgil
2801,Michela Luci
2802,Ian Ho
2803,Evan Lefeuvre
2804,Annick Obonsawin
2805,Kriti Sanon
2806,Sai Tamhankar
2807,Manoj Pahwa
2808,Supriya Pathak
2809,Evelyn Edwards
2810,Joey Wells
2811,Will 'Spank' Horton
2812,Na'im Lynn
2813,Diane Kruger
2814,Martin Freeman
2815,Cas Anvar
2816,Rotem Keinan
2817,Yohanan Herson
2818,Andrew Lincoln
2819,Steven Yeun
2820,Norman Reedus
2821,Chandler Riggs
2822,Melissa McBride
2823,Lauren Cohan
2824,Danai Gurira
2825,Alanna Masterson
2826,Sonequa Martin-Green
2827,Christian Serratos
2828,Seth Gilliam
2829,Ross Marquand
2830,Lennie James
2831,Emily Kinney
2832,Melanie Scrofano
2833,Shamier Anderson
2834,Tim Rozon
2835,Dominique Provost-Chalkley
2836,Michael Eklund
2837,Katherine Barrell
2838,Greg Lawson
2839,Natascha Girgis
2840,Christoph Waltz
2841,Kerry Washington
2842,Walton Goggins
2843,Dennis Christopher
2844,James Remar
2845,David Steen
2846,Dana Gourrier
2847,Nichole Galicia
2848,Laura Cayouette
2849,Ato Essandoh
2850,Sammi Rotibi
2851,Escalante Lundy
2852,Don Johnson
2853,Emily Morris
2854,Stella Shute
2855,Eva Grados
2856,India Colombi
2857,Nina Pearce
2858,Adam Tuominen
2859,Carmel Johnson
2860,Natasha Wanganeen
2861,Elysia Markou
2862,Alexander Lloyd
2863,Amy Handley
2864,Phumelele Mthembu
2865,Anthony Goss
2866,Thami Buti
2867,Makhosazana Ndlovu
2868,Zandile Lujabe
2869,Gontse Ntshegang
2870,Roget Ellis
2871,Bridget Pike
2872,Boipelo Nokukhanya Tau
2873,James Raynolds
2874,Nji Alain
2875,Bongani Dlamin
2876,Aldo Escalante
2877,Ricardo Polanco
2878,Natalia Téllez
2879,Fabrizio Santini
2880,SeoJu Park
2881,María Chacón
2882,Giuseppe Gamba
2883,Sebastián Zurita
2884,Peri Baumeister
2885,Alexander Scheer
2886,Kais Setti
2887,Carl Koch
2888,Gordon Brown
2889,Roland Møller
2890,Chidi Ajufo
2891,Kai Ivo Baulitz
2892,Dominic Purcell
2893,Radhika Madan
2894,Amol Parashar
2895,Rohit Saraf
2896,Kajol Chugh
2897,Tanya Maniktala
2898,Mihir Ahuja
2899,Simran Jehani
2900,Sanjeeta Bhattacharya
2901,Saba Azaad
2902,Skand Thakur
2903,Zayn Marie Khan
2904,Neeraj Madhav
2905,Gianna Jun
2906,Park Byung-eun
2907,Kim Si-a
2908,Kim Roi-ha
2909,Mark Hamill
2910,Lena Headey
2911,Chris Wood
2912,Sarah Michelle Gellar
2913,Stephen Root
2914,Griffin Newman
2915,Tiffany Smith
2916,Henry Rollins
2917,Alan Oppenheimer
2918,Susan Eisenberg
2919,Alicia Silverstone
2920,Jason Mewes
2921,Tony Todd
2922,Cree Summer
2923,Kevin Michael Richardson
2924,Kevin Conroy
2925,Harley Quinn Smith
2926,Kevin Smith
2927,Robert David
2928,Verónica Sánchez
2929,Miguel Ángel Silvestre
2930,Asier Etxeandia
2931,Lali Espósito
2932,Yany Prado
2933,Enric Auquer
2934,Luis Zahera
2935,Carmen Santamaría
2936,Cecilia Gómez
2937,Godeliv Van den Brandt
2938,Penélope Guerrero
2939,Luisa Vides
2940,Niko Verona
2941,Chema Ruiz
2942,Shailene Woodley
2943,Callum Turner
2944,Joe Alwyn
2945,Nabhaan Rizwan
2946,Emma Appleton
2947,Christian Brassington
2948,Alice Orr-Ewing
2949,Lee Knight
2950,Zoe Boyle
2951,Ben Cross
2952,Diana Kent
2953,Arun Shekher
2954,Sanchit Wartak
2955,Disha
2956,Raju
2957,Pooja Punabi
2958,Mausam
2959,Parigna Pandya
2960,Colin Donnell
2961,Torrey DeVitto
2962,S. Epatha Merkerson
2963,Nick Gehlfuss
2964,Yaya DaCosta
2965,Laurie Holden
2966,Rachel House
2967,Briar Grace-Smith
2968,Tanea Heke
2969,Tioreore Ngatai-Melbourne
2970,Ana Scotney
2971,Hariata Moriarty
2972,Chelsie Preston Crayford
2973,Sylvia Rands
2974,Ramez Galal
2975,Jamila Awad
2976,Bayoumi Fouad
2977,Mohamed Abdel-Rahman
2978,Mohammed Tharwat
2979,Maha Abou Ouf
2980,Noor Kadri
2981,Elshahat Mabrouk
2982,Badriyyah Tulbah
2983,Taher Abu Lela
2984,Sara Derzawy
2985,Somegoro Ichikawa
2986,Hana Sugisaki
2987,Natsuki Hanae
2988,Yuuichirou Umehara
2989,Sumire Morohoshi
2990,Maaya Sakamoto
2991,Koichi Yamadera
2992,Elozonam Ogbolu
2993,Saeed Mohammed
2994,Chukwuemeka Okoroafor
2995,Kunle Fawole
2996,Chris Okagbue
2997,Adebayo Salami
2998,Charles Inojie
2999,Elvina Ibru
3000,Tobi Bakare
3001,Bruna Louise
3002,Emile Hirsch
3003,Lexi Medrano
3004,Charlie Saxton
3005,Kelsey Grammer
3006,Cole Sand
3007,Amy Landecker
3008,Jonathan Hyde
3009,Thomas F. Wilson
3010,Lauren Tom
3011,Diego Luna
3012,Tatiana Maslany
3013,Nick Offerman
3014,Nick Frost
3015,Colin O'Donoghue
3016,Piotr Michael
3017,Kay Bess
3018,Angel Lin
3019,Molly Bernard
3020,Patrick Breen
3021,Robin de Jesús
3022,Ava Eisenson
3023,Ade Otukoya
3024,Rodrigo de la Serna
3025,Diego Alonso
3026,Ariel Staltari
3027,Franco Tirri
3028,Ana Celentano
3029,Rosina Soto
3030,Augusto Brítez
3031,Dante Mastropierro
3032,Susana Manchini
3033,Diana Wells
3034,Lee Dong-wook
3035,Yoo In-na
3036,Lee Sang-woo
3037,Son Sung-yoon
3038,Oh Jung-se
3039,Shim Hyoung-tak
3040,Jang So-yeon
3041,Park Ji-hwan
3042,Lee Jun-hyuk
3043,Faisal Al Dokhei
3044,Adwa Fahad
3045,Muhand Alsaleh
3046,Rawya Ahmed
3047,Ajeba Aldosary
3048,Aly Ibrahim
3049,Samer Elkhal
3050,Hashem Hawsawi
3051,Ibrahim Mesisebi
3052,Shabib Alkhaleefa
3053,Abdulateif Saud
3054,Nada Alshehry
3055,Dhay Nasser
3056,Frank Grillo
3057,Brandon Thomas Lee
3058,Corey Large
3059,Perrey Reeves
3060,C.J. Perry
3061,Lochlyn Munro
3062,Costas Mandylor
3063,Adelaide Kane
3064,Eva De Dominici
3065,Sarah May Sommers
3066,Trevor Gretzky
3067,Mawuli Gavor
3068,Ajoke Silva
3069,Toyin Abraham
3070,Okey Uzoeshi
3071,Efe Irele
3072,Panisara Rikulsurakan
3073,Kay Lertsittichai
3074,Supanaree Sutavijitvong
3075,Krit Jeerapattananuwong
3076,Warisara Jitpreedasakul
3077,Dujdao Vadhanapakorn
3078,Kim Waddoup
3079,Philaiwan Khamphirathat
3080,Wongsakorn Rassamitat
3081,Bhumibhat Thavornsiri
3082,Ashley Zukerman
3083,Olivia Scott Welch
3084,Benjamin Flores Jr.
3085,Darrell Britt-Gibson
3086,Sadie Sink
3087,Emily Rudd
3088,McCabe Slye
3089,Julia Rehwald
3090,Fred Hechinger
3091,Jordana Spiro
3092,Jordyn DiNatale
3093,James Arnold Taylor
3094,Maryke Hendrikse
3095,Emily Tennant
3096,Damián Alcázar
3097,Pedro Armendáriz Jr.
3098,Delia Casanova
3099,Juan Carlos Colombo
3100,Alex Cox
3101,Guillermo Gil
3102,Ernesto Gómez Cruz
3103,Leticia Huijara
3104,Luis de Icaza
3105,Eduardo López Rojas
3106,Manuel Ojeda
3107,Salvador Sánchez
3108,Evangelina Sosa
3109,Isela Vega
3110,Colin Farrell
3111,Kirsten Dunst
3112,Elle Fanning
3113,Oona Laurence
3114,Angourie Rice
3115,Addison Riecke
3116,Emma Howard
3117,Naomi Watts
3118,Jaeden Martell
3119,Jacob Tremblay
3120,Dean Norris
3121,Lee Pace
3122,Maddie Ziegler
3123,Tonya Pinkins
3124,Bobby Moynihan
3125,Geraldine Hughes
3126,Kristen Stewart
3127,Robert Pattinson
3128,Billy Burke
3129,Peter Facinelli
3130,Elizabeth Reaser
3131,Nikki Reed
3132,Jackson Rathbone
3133,Bryce Dallas Howard
3134,Dakota Fanning
3135,Rachelle Lefevre
3136,Michael Sheen
3137,Edi Gathegi
3138,Cam Gigandet
3139,Anna Kendrick
3140,Nadya Arina
3141,Refal Hady
3142,Giorgino Abraham
3143,Anggika Bolsterli
3144,Laura Theux
3145,Christine Hakim
3146,Unique Priscilla
3147,Karina Suwandi
3148,Mathias Muchus
3149,Ayu Laksmi
3150,I Made Sidia
3151,Dominique Sanda
3152,Bryan Domani
3153,Wafda Saifan
3154,Yayu Unru
3155,Dave Hendrik
3156,Chikahiro Kobayashi
3157,Sayaka Senbongi
3158,Junya Enoki
3159,Takeo Otsuka
3160,Naoto Kobayashi
3161,Yoshiyuki Shimozuma
3162,Nobuhiko Okamoto
3163,Fukushi Ochiai
3164,Takaaki Torashima
3165,Sayumi Watabe
3166,Genki Muro
3167,Yuichi Iguchi
3168,Yuko Hara
3169,Ikuto Kanemasa
3170,Ouchi Akane
3171,Hibiku Yamamura
3172,Sakura Ando
3173,Mitsuaki Hoshino
3174,Kenyu Horiuchi
3175,Cheech Marin
3176,Tommy Chong
3177,Susan Hahn
3178,Carol van Herwijnen
3179,Shireen Strooker
3180,Emicida
3181,Park Min-young
3182,Kim Jae-uk
3183,Ahn Bo-hyun
3184,Jung Je-won
3185,Park Jin-joo
3186,Kim Bo-ra
3187,Maeng Sang-hun
3188,Kim Mee-kyung
3189,Kim Sun-young
3190,Lee Il-hwa
3191,Piolo Pascual
3192,Alessandra de Rossi
3193,KC Montero
3194,Alex Medina
3195,Jess Mendoza
3196,Helga Krapf
3197,Joyce Ann Burton
3198,Luz Valdez
3199,Maitreyi Ramakrishnan
3200,Poorna Jagannathan
3201,Richa Moorjani
3202,Jaren Lewison
3203,Darren Barnet
3204,John McEnroe
3205,Ramona Young
3206,Lee Rodriguez
3207,Adam Shapiro
3208,Niecy Nash
3209,Cocoa Brown
3210,Lily D. Moore
3211,Eddie Liu
3212,Shia LaBeouf
3213,Zooey Deschanel
3214,Jon Heder
3215,Mario Cantone
3216,Kelly Slater
3217,Rob Machado
3218,Sal Masekela
3219,Younes Bouab
3220,Salah Bensalah
3221,Bouchaib Essamak
3222,Mohamed Naimane
3223,Anas Elbaz
3224,Hassan Ben Badida
3225,Abdelghani Kitab
3226,Ahmed Yarziz
3227,Rachid El Adouani
3228,Mohamed El Moutamassik
3229,Abdel Ghani Benizza
3230,Adam Morjany
3231,Matilda Lutz
3232,Francesco Russo
3233,Peppino Mazzotta
3234,Will Merrick
3235,Yuliia Sobol
3236,Alida Baldari Calabria
3237,Cristina Donadio
3238,Francesca Cavallin
3239,Karen Gillan
3240,Carla Gugino
3241,Chloe Coleman
3242,Michelle Yeoh
3243,Paul Giamatti
3244,Ralph Ineson
3245,Adam Nagaitis
3246,Michael Smiley
3247,Freya Allan
3248,Daniel Giménez Cacho
3249,Louis Morissette
3250,Émilie Bierre
3251,Catherine Chabot
3252,Xavier Lebel
3253,Isabelle Guérard
3254,Gilles Renaud
3255,Alexandre Goyette
3256,Jean-Carl Boucher
3257,Louise Portal
3258,Hong Chau
3259,Sarah Gadon
3260,John Gallagher Jr.
3261,Lola Kirke
3262,Ellen Burstyn
3263,David Cubitt
3264,Jordan Pettle
3265,Richard Walters
3266,London Hughes
3267,Fortune Feimster
3268,Olumide Oworu
3269,Gbemi Akinlade
3270,Ireti Doyle
3271,Norbert Young
3272,Broda Shaggi
3273,Iara Nemirovsky
3274,Laraine Newman
3275,Tyler Shamy
3276,Ezra Menas
3277,Ashlyn Madden
3278,Sutton Foster
3279,Jesse Eisenberg
3280,Bill Pullman
3281,Lavell Crawford
3282,Stuart Greer
3283,Iva Pazderková
3284,Lukáš Pavlásek
3285,Daniel Čech
3286,Petr Cerha
3287,Ondřej Havlík
3288,Radek Petráš
3289,Zbyněk Vičar
3290,Pavel Tomeš
3291,Nela Berg
3292,Miloš Knor
3293,Tomáš Matonoha
3294,Ester Kočičková
3295,Michal Kavalčík
3296,Richard Nedvěd
3297,Keir Gilchrist
3298,Brigette Lundy-Paine
3299,Amy Okuda
3300,Jenna Boyd
3301,Graham Rogers
3302,Nik Dodani
3303,Jessica Schwarz
3304,Adrian Julius Tillmann
3305,Thomas Prenn
3306,Jing Xiang
3307,Caro Cult
3308,Sebastian Jakob Doppelbauer
3309,Ryan Simpkins
3310,Ted Sutherland
3311,Chiara Aurelia
3312,Munachi Abii
3313,Kehinde Bankole
3314,Charles Etubiebi
3315,Paul Utomi
3316,Tope Tedela
3317,Demi Banwo
3318,Teniola Aladese
3319,Delroy Norman
3320,Omowunmi Dada
3321,Pio Marmaï
3322,Vimala Pons
3323,Benoît Poelvoorde
3324,Leïla Bekhti
3325,Swann Arlaud
3326,Gilles Cohen
3327,Léonie Souchaud
3328,Camille Japy
3329,Louis Peres
3330,Théo Christine
3331,Peter Dinklage
3332,Fatih Şahin
3333,Ece Çeşmioğlu
3334,Halit Özgür Sarı
3335,Aslıhan Malbora
3336,Eray Ertüren
3337,Eren Ören
3338,Ozan Kaya Oktu
3339,Talha Öztürk
3340,Merve Nur Bengi
3341,Sümeyye Aydoğan
3342,Lee Su-geun
3343,David Pinard
3344,Joelle Farrow
3345,Torri Higginson
3346,Tommie-Amber Pirie
3347,John Goodman
3348,Bella Thorne
3349,Jim Ward
3350,Armin Shimerman
3351,Vincent Tong
3352,Andrew Cownden
3353,Michelle Jenner
3354,Roberto Enríquez
3355,Hugo Silva
3356,María Hervás
3357,Agnès Llobet
3358,Paula Usero
3359,Jean Cruz
3360,Óscar Rabadán
3361,Fiorella Faltoyano
3362,Nancho Novo
3363,Silvia Abascal
3364,Mónica López
3365,Alexandra Breckenridge
3366,Martin Henderson
3367,Tim Matheson
3368,Annette O'Toole
3369,Colin Lawrence
3370,Jenny Cooper
3371,Lauren Hammersley
3372,Jassim Al Nabhan
3373,Abdel Imam Abdullah
3374,Abdulaziz El Nassar
3375,Khalid Muthafar
3376,Amal Anbari
3377,Ali Al-Hamdaan
3378,El Hussein Abd
3379,Nawaf Al Shemmeri
3380,Bashar Abd Alah
3381,Naser Albouloshy
3382,Reese Witherspoon
3383,Candice Bergen
3384,Nat Wolff
3385,Jon Rudnitsky
3386,Pico Alexander
3387,Lake Bell
3388,Reid Scott
3389,Dolly Wells
3390,Lola Flanery
3391,Eden Grace Redfield
3392,Patrick Schwarzenegger
3393,Rob Riggle
3394,Quinn Shephard
3395,Suleka Mathew
3396,Tiera Skovbye
3397,Ken Tremblett
3398,Norm Misura
3399,Austin Obiajunwa
3400,Nicholas Coombe
3401,Nick Apostolides
3402,Stephanie Panisello
3403,Jona Xiao
3404,Billy Kametz
3405,Joe J. Thomas
3406,Doug Stone
3407,Brad Venable
3408,Fumihiko Tachiki
3409,Aruno Tahara
3410,Mitsuru Ogata
3411,Bill Murray
3412,Scott Caan
3413,Leem Lubany
3414,Arian Moayed
3415,Taylor Kinney
3416,Glenn Fleshler
3417,Paul Walker
3418,David Belle
3419,Gouchy Boy
3420,Catalina Denis
3421,Ayisha Issa
3422,Carlo Rota
3423,Andreas Apergis
3424,Richard Zeman
3425,Robert Maillet
3426,Omoni Oboli
3427,Brian Hooks
3428,Stephanie Linus
3429,Merlisa Determined
3430,Pascal Atuma
3431,Derel Isaac
3432,Naima Sundiata
3433,Chealse Howell
3434,Dashawn Francis
3435,Percy Anane-Dwumfour
3436,Tikhon Zhiznevskiy
3437,Lyubov Aksyonova
3438,Alexei Maklakov
3439,Aleksandr Seteykin
3440,Sergei Goroshko
3441,Dmitriy Chebotarev
3442,Mikhail Evlanov
3443,Oleg Chugunov
3444,Vitali Khayev
3445,Anton Bogdanov
3446,Nikita Kologrivy
3447,Yuriy Nasonov
3448,Kunle Remi
3449,Adunni Ade
3450,Chinyere Wilfred
3451,Olive Emodi
3452,Rekiya Attah
3453,Opeyemi Ayeola
3454,Joseph Benjamin
3455,Joke Silva
3456,Ahmed Yerima
3457,Sade Alder-Hayes
3458,Andrzej Seweryn
3459,Dawid Ogrodnik
3460,Zofia Wichłacz
3461,Magdalena Walach
3462,Piotr Fronczewski
3463,Agnieszka Żulewska
3464,Ireneusz Czop
3465,Zbigniew Waleryś
3466,Jacek Beler
3467,Nel Kaczmarek
3468,Vanessa Bauche
3469,Ana Layevska
3470,Mark Tacher
3471,Elyfer Torres
3472,Armando Said
3473,Christian Vazquez
3474,Marco León
3475,Loreto Peralta
3476,Isabella Patrón
3477,Sara Isabel Quintero
3478,Cecilia de los Santos Vargas
3479,Ermelinde Simo Sakah Jing
3480,Alenne Menget
3481,Syndy Emade
3482,Lucie Memba Boss
3483,Neba Godwill Awantu
3484,Otia Vitalis
3485,Flora Ndula Obassi
3486,Merits Kayla
3487,Saskia Hampele
3488,Liam McIntyre
3489,Lynn Gilmartin
3490,Craig Horner
3491,Koye Kekere Ekun
3492,Shawn Faqua
3493,Frank Donga
3494,Lucianne Akpabio
3495,Angel Unigwe
3496,Kalu Ikeagwu
3497,Enado Odigie
3498,Wofai Egu Ewa
3499,Eric Obinna
3500,Peter Yu
3501,Liu Xiaoyi
3502,Guo Yue
3503,Ishtiaque Zico
3504,Jack Tan
3505,Judy Greer
3506,Gregg Spiridellis
3507,Jennette McCurdy
3508,Jesse Carere
3509,Ryan Allen
3510,Justin Kelly
3511,Kyle Mac
3512,Jack Murray
3513,Brooke Palsson
3514,Jim Watson
3515,Wesley Morgan
3516,Krystal Hope Nausbaum
3517,Shailene Garnett
3518,Canute Gomes
3519,Sarah Podemski
3520,Shailyn Pierre-Dixon
3521,Jesse Bostick
3522,Steven Grayhm
3523,Percy Hynes White
3524,Mercedes Morris
3525,Samantha Munro
3526,Raphaelle Bruneau
3527,Sophie Landresse
3528,Marie-Line Landerwyn
3529,Géraldine Frippiat
3530,Carole Baillien
3531,Bruno Mullenaerts
3532,Frédéric Meaux
3533,Sarah Wayne Callies
3534,Peter Jacobson
3535,Amanda Righetti
3536,Tory Kittles
3537,Alex Neustaedter
3538,Greg Davies
3539,Helen Baxendale
3540,Tamla Kari
3541,Tyger Drew-Honey
3542,Esther Smith
3543,Saoirse-Monica Jackson
3544,Nicola Coughlan
3545,Louisa Harland
3546,Jamie-Lee O'Donnell
3547,Dylan Llewellyn
3548,Tara Lynne O'Neill
3549,Kathy Kiera Clarke
3550,Tommy Tiernan
3551,Siobhan McSweeney
3552,Chicha Amatayakul
3553,Thanawetch Siriwattanakul
3554,Pajaree Nantarat
3555,Thitinan Khlangphet
3556,Chonnikan Netjui
3557,Nutthasit Kotimanuswanich
3558,Tatchapol Thitiapichai
3559,Chanicha Boonpanuvichit
3560,Morakot Liu
3561,Ekawat Niratvorapanya
3562,Anuchit Sapanpong
3563,Awat Ratanapintha
3564,Claudia Chakrapan
3565,Piyathida Woramusik
3566,Apasiri Kittithanon
3567,Kunchanuj Kengkarnka
3568,Nutnicha Lueanganankhun
3569,Haruka Fukuhara
3570,Shunya Shiraishi
3571,Dori Sakurada
3572,Moe Arai
3573,Kentaro
3574,Shugo Nagashima
3575,Koya Nagasawa
3576,Hinako Tanaka
3577,Tomoharu Hasegawa
3578,Tomoko Fujita
3579,Erika Mori
3580,Kei Tanaka
3581,Yosuke Sugino
3582,Maryjun Takahashi
3583,Itsuki Sagara
3584,Madoka Yoshida
3585,Deepak Dobriyal
3586,Sarika Singh
3587,Isha Talwar
3588,Kaurwakee Vashistha
3589,Amitabh Srivastava
3590,Vikas Verma
3591,Tim Robinson
3592,Sam Richardson
3593,Will Forte
3594,Fred Willard
3595,Cecily Strong
3596,Tim Heidecker
3597,Kate Berlant
3598,Paul Sun-Hyung Lee
3599,Jean Yoon
3600,Andrea Bang
3601,Simu Liu
3602,Andrew Phung
3603,Nicole Power
3604,Anna Friel
3605,Nicholas Pinnock
3606,Sinéad Cusack
3607,Nina Sosanya
3608,Harry Lloyd
3609,Laura Carmichael
3610,Maeve Dermody
3611,Ian Puleston-Davies
3612,Patrick Baladi
3613,Florence Pugh
3614,Jamie Bamber
3615,Charlie Covell
3616,Andrew Lancel
3617,Jack Doolan
3618,Tobias Santelmann
3619,Stephen Lord
3620,Ben Cura
3621,Imogen Faires
3622,Kaoru Kobayashi
3623,Joe Odagiri
3624,Mansaku Fuwa
3625,Reiko Kataoka
3626,Koen Kondo
3627,Bsaku Sato
3628,Hirofumi Arai
3629,Mamiko Itoh
3630,Yuma Yamoto
3631,Yoshinori Okada
3632,Ah-sung Ko
3633,Kosuke Toyohara
3634,Yoshiyuki Morishita
3635,Junko Miyashita
3636,Tamaki Ogawa
3637,Toru Kazama
3638,Kotaro Shiga
3639,Mitsuru Hirata
3640,Toshiki Ayata
3641,Shohei Uno
3642,Tamae Ando
3643,Risa Sudou
3644,Asako Kobayashi
3645,Takashi Yamanaka
3646,Yutaka Matsushige
3647,Ken Mitsuishi
3648,Mikako Tabe
3649,Kimiko Yo
3650,Ashleigh Ball
3651,Tabitha St. Germain
3652,Andrea Libman
3653,Cathy Weseluck
3654,Nicole Oliver
3655,Taylor Schilling
3656,Kate Mulgrew
3657,Laura Prepon
3658,Jason Biggs
3659,Michael Harney
3660,Danielle Brooks
3661,Samira Wiley
3662,Dascha Polanco
3663,Selenis Leyva
3664,Nick Sandow
3665,Yael Stone
3666,Taryn Manning
3667,Lea DeLaria
3668,Matt McGorry
3669,Emma Myles
3670,Vicky Jeudy
3671,Laverne Cox
3672,Pablo Schreiber
3673,Lori Petty
3674,Adrienne C. Moore
3675,Jackie Cruz
3676,Elizabeth Rodriguez
3677,Kate McCafferty
3678,Sally McDaid
3679,Geraldine Cole
3680,Brian McMonagle
3681,Darragh Gargan
3682,Guggu Gill
3683,Sukhjinder Shera
3684,Surinder Shinda
3685,Deep Dhillon
3686,Jasmine Jassi
3687,Gurvinder Brar
3688,Razia Sukhvir
3689,Raj Virk
3690,Majida El Roumi
3691,Souheir El Morshidy
3692,Shoukry Sarhan
3693,Huda Sultan
3694,Mahmoud El Meleigy
3695,Ahmad Mehrez
3696,Hesham Selim
3697,Joshua Carlon
3698,Lauren Taylor
3699,Jenna Ortega
3700,Kiff VandenHeuvel
3701,Brooke Wexler
3702,Remy Ishak
3703,Mira Filzah
3704,Sangeeta Krishnasamy
3705,Shashi Tharan
3706,Mark O'Dea
3707,Jenn Chia
3708,Sharifah Sakinah
3709,Willa Fitzgerald
3710,Bex Taylor-Klaus
3711,John Karna
3712,Amadeus Serafini
3713,Connor Weil
3714,Carlson Young
3715,Jason Wiles
3716,Tracy Middendorf
3717,Tom Maden
3718,Bobby Campo
3719,Santiago Segura
3720,Mike Vaughn
3721,Doval'e Glickman
3722,Michael Aloni
3723,Ayelet Zurer
3724,Neta Riskin
3725,Shira Haas
3726,Sarel Piterman
3727,Zohar Shtrauss
3728,Orly Silbersatz Banai
3729,Sasson Gabai
3730,Shlomo Shitrit
3731,Maudy Koesnaedi
3732,Rano Karno
3733,Cornelia Agatha
3734,Mandra Naih
3735,Aminah Tjendrakasih
3736,Suty Karno
3737,Adam Jagwani
3738,Kolton Stewart
3739,Harrison Houde
3740,Charlie Storwick
3741,Sydney Scotia
3742,Ellie Harvie
3743,Dylan Playfair
3744,Darren Jew
3745,Art Wolfe
3746,Krystle Wright
3747,Peter Eastway
3748,Richard l’Anson
3749,Jack Thompson
3750,Jonathan Scott
3751,Angela Scott
3752,Eric Cheng
3753,Stephen Dupont
3754,You
3755,Reina Triendl
3756,Yoshimi Tokui
3757,Azusa Babazono
3758,Ryota Yamasato
3759,Shono Hayama
3760,Lisa Ambalavanar
3761,Ellie Duckles
3762,Savannah Baker
3763,Cian Barry
3764,Eleanor Bennett
3765,Jacob Dudman
3766,Rosie Dwyer
3767,Jack Kane
3768,Max Lohan
3769,Nneka Okoye
3770,Micheal Ward
3771,Georgina Sadler
3772,Indianna Ryan
3773,Chai Hansen
3774,Luciane Buchanan
3775,Josh Thomson
3776,Emilie Cocquerel
3777,Josh McKenzie
3778,Jordan Mooney
3779,Jarred Blakiston
3780,Bella Ramsey
3781,Clare Higgins
3782,Meibh Campbell
3783,Raquel Cassidy
3784,Jenny Richardson
3785,Miriam Petche
3786,Tallulah Milligan
3787,Wendy Craig
3788,Shauna Shim
3789,Makrand Deshpande
3790,Kranti Redkar
3791,Mukesh Rishi
3792,Smita Tambe
3793,Aaditi Pohankar
3794,Sahil Gilbile
3795,Jyoti Joshi
3796,Mala Sinha
3797,Shammi Kapoor
3798,Raaj Kumar
3799,Leela Chitnis
3800,Dhumal
3801,Kumkum
3802,Tom Waes
3803,Anna Drijver
3804,Frank Lammers
3805,Elise Schaap
3806,Raymond Thiry
3807,Kris Cuppens
3808,Kevin Janssens
3809,Huub Smit
3810,Catherine Reitman
3811,Dani Kind
3812,Juno Rinaldi
3813,Jessalyn Wanlim
3814,Philip Sternberg
3815,Ryan Belleville
3816,Olunike Adeliyi
3817,Dennis Andres
3818,Sarah McVie
3819,Peter Keleghan
3820,Kira Buckland
3821,Ryan Bartley
3822,Bryce Papenbrook
3823,Cassandra Morris
3824,Lucien Dodge
3825,Kyle Hebert
3826,Seo Hyun-jin
3827,Kim Dong-wook
3828,Yoon Bak
3829,Nam Gyu-ri
3830,Kim Ye-won
3831,Han Min
3832,Lee Hae-yeong
3833,Ji Seung-hyun
3834,Kim Seo-kyung
3835,Hwang Seung-un
3836,Oh Hyun-kyung
3837,Kang Hoon
3838,Park Sang-nam
3839,Baek Hyun-joo
3840,Park Ye-ni
3841,Yun Ji-on
3842,Kim Ri-woo
3843,Park Ki-deok
3844,Yun Sang-jeong
3845,Ji Hye-in
3846,Kim Myung-jun
3847,H.E.R.
3848,Adam Lambert
3849,Cordae
3850,Kristen Anderson-Lopez
3851,Brittany Howard
3852,Robert Lopez
3853,Brandi Carlile
3854,Kyle Harvey
3855,Bebe Rexha
3856,Andra Day
3857,Janelle Monáe
3858,Amanda Gorman
3859,Ellen Pompeo
3860,Katherine Heigl
3861,Justin Chambers
3862,Chandra Wilson
3863,T.R. Knight
3864,James Pickens Jr.
3865,Isaiah Washington
3866,Sara Ramirez
3867,Chyler Leigh
3868,Kate Walsh
3869,Kevin McKidd
3870,Jessica Capshaw
3871,Maya Hawke
3872,Taapsee Pannu
3873,Vikrant Massey
3874,Harshvardhan Rane
3875,Aditya Srivastava
3876,Yamini Das
3877,Christian De Sica
3878,Massimo Boldi
3879,Lucia Mascino
3880,Paola Minaccioni
3881,Herbert Ballerina
3882,Denise Tantucci
3883,Fiammetta Cicogna
3884,Francesco Bruni
3885,Alessandro Bisegna
3886,Carl Malapa
3887,Nemo Schiffman
3888,Manon Bresch
3889,Corentin Fila
3890,Anaïs Thomas
3891,Firmine Richard
3892,Raphaëlle Agogué
3893,Marvin Dubart
3894,Léa Léviant
3895,Stéphane Brel
3896,Stan Nze
3897,Bucci Franklin
3898,Odera Adimorah
3899,Elma Mbadiwe
3900,Brutus Richard
3901,Sonny McDon
3902,Chiwetalu Agu
3903,Song Kang-ho
3904,Ed Harris
3905,John Hurt
3906,Tilda Swinton
3907,Jamie Bell
3908,Octavia Spencer
3909,Ewen Bremner
3910,Alison Pill
3911,Adnan Haskovic
3912,Vlad Ivanov
3913,Ko A-sung
3914,Luke Pasqualino
3915,Lee Sung-min
3916,Park Hae-joon
3917,Kim You-jung
3918,Nam Da-reum
3919,Choi Jin-ho
3920,Kim Dong-yeong
3921,Lee Eal
3922,Helen Mirren
3923,Jason Clarke
3924,Sarah Snook
3925,Angus Sampson
3926,Finn Scicluna-O'Prey
3927,Laura Brent
3928,Tyler Coppin
3929,Eamon Farren
3930,Bruce Spence
3931,Joe Flanigan
3932,Anna-Louise Plowman
3933,Charlotte Beaumont
3934,Steve Nicolson
3935,Uriel Emil
3936,Louis Dempsey
3937,Mark Lewis
3938,Kristopher Van Varenberg
3939,Bianca Brigitte VanDamme
3940,Wendy Crewson
3941,Paul Guilfoyle
3942,Liesel Matthews
3943,Dean Stockwell
3944,Xander Berkeley
3945,Elya Baskin
3946,David Vadim
3947,Tom Everett
3948,Spencer Garrett
3949,Mike Myers
3950,Beyoncé Knowles-Carter
3951,Seth Green
3952,Michael York
3953,Robert Wagner
3954,Mindy Sterling
3955,Verne Troyer
3956,Fred Savage
3957,Elizabeth Hurley
3958,Mimi Rogers
3959,Fabiana Udenio
3960,Paul Dillon
3961,Charles Napier
3962,Will Ferrell
3963,Heather Graham
3964,Rob Lowe
3965,Mark Wahlberg
3966,Burt Reynolds
3967,Don Cheadle
3968,Kimie Tsukakoshi
3969,Elizabeth Cullen
3970,Mia Milnes
3971,Julian Cullen
3972,Rainbow Wedell
3973,Jamie Carter
3974,Christopher Sommers
3975,Cameron Diaz
3976,Drew Barrymore
3977,Lucy Liu
3978,Sam Rockwell
3979,Kelly Lynch
3980,Tim Curry
3981,Matt LeBlanc
3982,Tom Green
3983,Luke Wilson
3984,Dylan Walsh
3985,Laura Linney
3986,Ernie Hudson
3987,Joe Don Baker
3988,Grant Heslov
3989,Adewale Akinnuoye-Agbaje
3990,Mary Ellen Trainor
3991,Walter Matthau
3992,Mason Gamble
3993,Joan Plowright
3994,Christopher Lloyd
3995,Robert Stanton
3996,Tran Nghia
3997,Truc Anh
3998,Tran Phong
3999,Khanh Van
4000,Nguyen Lam Thao Tam
4001,Hung Vo
4002,Pham Dinh Thai Ngan
4003,Lam Bao Danh
4004,Nguyen Ngoc Huyen Dieu
4005,Truong Hoang Hanh Thy
4006,Mona Bao Tien
4007,Mai Cat Vi
4008,Wang Kai
4009,Louis Koo
4010,Han Geng
4011,Tony Yang
4012,Carina Lau
4013,NaZha
4014,Lam Suet
4015,Justin Cheung
4016,Ray Lui
4017,Yuan Wenkang
4018,Angelo Spagnoletti
4019,Cristina Cappelli
4020,Alfredo Cerrone
4021,Azzurra Iacone
4022,Gianluca Colucci (Fru)
4023,Gennaro Filippone
4024,Fabio Balsamo
4025,Egidio Mercurio
4026,Sebastiano Kiniger
4027,Biagio Forestieri
4028,Sveva Simeone
4029,Ilenia Zanfardino
4030,Roberta Migliucci
4031,Claudia Tranchese
4032,Lesley Manville
4033,Jason Watkins
4034,James Norton
4035,Phil Davis
4036,Dustin Hoffman
4037,Ian McShane
4038,Jackie Chan
4039,David Cross
4040,Randall Duk Kim
4041,Josh Duhamel
4042,Alexis Clagett
4043,Brynn Clagett
4044,Brooke Clagett
4045,Hayes MacArthur
4046,Sarah Burns
4047,Jessica St. Clair
4048,Rooney Mara
4049,Joaquin Phoenix
4050,Chiwetel Ejiofor
4051,Tahar Rahim
4052,Ariane Labed
4053,Denis Ménochet
4054,Lubna Azabal
4055,Tchéky Karyo
4056,Charles Babalola
4057,Tawfeek Barhom
4058,Ryan Corr
4059,Uri Gavriel
4060,Tsahi Halevi
4061,Michael Moshonov
4062,Malik Nejer
4063,Abdulaziz Alshehri
4064,Mazroa Almazroa
4065,Lama Alfard
4066,Yousef Aldakheel
4067,Ibraheem Hajjaj
4068,Nawaf Alshubaili
4069,Sohayb Godus
4070,Shahad Alahmari
4071,Zhang Ziyi
4072,Koji Yakusho
4073,Kaori Momoi
4074,Youki Kudoh
4075,Gong Li
4076,Cary-Hiroyuki Tagawa
4077,Mako Iwamatsu
4078,Navia Nguyen
4079,Karl Yune
4080,Yaphet Kotto
4081,John Ashton
4082,Dennis Farina
4083,Joe Pantoliano
4084,Richard Foronjy
4085,Robert Miranda
4086,Jack Kehoe
4087,Wendy Phillips
4088,Christophe Lambert
4089,Robin Shou
4090,Linden Ashby
4091,Bridgette Wilson-Sampras
4092,Talisa Soto
4093,Trevor Goddard
4094,Chris Casamassa
4095,François Petit
4096,Keith Cooke
4097,Jennifer Aniston
4098,Jason Sudeikis
4099,Britt Robertson
4100,Margo Martindale
4101,Shay Mitchell
4102,Jon Lovitz
4103,Cameron Esposito
4104,Aasif Mandvi
4105,Sarah Chalke
4106,Cary Elwes
4107,Greta Gerwig
4108,Olivia Thirlby
4109,Jake Johnson
4110,Mindy Kaling
4111,Talia Balsam
4112,Jaime Pressly
4113,Eric Christian Olsen
4114,Mia Kirshner
4115,Deon Richmond
4116,Eric Jungmann
4117,Ron Lester
4118,Cody McMains
4119,Sam Huntington
4120,Lacey Chabert
4121,JoAnna Garcia Swisher
4122,Samm Levine
4123,Cerina Vincent
4124,Daisy Ridley
4125,Clive Owen
4126,George MacKay
4127,Tom Felton
4128,Devon Terrell
4129,Dominic Mafham
4130,Daisy Head
4131,Edward Furlong
4132,Anthony Edwards
4133,Clancy Brown
4134,Jared Rushton
4135,Darlanne Fluegel
4136,Jason McGuire
4137,Sarah Trigger
4138,Lisa Waltz
4139,Jim Peck
4140,Len Hunt
4141,Adinia Wirasti
4142,Marissa Anita
4143,Faradina Mufti
4144,Teuku Rifnu Wikana
4145,Arawinda Kirana
4146,Abdurrahman Arif
4147,Verdi Solaiman
4148,Kiki Narendra
4149,Brigitta Cynthia
4150,Roy Sungkono
4151,Windy Apsari
4152,Penelope Rawlins
4153,Juliette Crosbie
4154,Zehra Naqvi
4155,Phillipa Alexander
4156,Aileen Mythen
4157,Judi Dench
4158,Sophie Cookson
4159,Tom Hughes
4160,Tereza Srbová
4161,Stephen Campbell Moore
4162,Ben Miles
4163,Freddie Gaminara
4164,Robin Soans
4165,Kevin Fuller
4166,Kotono Mitsuishi
4167,Hisako Kanemoto
4168,Rina Satou
4169,Ami Koshimizu
4170,Shizuka Ito
4171,Ryo Hirohashi
4172,Misa Watanabe
4173,Will Smith
4174,Barry Pepper
4175,Elpidia Carrillo
4176,Robinne Lee
4177,Joe Nunez
4178,Tim Kelleher
4179,Gina Hecht
4180,Andy Milder
4181,Judyann Elder
4182,Sarah Jane Morris
4183,Jay Baruchel
4184,Alice Eve
4185,T.J. Miller
4186,Nate Torrence
4187,Geoff Stults
4188,Lindsay Sloane
4189,Andrew Daly
4190,Jasika Nicole
4191,Kyle Bornheimer
4192,Mark Webber
4193,Jean Smart
4194,Schuyler Fisk
4195,Iggy Pop
4196,John Schneider
4197,Chevy Chase
4198,Zena Grey
4199,Josh Peck
4200,Chris Pine
4201,Zachary Quinto
4202,Karl Urban
4203,Simon Pegg
4204,John Cho
4205,Eric Bana
4206,Leonard Nimoy
4207,Bruce Greenwood
4208,Winona Ryder
4209,Jonathan Lipnicki
4210,Geena Davis
4211,Hugh Laurie
4212,Nathan Lane
4213,Marc Maron
4214,Jon Bass
4215,Michaela Watkins
4216,Jillian Bell
4217,Toby Huss
4218,Dan Bakkedahl
4219,Lynn Shelton
4220,Whitmer Thomas
4221,Sacha Baron Cohen
4222,Leslie Bibb
4223,Jane Lynch
4224,George Clooney
4225,Violante Placido
4226,Thekla Reuten
4227,Paolo Bonacelli
4228,Johan Leysen
4229,Irina Björklund
4230,Filippo Timi
4231,Anna Foglietta
4232,Björn Granath
4233,Taraji P. Henson
4234,Babou Ceesay
4235,Anne Heche
4236,Wes Bentley
4237,Nick Searcy
4238,Nicholas Logan
4239,Gilbert Glenn Brown
4240,Michael Douglas
4241,Sean Penn
4242,Deborah Kara Unger
4243,James Rebhorn
4244,Peter Donat
4245,Carroll Baker
4246,Anna Katarina
4247,Armin Mueller-Stahl
4248,Ralph Macchio
4249,Pat Morita
4250,Martin Kove
4251,Randee Heller
4252,William Zabka
4253,Ron Thomas
4254,Rob Garrison
4255,Nobu McCarthy
4256,Tamlyn Tomita
4257,Yuji Okumoto
4258,Joey Miyashima
4259,Marc Hayashi
4260,Danny Kamekona
4261,Tony O'Dell
4262,Robyn Lively
4263,Thomas Ian Griffith
4264,Sean Kanan
4265,Jonathan Avildsen
4266,William Christopher Ford
4267,Kevin Spacey
4268,Kate Winslet
4269,Gabriel Mann
4270,Leon Rippy
4271,Matt Craven
4272,Rhona Mitra
4273,Jim Beaver
4274,Chris Warner
4275,David Carradine
4276,Keith Carradine
4277,Robert Carradine
4278,James Keach
4279,Stacy Keach
4280,Randy Quaid
4281,Kevin Brophy
4282,Harry Carey Jr.
4283,Christopher Guest
4284,Nicholas Guest
4285,Shelby Leverington
4286,Felice Orlandi
4287,Pamela Reed
4288,Fran Ryan
4289,Savannah Smith Boucher
4290,Amy Stryker
4291,James Whitmore Jr.
4292,Helen McCrory
4293,Alex Jennings
4294,Roger Allam
4295,Sylvia Syms
4296,Mark Bazeley
4297,Scott Speedman
4298,Gemma Ward
4299,Kip Weeks
4300,Laura Margolis
4301,Glenn Howerton
4302,Alex Fisher
4303,Peter Clayton-Luce
4304,Ben Affleck
4305,Bridget Moynahan
4306,Liev Schreiber
4307,Michael Byrne
4308,Colm Feore
4309,Alan Bates
4310,Ron Rifkin
4311,Ciarán Hinds
4312,Richard Marner
4313,Johnny Depp
4314,Paul Bettany
4315,Timothy Dalton
4316,Steven Berkoff
4317,Rufus Sewell
4318,Alessio Boni
4319,Daniele Pecci
4320,Giovanni Guidelli
4321,Kate Beckinsale
4322,Shane Brolly
4323,Bill Nighy
4324,Erwin Leder
4325,Sophia Myles
4326,Robbie Gee
4327,Wentworth Miller
4328,Kevin Grevioux
4329,Stephen Rea
4330,India Eisley
4331,Sandrine Holt
4332,Kris Holden-Ried
4333,Jacob Blair
4334,Adam Greydon Reid
4335,Steven Mackintosh
4336,David Aston
4337,Geraldine Brophy
4338,Leighton Cardno
4339,Alex Carroll
4340,Elizabeth Hawthorne
4341,Jason Hood
4342,Uzee Usman
4343,Yakubu Mohammed
4344,Asabe Madaki
4345,Sani Mu’azu
4346,Rekiya Ibrahim Atta
4347,Adam Garba
4348,Abba Ali Zaky
4349,Habiba Zock-Sock
4350,Abdul’ Usman Zada
4351,Nadia Dutch
4352,Abubakar Maina
4353,Healing Marcus Udor
4354,Jamila Ibrahim
4355,Robin Williams
4356,Cuba Gooding Jr.
4357,Annabella Sciorra
4358,Max von Sydow
4359,Jessica Brooks Grant
4360,Josh Paddock
4361,Lucinda Jenney
4362,Maggie McCarthy
4363,Wilma Bonet
4364,Matt Salinger
4365,Carin Sprague
4366,June Carryl
4367,Paul P. Card IV
4368,Werner Herzog
4369,Vivica A. Fox
4370,Larenz Tate
4371,Lela Rochon
4372,Little Richard
4373,Paul Mazursky
4374,Alexis Cruz
4375,Hannah Murray
4376,Sosie Bacon
4377,Marianne Rendón
4378,Merritt Wever
4379,Matt Smith
4380,Suki Waterhouse
4381,Chace Crawford
4382,Kayli Carter
4383,Edvin Ryding
4384,Omar Rudberg
4385,Malte Gårdinger
4386,Frida Argento
4387,Nikita Uggla
4388,Pernilla August
4389,Jason Mantzoukas
4390,Olivia Munn
4391,Raoul Trujillo
4392,Killer Mike
4393,Nadia Buari
4394,Zynnell Zuh
4395,Priscilla Opoku Agyeman
4396,Jason E.L Agha
4397,Lisbeth Lopez Acquah
4398,Henry Prempeh
4399,Pascaline Edwards
4400,Prince Mingle
4401,Kelvin Boateng
4402,Bian Jiang
4403,Chen Jinwen
4404,Ling Fei
4405,Emily Ratajkowski
4406,Fred Melamed
4407,Ebon Moss-Bachrach
4408,Isiah Whitlock Jr.
4409,Evan Handler
4410,Paul Jurewicz
4411,John Gatins
4412,Fernanda Andrade
4413,Bob Stephenson
4414,Pokwang
4415,Sue Ramirez
4416,Jerome Ponce
4417,Ryan Bang
4418,Gloria Diaz
4419,Bartosz Bielenia
4420,Magdalena Popławska
4421,Andrzej Kłak
4422,Małgorzata Hajewska
4423,Dobromir Dymecki
4424,Monika Frajczyk
4425,Cezary Kosiński
4426,Adam Nawojczyk
4427,Juliusz Chrząstowski
4428,Jesús Sida
4429,Jero Medina
4430,Armando Silva
4431,Jimena Pagaza
4432,Antonio López Torres
4433,Everardo Arzate
4434,Arelí González
4435,Jesús Herrera
4436,Ulises Soto
4437,Iliana Donatlán
4438,Fernando Larrañaga
4439,Mario Alberto Quiñones
4440,Alejandro Ruiz
4441,Natalia Martínez
4442,Josué Guerra
4443,Salvador Montenegro
4444,Caraly Sánchez
4445,Clementina Guadarrama
4446,Sun Lulu
4447,Qian Chen
4448,Gu Jiangshan
4449,Nahanni Mitchell
4450,Dean Petriw
4451,Terry Klassen
4452,Sam Vincent
4453,Rhona Rees
4454,Diana Kaarina
4455,Haillie Sumney
4456,John Fashanu
4457,Damilola Ogunsi
4458,Amb. Rachel Bakam
4459,Alexandra Ayo
4460,Mariah Ug
4461,Brad Pitt
4462,Scoot McNairy
4463,Ben Mendelsohn
4464,James Gandolfini
4465,Ray Liotta
4466,Vincent Curatola
4467,Slaine
4468,Max Casella
4469,Trevor Long
4470,Yuki Kaji
4471,Sora Amamiya
4472,Misaki Kuno
4473,Aoi Yuki
4474,Daad Rizk
4475,Georges Diab
4476,Sihame Haddad
4477,Georges Boukhalil
4478,Aida Sabra
4479,Pierre Rabbat
4480,Myriam Klink
4481,Dory El Samarany
4482,Josyane Boulos
4483,Vladimír Polívka
4484,Jenovéfa Boková
4485,Matyáš Řezníček
4486,Olivier Rousteing
4487,Hassan Mrad
4488,Julia Kassar
4489,Carmen Lebbos
4490,Diamand Bou Abboud
4491,Elie Mitri
4492,Bernadette Hodeib
4493,Gabriel Yammine
4494,Ali Matar
4495,Raïa Haidar
4496,Liam Neeson
4497,Benjamin Walker
4498,Amber Midthunder
4499,Marcus Thomas
4500,Matt McCoy
4501,Manoj Bajpayee
4502,Gajraj Rao
4503,Kay Kay Menon
4504,Ali Fazal
4505,Harshvardhan Kapoor
4506,Shweta Basu Prasad
4507,Chandan Roy Sanyal
4508,Akansha Ranjan Kapoor
4509,Bidita Bag
4510,Kharaj Mukherjee
4511,Dibyendu Bhattacharya
4512,Shruthy Menon
4513,Anindita Bose
4514,Neeraj Purohit
4515,Loveleen Mishra
4516,Raghuvir Yadav
4517,Sarah Shahi
4518,Adam Demos
4519,Margaret Odette
4520,Yume Miyamoto
4521,Shoya Ishige
4522,Taro Kiuchi
4523,Ayako Takeuchi
4524,Yohei Azakami
4525,Jin Urayama
4526,Kotori Koiwai
4527,Natsuho Koda
4528,Ryotaro Okiayu
4529,Runa Onodera
4530,Kenta Miyake
4531,Masako Isobe
4532,Tomoyuki Shimura
4533,Noxolo Dlamini
4534,Candice Modiselle
4535,Sne Mbatha
4536,Stella Dlangalala
4537,Zazi Kunene
4538,Ntuthuzelo Grootboom
4539,Given Stuurman
4540,Tony Kgoroge
4541,Anga Makubalo
4542,Sibulele Gcilitshana
4543,Zamani Mbatha
4544,Kagiso Modupe
4545,Takayuki Yamada
4546,Shinnosuke Mitsushima
4547,Tetsuji Tamayama
4548,Misato Morita
4549,Tokio Emoto
4550,Sairi Ito
4551,Ami Tomite
4552,Takenori Goto
4553,Koyuki
4554,Lily Franky
4555,Ryo Ishibashi
4556,Kotaro Yoshida
4557,Itsuji Itao
4558,Guy Pearce
4559,Vadhir Derbez
4560,Stephen Lang
4561,Brady Jenness
4562,Chris Galust
4563,Robin Bartlett
4564,Heath Freeman
4565,Keith David
4566,Iliza Shlesinger
4567,Ryan Hansen
4568,Margaret Cho
4569,Rebecca Rittenhouse
4570,Tyler Cameron
4571,Taylor Hill
4572,Kimia Behpoornia
4573,Rebecca Delgado Smith
4574,Beth Dover
4575,Cecilia Suárez
4576,Aislinn Derbez
4577,Darío Yazbek
4578,Juan Pablo Medina
4579,Paco León
4580,Angélica María
4581,Norma Angélica
4582,Luis De La Rosa
4583,Isabel Burr
4584,Tiago Correa
4585,Tessa Ia
4586,Christian Chávez
4587,Javier Jattin
4588,Paco Rueda
4589,Emilio Cuaik
4590,Andrea Chaparro
4591,David Ostrosky
4592,Ximena Sariñana
4593,Olivier Kretz
4594,Sandrine Kretz
4595,Valentin Kretz
4596,Martin Kretz
4597,Louis Kretz
4598,Desiree Burch
4599,John Dumelo
4600,Nchifor Valery
4601,Ojong Felix
4602,Nabila Rodriguez
4603,T. Pana Wynchester
4604,Eyebe Beniamin
4605,Kougoin Kenneth Yuh
4606,César Troncoso
4607,Dan Stulbach
4608,Thiago Mendonça
4609,Leonardo Medeiros
4610,Nkem Owoh
4611,Mara Derwent
4612,Francis Odega
4613,Cynthia Okereke
4614,Tom Njemanze
4615,Romanus Amuta
4616,Sabina Mole
4617,Blessing Onolleka
4618,Oluchi Agunwa
4619,Chiwendu Onaga
4620,Patricia Ezeani
4621,Stephen Ahanonu
4622,Flavia Hojda
4623,Crina Semciuc
4624,Olimpia Melinte
4625,Sali Levent
4626,Vlad Logigan
4627,Alex Călin
4628,Alina Chivulescu
4629,Răzvan Vasilescu
4630,Maia Morgenstern
4631,Maria Dinulescu
4632,Silvia Busuioc
4633,Mihaela Mihut
4634,Raluca Aprodu
4635,Dragoș Bucur
4636,Ducu Darie
4637,Anderson Cooper
4638,Song Kang
4639,Han So-hee
4640,Chae Jong-hyeop
4641,Lee Yul-eum
4642,Yang Hye-ji
4643,Nida Patcharaveerapong
4644,Nicole Theriault
4645,Nattapol Diloknawarit
4646,Tosatid Darnkhuntod
4647,Narupornkamol Chaisang
4648,Pavadee Komchokpaisan
4649,Kawin Manonukul
4650,Ponlawit Ketprapakorn
4651,Rudklao Amratisha
4652,Paramej Noiam
4653,Tachakorn Boonlupyanun
4654,Teera Pratumtree
4655,Nawarat Techarathanaprasert
4656,Naphon Phromsuwan
4657,Cress Williams
4658,Marvin 'Krondon' Jones III
4659,Jill Scott
4660,China Anne McClain
4661,Damon Gupton
4662,Nafessa Williams
4663,Christine Adams
4664,Camille Cottin
4665,Thibault De Montalembert
4666,Grégory Montel
4667,Liliane Rovère
4668,Fanny Sidney
4669,Laure Calamy
4670,Nicolas Maury
4671,Stéfi Celma
4672,Assaad Bouab
4673,Isabelle Adjani
4674,Juliette Binoche
4675,Virginie Efira
4676,Christopher Lambert
4677,Anders Holm
4678,Andy Favreau
4679,J.J. Totah
4680,Mouzam Makkar
4681,Yassir Lester
4682,Robert Costanzo
4683,Ginger Gonzaga
4684,Ulrich Noethen
4685,Jannik Schümann
4686,Artjom Gilz
4687,Luise Wolfram
4688,Jacob Matschenz
4689,Frida-Lovisa Hamann
4690,Lukas Miko
4691,Susanne Böwe
4692,Pihla Viitala
4693,Lauri Tilkanen
4694,Jani Volanen
4695,Tommi Korpela
4696,Pirjo Lonka
4697,Riku Nieminen
4698,Pamela Tola
4699,Jonna Järnefelt
4700,Raimo Grönberg
4701,Kokoy De Santos
4702,Elijah Canlas
4703,Adrianna So
4704,Kyle Velino
4705,Jerom Canlas
4706,Sue Prado
4707,Rommel Canlas
4708,Miggy Jimenez
4709,Angeli Nicole Sanoy
4710,Kych Minemoto
4711,Lea Michele
4712,Chris Colfer
4713,Matthew Morrison
4714,Cory Monteith
4715,Naya Rivera
4716,Kevin McHale
4717,Jenna Ushkowitz
4718,Amber Riley
4719,Mark Salling
4720,Heather Morris
4721,Harry Shum Jr.
4722,Jayma Mays
4723,Dianna Agron
4724,James Purefoy
4725,Michael Kenneth Williams
4726,Jimmi Simpson
4727,Bill Sage
4728,Pollyanna McIntosh
4729,Jeff Pope
4730,Henry G. Sanders
4731,Enrique Murciano
4732,Maggie Civantos
4733,Najwa Nimri
4734,Carlos Hipólito
4735,Cristina Plazas
4736,Berta Vázquez
4737,Inma Cuevas
4738,María Isabel Díaz
4739,María Salgueiro
4740,Ramiro Blas
4741,Alberto Velasco
4742,Marta Aledo
4743,Daniel Ortiz
4744,Harlys Becerra
4745,Laura Baena
4746,Jesús Castejón
4747,Verónika Moral
4748,Toru Furuya
4749,Shuichi Ikeda
4750,Rumiko Ukai
4751,Fuyumi Shiraishi
4752,Yo Inoue
4753,Toshio Furukawa
4754,Kiyonobu Suzuki
4755,Keiko Toda
4756,Shozo Iizuka
4757,Keiko Han
4758,Makio Inoue
4759,Yoshiko Sakakibara
4760,Maria Kawamura
4761,Mitsuki Yayoi
4762,Nozomu Sasaki
4763,Kazue Ikura
4764,Shinobu Adachi
4765,Santiago Artemis
4766,Mj Rodriguez
4767,Billy Porter
4768,Evan Peters
4769,Kate Mara
4770,James Van Der Beek
4771,Dominique Jackson
4772,Angelica Ross
4773,Hailie Sahar
4774,Ryan Jamaal Swain
4775,Indya Moore
4776,Dyllon Burnside
4777,Atsushi Tamura
4778,Mari Yaguchi
4779,K.J. Apa
4780,Lili Reinhart
4781,Camila Mendes
4782,Marisol Nichols
4783,Madelaine Petsch
4784,Ashleigh Murray
4785,Mädchen Amick
4786,Luke Perry
4787,Casey Cott
4788,Charles Melton
4789,Mark Consuelos
4790,Peter Bryant
4791,Asha Bromfield
4792,Barclay Hope
4793,Hayley Law
4794,Martin Cummins
4795,Sarah Habel
4796,Nathalie Boltt
4797,Skeet Ulrich
4798,Eugene Levy
4799,Catherine O'Hara
4800,Daniel Levy
4801,Annie Murphy
4802,Jennifer Robertson
4803,Emily Hampshire
4804,Sarah Levy
4805,Dustin Milligan
4806,Edgar Ramírez
4807,Darren Criss
4808,Ricky Martin
4809,Penélope Cruz
4810,Lapassalal Jiravechsoontornkul
4811,Nontanun Anchuleepradit
4812,Thanabordee Jaiyen
4813,Pamiga Sooksawee
4814,Pongsathon Laiwrakoran
4815,Nara Thepnupa
4816,Premanan Sripanich
4817,Tanutchai Wijitvongtong
4818,Wasu Sansingkeaw
4819,Arpasiri Nitipon
4820,Michael Jordan
4821,Scottie Pippen
4822,Dennis Rodman
4823,Debbie Allen
4824,Harry Belafonte
4825,John Boyega
4826,Diahann Carroll
4827,Ernest R. Dickerson
4828,Nelson George
4829,Whoopi Goldberg
4830,LilRel Howery
4831,Barry Jenkins
4832,Kasi Lemmons
4833,Robert Townsend
4834,Jesse Williams
4835,Naomi Higgins
4836,Olivia Junkeer
4837,Wil King
4838,Go Ayano
4839,Hiroshi Tachi
4840,Machiko Ono
4841,Yukiya Kitamura
4842,Hayato Ichihara
4843,Hayato Isomura
4844,Shun Sugata
4845,Suon Kan
4846,Ryutaro Ninomiya
4847,Taro Suruga
4848,Ryo Iwamatsu
4849,Shinobu Terajima
4850,Danna Paola
4851,Itzan Escamilla
4852,Miguel Bernardeau
4853,Álvaro Rico
4854,Arón Piper
4855,Mina El Hammani
4856,Ester Expósito
4857,Omar Ayuso
4858,Kevin Hart
4859,Alfre Woodard
4860,Lil Rel Howery
4861,DeWanda Wise
4862,Anthony Carrigan
4863,Paul Reiser
4864,Melody Hurd
4865,Cho Jung-seok
4866,Yoo Yeon-seok
4867,Jung Kyung-ho
4868,Kim Dae-myeong
4869,Jeon Mi-do
4870,Kim Hae-suk
4871,Kim Kap-soo
4872,Jung Moon-sung
4873,Dhanush
4874,Aishwarya Lekshmi
4875,James Cosmo
4876,Joju George
4877,Kalaiyarasan
4878,Nancy Isime
4879,Jide Kene Achufusi
4880,Venita Akpofure
4881,Uzor Arukwe
4882,Takeru Sato
4883,Emi Takei
4884,Mackenyu
4885,Munetaka Aoki
4886,Yu Aoi
4887,Yusuke Iseya
4888,Tao Tsuchiya
4889,Park Se-wan
4890,Shin Hyeon-seung
4891,Choi Young-jae
4892,Minnie
4893,Han Hyun-min
4894,Joakim Sorensen
4895,Carson Allen
4896,Terris Brown
4897,Qin Lan
4898,Dylan Wang
4899,Li Zonghan
4900,Bao Wenjing
4901,Pan Hong
4902,Chen Pengwanli
4903,Lin Xinyi
4904,Kang Kang
4905,Wei Yibo
4906,He Bin
4907,Iqbaal Ramadhan
4908,Nirina Zubir
4909,Asri Welas
4910,Tika Panggabean
4911,Happy Salma
4912,Aurora Ribero
4913,Bayu Skak
4914,Cut Mini Theo
4915,Ibnu Jamil
4916,Caress Bashar
4917,Abdel Moneim Amayri
4918,Lama Hakeim
4919,Gabriel Malki
4920,Ehab Shaaban
4921,Jaime King
4922,Justin Chu Cary
4923,Christine Lee
4924,Sal Velez Jr.
4925,Kelsey Flower
4926,Erika Hau
4927,Edsson Morales
4928,Gwynyth Walsh
4929,Stafford Perry
4930,Mustafa Alabssi
4931,Charlie Dizon
4932,Paulo Avelino
4933,Guðrún Eyfjörð
4934,Íris Tanja Flygenring
4935,Aliette Opheim
4936,Ingvar Sigurðsson
4937,Þorsteinn Bachmann
4938,Sólveig Arnarsdóttir
4939,Björn Thors
4940,Tomoyo Kurosawa
4941,Soma Saito
4942,Kazuhiro Yamaji
4943,Hikaru Midorikawa
4944,Takahiro Sakurai
4945,Yukihiro Nozuyama
4946,Hinata Tadokoro
4947,Taisuke Nakano
4948,Tomohiro Yamaguchi
4949,Rie Tanaka
4950,Sho Hayami
4951,Asivak Koostachin
4952,Shafin Karim
4953,Mozhdah Jamalzadah
4954,Kane Mahon
4955,Ishaan Vasdev
4956,Samuel Marty
4957,Miika Bryce Whiskeyjack
4958,John Ortiz
4959,Shea Whigham
4960,Julia Stiles
4961,Paul Herman
4962,Beren Saat
4963,Mehmet Günsür
4964,Metin Akdülger
4965,Melisa Şenolsun
4966,Başak Köklükaya
4967,Civan Canova
4968,Tim Seyfi
4969,Meral Çetinkaya
4970,Hazal Türesan
4971,Cezmi Baskın
4972,Solange Ojong
4973,Miss Li
4974,Becky Takang
4975,Anurin Nwunembom
4976,Nkwah Kingsley
4977,Roger Brice Sobgo
4978,Jeanne Mbenti
4979,Max Jabs
4980,Nono Konopka
4981,Claudia Salas
4982,Jorge Clemente
4983,Laura Calero
4984,Jon Rod
4985,Apinya Sakuljaroensuk
4986,Mawin Taweephol
4987,Nat Sakdatorn
4988,Maneerat Kham-uan
4989,Jaturong Mokjok
4990,Pisamai Wilaisak
4991,Chatchaya Suthisuwan
4992,Panapong Khaisang
4993,May Haas
4994,Demián Bichir
4995,Gabriel Chavarria
4996,Theo Rossi
4997,Melissa Benoist
4998,Tony Revolori
4999,Eva Longoria
5000,Yvette Monreal
5001,Nicolás Riera
5002,Laura Laprida
5003,Juan Manuel Guilera
5004,Johanna Francella
5005,Matías Meyer
5006,Noelia Marzol
5007,Luisa Drozdek
5008,Agustina Mindlin
5009,Santiago Talledo
5010,Chang Sung Kim
5011,Osmar Nuñez
5012,Fabio Aste
5013,Marco D'Amore
5014,Maya Sansa
5015,Silvio Muccino
5016,Valeria Bilello
5017,Ludovica Martino
5018,Giulio Pranno
5019,Tommaso Ragno
5020,Beatrice Grannò
5021,Antonio Zavatteri
5022,Anna Della Rosa
5023,Fabrizio Bentivoglio
5024,Fedor Fedotov
5025,Sonya Priss
5026,Yury Borisov
5027,Kirill Zaitsev
5028,Aleksey Guskov
5029,Severija Janusauskaite
5030,Cathy Belton
5031,Giles Panton
5032,Michael Daingerfield
5033,Bill Newton
5034,James Blight
5035,Adrian Petriw
5036,Alex Barima
5037,Rebecca Shoichet
5038,Shin Ha-kyun
5039,Choi Dae-hoon
5040,Choi Sung-eun
5041,Cheon Ho-jin
5042,Pamela Donegan
5043,Len Chandler
5044,Michael Alaimo
5045,Holly Near
5046,Paul Mooney
5047,Rita Martinson
5048,Andy Puddicombe
5049,Evelyn Lewis Prieto
5050,Ginger Daniels
5051,Darren Pettie
5052,Simon Prebble
5053,Rhiannon Mcgavin
5054,Kate Seftel
5055,Mos Def
5056,Isla Fisher
5057,Mark Boone Junior
5058,John Hawkes
5059,Clea Lewis
5060,Russell Curry
5061,Hunter Deno
5062,Kai Moya
5063,Tessa Rao
5064,Chance Perez
5065,Shavaughn Ruakere
5066,Blair Strang
5067,Luke Amis
5068,Annabelle Westenholz-Smith
5069,Maddie Evans
5070,Jude Muir
5071,Will Yun Lee
5072,Jermaine Love
5073,Rory Markham
5074,Bertrand-Xavier Corbi
5075,Katie Keene
5076,Fernando Chien
5077,Gina DeCesare
5078,Michael Blalock
5079,Chris Mulkey
5080,Jeff Foxworthy
5081,Georgina Amorós
5082,James Hetfield
5083,Lars Ulrich
5084,Kirk Hammett
5085,Robert Trujillo
5086,Alicia Sanz
5087,Jonathan Sadowski
5088,Adan Canto
5089,Zach Avery
5090,Chinaza Uche
5091,Jesse LaTourette
5092,Sung Hoon
5093,Lee Tae-gon
5094,Park Joo-mi
5095,Lee Ga-ryoung
5096,Lee Min-young
5097,Jeon No-min
5098,Jeon Soo-kyeong
5099,Lim Hye-young
5100,Song Ji-in
5101,Moon Sung-ho
5102,Roh Joo-hyun
5103,Kim Ameliia
5104,Kim Eung-soo
5105,Lee Jong-nam
5106,Lee Hyo-chun
5107,Jun Hye-won
5108,Lim Han-bin
5109,Park Seo-kyung
5110,Shin Su-ho
5111,Yun Seo-hyun
5112,"Cast members of the ""To All the Boys"" films dish about the third movie and answer some fan questions"
5113,plus Whitney Cummings gives suspect dating advice.
5114,Erica Mendez
5115,Marianne Miller
5116,Rachelle Heger
5117,Millie O'Conner
5118,Alexa Kahn
5119,Chris Smith
5120,Heather Downey
5121,Chris Hackney
5122,Ben Pronsky
5123,Ludivine Sagnier
5124,Clotilde Hesme
5125,Nicole Garcia
5126,Hervé Pierre
5127,Soufiane Guerrab
5128,Antoine Gouy
5129,Fargass Assandé
5130,Shirine Boutella
5131,Kathir
5132,Soori
5133,Rahasya Gorak
5134,Ashvatt
5135,Rachel Saanchita Gupta
5136,Amy Maghera
5137,Shafin Patel
5138,Ambrish Saxena
5139,Swati Das
5140,Jonathan Readwin
5141,Ankit Yadav
5142,Anurag Arora
5143,Vinayak Gupta
5144,Vivek Yadav
5145,Waheeda Rehman
5146,Liza Soberano
5147,Jon Jon Briones
5148,Nicole Scherzinger
5149,Lou Diamond Phillips
5150,Steve Blum
5151,Jimmy Wong
5152,Constance Wu
5153,Bobby Lee
5154,Jimmy O. Yang
5155,Ian Chen
5156,Marlon Wayans
5157,Essence Atkins
5158,Affion Crockett
5159,Rick Overton
5160,Ashley Rickards
5161,Dave Sheridan
5162,Missi Pyle
5163,Steele Stebbins
5164,Alaa Hammoud
5165,Ghida Nouri
5166,Carole Hajj
5167,Chadi Haddad
5168,Leila Hakim
5169,Charbel Ziade
5170,Nibal Arakji
5171,Caroline Hatem
5172,Mario Bassil
5173,Le Khanh
5174,Kaity Nguyen
5175,Hong Van
5176,Khuong Le
5177,Hoang Dung
5178,Anh Dung
5179,Si Nguyen
5180,Huyng Kien An
5181,Gethin Anthony
5182,Frederikke Dahl Hansen
5183,Sebastian Armesto
5184,Olivia Grant
5185,Baard Owe
5186,Mille Dinesen
5187,Martin Hestbæk
5188,Tamzin Merchant
5189,Freddy Beltrán
5190,Pamela Ospina
5191,Diego Camargo
5192,Catalina Guzmán
5193,Ahmad Khamis Ali
5194,Chuka Ekweogwu
5195,Heba Al Hamwi
5196,Rik Aby
5197,Merouane Ali
5198,Khalid Al Suwaidi
5199,Saeed Arjumand
5200,Gina Rodriguez
5201,Ariana Greenblatt
5202,Finn Jones
5203,Lucius Hoyos
5204,Gil Bellows
5205,OC Ukeje
5206,Ali Nuhu
5207,Gold Ikponmwosa
5208,Tony Goodman
5209,Nathaniel Deme
5210,Yanchat Sankey
5211,Lisa Pam Tok
5212,Toyin Alabi
5213,Gabrielle Union
5214,Indira Andrewin
5215,Gilberto Barraza
5216,Gabino Rodríguez
5217,Eligio Meléndez
5218,Mariano Tun Xool
5219,Dale Carley
5220,José Alfredo González Dzul
5221,Eliseo Mancilla De La Cruz
5222,Amit Kumar
5223,Zoey Deutch
5224,Lucy Fry
5225,Danila Kozlovsky
5226,Gabriel Byrne
5227,Dominic Sherwood
5228,Sarah Hyland
5229,Sami Gayle
5230,Martín Karpan
5231,Carolina Acevedo
5232,Jhon Álex Toro
5233,María Cecilia Botero
5234,Andrés Toro
5235,Andrea Noceti
5236,Diana Neira
5237,Hugo Gómez
5238,Isabel Cristina Estrada
5239,Mauricio Vélez
5240,Rosamund Pike
5241,Jamie Dornan
5242,Tom Hollander
5243,Nikki Amuka-Bird
5244,Faye Marsay
5245,Greg Wise
5246,Corey Johnson
5247,Raad Rawi
5248,Jesuthasan Antonythasan
5249,Nicolette Kluijver
5250,Chika Ike
5251,Max Cavenham
5252,Eucharia Anunobi
5253,Sophie Alakija
5254,Hafis Ayetoro
5255,Omotunde Adebowale David
5256,David Attenborough
5257,Johan Rockström
5258,Mae Martin
5259,Charlotte Ritchie
5260,Lisa Kudrow
5261,Sophie Thompson
5262,Tom Andrews
5263,Tobi Bamtefa
5264,Phil Burgers
5265,Ophelia Lovibond
5266,Adrian Lukis
5267,Ritu Arya
5268,Ramon Tikaram
5269,Jang Ki-yong
5270,Chae Soo-bin
5271,Jung Soo-jung
5272,Christian Convery
5273,Adeel Akhtar
5274,Stefania LaVie Owen
5275,Dania Ramirez
5276,Aliza Vellani
5277,Mia Artemis
5278,Jailoshini Naidoo
5279,Maeshni Naicker
5280,Madhushan Singh
5281,Mishqah Parthiephal
5282,Koobeshan Naidoo
5283,Yugan Naidoo
5284,Mariam Bassa
5285,Uraysha Ramrachia
5286,Teo García
5287,Andrea Duro
5288,Sergio Peris-Mencheta
5289,Alberto Jo Lee
5290,Andrés Herrera
5291,Nao Albet
5292,César Bandera
5293,Isa Montalbán
5294,Alan Saldaña
5295,Ryuji Akiyama
5296,Ryusei Yokohama
5297,Yumi Adachi
5298,Ai Tominaga
5299,Mei Nagano
5300,Aki Yashiro
5301,Kyary Pamyu Pamyu
5302,Akira Nakao
5303,Shino Ikenami
5304,Molly Nutley
5305,Fredrik Quiñones
5306,Marie Göranzon
5307,Mattias Nordkvist
5308,Claes Malmberg
5309,Christopher Wollter
5310,Emil Almén
5311,Razmus Nyström
5312,André Christenson
5313,Louie Indriana
5314,Max Ulveson
5315,Myriam Fares
5316,Misato Fukuen
5317,Junko Minagawa
5318,Ai Maeda
5319,Yukiyo Fujii
5320,Taishi Murata
5321,Shoko Nakagawa
5322,Naomi Watanabe
5323,Nanao
5324,Coco Rebecca Edogamhe
5325,Ludovico Tersigni
5326,Amanda Campana
5327,Andrea Lattanzi
5328,Giovanni Maini
5329,Alicia Ann Edogamhe
5330,Thony
5331,Felix Roco
5332,Sky Teotico
5333,Archi Adamos
5334,Allan Paule
5335,Bie Ruaro
5336,Radha Mitchell
5337,Kari Matchett
5338,Tahmoh Penikett
5339,Barbara Niven
5340,Jessica Clark
5341,John Heard
5342,Morgan Fairchild
5343,Kerry Knuppe
5344,Imelda Corcoran
5345,Mary Jane Wells
5346,Rebecca Staab
5347,Michael Adam Hamilton
5348,Bryan Jackson
5349,Bryan Mordechai Jackson
5350,Ali Larter
5351,Gabriel Macht
5352,Gregory Smith
5353,Ty O'Neal
5354,Will McCormack
5355,Ronny Cox
5356,Terry O'Quinn
5357,Muse Watson
5358,Joe Stevens
5359,Barry Tubb
5360,Ashleigh Sumner
5361,Jill Bennett
5362,Cathy DeBuono
5363,Jessica Graham
5364,Angelyna Martinez
5365,Candy Tolentino
5366,Linda Ignazi
5367,Jenoa Harlow
5368,Lisa Dewey
5369,Kathy Domenici
5370,Yui Ishikawa
5371,Marina Inoue
5372,Yu Shimamura
5373,Yu Kobayashi
5374,Shiori Mikami
5375,Ryota Osaka
5376,Tomohisa Hashizume
5377,Saki Fujita
5378,Yusaku Yara
5379,John Travolta
5380,Forest Whitaker
5381,Kim Coates
5382,Sabine Karsenti
5383,Richard Tyson
5384,Kelly Preston
5385,Michael MacRae
5386,Shaun Austin-Olsen
5387,Tim Post
5388,Preston Nyman
5389,Sian Taylor
5390,Sara Crowe
5391,Sarah Ann Kennedy
5392,Judy Flynn
5393,John Sparkes
5394,David Graham
5395,Craig Sheffer
5396,Sheryl Lee
5397,Casey Siemaszko
5398,Spalding Gray
5399,Lois Chiles
5400,Blu Mankuma
5401,Ken Camroux-Taylor
5402,Eli Gabay
5403,Molly Parker
5404,Giovana Cordeiro
5405,Gkay
5406,Bruna Inocencio
5407,Samya Pascotto
5408,Flavia Pavanelli
5409,Micael Borges
5410,Jean Pedro
5411,Rafael Medrado
5412,Nikolas Antunes
5413,Stella Miranda
5414,Olympia Dukakis
5415,Ryan Doucette
5416,Brenda Fricker
5417,Kristin Booth
5418,Michael McPhee
5419,John Dunsworth
5420,Jeremy Akerman
5421,Mary-Colin Chisholm
5422,Kevin Kincaid
5423,Tom Sizemore
5424,Chad Michael Collins
5425,Vinnie Jones
5426,Dimitri Diatchenko
5427,Neal McDonough
5428,Jürgen Prochnow
5429,Sam Spruell
5430,Richard Sammel
5431,Philip Rham
5432,Alastair Mackenzie
5433,Jet Li
5434,DMX
5435,Anthony Anderson
5436,Kelly Hu
5437,Tom Arnold
5438,Mark Dacascos
5439,Michael Jace
5440,Drag-On
5441,Paige Hurd
5442,Vince Vaughn
5443,Teri Polo
5444,Matt O'Leary
5445,Ruben Santiago-Hudson
5446,Susan Floyd
5447,Angelica Page
5448,Steve Buscemi
5449,Chris Ellis
5450,Hugh Bonneville
5451,Jessica Brown Findlay
5452,Samantha Bond
5453,Jim Carter
5454,Brendan Coyle
5455,Tom Cullen
5456,Michelle Dockery
5457,Kevin Doyle
5458,Siobhan Finneran
5459,Michael Fox
5460,Joanne Froggatt
5461,Matthew Goode
5462,Harry Hadden-Paton
5463,Thomas Howes
5464,Lily James
5465,Rob James-Collier
5466,Rose Leslie
5467,Phyllis Logan
5468,Sophie McShera
5469,Lesley Nicol
5470,Penelope Wilton
5471,Bill Ferguson
5472,Ryan Ferguson
5473,Stephen Dorff
5474,Val Kilmer
5475,Harold Perrineau
5476,Nate Parker
5477,Johnny Lewis
5478,Jake Walker
5479,Joey Villasenor
5480,Antonio Leyba
5481,Mike Seal
5482,Richard Caruso
5483,Kevin Wiggins
5484,Larnell Stovall
5485,Mara Holguin
5486,Elton Walker
5487,Brittany Perrineau
5488,Esodie Geiger
5489,Jermaine Washington
5490,Greg Serano
5491,Brian Keith Gamble
5492,Carrie Fleming
5493,Adam Taylor
5494,Chris Browning
5495,John Koyama
5496,Shawn Prince
5497,Christopher Dempsey
5498,Cynthia Ruffin
5499,Madeline Carroll
5500,Callan McAuliffe
5501,Rebecca De Mornay
5502,Penelope Ann Miller
5503,Aidan Quinn
5504,Kevin Weisman
5505,Morgan Lily
5506,Ryan Ketzner
5507,Matthew Perry
5508,Jon Tenney
5509,Carlos Gómez
5510,Tomas Milian
5511,Siobhan Fallon Hogan
5512,John Bennett Perry
5513,Stanley DeSantis
5514,Suzanne Snyder
5515,Anne Betancourt
5516,Jill Clayburgh
5517,Gabriel Afolayan
5518,Kelvin Ikeduba
5519,Alibaba Akporobome
5520,Rycardo Agbor
5521,Eliza Coupe
5522,Elisha Cuthbert
5523,Zachary Knighton
5524,Adam Pally
5525,Damon Wayans Jr.
5526,Casey Wilson
5527,Kip Pardue
5528,Brian Hallisay
5529,John Hensley
5530,Chris Coy
5531,Skyler Stone
5532,Thomas Kretschmann
5533,Zulay Henao
5534,Nickola Shreli
5535,Derrick Carr
5536,Michelle Pfeiffer
5537,Dianne Wiest
5538,Richard Schiff
5539,Laura Dern
5540,Brad Silverman
5541,Joseph Rosenberg
5542,Doug Hutchison
5543,Lisa Nicole Carson
5544,Bill Bellamy
5545,Leonard Roberts
5546,Bernadette L. Clarke
5547,Khalil Kain
5548,Mike Colter
5549,Lucia Rijker
5550,Brían F. O'Byrne
5551,Riki Lindhome
5552,Fenessa Pineda
5553,Venecia Troncoso
5554,Joaquín Garrido
5555,Laura Patalano
5556,Dulce Maria Solis
5557,Marisela Uscanga
5558,Melissa Uscanga
5559,Omar Leyva
5560,Tonita Castro
5561,Paul Alayo
5562,Michael Jai White
5563,Dean Geyer
5564,Alex Meraz
5565,Todd Duffee
5566,Scottie Epstein
5567,Jillian Murray
5568,Stacey Asaro
5569,Gralen Bryant Banks
5570,Rus Blackwell
5571,Rain
5572,Naomie Harris
5573,Rick Yune
5574,Shô Kosugi
5575,Sung Kang
5576,Richard van Weyden
5577,Thorston Manderlay
5578,Wladimir Tarasjanz
5579,Eleonore Weisgerber
5580,Masaya Matsukaze
5581,Ayaka Saito
5582,Daisuke Kirii
5583,Jeremy Sisto
5584,Fred Durst
5585,Charlotte Sullivan
5586,David Ames
5587,Cory Cassidy
5588,James Blicq
5589,Martin Trudel
5590,Reva Timbers
5591,Rick Skene
5592,Dana Horrox
5593,Oh Na-ra
5594,Tang Jun-sang
5595,Son Sang-yeon
5596,Choi Hyun-wook
5597,Kim Kang-hoon
5598,Lee Jae-in
5599,Lee Ji-won
5600,Sota Fukushi
5601,Taichi Saotome
5602,Shohei Miura
5603,Kenta Suga
5604,Soichi Hirama
5605,Shoko Takada
5606,Ikkei Watanabe
5607,Hiroki Suzuki
5608,Tomoki Hirose
5609,Ryo Kimura
5610,Kodai Matsuoka
5611,Aki Hano
5612,Tetsuya Chiba
5613,Doug Allen
5614,Mercedes Mason
5615,Mark Lewis Jones
5616,Nestor Serrano
5617,Dennis Haysbert
5618,Alex Roe
5619,Yana Marinova
5620,Owen Wilson
5621,Juliette Lewis
5622,Fred Williamson
5623,Jason Bateman
5624,Amy Smart
5625,George Cheung
5626,Michael Paré
5627,Diane Lane
5628,Rick Moranis
5629,Amy Madigan
5630,Deborah Van Valkenburgh
5631,Richard Lawson
5632,Rick Rossovich
5633,Bill Paxton
5634,Lee Ving
5635,Elyse Maloway
5636,Alessandro Juliani
5637,Nicole Anthony
5638,Erin Mathews
5639,Gigi Saul Guerrero
5640,Asia Mattu
5641,Rukiya Bernard
5642,Ian James Corlett
5643,Britt McKillip
5644,Drea de Matteo
5645,Rudolf Martin
5646,Zach Grenier
5647,Camryn Grimes
5648,Jaleel White
5649,Long John Baldry
5650,Alan Alda
5651,Carol Burnett
5652,Len Cariou
5653,Sandy Dennis
5654,Rita Moreno
5655,Jack Weston
5656,Elizabeth Alda
5657,Beatrice Alda
5658,Malin Buska
5659,Michael Nyqvist
5660,Lucas Bryant
5661,Laura Birn
5662,Hippolyte Girardot
5663,Peter Lohmeyer
5664,François Arnaud
5665,Patrick Bachau
5666,Ville Virtanen
5667,Martina Gedeck
5668,Jesper Christensen
5669,Yvan Attal
5670,Earl Cameron
5671,George Harris
5672,Michael Wright
5673,Clyde Kusatsu
5674,Hugo Speer
5675,Susan Sarandon
5676,Rose Byrne
5677,Jerrod Carmichael
5678,Jason Ritter
5679,Lucy Punch
5680,Sarah Baker
5681,Barbra Streisand
5682,Lauren Bacall
5683,George Segal
5684,Brenda Vaccaro
5685,Austin Pendleton
5686,Elle Macpherson
5687,Ali Marsh
5688,Leslie Stefanson
5689,Taina Elg
5690,Lucy Avery Brooke
5691,Amber Smith
5692,Sondra Locke
5693,Chief Dan George
5694,Bill McKinney
5695,John Vernon
5696,Paula Trueman
5697,Sam Bottoms
5698,Geraldine Keams
5699,Woodrow Parfrey
5700,Joyce Jameson
5701,Maxim Khalil
5702,Abdulmohsen Alnemr
5703,Samr Ismaiel
5704,Khaled Alkeesh
5705,Samar Sami
5706,Salloum Haddad
5707,Ahmad Aljasmii
5708,Khaled El Sayed
5709,Yaser Alneyadi
5710,Leen Gherra
5711,Dean Cain
5712,Moatasem Alnahar
5713,Mahira Abdelaziz
5714,Jim Sarbh
5715,Caitlin Gerard
5716,Julia Goldani Telles
5717,Miles Anderson
5718,Dylan McTee
5719,Maisie Williams
5720,Nina Dobrev
5721,Tyler Hoechlin
5722,Tituss Burgess
5723,Aaron Paul
5724,Riccardo Scamarcio
5725,Katy Louise Saunders
5726,Alice Bellagamba
5727,Juno Temple
5728,Julia Garner
5729,Keiko Agena
5730,Jeff Perry
5731,Kevin Zegers
5732,Jake Abel
5733,Bo Burnham
5734,Eniola Badmus
5735,Ogbolor
5736,Genoveva Umeh
5737,Ajayi Akorede
5738,Serge Noujaim
5739,Edward Norton
5740,Keira Knightley
5741,Jacob Latimore
5742,Ann Dowd
5743,Liza Colón-Zayas
5744,Big Sean
5745,Pamela Adlon
5746,Lucy Hale
5747,Marissa Jaret Winokur
5748,Wilmer Valderrama
5749,Seth Rollins
5750,Carlos PenaVega
5751,Alan Arkin
5752,Nancy Travis
5753,Susan Sullivan
5754,Lisa Edelstein
5755,Emily Osment
5756,Jenna Lyng Adams
5757,Ashleigh LaThrop
5758,Melissa Tang
5759,Casey Thomas Brown
5760,Ann-Margret
5761,Zhang Zhehan
5762,Gong Jun
5763,Zhou Ye
5764,Asher Ma
5765,Sun Xilun
5766,Chen Zihan
5767,Rolling Wang
5768,Zhang Yonggang
5769,Li Daikun
5770,Huang Youming
5771,Damon Guo
5772,Guri Alfi
5773,Shai Avivi
5774,Assi Levy
5775,Reut Alush
5776,Meirav Shirom
5777,Yoav Rotman
5778,Liana Ayoun
5779,Noam Karmeli
5780,Hadas Jade Sakori
5781,Yehonatan Vilozny
5782,Gily Itskovitch
5783,Oneg Efron
5784,Suzanna Papian
5785,Ori Biton
5786,Nir Hasdai
5787,Leib Lev Levin
5788,Eyal Shikratzi
5789,Jimmy Gonzales
5790,Anthony Gonzalez
5791,Miguel Angel Garcia
5792,Isaac Arellanes
5793,Steve Gutierrez
5794,Dana Wheeler-Nicholson
5795,Fernanda Urrejola
5796,Silverio Palacios
5797,Marika Kono
5798,Kyoko Hikami
5799,Tarusuke Shingaki
5800,Yuuki Kuwahara
5801,Ruby Rose Turner
5802,JP Karliak
5803,Cassandra Lee Morris
5804,Julie Nathanson
5805,Thanapob Leeratanakachorn
5806,Paris Intarakomalyasut
5807,Nuttanicha Dungwattanawanich
5808,Suquan Bulakul
5809,Rachanee Siralert
5810,Chaleeda Gilbert
5811,Nuttawut Jenmana
5812,Alanta Potjes
5813,Anchuleeon Buagaew
5814,Jinjuta Rattanaburi
5815,David Stakston
5816,Jonas Strand Gravli
5817,Herman Tømmeraas
5818,Theresa Frostad Eggesbø
5819,Emma Bones
5820,Henriette Steenstrup
5821,Gísli Örn Garðarsson
5822,Synnøve Macody Lund
5823,Ylva Thedin Bjørkaas
5824,Odd-Magnus Williamson
5825,Agustín Aristarán
5826,Sawsan Arsheed
5827,Reham Kassar
5828,Samer Ismael
5829,Owiss Mokhallati
5830,Hanane Hajj Ali
5831,Yassin Albokhari
5832,Yamam Al Hassan
5833,Noor Maghout
5834,Mohammad Alsayyed Ali
5835,Mostafa Alkar
5836,Amal Assaf
5837,Madonna Adib
5838,Marwa Almassri
5839,Abdel Nasser Maraqbi
5840,Andrea Arcangeli
5841,Valentina Bellè
5842,Andrea Pennacchi
5843,Anna Ferruzzo
5844,Riccardo Goretti
5845,Thomas Trabacchi
5846,Marc Clotet
5847,Martufello
5848,Cheng Jen-shuo
5849,Nikki Hsieh
5850,Jack Kao
5851,Lung Shao-hua
5852,Alan Kuo
5853,Alex Ko
5854,Huang Shang-ho
5855,Gary Tang
5856,Chang Zhang-xing
5857,Panda Wu
5858,Samuel Ku
5859,Justin Sheng
5860,Kazuyuki Okitsu
5861,Tomokazu Sugita
5862,Yoku Shioya
5863,Yoji Ueda
5864,Ayako Kawasumi
5865,Takuya Sato
5866,Atsuko Tanaka
5867,Atsushi Imaruoka
5868,Daisuke Hirakawa
5869,Fuminori Komatsu
5870,Gideon Okeke
5871,Dejumo Lewis
5872,Amaka Mgbor
5873,Mathilda Obaseki
5874,Yemi Blaque
5875,Lantana Ahmed
5876,Patrick Otoro
5877,Femi Brach
5878,Ladi Alpha
5879,Jim Parsons
5880,Rihanna
5881,Steve Martin
5882,Matt Jones
5883,April Lawrence
5884,Jung Woo
5885,Oh Yeon-seo
5886,Baik Ji-won
5887,Lee Hye-eun
5888,Lee Yeon-doo
5889,Lee Su-hyun
5890,An Woo-yeon
5891,Aziz Ansari
5892,Noël Wells
5893,Eric Wareheim
5894,Lena Waithe
5895,Kelvin Yu
5896,Fatima Ansari
5897,Shoukath Ansari
5898,Alessandra Mastronardi
5899,Bobby Cannavale
5900,Sam Smith
5901,Ehan Bhat
5902,Edilsy Vargas
5903,Lisa Ray
5904,Tenzin Dalha
5905,Warina Hussain
5906,Ranjit Barot
5907,Neel Tyagi
5908,Rahul Ram
5909,Diwakar Pundir
5910,Dave Bautista
5911,Ella Purnell
5912,Omari Hardwick
5913,Garret Dillahunt
5914,Ana de la Reguera
5915,Matthias Schweighöfer
5916,Tig Notaro
5917,Raúl Castillo
5918,Huma Qureshi
5919,Samantha Win
5920,Richard Cetrone
5921,Michael Cassidy
5922,Paul-Mikél Williams
5923,Sean Giambrone
5924,Kausar Mohammed
5925,Ryan Potter
5926,Raini Rodriguez
5927,Jameela Jamil
5928,Glen Powell
5929,Nifemi Lawal
5930,Alex Usifo
5931,Gloria Anozie-Young
5932,Shushu Abubakar
5933,Aproko Doctor
5934,Quim Gutiérrez
5935,Clara Lago
5936,Adrián Pino
5937,Catelina Sopelana
5938,Maged El-Kidwani
5939,Bassem Samra
5940,Nelly Kariem
5941,Boshra
5942,Nahed El Sebaï
5943,Marwa Mehran
5944,Sawsan Badr
5945,Omar El Saeed
5946,Moataz Al-Demerdash
5947,Hend Sabry
5948,Hany Adel
5949,Sayed Rajab
5950,Boutros Ghaly
5951,Laila Ezz El Arab
5952,Samia Asaad
5953,Fatmah Adel
5954,Mohamad Yones
5955,Mohamed Abd El Azim
5956,Anamaya Verma
5957,Jigna Bharadhwaj
5958,Saumya Daan
5959,Ryan O'Connell
5960,Jessica Hecht
5961,Punam Patel
5962,Marla Mindelle
5963,Augustus Prew
5964,Patrick Fabian
5965,Rowan Blanchard
5966,Mason Cook
5967,Jeremy Piven
5968,Alexa PenaVega
5969,Daryl Sabara
5970,Ricky Gervais
5971,Danny Trejo
5972,Nana Patekar
5973,John Abraham
5974,Sameera Reddy
5975,Sonali Kulkarni
5976,Shivaji Satham
5977,Nassar Abdulla
5978,Smita Jaykar
5979,Arnold Schwarzenegger
5980,Sam Worthington
5981,Olivia Williams
5982,Terrence Howard
5983,Joe Manganiello
5984,Mireille Enos
5985,Martin Donovan
5986,Max Martini
5987,Mark Schlegel
5988,Kevin Vance
5989,Robert Forster
5990,Clifton Collins Jr.
5991,Jeremy Ratchford
5992,James Lafferty
5993,Michael Vartan
5994,Daniel Sunjata
5995,Stefanie Scott
5996,Caity Lotz
5997,Dale Dickey
5998,Daniel DeSanto
5999,Erica Luttrell
6000,Maia Filar
6001,Lisa Yamanaka
6002,Tara Meyer
6003,Stuart Stone
6004,Malcolm-Jamal Warner
6005,Danny Tamberelli
6006,Manolo Cardona
6007,Ginés García Millán
6008,Carolina Miranda
6009,Alejandro Nones
6010,Claudia Ramírez
6011,Eugenio Siller
6012,Juan Carlos Remolina
6013,Ximena Lamadrid
6014,Luis Roberto Guzmán
6015,Leo Deluglio
6016,Héctor Jiménez
6017,Ana Lucía Domínguez
6018,Iñaki Godoy
6019,Polo Morín
6020,Fátima Molina
6021,Marco Zapata
6022,Amy Tan
6023,Arjun Kapoor
6024,Neena Gupta
6025,Rakul Preet Singh
6026,Kumud Mishra
6027,Aditi Rao Hydari
6028,Kanwaljeet Singh
6029,Soni Razdan
6030,Masood Akhtar
6031,Divya Seth
6032,Ravjeet Singh
6033,Akashdeep Sabir
6034,Seychelle Gabriel
6035,Sasheer Zamata
6036,Storm Reid
6037,Dulé Hill
6038,Michael Villar
6039,Brandon Johnson
6040,Donzaleigh Abernathy
6041,Jay Walker
6042,Arif Zakaria
6043,Abuli Mamaji
6044,Niharika Singh
6045,Rajit Kapoor
6046,Plabita Borthakur
6047,Shilpa Mehta
6048,Kaizaad Kotwal
6049,Sonali Sachdev
6050,Haresh Raut
6051,Artem Kretov
6052,Elena Solovieva
6053,Vyacheslav Kataev
6054,Angelica Panganiban
6055,Coco Martin
6056,Gelli de Belen
6057,Ketchup Eusebio
6058,Cai Cortez
6059,Matet De Leon
6060,Dante Rivero
6061,Teresa Loyzaga
6062,Norm Mcleod
6063,Vikas Vasistha
6064,Sandeep Varanasi
6065,Rag Mayur
6066,Trishara
6067,Munivenkatapa
6068,Uma Yg
6069,Sirivennela Yanamandhala
6070,Sindhu Sreenivasa Murthy
6071,Huub Stapel
6072,Monic Hendrickx
6073,Maarten Heijmans
6074,Yannick van de Velde
6075,Ewan McGregor
6076,Rebecca Dayan
6077,David Pittu
6078,Krysta Rodriguez
6079,Rory Culkin
6080,Gian Franco Rodriguez
6081,Sullivan Jones
6082,Kelly Bishop
6083,Dilone
6084,James Waterston
6085,Jason Kravits
6086,Mary Beth Peil
6087,Erica Wessels
6088,Hlubi Mboya
6089,Deon Lotz
6090,Brendon Daniels
6091,Mothusi Magano
6092,Ed Kear
6093,David Menkin
6094,Ina Marie Smith
6095,John Guerrasio
6096,David Rintoul
6097,Gavin Peter
6098,Lucy Montgomery
6099,Florrie Wilkinson
6100,Adam Neill
6101,Jason Pennycooke
6102,Daisuke Tsuji
6103,Rebecca Riedy
6104,Helen Sadler
6105,Hayley McLaughlin
6106,Time Winters
6107,Elly Condron
6108,Stefan Kapicic
6109,Bruce Thomas
6110,Jeff Berg
6111,Aaron Himelstein
6112,Carlos Alazraqui
6113,Brian Bloom
6114,Chris Cox
6115,Michael Benyaer
6116,Scott Whyte
6117,Josh Brener
6118,Gary Anthony Williams
6119,Chris Parnell
6120,Graham Hamilton
6121,Adam Bartley
6122,Emma Thornett
6123,Henry Douthwaite
6124,Madeleine Knight
6125,Rebecca Banatvala
6126,Kirk Thornton
6127,Elaine Tan
6128,Matthew Yang King
6129,Gwendoline Yeo
6130,Neil Kaplan
6131,Courtenay Taylor
6132,Lee Je-hoon
6133,Hong Seung-hee
6134,Ji Jin-hee
6135,Lim Won-hee
6136,Choi Soo-young
6137,Diaan Lawrenson
6138,Renate Stuurman
6139,Neels Van Jaarsveld
6140,Thabo Malema
6141,John Lata
6142,Fiona Ramsey
6143,Jonathan Taylor
6144,Julian Robinson
6145,Dele Odule
6146,Lota Chukwu
6147,Ben Touitou
6148,Ayo Ewebiyi
6149,Joke Muyiwa
6150,Tonia Chukwurah
6151,Folarin Agunbiade
6152,Debby Felix
6153,Bunmi Shogade
6154,León Orlandianyi
6155,Benno Roßkopf
6156,Julia Koschitz
6157,Marii Weichsler
6158,Lars Bitterlich
6159,Michael Pink
6160,Inge Maux
6161,Elfriede Schüsseleder
6162,Michael Somma
6163,Finn Reiter
6164,Markus Stubeier
6165,Luca Streussnig
6166,Kim Fields
6167,Wyatt Russell
6168,Jeanine Serralles
6169,Mariah Bozeman
6170,Richard Armitage
6171,James Callis
6172,Alejandra Reynoso
6173,Tony Amendola
6174,Matt Frewer
6175,Emily Swallow
6176,Daniel Craig
6177,Colm Meaney
6178,Kenneth Cranham
6179,Sienna Miller
6180,Jamie Foreman
6181,Marcel Iures
6182,Tamer Hassan
6183,Chitrangada Chakraborty
6184,Vinay Sharma
6185,Sonal Joshi
6186,Kritika Pande
6187,Maliq & D'Essentials
6188,Fourtwnty
6189,Gede Robi
6190,Nadin Amizah
6191,Ananda Badudu
6192,Leanna Rachel
6193,Rio Dewanto
6194,Chicco Jerikho
6195,Alfonso Herrera
6196,Emiliano Zurita
6197,Fernando Becerril
6198,Paulina Álvarez Muñoz
6199,Mélanie Laurent
6200,Mathieu Amalric
6201,Malik Zidi
6202,Page Kennedy
6203,Diamond Lyons
6204,Khali Daniya-Renee Spraggins
6205,Jermelle Simon
6206,Gabrielle Dennis
6207,Journey Christine
6208,Shen Yue
6209,Jasper Liu
6210,Dai Yunfan
6211,Yan An
6212,Su Mengdi
6213,Huang Sirui
6214,Charles Lin
6215,Tan Quan
6216,Xiao Ran
6217,Enyinna Nwigwe
6218,Bimbo Akintola
6219,Faithia Williams
6220,Odunlade Adekola
6221,Teni Entertainer
6222,Bianca Ugo
6223,Daniel Faraldo
6224,Isak Férriz
6225,Yolanda Sey
6226,Raquel Camón
6227,Adeline Flaun
6228,Klaudia Dudová
6229,Boris Ruiz
6230,Àngels Bassas
6231,Ahmad Alhamsho
6232,Abdel Aziz El Mountassir
6233,Danika Yarosh
6234,Bryce Durfee
6235,Matt Passmore
6236,Heather Mazur
6237,Ashlyn Pearce
6238,Lee Bo-young
6239,Kim Seo-hyung
6240,Lee Hyun-wook
6241,Ok Ja-yeon
6242,Cha Hak-yeon
6243,Jeong E-suh
6244,Park Hyuk-kwon
6245,Park Won-sook
6246,Kunchacko Boban
6247,Nimisha Sajayan
6248,Jaffer Idukki
6249,Yama Gilgamesh
6250,Anil Nedumangad
6251,Dineesh P
6252,Vinod Sagar
6253,Michelle Monaghan
6254,Dermot Mulroney
6255,T.I.
6256,Octavius J. Johnson
6257,Tim Connolly
6258,Drew Sheer
6259,Darren Wang
6260,Song Jia
6261,Cao Bingkun
6262,Wu Gang
6263,Chin Shih-chieh
6264,Wang Ziyi
6265,Kevin Lee
6266,Zerrin Sümer
6267,Sinan Bengier
6268,Salih Kalyon
6269,Bican Günalan
6270,Şebnem Sönmez
6271,Binnur Kaya
6272,Serhat Özcan
6273,Ben Daniels
6274,Andrew Horton
6275,Elena Kampouris
6276,Matt Lanter
6277,Mike Wade
6278,Tenika Davis
6279,Ian Quinlan
6280,David Julian Hirsh
6281,Tyler Mane
6282,Suvinder Vicky
6283,Lakshvir Saran
6284,Mohinder Gujral
6285,Gurinder Makna
6286,Daljeet Singh
6287,Akhilesh Kumar
6288,Gaurika Bhatt
6289,Arun Aseng
6290,Kelvin Harrison Jr.
6291,Jennifer Hudson
6292,Jeffrey Wright
6293,Jennifer Ehle
6294,Tim Blake Nelson
6295,Rakim Mayers
6296,Paul Ben-Victor
6297,Jharrel Jerome
6298,Dorian Missick
6299,Sooraj Pancholi
6300,Isabelle Kaif
6301,Waluscha D'Souza
6302,Natasha Powell
6303,Martin Rycroft
6304,Amrit Maghera
6305,Saqib Saleem
6306,Jennifer Brea
6307,Omar Wasow
6308,Jessica Taylor-Bearman
6309,Noah Saavedra
6310,Tonio Schneider
6311,Luisa-Céline Gaffron
6312,Andreas Lust
6313,Nadine Sauter
6314,Ivy Lissack
6315,Hussein Eliraqui
6316,Victoria Trauttmansdorff
6317,Michael Wittenborn
6318,Noomi Rapace
6319,Dominic Cooper
6320,Isabelle Huppert
6321,Luis Da Silva Jr.
6322,Armand Assante
6323,F. Murray Abraham
6324,Josh Charles
6325,Morena Baccarin
6326,Dean Winters
6327,Michael Rispoli
6328,Dana Ashbrook
6329,Jason Jones
6330,Josh Cooke
6331,Sean Cullen
6332,William Hill
6333,Jaaved Jaaferi
6334,Rutledge Wood
6335,Ricardo Chavira
6336,Noemi Gonzalez
6337,Seidy Lopez
6338,Hunter Reese Peña
6339,Julio Macias
6340,Carlos Alfredo Jr.
6341,Jesse Posey
6342,Madison Taylor Baez
6343,Juan Martinez
6344,Daniela Estrada
6345,Paul Rodriguez Jr.
6346,Adam Brody
6347,Otmara Marrero
6348,Ron Perlman
6349,Addison Timlin
6350,Mira Sorvino
6351,Charlie Plummer
6352,Samantha Mathis
6353,Madisen Beaty
6354,Brenna Sherman
6355,Lance Chantiles-Wertz
6356,Emma Jones
6357,Jonathan Riggs
6358,Henry Keane
6359,Glen Keane
6360,Lucas Neff
6361,Brian Baumgartner
6362,Jackie Loeb
6363,Olive Keane
6364,Jayden Greig
6365,Lauren McNamara
6366,Dan Payne
6367,Alex Zahara
6368,Sean Quan
6369,Kirsten Robek
6370,Ty Consiglio
6371,Sandy Robson
6372,Christina Meredith Lewall
6373,George Takei
6374,Tyrese Gibson
6375,Meagan Good
6376,Henry Hunter Hall
6377,Kimora Lee Simmons
6378,Game
6379,Bob West
6380,Julie Johnson
6381,David Joyner
6382,Jeff Ayers
6383,Dean Wendt
6384,Carey Stinson
6385,Patty Wirtz
6386,Emilio Mazur
6387,Eric Roberts
6388,Sally Kirkland
6389,Phillip Rhee
6390,John P. Ryan
6391,John Dye
6392,Louise Fletcher
6393,Jake Busey
6394,Elysia Rotaru
6395,Dean McDermott
6396,Elizabeth Lavender
6397,Peter Skagen
6398,Robert Downey Jr.
6399,Zach Galifianakis
6400,Matt Walsh
6401,Jim Carrey
6402,Téa Leoni
6403,Angie Harmon
6404,John Michael Higgins
6405,Richard Burgi
6406,Carlos Jacott
6407,Aaron Michael Drozin
6408,Gloria Garayua
6409,Matt Damon
6410,Khalid Abdalla
6411,Jason Isaacs
6412,Said Faraj
6413,Igal Naor
6414,Richard Gere
6415,Joan Allen
6416,Sarah Roemer
6417,Jason Alexander
6418,Erick Avari
6419,Davenia McFadden
6420,Robbie Sublett
6421,Kevin DeCoste
6422,Rob Degnan
6423,Jim Sturgess
6424,James Jagger
6425,Courtney Love
6426,David Brown
6427,David Schwimmer
6428,Tom McGrath
6429,Frances McDormand
6430,Jessica Chastain
6431,Saurav Chakrabarty
6432,Saurav Chakraborty
6433,Omi Sharma
6434,Sankalp
6435,Brian D Costa
6436,Renu Sharda
6437,Chinmey Sharma
6438,Parminder Ghumman
6439,Shailendra Pandey
6440,Ravi Rajesh
6441,Vinod Kulkarni
6442,Mayur Vyas
6443,Dilip Sinha
6444,Sunita Sharma
6445,Omee
6446,Rajesh
6447,Roopa Bhimani
6448,Khushboo Atre
6449,Shrikant Naidu
6450,Khusboo
6451,Nandkishore
6452,Brian Dcosta
6453,Kevin Chapman
6454,Tom Guiry
6455,Spencer Treat Clark
6456,Sean Faris
6457,Leslie Hope
6458,Wyatt Smith
6459,Neil Brown Jr.
6460,Lauren Leech
6461,Tilky Jones
6462,Steven Crowley
6463,Tom Nowicki
6464,Orlando Bloom
6465,Leo Wu
6466,Simon Yam
6467,Hannah Quinlivan
6468,Patrick Robinson
6469,Nadine Marshall
6470,Pippa Bennett-Warner
6471,CJ Beckford
6472,James Spader
6473,Jaye Davidson
6474,Viveca Lindfors
6475,Mili Avital
6476,John Diehl
6477,Carlos Lauchu
6478,Russell Crowe
6479,Rachel McAdams
6480,Jeff Daniels
6481,Michael Berresse
6482,Harry Lennix
6483,Kendall Ryan Sanders
6484,Noah Centineo
6485,Nathan Gamble
6486,Kristen Johnston
6487,Leigh-Allyn Baker
6488,Christian Hutcherson
6489,Shelby Wulfert
6490,Steve Daron
6491,Kalani Hilliker
6492,Maddy Curley
6493,George Hamilton
6494,Max Minghella
6495,Rachael Taylor
6496,Veronika Vernadskaya
6497,Dato Bakhtadze
6498,Yuriy Kutsenko
6499,Rachel Weisz
6500,Michael Imperioli
6501,Saoirse Ronan
6502,Rose McIver
6503,Christian Thomas Ashdale
6504,Reece Ritchie
6505,Carolyn Dando
6506,Christina Applegate
6507,Selma Blair
6508,Parker Posey
6509,Eddie McClintock
6510,Lillian Adams
6511,Rosanna Arquette
6512,Natasha Henstridge
6513,Amanda Peet
6514,Kevin Pollak
6515,Harland Williams
6516,Carmen Ferland
6517,Serge Christianssens
6518,Keanu Reeves
6519,Gugu Mbatha-Raw
6520,Gabriel Basso
6521,Jim Belushi
6522,Jim Klock
6523,Ritchie Montgomery
6524,Christopher Berry
6525,Noel Fisher
6526,Julian Stamboulieh
6527,Jesse Camacho
6528,Bronwen Mantel
6529,Arthur Holden
6530,Steven Seagal
6531,Gary Busey
6532,Erika Eleniak
6533,Damian Chapa
6534,Andy Romano
6535,Patrick O'Neal
6536,Nick Mancuso
6537,Troy Evans
6538,Jeff Anderson
6539,Traci Lords
6540,Katie Morgan
6541,Ricky Mabe
6542,Brandon Routh
6543,Tyler Labine
6544,Tom Savini
6545,Tisha Campbell-Martin
6546,Jennifer Schwalbach
6547,Gerry Bednob
6548,Daddy Showkey
6549,Uche Nwaefuna
6550,Eriakha Edgar
6551,Evaezi Ogoro
6552,Sadiq Daba
6553,Uzikwendu
6554,Koffi tha guru
6555,Orezi
6556,Tomi Odunsi
6557,Aditya Modak
6558,Arun Dravid
6559,Sumitra Bhave
6560,Deepika Bhide Bhagwat
6561,Kiran Yadnyopavit
6562,Abhishek Kale
6563,Neela Khedkar
6564,Makarand Mukund
6565,Kristy Banerjee
6566,Prasad Vanarse
6567,Mario Casas
6568,Alexandra Jiménez
6569,Aura Garrido
6570,Juana Acosta
6571,Susi Sánchez
6572,Ana Wagener
6573,Gonzalo de Castro
6574,Martina Gusmán
6575,Xavi Sáez
6576,Miki Esparbé
6577,Anna Alarcón
6578,Abbi Jacobson
6579,Mike Rianda
6580,Eric André
6581,Olivia Colman
6582,Fred Armisen
6583,Beck Bennett
6584,John Legend
6585,Chrissy Teigen
6586,Blake Griffin
6587,Conan O'Brien
6588,Charlyne Yi
6589,Bailee Madison
6590,Emma Bellomy
6591,Lea Enslin
6592,Damian Maffei
6593,Lewis Pullman
6594,Antonio Sanint
6595,María Cecilia Sánchez
6596,Mariana Gómez
6597,Julián Cerati
6598,Julio César Herrera
6599,Biassini Segura
6600,Jacques Toukhmanian
6601,Natalia Dyer
6602,Rhea Seehorn
6603,Michael O'Keefe
6604,Karen Allen
6605,Jack Gore
6606,James Urbaniak
6607,Ana Sophia Heger
6608,LaKeith Stanfield
6609,Takehiro Hira
6610,Maya Tanida
6611,Ming-Na Wen
6612,Noshir Dalal
6613,Paul Nakauchi
6614,Dia Frampton
6615,William Christopher Stephens
6616,Julie Marcus
6617,Greg Chun
6618,Dan Donohue
6619,Johnny Yong Bosch
6620,Amy Hill
6621,Emily Woo Zeller
6622,Keone Young
6623,Marcus Majella
6624,Samantha Schmütz
6625,Caito Mainier
6626,Pedroca Monteiro
6627,Thelmo Fernandes
6628,Zeca Carvalho
6629,Pablo Sanabio
6630,Luan Caruzo
6631,Aleksandra Skraba
6632,Maria Sobocińska
6633,Sandra Drzymalska
6634,Piotr Pacek
6635,Kamil Wodka
6636,Jan Wieteska
6637,Wojciech Solarz
6638,Meryl Streep
6639,Julianne Nicholson
6640,Abigail Breslin
6641,Benedict Cumberbatch
6642,Misty Upham
6643,Aaron Eckhart
6644,Michelle Rodriguez
6645,Ramon Rodriguez
6646,Ne-Yo
6647,Cory Hardrict
6648,Adetokumboh M'Cormack
6649,Jim Parrack
6650,Nicolas Cage
6651,Franka Potente
6652,Penelope Mitchell
6653,Garrett Clayton
6654,Lydia Hearst
6655,Hopper Penn
6656,Burcu Biricik
6657,Uğur Yücel
6658,Mehmet Yılmaz Ak
6659,Gülçin Kültür Şahin
6660,Olgun Toker
6661,Çağdaş Onur Öztürk
6662,Şehsuvar Aktaş
6663,Deniz Şen Hamzaoğlu
6664,Didem İnselel
6665,Mammootty
6666,Murali Gopy
6667,Mathew Thomas
6668,Salim Kumar
6669,Gayathri Arun
6670,Ishaani Krishna
6671,Parambrata Chatterjee
6672,Konkona Sen Sharma
6673,Vinay Pathak
6674,Ben Barnes
6675,Jessie Mei Li
6676,Archie Renaux
6677,Amita Suman
6678,Freddy Carter
6679,Kit Young
6680,Engin Günaydın
6681,Demet Evgar
6682,Erdal Özyağcılar
6683,Su Kutlu
6684,Devrim Yakut
6685,Fatih Artman
6686,Gülse Birsel
6687,Şevket Çoruh
6688,Derya Karadaş
6689,Devin Özgür Çınar
6690,Onur Buldu
6691,Alper Kul
6692,Erdem Yener
6693,Onur Atilla
6694,Özge Borak
6695,Doğa Rutkay
6696,Meltem Yılmazkaya
6697,İrem Sak
6698,Gupse Özay
6699,Barış Arduç
6700,Cihan Ercan
6701,Ahmet Kural
6702,Murat Cemcir
6703,Rasim Öztekin
6704,Barış Yıldız
6705,İnan Ulaş Torun
6706,Şinasi Yurtsever
6707,Erdal Tosun
6708,Cem Yılmaz
6709,Özkan Uğur
6710,İdil Fırat
6711,Şafak Sezer
6712,Özge Özberk
6713,Ozan Güven
6714,Ali Sunal
6715,Hatice Şendil
6716,Ayda Aksel
6717,Ahmet Saraçoğlu
6718,Janset
6719,Somer Karvan
6720,Ali Çelik
6721,Enrique Bunbury
6722,Juan Valdivia
6723,Joaquín Cardiel
6724,Pedro Andreu
6725,Cengiz Bozkurt
6726,Seda Bakan
6727,Erkan Kolçak Köstendil
6728,Berat Yenilmez
6729,İştar Gökseven
6730,Tarık Ünlüoğlu
6731,Ezgi Mola
6732,Murat Yıldırım
6733,Gülenay Kalkan
6734,Ebru Cündübeyoğlu
6735,Eda Ece
6736,Begüm Öner
6737,Gül Arıcı
6738,Muhammet Uzuner
6739,Tony Issa
6740,Rita Harb
6741,Fadee Andrawos
6742,Majed Geagea
6743,Hagob De Jerejian
6744,Adnan Dirani
6745,Khitam el Leham
6746,Joelle Frenn
6747,Stephanie Salem
6748,Mabelle Soueid
6749,Joseph Abboud
6750,Suppapong Udomkaewkanjana
6751,Patchanan Jiajirachote
6752,Thongpoom Siripipat
6753,Apiwit Reardon
6754,Kornrawich Sungkitbool
6755,Wannasak Sirilar
6756,Oğuzhan Koç
6757,İbrahim Büyükak
6758,Emre Kınay
6759,Aslı Bekiroğlu
6760,Bahar Şahin
6761,Muharrem Bayrak
6762,Toygan Avanoğlu
6763,Ata Demirer
6764,Şebnem Bozoklu
6765,Levent Ülgen
6766,Riham Abdel Ghafour
6767,Mohammed Aly Rizk
6768,Hazem Samir
6769,Salwa Othman
6770,Mahmoud Gharib
6771,Perfume
6772,Danielle Galligan
6773,Calahan Skogman
6774,Sujaya Dasgupta
6775,Simon Sears
6776,Zoë Wanamaker
6777,Julian Kostov
6778,Bisola Aiyeola
6779,Molawa Onajobi
6780,Wale Ojo
6781,Samuel Asa'ah
6782,Michael Ejoor
6783,Uche Elumelu
6784,Yılmaz Erdoğan
6785,Altan Erkekli
6786,Sebnem Sönmez
6787,İclal Aydın
6788,Mesut Çakarli
6789,Zeynep Tokuş
6790,Ryo Narita
6791,Yukino Kishii
6792,Anna Ishii
6793,Seiyo Uchino
6794,Ma Anand Sheela
6795,Toni Collette
6796,Daniel Dae Kim
6797,Nagarjuna Akkineni
6798,Saiyami Kher
6799,Atul Kulakarni
6800,Bilal Hussain
6801,Ali Reza
6802,Mayank Parakh
6803,Olu Jacobs
6804,William R. Moses
6805,Ifeanyi Williams
6806,Ivie Okujaye
6807,Dayton Sinkia
6808,Bradley Gordon
6809,Jesús Zavala
6810,Verónica Castro
6811,José Carlos Ruiz
6812,Gabriel Nuncio
6813,Rosa María Bianchi
6814,Héctor Bonilla
6815,Andrés Almeida
6816,Giuseppe Dave Seke
6817,Haroun Fall
6818,Dylan Magon
6819,Daniela Scattolin
6820,Madior Fall
6821,Virgina Diop
6822,Izzy Bee
6823,Ali Bee
6824,Tim Bee
6825,Sourav Chakraborty
6826,Anil Datt
6827,Vidit Kumar
6828,Mahendra Bhatnagar
6829,Dishi Duggal
6830,Nandkishore Pandey
6831,Anil Dutt
6832,Rohan
6833,Mukesh Pandey
6834,Bhakti Shalini
6835,Ghanshyam Shukla
6836,Pankaj Kalra
6837,Kanchan
6838,Ajay Singhal
6839,Bhakti
6840,Shalini
6841,Diego Boneta
6842,Juan Pablo Zurita
6843,Izan Llunas
6844,Paulina Dávila
6845,Martín Bello
6846,Anna Favella
6847,César Bordón
6848,Michael Stuhlbarg
6849,Raoul Bhaneja
6850,Chuck Shamata
6851,Jake Lacy
6852,David Wilson Barnes
6853,Jacob Ewaniuk
6854,Kyle Breitkopf
6855,Addison Holley
6856,Pepe Serna
6857,Danny De La Paz
6858,Evelina Fernandez
6859,Daniel Villarreal
6860,Daniel Haro
6861,Domingo Ambriz
6862,Vir Das
6863,Kunaal Roy Kapur
6864,Shenaz Treasury
6865,Paresh Ganatra
6866,Rahul Singh
6867,Aamir Khan
6868,Monica Dogra
6869,Kriti Malhotra
6870,Prateik Babbar
6871,Aasha Pawar
6872,Jyoti Pawar
6873,Norma Lobo
6874,Kitu Gidwani
6875,Danish Husain
6876,Jehan Manekshaw
6877,Genelia D'Souza
6878,Manjari Fadnis
6879,Ayaz Khan
6880,Ratna Pathak Shah
6881,Gracy Singh
6882,Rachel Shelley
6883,Paul Blackthorne
6884,Yashpal Sharma
6885,Rajesh Vivek
6886,Aditya Lakhia
6887,Ashutosh Gowariker
6888,Omkar Das Manikpuri
6889,Malaika Shenoy
6890,Nawazuddin Siddiqui
6891,Sitaram Panchal
6892,Farrukh Jaffar
6893,Vishal Om Prakash
6894,Darsheel Safary
6895,Tanay Chheda
6896,Tisca Chopra
6897,M.K. Raina
6898,Fatima Sana Shaikh
6899,Jaideep Ahlawat
6900,Armaan Ralhan
6901,Inayat Verma
6902,Shefali Shah
6903,Manav Kaul
6904,Tota Roy Chowdhury
6905,Jonah Wineberg
6906,Margarita Valderrama
6907,Deven Christian Mack
6908,Jaimee Joe Gonzaga
6909,Sharjil Rasool
6910,Will Bowes
6911,Jason Deline
6912,Dan Petronijevic
6913,Carling Doubt
6914,Joshua Graham
6915,Cory Doran
6916,Cassidy Naber
6917,Kirsten Day
6918,Lisa Fuson
6919,Benjamin Pronsky
6920,Laila Berzins
6921,Nakia Burrise
6922,Jacob Craner
6923,Mia Wasikowska
6924,Tom Hiddleston
6925,Charlie Hunnam
6926,Burn Gorman
6927,Doug Jones
6928,Bruce Gray
6929,David Alan Grier
6930,Kyla-Drew
6931,Porscha Coleman
6932,Jonathan Kite
6933,Corinne Foxx
6934,Jimmy Jean-Louis
6935,Stephanie Okereke
6936,Justus Esiri
6937,Ebbe Bassey
6938,Jon Freda
6939,Evan Brinkman
6940,Alexa Ilacad
6941,Gillian Vicencio
6942,Belle Mariano
6943,Dominic Ochoa
6944,Carmina Villaroel
6945,Irma Adlawan
6946,Kakai Bautista
6947,Jameson Blake
6948,Joao Constancia
6949,Jeremiah Lisbo
6950,Clarence Delgado
6951,Pinky Amador
6952,Minnie Aguilar
6953,Gigi De Lana
6954,Toni Gonzaga
6955,Bea Alonzo
6956,Angel Locsin
6957,Shaina Magdayao
6958,Enchong Dee
6959,Alexandra Pfeifer
6960,Yalany Marschner
6961,Trystan Pütter
6962,Helen Schneider
6963,Julius Nitschkoff
6964,Dennis Kyere
6965,Ina Geraldine Guy
6966,Katrin Pollitt
6967,Julia Strowski
6968,Anton Wichers
6969,Seo Jang-hoon
6970,Kim Sook
6971,Han Hye-jin
6972,Kwak Jung-eun
6973,Ju Wu-jae
6974,Chris Hemsworth
6975,Daniel Brühl
6976,Olivia Wilde
6977,Alexandra Maria Lara
6978,Pierfrancesco Favino
6979,David Calder
6980,Natalie Dormer
6981,Stephen Mangan
6982,Katie Aselton
6983,Ally Ioannides
6984,Ramiz Monsef
6985,Bill Oberst Jr.
6986,Johan Heldenbergh
6987,Timothy Radford
6988,Efrat Dor
6989,Iddo Goldberg
6990,Michael McElhatton
6991,Val Maloku
6992,Goran Kostic
6993,Andrew Wilson
6994,Cassidy Gifford
6995,Brianne Howey
6996,Reiley McClendon
6997,Olivia Draguicevich
6998,Max Wright
6999,Hans Marrero
7000,Rich Skidmore
7001,Chris Sturgeon
7002,Gopal Bidari
7003,Anmol Thakeria Dhillon
7004,Jhataleka
7005,Niki Walia
7006,Kamini Khanna
7007,Zoa Morani
7008,Nayan Shukla
7009,Eklavyey Kashyap
7010,Reem Shaikh
7011,Uneek
7012,Mighty Mark
7013,Tsu Terry
7014,TT The Artist
7015,Toshiyuki Toyonaga
7016,Kana Hanazawa
7017,Ayahi Takagaki
7018,Kazuma Horie
7019,Sanae Kobayashi
7020,Takaya Kuroda
7021,Darrel Guilbeau
7022,Michelle Ruff
7023,Crispin Freeman
7024,M・A・O
7025,Tomohiro Kaku
7026,Kendo Kobayashi
7027,Razor Ramon RG
7028,Razor Ramon HG
7029,Masane Tsukayama
7030,Masaya Onosaka
7031,Teruaki Ogawa
7032,Hisanori Yoshida
7033,Garth Brooks
7034,Lauren Graham
7035,Alexis Bledel
7036,Scott Patterson
7037,Yanic Truesdale
7038,Edward Herrmann
7039,Sean Gunn
7040,Liza Weil
7041,Liz Torres
7042,Jared Padalecki
7043,Haruka Shiraishi
7044,Akira Sekine
7045,Megumi Ogata
7046,Shoya Chiba
7047,Makoto Furukawa
7048,Seiro Ogino
7049,Chika Anzai
7050,Juri Kimura
7051,Tan France
7052,Alexa Chung
7053,Brett Zimmerman
7054,Walter Fauntleroy
7055,Claudia Ferri
7056,Lorenzo James Henrie
7057,Ellen Wroe
7058,Ashley Holliday Tavares
7059,Nancy Linehan Charles
7060,Jonna Walsh
7061,Ward El Kal
7062,Aimée Sayah
7063,Bassem Moughnie
7064,Carlos Azar
7065,Sara Abi Kanaan
7066,Wesam Hanna
7067,Kieran Walton
7068,Carlos Salazar
7069,Jamieson Price
7070,Reba Buhr
7071,Todd Haberkorn
7072,Landon McDonald
7073,Paul Haapaniemi
7074,Max Fincham
7075,Twinkle Jaiswal
7076,Bradley Bissett
7077,Dylan Naden
7078,Adam Longworth
7079,Ashton Frank
7080,Edward Moloney
7081,Esther Coles
7082,Jess Robinson
7083,Miranda Pointer
7084,Osian Thompson
7085,Simon Lipkin
7086,Richard David-Caine
7087,Kiko Mizuhara
7088,Honami Sato
7089,Yoko Maki
7090,Tetsushi Tanaka
7091,Sara Minami
7092,Yui Uemura
7093,Shinya Niiro
7094,Shunsuke Tanaka
7095,Setsuko Karasuma
7096,Junichi Kanemaru
7097,Taeko Kawata
7098,Rumi Ochiai
7099,Sayaka Aoki
7100,Chikao Otsuka
7101,Kevin J. O'Connor
7102,Rami Malek
7103,Christopher Evan Welch
7104,Ambyr Childers
7105,Price Carson
7106,Pete Rock
7107,Pharrell Williams
7108,Swizz Beatz
7109,Alicia Keys
7110,DJ Premier
7111,Isyana Sarasvati
7112,Kunto Aji
7113,Sisir Tanah
7114,Chiki Fawzi
7115,ARAH
7116,Hindia
7117,Ardhito Pramono
7118,Angga Dwimas Sasongko
7119,Rachel Amanda
7120,Daniel Valdez
7121,Charles Aidman
7122,Tyne Daly
7123,John Anderson
7124,Abel Franco
7125,Mike Gomez
7126,Francis X. McCarthy
7127,Alma Martínez
7128,Lupe Ontiveros
7129,Tony Plana
7130,Heather Hemmens
7131,Valente Rodriguez
7132,Abigail Cowen
7133,Hannah Van Der Westhuysen
7134,Precious Mustapha
7135,Eliot Salt
7136,Elisha Applebaum
7137,Danny Griffin
7138,Sadie Soverall
7139,Freddie Thorp
7140,Eve Best
7141,Lesley Sharp
7142,Corey Stoll
7143,Sakina Jaffrey
7144,Kristen Connolly
7145,Constance Zimmer
7146,Nathan Darrow
7147,Michel Gill
7148,Elizabeth Norment
7149,Mahershala Ali
7150,Derek Cecil
7151,Elizabeth Marvel
7152,Kim Dickens
7153,Lars Mikkelsen
7154,Michael Kelly
7155,Campbell Scott
7156,Patricia Clarkson
7157,Neve Campbell
7158,Kim Myung-min
7159,Kim Beom
7160,Ryu Hye-young
7161,Lee Jung-eun
7162,An Nae-sang
7163,Chung Won-joong
7164,Lee Su-kyoung
7165,Lee David
7166,Go Youn-jung
7167,Hyunwoo
7168,Paul Rudd
7169,Aisling Bea
7170,Desmin Borges
7171,Zoë Chao
7172,Karen Pittman
7173,Kim Hye-su
7174,Cho Jin-woong
7175,Jang Hyun-sung
7176,Jeong Hae-gyoon
7177,Kim Won-hae
7178,Jung Han-bi
7179,Lee Yu-jun
7180,Son Hyeon-ju
7181,Katie McGrath
7182,Brandon Jay McLaren
7183,Steve Byers
7184,Patrick Garrow
7185,Christopher Jacot
7186,Lovell Adams-Gray
7187,Paulino Nunes
7188,Ty Olsson
7189,Joanne Vannicola
7190,Sebastian Pigott
7191,Madison Cheeatow
7192,Melinda Shankar
7193,Kaitlyn Leeb
7194,Rebecca Liddiard
7195,Paula Brancati
7196,Salvatore Antonio
7197,Lisa Berry
7198,Gabriel Darku
7199,Erin Karpluk
7200,Ilan Muallem
7201,Baraka Rahmani
7202,Rosie Simon
7203,Robert Cormier
7204,Chang Chen
7205,Janine Chang
7206,Christopher Lee
7207,Anke Sun
7208,Lin Hui-min
7209,Zhang Bojia
7210,Lu Hsueh-feng
7211,Nannaphas Loetnamchoetsakun
7212,Praewa Suthamphong
7213,Sumitra Duangkaew
7214,Tarisa Preechatangkit
7215,Natticha Chantaravareelekha
7216,Miori Ohkubo
7217,Pakwan Noijaiboon
7218,Napaphat Worraphuttanon
7219,Vathusiri Phuwapunyasiri
7220,Rinrada Inthaisong
7221,Suchaya Saenkhot
7222,Mananya Kaoju
7223,Kandis Wanarun
7224,Ekapol Deebunmee
7225,Panta Pattanaampaiwong
7226,Rachaya Tupkunanon
7227,Supasawad Buranawech
7228,Thitirat Rojsangrat
7229,Sawanee Utoomma
7230,Phattharanarin Mueanarit
7231,Chanyapuk Numprasop
7232,Panja Vaisshnav Tej
7233,Krithi Shetty
7234,Sankalp Rastogi
7235,Anamaya Varma
7236,Aditya Raaj
7237,Ganesh Diweker
7238,Arpita Vora
7239,Sanjeev Tiwari
7240,Sanket Mhatre
7241,Kamal Chaturvedi
7242,Warren Dsouza
7243,Trilok Patel
7244,Manish Bhuvan
7245,Victor Rasuk
7246,Nathalie Kelley
7247,Dan Bucatinsky
7248,David Del Rio
7249,Michelle Veintimilla
7250,Lisa Vidal
7251,Belissa Escobedo
7252,Yang Tianxiang
7253,Zhang He
7254,Xuan Xiaoming
7255,Li Shimeng
7256,Allison Munn
7257,Aidan Gallagher
7258,Casey Simpson
7259,Mace Coronel
7260,Lizzy Greene
7261,Park Mi-sun
7262,Jang Do-youn
7263,Michael Zegen
7264,Ellie Kemper
7265,Andrew Rannells
7266,Jiang Guangtao
7267,Ma Zhengyang
7268,Wen Sen
7269,Hu Liangwei
7270,Huang Ying
7271,Um Tae-goo
7272,Jeon Yeo-been
7273,Cha Seoung-won
7274,Lee Ki-young
7275,Park Ho-san
7276,Seun Ajayi
7277,Zainab Balogun
7278,Sammie Eddie
7279,Linda Ejiofor
7280,Ikubese Emmanuel Ifeanyi
7281,Somkele Iyamah
7282,Varun Sharma
7283,Janhvi Kapoor
7284,Manav Vij
7285,Sarita Joshi
7286,Anuraag Arora
7287,Alexx O'Nell
7288,Rajesh Jais
7289,Pom Klementieff
7290,Melissa Leo
7291,Taylor Mosby
7292,Marcella Lowery
7293,Melissa Ponzio
7294,Joey Bada$$
7295,Andrew Howard
7296,Zaria
7297,Aurélie Moeremans
7298,Arya Saloka
7299,Gilbert Pohan
7300,Azizah Hanum
7301,Tanta Ginting
7302,Kimiko Saito
7303,Masashi Nogawa
7304,Junichi Yanagida
7305,Dolly Parton
7306,Nick Wolfhard
7307,Charles Demers
7308,Montse Hernandez
7309,Garland Whitt
7310,Sheela Rajkumar
7311,Sangili Murugan
7312,G. M. Sundhar
7313,Kang Quintus
7314,Faith Fidel
7315,Casson Chinepoh
7316,Ndamo Damaris
7317,Onyama Laura
7318,Prince Sube
7319,Daphne Nije
7320,Zoe Elora Ebai Mayohchu
7321,Ema Horvath
7322,Trey Tucker
7323,Mena Suvari
7324,Haskiri Velazquez
7325,Danny Corbo
7326,Olan Montgomery
7327,Troy Iwata
7328,Rob Corddry
7329,Brendan Fraser
7330,Sofía Vergara
7331,Steve Zahn
7332,Jonah Hill
7333,Adam Herschman
7334,Maria Thayer
7335,Lewis Black
7336,Mark Derwin
7337,Ann Cusack
7338,Robin Lord Taylor
7339,Hannah Marks
7340,Anthony Heald
7341,Liu Ye
7342,Song Seung-heon
7343,William Chan Wai-ting
7344,Fan Wei
7345,Ma Su
7346,Che Yongli
7347,Feng Yuanzheng
7348,Geng Le
7349,Jade Pettyjohn
7350,Kerris Dorsey
7351,Nia Vardalos
7352,Ian Ziering
7353,Ysa Penarejo
7354,Cathy Rigby
7355,Kally Berard
7356,Talia Pura
7357,Paula Rivera
7358,George Chiang
7359,Caleb McLaughlin
7360,Byron Bowers
7361,Lorraine Toussaint
7362,Ivannah Mercedes
7363,Jamil Prattis
7364,Liz Priestley
7365,Brian Austin Green
7366,Lori Heuring
7367,Richard Grieco
7368,Patrick Durham
7369,Tim Abell
7370,Carson Lee Bradshaw
7371,Manu Intiraymi
7372,Diana Egwuatu
7373,Onyeka Onwenu
7374,Ademola Adedoyin
7375,Fahadh Faasil
7376,Soubin Shahir
7377,Darshana Rajendran
7378,Yolanthe Cabau
7379,Noortje Herlaar
7380,Kim-Lian van der Meij
7381,Nienke Plas
7382,Pip Pellens
7383,Jim Bakkum
7384,Edwin Jonker
7385,Karole Rocher
7386,Roschdy Zem
7387,Pierre Deladonchamps
7388,Liah O'Prey
7389,Paul Hamy
7390,Mylène Jampanoï
7391,Hafsia Herzi
7392,Regina Anikiy
7393,Annabelle Belmondo
7394,Joséphine de La Baume
7395,Kimberley Nixon
7396,Linzey Cocker
7397,Sophie Wu
7398,Alex Pettyfer
7399,Georgia King
7400,Natasha Richardson
7401,Lexi Ainsworth
7402,Timothy Omundson
7403,Thaila Ayala
7404,Eric Bauza
7405,Graham Verchere
7406,Jordana Largy
7407,Scott McNeil
7408,Adrian Glynn McMorran
7409,Chelsea Miller
7410,Sean Tyson
7411,John Cusack
7412,Thandie Newton
7413,Tom McCarthy
7414,Danny Glover
7415,Liam James
7416,Kareena Kapoor
7417,Madhavan
7418,Sharman Joshi
7419,Omi Vaidya
7420,Boman Irani
7421,Mona Singh
7422,Javed Jaffrey
7423,Ritwik Sahore
7424,Paresh Rawal
7425,Deepak Shirke
7426,Satyadeep Misra
7427,Aakash Dabhade
7428,Nilesh Diwekar
7429,Patrick Wilson
7430,Ty Simpkins
7431,Barbara Hershey
7432,Leigh Whannell
7433,Andrew Astor
7434,Joseph Bishara
7435,Billy Bob Thornton
7436,Piper Perabo
7437,Michaela McManus
7438,Adam Beach
7439,Kelly Curran
7440,Sean Bean
7441,Adrian Bouchet
7442,Liam Mulvey
7443,John DeMita
7444,David Gant
7445,Darin De Paul
7446,Matthew Davis
7447,Victor Garber
7448,Richa Chadda
7449,Saurabh Shukla
7450,Shubrajyoti Barat
7451,Boloram Das
7452,Nikhil Vijay
7453,Raviza Chauhan
7454,Jean-Hugues Anglade
7455,Frank Senger
7456,Stéphane Audran
7457,Nicholas Day
7458,Audrey Hepburn
7459,Rex Harrison
7460,Stanley Holloway
7461,Wilfred Hyde-White
7462,Gladys Cooper
7463,Jeremy Brett
7464,Theodore Bikel
7465,Mona Washbourne
7466,Isobel Elsom
7467,John Holland
7468,Alan Napier
7469,Marni Nixon
7470,Gaten Matarazzo
7471,Sam Jaeger
7472,Kyra Zagorsky
7473,Olivia Cheng
7474,Lisa Chandler
7475,Monique Ganderton
7476,Matthew Marsden
7477,Chris Gauthier
7478,Dan Jones
7479,Sadao Abe
7480,Mirai Moriyama
7481,Yasuko Matsuyuki
7482,Makoto Awane
7483,Tenkyu Fukuda
7484,Yusuke Shoji
7485,Hazuki Shimizu
7486,Zen Kajihara
7487,Narushi Ikeda
7488,Shun Oguri
7489,Koji Yamamoto
7490,Songha
7491,Ryo
7492,Nana Seino
7493,Yoshimasa Kondo
7494,Arata Furuta
7495,Kenichi Matsuyama
7496,Osamu Mukai
7497,Rena Tanaka
7498,Jun Hashimoto
7499,Takaya Yamauchi
7500,Katsuhisa Namase
7501,Billy Zane
7502,Nick Gomez
7503,Ravil Isyanov
7504,Stephanie Vogt
7505,Navid Negahban
7506,Presciliana Esparolini
7507,Enoch Frost
7508,Casper Van Dien
7509,Dina Meyer
7510,DeRay Davis
7511,Justin Doran
7512,Luci Christian
7513,Emily Neves
7514,Scott Gibbs
7515,Juliet Simmons
7516,Chris Gibson
7517,Greg Ayres
7518,Matt Dillon
7519,Chris Brown
7520,Jay Hernandez
7521,Hayden Christensen
7522,Marianne Jean-Baptiste
7523,Steve Harris
7524,Johnathon Schaech
7525,Clara Bernadeth
7526,Kevin Ardilova
7527,Nugie
7528,Kinaryosih
7529,Marthino Lio
7530,Djenar Maesa Ayu
7531,Ernanto Kusuma
7532,Sacha Stevenson
7533,Sedky Sakhr
7534,Hashem El Garhy
7535,Shahira Kamal
7536,Aiemzy
7537,Hani R. Eskander
7538,Saif Abu-Kandil
7539,Adrien Brody
7540,Frank Finlay
7541,Maureen Lipman
7542,Emilia Fox
7543,Ed Stoppard
7544,Julia Rayner
7545,Jessica Kate Meyer
7546,Ronan Vibert
7547,Ruth Platt
7548,Sela Ward
7549,Penn Badgley
7550,Sherry Stringfield
7551,Paige Turco
7552,Marcuis Harris
7553,Braeden Lemasters
7554,Deirdre Lovejoy
7555,Heidi Schanz
7556,Justin Lazard
7557,Kiana Tom
7558,Daniel von Bargen
7559,James Black
7560,Karis Paige Bryant
7561,Bill Goldberg
7562,Farhan Akhtar
7563,Neil Nitin Mukesh
7564,Richard Wershe Jr.
7565,Rhys Darby
7566,Danny Masterson
7567,Fionnula Flanagan
7568,Sasha Alexander
7569,Molly Sims
7570,Rupert Friend
7571,Oscar Isaac
7572,Mads Mikkelsen
7573,Emmanuelle Seigner
7574,Niels Arestrup
7575,Anne Consigny
7576,Amira Casar
7577,Vincent Perez
7578,Lolita Chammah
7579,Stella Schnabel
7580,Vladimir Consigny
7581,Brendon Mcdonnell
7582,Donald Reignoux
7583,Alexis Tomassian
7584,Thomas Sagols
7585,Pierre Francois Pistori
7586,Bruno Magne
7587,Catherine Desplaces
7588,Fily Keita
7589,Adeline Chetail
7590,Bertrand Liebert
7591,Christophe Lemoine
7592,Eric Stuart
7593,Amy Birnbaum
7594,Darren Dunstan
7595,Wayne Grayson
7596,Megan Hollingshead
7597,Madeleine Blaustein
7598,Sam Riegel
7599,Ted Lewis
7600,Jimmy Zoppi
7601,Chris Norton
7602,Paul Buckley
7603,Richard Grieve
7604,Anairis Quiñones
7605,Laura Stahl
7606,Jenny Yokobori
7607,Brittany Cox
7608,Brittany Lauda
7609,Christian Banas
7610,Rebeka Thomas
7611,Hayden Summerall
7612,Deneen Melody
7613,Riaad Moosa
7614,Zolani Mkiva
7615,Simo Mogwaza
7616,Fana Mokoena
7617,Thapelo Mokoena
7618,Jamie Bartlett
7619,Terry Pheto
7620,Mark Elderkin
7621,Lew Temple
7622,Tim Tolin
7623,Dane DeHaan
7624,Chris McGarry
7625,Kevin Quinn
7626,Jahbril Cook
7627,Kat Conner Sterling
7628,Sherri Shepherd
7629,Iain Tucker
7630,Amy Grant
7631,Tiffany Haddish
7632,Michaela Conlin
7633,Kendall Schmidt
7634,James Maslow
7635,Carlos Pena
7636,Logan Henderson
7637,Ciara Bravo
7638,Tanya Chisholm
7639,Challen Cates
7640,Erin Sanders
7641,Matt Riedy
7642,Unax Ugalde
7643,Isaach De Bankolé
7644,Iseo
7645,Sergi López
7646,Ramón Agirre
7647,Jorge Perugorría
7648,Angelo Moore
7649,Maria de Medeiros
7650,Kate Hardie
7651,Gina McKee
7652,Nicholas Ball
7653,Nick Reding
7654,Alexander Morton
7655,Meryem Uzerli
7656,Feyyaz Duman
7657,Hakan Karsak
7658,Şennur Nogaylar
7659,Burcu Salihoğlu
7660,Antonio Díaz
7661,Nathalie Seseña
7662,Goyo Jiménez
7663,José Juan Vaquero
7664,Jordi Sánchez
7665,Ricardo Quevedo
7666,Carolina Noriega
7667,Max Marieges
7668,Kikín Fernández
7669,Norma Nivia
7670,Moi Camacho
7671,Sanya Malhotra
7672,Sayani Gupta
7673,Ashutosh Rana
7674,Shruti Sharma
7675,Sheeba Chaddha
7676,Natasha Rastogi
7677,Rajesh Tailang
7678,Meghna Malik
7679,Jameel Khan
7680,Chetan Sharma
7681,Ananya Khare
7682,Bhupesh Pandya
7683,Mckell David
7684,Thaddea Graham
7685,Jojo Macari
7686,Harrison Osterfield
7687,Darci Shaw
7688,Royce Pierreson
7689,Henry Lloyd-Hughes
7690,Elvira Camarrone
7691,Christian Roberto
7692,Donatella Finocchiaro
7693,Corrado Invernizzi
7694,Vincenzo Amato
7695,Manuela Ventura
7696,Rosalba Battaglia
7697,Daniele Pilli
7698,Alix Wilton Regan
7699,Troy Baker
7700,Freya Tingley
7701,Nicholas Corda
7702,Sylvana Joyce
7703,Alyson Leigh Rosenfeld
7704,Courtney Shaw
7705,Georgette Timoney
7706,Mary O'Brady
7707,Loyiso Gola
7708,Ho-dong Kang
7709,Soo-geun Lee
7710,Sang-min Lee
7711,Young-chul Kim
7712,Jang-hoon Seo
7713,Hee-chul Kim
7714,Kyung-hoon Min
7715,Park In-hwan
7716,Na Moon-hee
7717,Cho Seong-ha
7718,Kim Tae-hun
7719,Cheong Hae-kyun
7720,Kim Soo-jin
7721,Jo Bok-rae
7722,Kim Kwon
7723,Steve Coogan
7724,Sophie Kennedy Clark
7725,Mare Winningham
7726,Barbara Jefford
7727,Ruth McCabe
7728,Peter Hermann
7729,Sean Mahon
7730,Anna Maxwell Martin
7731,Kate Fleetwood
7732,Taiga Nakano
7733,Riho Yoshioka
7734,Kanichiro
7735,Toshiro Yanagiba
7736,Lin Po-Hung
7737,Tai Bo
7738,Jacqueline Zhu
7739,Lei Hong
7740,Hsu Lichi
7741,Yoko Young
7742,Samuel Gu
7743,Eunice Lin
7744,Alain Moussi
7745,Tony Jaa
7746,Marie Avgeropoulos
7747,JuJu Chan
7748,Ryan Tarran
7749,Eddie Steeples
7750,Raymond Pinharry
7751,Mary Makariou
7752,Austin St. John
7753,Thuy Trang
7754,Walter Jones
7755,Amy Jo Johnson
7756,David Yost
7757,Jason David Frank
7758,Karan Ashley
7759,Steve Cardenas
7760,Catherine Sutherland
7761,Paul Schrier
7762,Jason Narvy
7763,David Fielding
7764,Richard Steven Horvitz
7765,Barbara Goodson
7766,Rob Tinkler
7767,Julie Lemieux
7768,John Cleland
7769,Kyle Dooley
7770,Rupert Degas
7771,Katharine McPhee
7772,Eddie Cibrian
7773,Ricardo Hurtado
7774,Jamie Martin Mann
7775,Griffin McIntyre
7776,Shiloh Verrico
7777,Pyper Braun
7778,Janet Varney
7779,Eric Balfour
7780,Chen Kun
7781,Zhou Xun
7782,Qu Chuxiao
7783,Wang Likun
7784,Cici Wang
7785,Bolly Lomo
7786,Tayo Faniran
7787,Hiroaki Hirata
7788,Hiroki Touchi
7789,Minoru Inaba
7790,Shintaro Tanaka
7791,Atsushi Goto
7792,Satomi Sato
7793,Yu Kitada
7794,Mitsuki Saiga
7795,Nozomi Kameda
7796,Kristin Davis
7797,Greer Grammer
7798,Shanola Hampton
7799,Marie Wagenman
7800,Shylo Molina
7801,Abella Bala
7802,Shaun Wu
7803,Matheus Nachtergaele
7804,Edmilson Filho
7805,Letícia Lima
7806,Leandro Ramos
7807,Evelyn Castro
7808,Valéria Vitoriano
7809,Victor Allen
7810,Renan Medeiros
7811,Eyrio Okura
7812,Jéssica Tamochunas
7813,Marcondes Falcão
7814,Juliano Cazarré
7815,Nate Bargatze
7816,Lindsey Morgan
7817,Jonathan Howard
7818,Daniel Bernhardt
7819,Yayan Ruhian
7820,Alexander Siddig
7821,Cha-Lee Yoon
7822,Ieva Andrejevaite
7823,Jeremy Fitzgerald
7824,Saleh Bakri
7825,Maryam Kanj
7826,Maryam Kamiel Basha
7827,Ameer Khlawe
7828,Ala' Hanani
7829,Malak Abu Ghraibeh
7830,Karam Elayyan
7831,Leila Mouammar
7832,Angie Saba
7833,PADI Reborn
7834,Dul Jaelani
7835,Efek Rumah Kaca
7836,Jevin Julian
7837,Gamaliel
7838,Sitha Marino
7839,M. Irfan Ramli
7840,Gbenro Ajibade
7841,Kiki Omeili
7842,Wofai Fada
7843,Matthew Modine
7844,Nelsan Ellis
7845,Viola Davis
7846,Jacinte Blankenship
7847,Khalid Bounouar
7848,Alain Frei
7849,Babak Ghassim
7850,Benaissa Lamroubal
7851,Salim Samatou
7852,Hany Siam
7853,Ususmango
7854,DJ Wati
7855,Aaron Taylor-Johnson
7856,Benicio Del Toro
7857,Sandra Echeverría
7858,Joaquín Cosío
7859,Ali Wong
7860,Michelle Zamora
7861,Russ Walko
7862,Michelle Obama
7863,Jonathan Kidder
7864,Diona Elise Burnett
7865,Taleia Gilliam
7866,Lyric Lewis
7867,Andy Hayward
7868,George Konner
7869,Donia Maher
7870,Zeina Mansour
7871,Osama Abdallah
7872,Mohamed El Swisi
7873,Rehab Hussien
7874,Deepann
7875,Vetri
7876,Mumtaz Sorcar
7877,Ayra
7878,Karthik Rathnam
7879,Sonia Giri
7880,Nishesh
7881,Shwetha
7882,Mark Rylance
7883,Ruby Barnhill
7884,Jemaine Clement
7885,Rebecca Hall
7886,Rafe Spall
7887,Ólafur Darri Ólafsson
7888,Adam Godley
7889,Daniel Bacon
7890,Jonathan Holmes
7891,Chris Gibbs
7892,Paul Moniz de Sa
7893,James Oliver Wheatley
7894,Sam Callis
7895,Thomas Padley
7896,Evan Milton
7897,Samuel Collings
7898,Miles Yekinni
7899,Jack Waldouck
7900,Mia Tomlinson
7901,Kevin Howarth
7902,Mark Gillis
7903,George Watkins
7904,Derek Jacobi
7905,Grace Beedie
7906,Dakota Benjamin Taylor
7907,Jade Ma
7908,Jeremias Amoore
7909,Leonardo Fontes
7910,Anastasia Chocholatá
7911,Sarah-Jane Potts
7912,Doug Rao
7913,Tanja Ribič
7914,Oscar Skagerberg
7915,Jerry Kwarteng
7916,Ayhan Taş
7917,Emin Olcay
7918,Muharrem Gülmez
7919,Elif Nur Kerkük
7920,Tarık Papuççuoğlu
7921,Suzan Aksoy
7922,Doğa Konakoğlu
7923,Esin Eden
7924,Deniz Özerman
7925,Sarah Hassan
7926,Stycie Waweru
7927,Pierra Makena
7928,Eve D'Souza
7929,Christabel Jazz Mistri
7930,Martin Githinji
7931,Lydia Gitachu
7932,Kagwe Mungai
7933,Blessing Lung'Aho
7934,Kim So-hyun
7935,Jung Ga-ram
7936,Ko Min-si
7937,Z. Hera
7938,Shin Seung-ho
7939,Lee Jae-eung
7940,Song Sun-mi
7941,Talat Bulut
7942,Mert Turak
7943,Mahsun Kırmızıgül
7944,Erol Demiröz
7945,Ali Sürmeli
7946,Büşra Pekin
7947,Çağatay Ulusoy
7948,Emir Ali Doğrul
7949,Ersin Arıcı
7950,Turgay Tanülkü
7951,Selen Öztürk
7952,Osman İskender Bayer
7953,Tomris Çetinel
7954,Volkan Çalışkan
7955,Mehmet Bahattin Genç
7956,Okşan Büyük
7957,David Herman
7958,Kyle Kinane
7959,Dana Snyder
7960,Cedric Yarbrough
7961,John DiMaggio
7962,Roger Black
7963,Waco O'Guin
7964,Max Salgado
7965,René Miranda
7966,Ignacia Uribe
7967,Javier Castillo
7968,Steevens Benjamin
7969,Andrés Rebolledo
7970,Sedef Avcı
7971,Cemal Hünal
7972,Begüm Kütük
7973,Sinem Kobal
7974,Gürgen Öz
7975,Burcu Kara
7976,Kubilay Penbeklioğlu
7977,Öykü Çelik
7978,Gökçe Özyol
7979,Hannah Ware
7980,Zoë Tapper
7981,Dimitri Leonidas
7982,Amir El-Masry
7983,Lois Chimimba
7984,Eric Kofi-Abrefa
7985,Pallavi Sharda
7986,Jana Pérez
7987,Diarmaid Murtagh
7988,Gregg Chillin
7989,Wilf Scolding
7990,Simone Kirby
7991,Albano Jerónimo
7992,Eduardo Lloveras
7993,Miguel Amorim
7994,Julian Lerner
7995,Tracie Thoms
7996,Nat Faxon
7997,Arturo Castro
7998,Tolga Çevik
7999,Melis Birkan
8000,Tuna Çevik
8001,Alex Brendemühl
8002,Amaia Aberasturi
8003,Daniel Fanego
8004,Garazi Urkola
8005,Yune Nogueiras
8006,Jone Laspiur
8007,Irati Saez de Urabain
8008,Lorea Ibarra
8009,Ari Irham
8010,Aghniny Haque
8011,Taskya Namya
8012,Marcella Zalianty
8013,Gunawan Sudrajat
8014,Jennifer Coppen
8015,Chris Sheffield
8016,Neville Archambault
8017,Ryan O'Flanagan
8018,Matilda Lawler
8019,Jim Cummings
8020,Jeremy Holm
8021,Heidi Niedermeyer
8022,Willie C. Carpenter
8023,Matthew Lawler
8024,Abdramane Diakité
8025,Mohamed Boudouh
8026,Sébastien Houbani
8027,Julien Meurice
8028,Abdillah Assoumani
8029,Jean-Toussaint Bernard
8030,Romain Vissol
8031,Olli Schulz
8032,Fynn Kliemann
8033,Pooja Bhatt
8034,Shahana Goswami
8035,Amruta Subhash
8036,Aadhya Anand
8037,Manish Chaudhary
8038,Vivek Gomber
8039,Rahul Bose
8040,Imaaduddin Shah
8041,Sanghmitra Hitaishi
8042,Cyli Khare
8043,Gargi Shitole
8044,Amardeep Jha
8045,Amit Deondi
8046,Virendra Saxena
8047,Shishir Sharma
8048,Sherine
8049,Ahmed Fahmi
8050,Bassel Khaiat
8051,Mahmoud El Gendy
8052,Mohammad Adel
8053,Tamim Abdou
8054,Nada Moussa
8055,Tharaa Jubail
8056,Basma Yasser
8057,P. Samuthirakani
8058,Manikandan
8059,Madhumathi Padmanathan
8060,Akalyadevi B.
8061,S I Neelambari
8062,August Nuñez
8063,Blue Chapman
8064,Kirikou S'hai Muldrow
8065,Michael Ren
8066,Angel Chipagua
8067,Honor Calderon
8068,Christian Tappan
8069,Anderson Ballesteros
8070,John Álex Toro
8071,Ulises González
8072,Leonor López
8073,Hector Mauricio Mejia
8074,Johnnie Castillo
8075,Isabella Licht Delgado
8076,Marlon Pérez Cruz
8077,Kevin Andrés Muñoz
8078,Calabar Chic
8079,Munirat Antoinette Lecky
8080,Khafi Kareem
8081,Bukola Oshibowale
8082,Adebimpe Akintunde
8083,Olaniyi Afonja
8084,Sydney Egere
8085,Marilyn Lima
8086,Michel Nabokoff
8087,Martin Swabey
8088,Carole Weyers
8089,Andrey Gorlenko
8090,Antonia Malinova
8091,Gabriel Almaer
8092,Blaise Afonso
8093,Guillaume Duhesme
8094,Michel Biel
8095,Adhisty Zara
8096,Angga Yunanda
8097,Dannia Salsabila
8098,Abun Sungkar
8099,Junior Roberts
8100,Syakir Daulay
8101,Ariyo Wahab
8102,Ersa Mayori
8103,Baim Wong
8104,Irgi Fahrezi
8105,Gideon Adlon
8106,Calum Worthy
8107,Victoria Grace
8108,Andrew McPhee
8109,Jason Statham
8110,Michael Chiklis
8111,Wendell Pierce
8112,Patti LuPone
8113,Carlos Carrasco
8114,Micah Hauptman
8115,Emma Booth
8116,Nick Nolte
8117,Julianne Hough
8118,Cobie Smulders
8119,David Lyons
8120,Noah Lomax
8121,Mimi Kirkland
8122,Hadley Robinson
8123,Lauren Tsai
8124,Nico Hiraga
8125,Sydney Park
8126,Josephine Langford
8127,Clark Gregg
8128,Josie Totah
8129,Alycia  Pascual-Peña
8130,Anjelika Washington
8131,Charlie Hall
8132,Sabrina Haskett
8133,Amy Poehler
8134,Kevin Costner
8135,Jillian Estell
8136,Mpho Koaho
8137,André Holland
8138,Paula Newsome
8139,Kiara Advani
8140,Aditya Seal
8141,Mallika Dua
8142,Rakesh Bedi
8143,Rajendra Sethi
8144,Chittaranjan Tripathi
8145,Alka Badola Kaushal
8146,Victor Yerrid
8147,Alice Dinnean
8148,Alon Williams
8149,Donna Kimball
8150,John Munro Cameron
8151,John Tartaglia
8152,Arty Casas
8153,Dorien Davies
8154,Misty Rosas
8155,Patina Miller
8156,Wilfred Lau
8157,Hanna Chan
8158,Terence Siufay
8159,Chloe So
8160,Martin Wong
8161,Aaron Chow
8162,So Wai Chuen
8163,Aiden Hung
8164,Sarika Choy
8165,Takaya Kamikawa
8166,Izumi Inamori
8167,Akira Yamamoto
8168,Masato Sakai
8169,Blanche Gardin
8170,Hernán Cattáneo
8171,Richard Coleman
8172,Rodney Grant
8173,"Floyd ""Red Crow"" Westerman"
8174,Robert Pastorelli
8175,Charles Rocket
8176,Maury Chaykin
8177,Jimmy Herman
8178,Emma Bading
8179,Janina Fautz
8180,Ludwig Simon
8181,Samuel Finzi
8182,Emilio Sakraya
8183,Oliver Korittke
8184,Alwara Höfels
8185,Matilda Marz
8186,Amina Merai
8187,Johann von Bülow
8188,Theo Trebs
8189,Robbie Daymond
8190,Josh Keaton
8191,Laura Bailey
8192,Valeria Golino
8193,Gerald R. Molen
8194,Jack Murdock
8195,Michael D. Roberts
8196,Ralph Seymour
8197,Eiko Koike
8198,Ryo Katsuji
8199,Riisa Naka
8200,Masato Kono
8201,Kyle Gass
8202,JR Reed
8203,Ronnie James Dio
8204,Paul F. Tompkins
8205,Ned Bellamy
8206,Kirk Ward
8207,Dave Grohl
8208,Minako Kotobuki
8209,Taiten Kusunoki
8210,Jules Wojciechowski
8211,Grant George
8212,David Lodge
8213,Lindsey Alena
8214,Sandy Fox
8215,Joey Lotsko
8216,Viggo Mortensen
8217,Frank Langella
8218,Samantha Isler
8219,Annalise Basso
8220,Nicholas Hamilton
8221,Shree Crooks
8222,Charlie Shotwell
8223,Erin Moriarty
8224,Kathryn Hahn
8225,Álvaro Cervantes
8226,Susana Abaitua
8227,Clara Segura
8228,Aixa Villagrán
8229,Nil Cardoner
8230,Txell Aixendri
8231,Alberto San Juan
8232,Benjamín Vicuña
8233,Gastón Pauls
8234,Alfredo Castro
8235,Francisca Imboden
8236,Héctor Noguera
8237,María Izquierdo
8238,Willy Semler
8239,Mateo Iribarren
8240,Marcial Tagle
8241,Paulina Urrutia
8242,Antonia Gentry
8243,Sara Waisglass
8244,Sterling Jerins
8245,Claire Geare
8246,Thanawut Ketsaro
8247,Chatchawai Kamonsakpitak
8248,Emily Mortimer
8249,Rashida Jones
8250,Hugh Dancy
8251,Shirley Knight
8252,Adam Scott
8253,Parineeti Chopra
8254,Kirti Kulhari
8255,Avinash Tiwary
8256,Paola Lattus
8257,Héctor Morales
8258,Amparo Noguera
8259,Elsa Poblete
8260,Tom Schilling
8261,Elyas M'Barek
8262,Wotan Wilke Möhring
8263,Antoine Monot Jr.
8264,Hannah Herzsprung
8265,Stephan Kampwirth
8266,Trine Dyrholm
8267,Leopold Hornung
8268,Leonard Carow
8269,Carmen Villalobos
8270,Catherine Siachoque
8271,Fabián Ríos
8272,Gregorio Pernía
8273,Kimberly Reyes
8274,Stephanía Duque
8275,Elianis Garrido
8276,Carolina Gaitán
8277,Juan Pablo Gamboa
8278,Hanggini
8279,Shenina Cinnamon
8280,Ashira Zamita
8281,Amel Carla
8282,Davina Karamoy
8283,Naimma Aljufri
8284,Andi Viola
8285,Jasmine Elfira Burhan
8286,Kezia Aletheia
8287,Dewi Rezer
8288,Indra Brasco
8289,Bobby Samuel
8290,Ady Sky
8291,Farhan Rasyid
8292,Majida Issa
8293,Johanna Fadul
8294,César Mora
8295,Juan Pablo Llano
8296,Francisco Bolívar
8297,Jennifer Arenas
8298,Luigi Aycardi
8299,Julián Beltrán
8300,Stefanía Gómez
8301,Diana Acevedo
8302,Joselyn Gallardo
8303,Jairo Ordóñez
8304,Oscar Salazar
8305,Carolina Sepúlveda
8306,Juan Alfonso Baptista
8307,Giovanni Arce
8308,Mayella Lloclla
8309,Rodrigo Palacios
8310,Priscila Espinoza
8311,Mayra Nájar
8312,Sergio Galliani
8313,Laly Goyzueta
8314,Diego Lombardi
8315,Masayoshi Haneda
8316,Masami Kosaka
8317,Hideaki Ito
8318,Hayate
8319,Wilfred Lee
8320,Philippe Koo
8321,Ryo Yoshizawa
8322,Amane Okayama
8323,Honoka Matsumoto
8324,Hiroya Shimizu
8325,Nana Mori
8326,Mizuki Kayashima
8327,Tasuku Emoto
8328,Jas Leverette
8329,Diesel La Torraca
8330,Felix Mallard
8331,Raymond Ablack
8332,Juan Paiva
8333,Mariana Nunes
8334,Giulia Gayoso
8335,Bruno Peixoto
8336,Fábio Beltrão
8337,Zezé Motta
8338,Malu Valle
8339,Dhu Moraes
8340,Henri Pagnoncelli
8341,Pietro Mario
8342,Alan Rocha
8343,Higor Campagnaro
8344,Aliton Graça
8345,Nicole Kang
8346,Tara Pacheco
8347,Christopher Shyer
8348,Kimberley Wong
8349,Wai Ching Ho
8350,Greta Quispe
8351,Zaria Degenhardt
8352,Uly Schlesinger
8353,Kate Jennings Grant
8354,Aleyse Shannon
8355,Guillermo Arribas
8356,Jaiden Smith
8357,Pepper Binkley
8358,Mikelle Wright-Matos
8359,Melinda Mo
8360,Brian Regan
8361,Ram Pothineni
8362,Nivetha Pethuraj
8363,Malvika Sharma
8364,Amritha Aiyer
8365,Sampath Raj
8366,Lili Taylor
8367,Ron Livingston
8368,Shanley Caswell
8369,Hayley McFarland
8370,Mackenzie Foy
8371,Kyla Deaver
8372,Shannon Kook
8373,Madison Wolfe
8374,Frances O'Connor
8375,Lauren Esposito
8376,Benjamin Haigh
8377,Patrick McAuley
8378,Simon McBurney
8379,Maria Doyle Kennedy
8380,Simon Delaney
8381,Song Joong-ki
8382,Ok Taec-yeon
8383,Yoo Jae-myung
8384,Kim Yeo-jin
8385,Kwak Dong-yeon
8386,Shih Ming-shuai
8387,Nadow Lin
8388,Chen Yi-wen
8389,Lotus Wang
8390,Ada Pan
8391,Hung Shiao-ling
8392,Evelyn Zheng Yu-tong
8393,Ben Kingsley
8394,Nick Kroll
8395,Michael Aronov
8396,Peter Strauss
8397,Ohad Knoller
8398,Torben Liebrecht
8399,Greta Scacchi
8400,Pepe Rapazote
8401,Glenn Fredly
8402,Marcello Tahitoe
8403,Andien
8404,Rahmania Astrini
8405,Cantika Abigail
8406,Ivan Nestorman
8407,Molukka Hiphop Community
8408,Julie Estelle
8409,Yovie Widianto
8410,Irfan Ramli
8411,Macon Blair
8412,Alicia Witt
8413,Damian Young
8414,Shine Tom Chacko
8415,Rajisha Vijayan
8416,Gokulan
8417,Sudhi Koppa
8418,Veena Nandakumar
8419,Johny Antony
8420,Saanve Megghana
8421,Naveen Kumar
8422,Jagapathi Babu
8423,Amala Paul
8424,Aswin Kakamanu
8425,Shruthi Haasan
8426,Sanjith Hegde
8427,Sangeeth Shoban
8428,Anish Kuruvilla
8429,Uko
8430,Dayanand Reddy
8431,Thanmayi
8432,Eesha Rebba
8433,Srinivas Avasarala
8434,Ashima Narwal
8435,Henriette Confurius
8436,David Ali Rashed
8437,Oliver Masucci
8438,Melika Foroutan
8439,Ana Ularu
8440,Shardul Bhardwaj
8441,Nutan Sinha
8442,Shashi Bhushan
8443,Mahinder Nath
8444,Nitin Goel
8445,Naina Sareen
8446,Choi Kang-hee
8447,Kim Young-kwang
8448,Lee Re
8449,Um Mun-suk
8450,Kim You-mi
8451,Yoon Joo-sang
8452,Kim Yong-rim
8453,Kim Byung-choon
8454,Yun Bok-in
8455,Jung Yi-rang
8456,Moon Seong-hyun
8457,Kim Mi-hwa
8458,Kim Do-yeon
8459,Choi Dae-chul
8460,Kang Tae-ju
8461,Park Chul-min
8462,Jung Dae-ro
8463,Shin Mun-seong
8464,Kim Ki-ri
8465,Koh Woo-ri
8466,Choi Tae-hwan
8467,Jeni Ross
8468,Mark Ghanimé
8469,Hamza Haq
8470,Kathyrn Davis
8471,Brianna Barnes
8472,Cho Seung-woo
8473,Park Shin-hye
8474,Sung Dong-il
8475,Tae In-ho
8476,Jeong He-in
8477,Kim Jong-tae
8478,Choi Jung-woo
8479,Go Yoon
8480,Heo Joon-seok
8481,Jeon Kook-hwan
8482,Tae Won-seok
8483,Hiroki Takahashi
8484,Koki Uchiyama
8485,Mai Nakahara
8486,Kaori Mizuhashi
8487,Junji Majima
8488,Takamasa Mogi
8489,Satoshi Tsuruoka
8490,Shinnosuke Ogami
8491,Takeaki Masuyama
8492,Yuuki Takada
8493,Utkarsh Ambudkar
8494,Bambadjan Bamba
8495,Rafael Casal
8496,Whitney Cummings
8497,Hannah Gadsby
8498,Diane Guerrero
8499,Helen Hunt
8500,Joshua Jackson
8501,Aja Naomi King
8502,Ki Hong Lee
8503,Gabriel Luna
8504,Marsai Martin
8505,Pedro Pascal
8506,Yara Shahidi
8507,Alia Shawkat
8508,Algee Smith
8509,Willow Smith
8510,Larry Wilmore
8511,Simona Brown
8512,Eve Hewson
8513,Tom Bateman
8514,Robert Aramayo
8515,Tyler Howitt
8516,Georgie Glen
8517,Steven Rinella
8518,Preeti Jhangiani
8519,Amrita Arora
8520,Aarti Chhabria
8521,Rahul Dev
8522,Supriya Pilgaonkar
8523,Retta
8524,Mae Whitman
8525,Reno Wilson
8526,Manny Montana
8527,Izzy Stannard
8528,David Hornsby
8529,Brett Dalton
8530,Anjelah Johnson-Reyes
8531,Neil Flynn
8532,Shawn Michaels
8533,Patrick Gagnon
8534,Tim Frank
8535,Tara Rios
8536,Liam Matthews
8537,Mary Thornton
8538,Roman Karev
8539,Lucy Loken
8540,Laura Bilgeri
8541,Rusty Joiner
8542,Alexandria Deberry
8543,Dakota Bruton
8544,Theresa Sutera
8545,Vin Morreale Jr.
8546,Shelby Alicea
8547,Tyler Joseph Campbell
8548,Lestonja Diaz
8549,Sarah Stiles
8550,Jillian Mueller
8551,Freddie Stroma
8552,Dan Ahdoot
8553,Ruslaan Mumtaz
8554,Sujata Sehgal
8555,Hamisha Daryani Ahuja
8556,Ibrahim Suleiman
8557,Henry Golding
8558,Parker Sawyers
8559,Molly Harris
8560,David Tran
8561,Dani Rovira
8562,Praveen Tej
8563,Radhika Narayan
8564,Ananya Kashyap
8565,Ajay Raj
8566,Dattanna
8567,Shankar Ashwath
8568,Kshama Santosh Rai
8569,Diksha Sharma
8570,Nadiya Hussain
8571,Lana Condor
8572,Janel Parrish
8573,Anna Cathcart
8574,Ross Butler
8575,Madeleine Arthur
8576,Emilija Baranac
8577,Trezzo Mahoro
8578,Sarayu Blue
8579,John Corbett
8580,Kelcey Mawema
8581,Sofia Black-D'Elia
8582,Verónica Alva
8583,Pablo Gama Iturrarán “Mago Gamini”
8584,Luis Ángel Jaramillo
8585,Lila Downs
8586,Elena Poniatowska
8587,Enrique Guzmán
8588,Alex Lora
8589,Marco Antonio Solís
8590,Víctor Trujillo
8591,Luc Schiltz
8592,Sophie Mousel
8593,Claude De Demo
8594,Joe Dennenwald
8595,Konstantin Rommelfangen
8596,Jules Werner
8597,Jil Devresse
8598,Julie Kieffer
8599,Mauricio Ochmann
8600,Mariana Seoane
8601,Julio Bracho
8602,Sergio Basañez
8603,Jorge Luis Vázquez
8604,Silvia Alonso
8605,Bárbara Goenaga
8606,María Esteve
8607,Vito Sanz
8608,Francesco Carril
8609,Reza Rahadian
8610,Acha Septriasa
8611,Beby Tsabina
8612,Dian Nitami
8613,Uli Herdinansyah
8614,Natasha Rizki
8615,Eriska Rein
8616,Landung Simatupang
8617,August Melasz
8618,Chantiq Schagerl
8619,Cut Ashifa
8620,Aida Cabiyeva
8621,Murad Ismayil
8622,Augie Fantinus
8623,Angelia Livie
8624,Ernanto Kusumo
8625,Emayatzy Corinealdi
8626,Edwina Findley Dickerson
8627,Sharon Lawrence
8628,Nehemiah Sutton
8629,Troy Curvey III
8630,Maya Gilbert
8631,Dondre T. Whitfield
8632,Nanna Blondell
8633,Anastasios Soulis
8634,Thomas Hanzon
8635,Johannes Kuhnke
8636,Tomas Bergström
8637,Kalled Mustonen
8638,Anna Azcárate
8639,Adrianna Chlebicka
8640,Mateusz Banasiuk
8641,Krzysztof Czeczot
8642,Mirosław Baka
8643,Tomasz Karolak
8644,Bartłomiej Kotschedoff
8645,Jacek Knap
8646,Anna Smołowik
8647,Helena Mazur
8648,Sebastian Stankiewicz
8649,Abstract Rude
8650,Chali 2na
8651,Cut Chemist
8652,Ellay Khule
8653,Riddlore
8654,Medusa
8655,Myka Nyne
8656,Pigeon John
8657,2Mex
8658,Hedi Bouchenafa
8659,Julie Ferrier
8660,Benjamin Tranié
8661,Hugues Jourdain
8662,Charlotte Gabris
8663,Vincent Desagnat
8664,Nina Kepekian
8665,Hakim Jemili
8666,Bun-hay Mean
8667,Caleb Castille
8668,Rose Reid
8669,Kevin Sizemore
8670,Nathan Kress
8671,Jerry Trainor
8672,Noah Munck
8673,Mary Scheer
8674,Miles Teller
8675,Ana de Armas
8676,Shaun Toub
8677,Steve Lantz
8678,Gregg Weiner
8679,JB Blanc
8680,Patrick St. Esprit
8681,Jessie Li
8682,Kara Wai
8683,Tu Men
8684,Qiao Shan
8685,Wang Yutian
8686,Yang Di
8687,Wang Zhener
8688,Christopher Abbott
8689,Abby Miller
8690,Dohn Norwood
8691,Irrfan Khan
8692,Nusrat Imroz Tisha
8693,Parno Mittra
8694,Rokeya Prachy
8695,Nader Chowdhury
8696,Rashad Hossain
8697,Adriana Ugarte
8698,Javier Rey
8699,Eduardo Noriega
8700,Marc Martínez
8701,Ingrid Rubio
8702,Pep Ambròs
8703,Núria Prims
8704,Roger Casamajor
8705,Marco Pigossi
8706,Alessandra Negrini
8707,Fábio Lago
8708,Jéssica Córes
8709,Jimmy London
8710,Wesley Guimarães
8711,Áurea Maranhão
8712,Julia Konrad
8713,Thaia Perez
8714,Manu Dieguez
8715,José Dumont
8716,Tainá Medina
8717,Rafael Sieg
8718,Samuel de Assis
8719,Victor Sparapane
8720,Chen Shu-fang
8721,Hsieh Ying-xuan
8722,Vivian Hsu
8723,Ding Ning
8724,Buffy Chen
8725,Chang Han
8726,Honduras
8727,Sara Yu
8728,Zendaya
8729,Kim Tae-ri
8730,Jin Sun-kyu
8731,Yoo Hai-jin
8732,Park Ye-rin
8733,Gaia Bermani Amaral
8734,Valentina Cervi
8735,Antonio Gerardi
8736,Federica Torchetti
8737,Anna Maria de Luca
8738,Lucia Zotti
8739,Nicoletta Carbonara
8740,Donato Placido
8741,Mimmo Mignemi
8742,Mark Chao
8743,Deng Lun
8744,Wang Ziwen
8745,Wang Duo
8746,Sun Chenjun
8747,Xu Kaicheng
8748,Jasper
8749,Ju Xiaowen
8750,Julia Wieniawa-Narkiewicz
8751,Mateusz Więcławek
8752,Adam Graf Turczyk
8753,Monika Krzywkowska
8754,Nikodem Rozbicki
8755,Kamil Piotrowski
8756,Adam Bobik
8757,Paulina Gałązka
8758,Magdalena Perlińska
8759,Katarzyna Chojnacka
8760,Konrad Żygadło
8761,Szymon Roszak
8762,Aleksandra Pisula
8763,Wojciech Łozowski
8764,Michał Meyer
8765,Adam Woronowicz
8766,Raúl Arévalo
8767,Candela Peña
8768,Paulina García
8769,Claude Musungayi
8770,Babou Cham
8771,Lidia Nené
8772,Melina Matthews
8773,Emilio Buale
8774,Mulie Jarju
8775,Jimmy Castro
8776,Fenda Drame
8777,Dairon Tallon
8778,Teresita Evuy
8779,Olivier Bony
8780,Ben Lawson
8781,Beau Garrett
8782,Ali Skovbye
8783,Roan Curtis
8784,Yael Yurman
8785,Jon-Michael Ecker
8786,Paul McGillion
8787,Chelah Horsdal
8788,Brendan Taylor
8789,Andrés Parra
8790,Angie Cepeda
8791,Cecilia Navia
8792,Vicky Hernández
8793,Rodolfo Silva
8794,Tommy Vásquez
8795,Toto Vega
8796,Nicolás Montero
8797,Marcela Gallego
8798,William Shewfelt
8799,Nico Greetham
8800,Zoe Robins
8801,Peter Sudarso
8802,Chrysti Ane
8803,Jordi Webber
8804,Caleb Bendit
8805,Chris Reid
8806,Kelson Henderson
8807,Alejandro Peña Arenzana
8808,Alejandra Yañez Reynoso
8809,Giuliana Baker
8810,Mauricio López
8811,Antia Nazarely Reynoso
8812,Felipe De Jesus Hernández
8813,Fernanda Michelle Torres
8814,Tracey Ashley
8815,Flame Monroe
8816,Aida Rodriguez
8817,Marlo Williams
8818,April Macie
8819,Chaunté Wayans
8820,Chris Farley
8821,Nicollette Sheridan
8822,Nathaniel Parker
8823,Soon-Tek Oh
8824,François Chau
8825,Dale Ishimoto
8826,Daming Chen
8827,Amber Marshall
8828,Michelle Morgan
8829,Graham Wardle
8830,Shaun Johnston
8831,Chris Potter
8832,Jessica Amlee
8833,Kerry James
8834,Nathaniel Arcand
8835,Kamil McFadden
8836,Alexandra Peters
8837,Laura Marano
8838,Paul Karmiryan
8839,Brianne Tju
8840,Alexis G. Zall
8841,Leo Howard
8842,Stephanie Nogueras
8843,Katherine Hughes
8844,Ryan Lee
8845,Ryan Malaty
8846,Medalion Rahimi
8847,Marc Evan Jackson
8848,Beth Littleford
8849,Audrey Wasilewski
8850,Matt Braunger
8851,Bukky Bakray
8852,Kosar Ali
8853,D'angelou Osei Kissiedu
8854,Shaneigha-Monik Greyson
8855,Sarah Niles
8856,Ruby Stokes
8857,Tawheda Begum
8858,Afi Okaidja
8859,Anastasia Dymitrow
8860,Michelle Williams
8861,Jackie Earle Haley
8862,Ted Levine
8863,John Carroll Lynch
8864,Elias Koteas
8865,Richard Lintern
8866,Daniel Mays
8867,Peter Bowles
8868,Keeley Hawes
8869,Colin Salmon
8870,Alki David
8871,James Faulkner
8872,Daniel Padilla
8873,Kathryn Bernardo
8874,Herbert Bautista
8875,Ruffa Gutierrez
8876,Gardo Versoza
8877,Arlene Muhlach
8878,Arlene Muchlach
8879,Dennis Padilla
8880,Riva Quenery
8881,Anthony Jennings
8882,Alora Sasam
8883,Huybs Azarcon
8884,Holly Taylor
8885,Tequan Richmond
8886,Willow Shields
8887,An-Li Bogan
8888,Noah Grismer
8889,Alex Lange
8890,David Clayton Rogers
8891,Marguerite Moreau
8892,Clé Bennett
8893,Christian Potenza
8894,Scott McCord
8895,Rachel Wilson
8896,Drew Nelson
8897,Stephanie Anne Mills
8898,Novie Edwards
8899,Megan Fahlenbock
8900,Brian Foud
8901,Emilie-Claire Barlow
8902,Phillip David Lewis
8903,Katie Crown
8904,Peter Oldring
8905,Kristin Fairlie
8906,Kian Lawley
8907,Anne Winters
8908,Tory Devon Smith
8909,James Boyd
8910,Tanner Stine
8911,Markus Silbiger
8912,Jonah Bobo
8913,Josh Hutcherson
8914,Dax Shepard
8915,John Alexander
8916,Derek Mears
8917,Douglas Tait
8918,Joe Bucaro III
8919,Goran Visnjic
8920,Stephanie Gil
8921,Alejandra Howard
8922,Jorge Lamelas
8923,Lúcia Moniz
8924,Marco D'Almeida
8925,Joana Ribeiro
8926,Carla Chambel
8927,Elmano Sancho
8928,Sonia Braga
8929,Amy Forsyth
8930,Reign Edwards
8931,Christian James
8932,Matt Mercurio
8933,Michael Tourek
8934,Courtney Dietz
8935,Stephen Conroy
8936,Javier Gutiérrez
8937,Karra Elejalde
8938,Luis Callejo
8939,Andrés Gertrúdix
8940,Isak Ferriz
8941,Édgar Vittorino
8942,Miquel Gelabert
8943,Florin Opritescu
8944,Àlex Monner
8945,Patrick Criado
8946,Kea Peahu
8947,Alex Aiono
8948,Lindsay Watson
8949,Owen Vaccaro
8950,Branscombe Richmond
8951,Ke Huy Quan
8952,Brad Kalilimoku
8953,Ricky Garcia
8954,Carey Mulligan
8955,Ralph Fiennes
8956,Johnny Flynn
8957,Ben Chaplin
8958,Ken Stott
8959,Ryan Delon
8960,Makayla Rose Hilli
8961,TJ
8962,Engin Öztürk
8963,Kürşat Alnıaçık
8964,Aybüke Pusat
8965,Tolga Tekin
8966,Özgür Emre Yıldırım
8967,Yiğit Kirazcı
8968,Kurt Sorge
8969,Tom Van Steenbergen
8970,Cameron Zink
8971,Graham Agassiz
8972,Tyler McCaul
8973,Cameron McCaul
8974,Ethan Nell
8975,Hannah Bergemann
8976,Carson Storch
8977,Brandon Semenuk
8978,Veronique Sandler
8979,Nico Vink
8980,Garett Buehler
8981,Jaxson Riddle
8982,Andreu Lacondeguy
8983,Paul Genovese
8984,Paul Basagoitia
8985,Zoe Levin
8986,Brendan Scannell
8987,Micah Stock
8988,Theo Stockman
8989,Alex Hurt
8990,D'Arcy Carden
8991,Gabrielle Ryan
8992,Charles Gould
8993,Tovino Thomas
8994,India Jarvis
8995,Sidhartha Siva
8996,Basil Joseph
8997,Sudheesh
8998,Parvathi T
8999,Pauly Valsan
9000,Caitriona Balfe
9001,Tobias Menzies
9002,Gary Lewis
9003,Lotte Verbeek
9004,Duncan Lacroix
9005,Laura Donnelly
9006,Bill Paterson
9007,Stephen Walters
9008,Grant O'Rourke
9009,Simon Callow
9010,Richard Rankin
9011,Sophie Skelton
9012,David Berry
9013,Romann Berrux
9014,Ed Speleers
9015,Tim Downie
9016,Griffin Murray-Johnston
9017,Leeanna Walsman
9018,Lisa Hensley
9019,Felix Cameron
9020,Abe Clifford-Barr
9021,Ebele Okaro
9022,Lilian Echelon
9023,Betty Bellor
9024,Swanky JKA
9025,Callum Shoniker
9026,Lyon Smith
9027,Tajja Isen
9028,Anand Rajaram
9029,David Berni
9030,Linda Ballantyne
9031,Patrick McKenna
9032,Judy Marshak
9033,Martin Roach
9034,Katie Griffin
9035,Mike Godson
9036,Ifu Ennada
9037,Erica Nlewedim
9038,Ime Bishop Umoh
9039,Chigul
9040,Desmond Elliot
9041,Omawumi
9042,Blessing Onwukwe
9043,Amaka Iruobe
9044,Yoo Jae-suk
9045,Ahn Jae-wook
9046,Kim Jong-min
9047,Lee Kwang-soo
9048,Sehun
9049,Kim Se-jeong
9050,Akari Kito
9051,Ai Kakuma
9052,Takumi Yamazaki
9053,Rosa María Sardà
9054,Verónica Forqué
9055,Ingrid García Jonsson
9056,David Verdaguer
9057,Pol Monen
9058,Alex O'Dogherty
9059,Leander Vyvey
9060,Liz Lobato
9061,Brian Dennehy
9062,Helen Carey
9063,Daniel Stern
9064,Adarsh Gourav
9065,Priyanka Chopra Jonas
9066,Malin Akerman
9067,Kat Dennings
9068,Aisha Tyler
9069,Jane Seymour
9070,Jack Donnelly
9071,Chelsea Peretti
9072,Christine Taylor
9073,Deon Cole
9074,Cosmo Jarvis
9075,Barry Keoghan
9076,Niamh Algar
9077,Ned Dennehy
9078,Kiljan Tyr Moroney
9079,David Wilmot
9080,Brid Brennan
9081,Anthony Welsh
9082,Shameik Moore
9083,Demetrius Shipp Jr.
9084,Denzel Whitaker
9085,Keean Johnson
9086,Kat Graham
9087,Rob Morgan
9088,Wesley Snipes
9089,Ludwika Paleta
9090,Martín Altomaro
9091,Liz Gallardo
9092,Javier Ponce
9093,Oka Giner
9094,Zaide Silvia Gutiérrez
9095,Dalexa Meneses
9096,Emilio Beltrán Ulrich
9097,Fernando Memije
9098,Elena del Río
9099,Alexander Koch
9100,December Ensminger
9101,Lee Jones
9102,Lukas Engel
9103,Zoey Siewert
9104,Mayumi Yoshida
9105,Izabela Vidovic
9106,Kate Bosworth
9107,Marcus Hester
9108,Omar Benson Miller
9109,Chuck Zito
9110,Lewis MacDougall
9111,Toby Kebbell
9112,Ben Moor
9113,James Melville
9114,Oliver Steer
9115,Dominic Boyle
9116,Geraldine Chaplin
9117,Jennifer Lim
9118,Maggie Q
9119,Luke Hemsworth
9120,Ingkarat Jaraswongkosol
9121,Kelly B. Jones
9122,Caledonia Burr
9123,Abby Quinn
9124,Cara Seymour
9125,Scott Shepherd
9126,Susan Heyward
9127,Neal Huff
9128,Collin Kelly-Sordelet
9129,John Bedford Lloyd
9130,Colby Minifie
9131,Finn Wolfhard
9132,Abby Trott
9133,Michael Hawley
9134,Michael Goldsmith
9135,Sharon Muthu
9136,Liam O'Brien
9137,Rafael Petardi
9138,Tress MacNeille
9139,Matt Berry
9140,Billy West
9141,Maisa Silva
9142,Eduardo Moscovis
9143,Marcelo Médici
9144,Laila Zaid
9145,Pedro Ottoni
9146,Rayana Diniz
9147,Caio Vegatti
9148,Fafá de Belém
9149,Thaynara Og
9150,Roberto Bonfim
9151,Jace Norman
9152,Cooper Barnes
9153,Riele Downs
9154,Sean Ryan Fox
9155,Ella Anderson
9156,Michael D. Cohen
9157,Damson Idris
9158,Emily Beecham
9159,Pilou Asbæk
9160,Christopher Knights
9161,Chris Miller
9162,Conrad Vernon
9163,Annet Mahendru
9164,Peter Stormare
9165,Jo Kyoung-i
9166,Kim Seo-yeong
9167,Jeong Jae-heon
9168,Jason Ralph
9169,Arjun Gupta
9170,Hale Appleman
9171,Stella Maeve
9172,Summer Bishil
9173,Olivia Taylor Dudley
9174,Jade Tailor
9175,Rick Worthy
9176,Mackenzie Astin
9177,Kacey Rohl
9178,Charles Mesure
9179,Keegan Connor Tracy
9180,Trevor Einhorn
9181,John D. Hickman
9182,Alex Haydon
9183,Aleksei Archer
9184,Kristopher Wente
9185,Tanvi Azmi
9186,Mithila Palkar
9187,Vaibhav Tatwawaadi
9188,Manav Gohil
9189,Shweta Mehendale
9190,"Nancy ""Vincenza Careri"" Kulik"
9191,Sophia Loren
9192,Kang In-soo
9193,Lee Sang
9194,Soo-bin
9195,Revalina S. Temat
9196,Agus Kuncoro Adi
9197,Endhita
9198,Hengky Solaiman
9199,Edmay Solaiman
9200,Dedi Soetomo
9201,M Ibrahim
9202,Bhisma Mulia
9203,Denira Wiraguna
9204,Didi Kempot
9205,Sisca JKT48
9206,Erick Estrada
9207,Mo Sidik
9208,Emil Kusumo
9209,Dede Satria
9210,Rezca Syam
9211,Colleen Camp
9212,John Buffalo Mailer
9213,Nick Mathews
9214,Steven Prescod
9215,"Oliver ""Power"" Grant"
9216,James Toback
9217,Belen Blanco
9218,Walter Jakob
9219,Facundo Aquinos
9220,Patricia Calisaya
9221,Sarah Lancashire
9222,Nicola Walker
9223,Edward Ashley
9224,Louis Greatorex
9225,Josh Bolt
9226,François Cluzet
9227,Anne Le Ny
9228,Audrey Fleurot
9229,Joséphine de Meaux
9230,Clotilde Mollet
9231,Cyril Mendy
9232,Bipasha Basu
9233,Ayub Khan
9234,Mohan Agashe
9235,Anoop Soni
9236,Chetan Pandit
9237,Priyanka Chopra
9238,Hussain Shaikh
9239,Demi Lovato
9240,Sia
9241,Ashley Tisdale
9242,Avril Lavigne
9243,G.E.M.
9244,Chris Harrison
9245,Mohan Joshi
9246,Akhilendra Mishra
9247,Brij Gopal
9248,Anita Kanwal
9249,Paul Connolly
9250,Tillotama Shome
9251,Geetanjali Kulkarni
9252,Rahul Vohra
9253,Chandrachoor Rai
9254,Dilnaz Irani
9255,Bhagyashree Pandit
9256,Anupriya Goenka
9257,Rashi Mal
9258,Sumruddhi Shukla
9259,Aranya Kaur
9260,Nishka Raheja
9261,Fran Lebowitz
9262,Haluk Bilginer
9263,Öner Erkan
9264,Gülçin Santırcıoğlu
9265,İlker Aksum
9266,Hülya Duyar
9267,Göktuğ Yıldırım
9268,Helin Kandemir
9269,Sergio Mur
9270,Nico Romero
9271,Carlos Cuevas
9272,Anisa Rahma
9273,Anandito Dwis
9274,Fitria Rasyidi
9275,Arafah Rianti
9276,Mel Brooks
9277,Julie Khaner
9278,Terrence Scammell
9279,Tamir Kapelian
9280,Carly Rae Jepsen
9281,Vanessa Kirby
9282,Benny Safdie
9283,Jimmie Fails
9284,Juan Sebastián Gutiérrez
9285,Pablo Cano
9286,Pablo Memi
9287,Roy Quiroga
9288,Tony Parker
9289,Anna Ruiz
9290,Salman Khan
9291,Rani Mukerji
9292,Neeraj Vora
9293,Sulabha Arya
9294,Gerard Butler
9295,Catherine Zeta-Jones
9296,Uma Thurman
9297,James Tupper
9298,Abella Wyss
9299,Grant Goodman
9300,Anders Baasmo
9301,Ida Husøy
9302,Otto Jespersen
9303,Sven Nordin
9304,Trond Halbo
9305,Wenche Myhre
9306,Kostja Ullmann
9307,Björn Kjellman
9308,Johnny Knoxville
9309,Jackson Nicoll
9310,Greg Harris
9311,Georgina Cates
9312,Kamber Hejlik
9313,Jill Killington
9314,Madison Davis
9315,George Faughnan
9316,Spike Jonze
9317,Callum Keith Rennie
9318,Adrian Lester
9319,Kerry O'Malley
9320,Cynthia Stevenson
9321,Alexander Conti
9322,Philip Cabrita
9323,Xolo Maridueña
9324,Mary Mouser
9325,Courtney Henggeler
9326,Jacob Bertrand
9327,Sydney Cope
9328,Logan Edra
9329,Liza Wilk
9330,Braedyn Bruner
9331,Billie Merritt
9332,Stephanie Szostak
9333,Emily Meade
9334,Abe Vigoda
9335,Dan Schneider
9336,Shar Jackson
9337,Jan Schweiterman
9338,Linda Cardellini
9339,Sinbad
9340,Josh Server
9341,Ginny Schreiber
9342,Maya Angelou
9343,Eve
9344,Al Sharpton
9345,Raven-Symoné
9346,William Hurt
9347,Jena Malone
9348,Brian Dierker
9349,Hal Holbrook
9350,Angélica Celaya
9351,Gabriel Porras
9352,Rosalinda Rodríguez
9353,Tony Garza
9354,Regina Orquín
9355,Enrique Montaño
9356,Adrián Carvajal
9357,Emmanuel Morales
9358,Adriano Zendejas
9359,Xavier Ruvalcaba
9360,Raúl Sandoval
9361,Mauricio Novoa
9362,Ana Wolfermann
9363,Stephanie Arcila
9364,Vanessa Pose
9365,Alma Matrecito
9366,Mem Ferda
9367,Nick Moran
9368,Nathalie Cox
9369,Roland Manookian
9370,Eddie Webber
9371,Tony Denham
9372,Katie Clarkson-Hill
9373,Meaghan Martin
9374,Jennifer Stone
9375,Nicole Gale Anderson
9376,Claire Holt
9377,Rhoda Griffis
9378,Mike Pniewski
9379,Patrick Johnson
9380,Irene Azuela
9381,Juan Manuel Bernal
9382,Osvaldo Benavides
9383,Antonio de la Vega
9384,Luis Rábago
9385,Sophie Gómez
9386,James Hyde
9387,Carla Adell
9388,Regina Pavón
9389,Dalí González
9390,Alejandro de Hoyos Parera
9391,José Manuel Rincón
9392,Daniela Schmidt
9393,Gabriela de la Garza
9394,Vincent D'Onofrio
9395,Adam Storke
9396,Conchata Ferrell
9397,Joanna Merlin
9398,Porscha Radcliffe
9399,John Fiore
9400,Kwon Changwook
9401,Kim Yeon-woo
9402,Jeon Tae-yeol
9403,Park No-sik
9404,Alexa Torrington
9405,Robert Tinkler
9406,Tracey Hoyt
9407,David Eagleman
9408,Amber Frank
9409,Curtis Harris
9410,Breanna Yde
9411,Ginifer King
9412,Chico Benymon
9413,January Jones
9414,Bruno Ganz
9415,Olivier Schneider
9416,Stipe Erceg
9417,Rainer Bock
9418,Cha In-pyo
9419,Cho Dal-hwan
9420,Song Jae-ryong
9421,Mary Steenburgen
9422,Darlene Cates
9423,Laura Harrington
9424,Mary Kate Schellhardt
9425,Kevin Tighe
9426,Martin L. Washington Jr.
9427,Maya Washington
9428,Matt Dallas
9429,Christopher O'Shea
9430,Jason Scott Lee
9431,Kevin Daniels
9432,John Fleck
9433,Nia Peeples
9434,Adam Tomei
9435,Jerry Seinfeld
9436,Leslie Jones
9437,Taylor Tomlinson
9438,Tom Segura
9439,Bert Kreischer
9440,Donnell Rawlings
9441,Jim Jefferies
9442,Nikki Glaser
9443,Sam Jay
9444,Michael McIntyre
9445,Jim Norton
9446,Felipe Esparza
9447,Patton Oswalt
9448,Robert Kelly
9449,Urzila Carlson
9450,Tom Papa
9451,Kanan Gill
9452,Ms. Pat
9453,Adrienne Iapalucci
9454,Kenny Sebastian
9455,Thomas Middleditch
9456,Ben Schwartz
9457,Zarina Wahab
9458,Arjan Bajwa
9459,Prasad Barve
9460,Aakash Dahiya
9461,Kiernan Shipka
9462,Ross Lynch
9463,Miranda Otto
9464,Lucy Davis
9465,Chance Perdomo
9466,Richard Coyle
9467,Jaz Sinclair
9468,Lachlan Watson
9469,Tati Gabrielle
9470,Adeline Rudolph
9471,Gavin Leatherwood
9472,Bronson Pinchot
9473,Panji Zoni
9474,Maizura
9475,Cemal Farukh
9476,Imelda Therinne
9477,Surya Saputra
9478,Jarot Superdj
9479,Doyok Superdj
9480,Hajra Romessa
9481,Annette Edoarda
9482,Nikita Willy
9483,Calvin Jeremy
9484,Dimas Dinang
9485,Tarra Budiman
9486,Marcellino Lafrand
9487,Iis Dahlia
9488,Jackie Tohn
9489,David So
9490,Rosemary Shrager
9491,Herizen Guardiola
9492,Marlo Kelly
9493,Rob Heaps
9494,Zach Roerig
9495,Paul Fitzgerald
9496,Alison Thornton
9497,Tammy Blanchard
9498,Amanda Brugel
9499,Chris Zylka
9500,Danica Curcic
9501,Karoline Hamm
9502,Viola Martinsen
9503,Lars Brygmann
9504,Hanne Hedelund
9505,August Issac Carter
9506,Fanny Leander Bornedal
9507,Ask Mossberg Truelsen
9508,Peder Holm Johansen
9509,Alexandre Willaume
9510,Susanne Storm
9511,Andrea Engelsmann Persson
9512,Thomas Chaanhing
9513,Morten Hauch-Fausbøll
9514,Eskil Tonnesen
9515,Ford Kiernan
9516,Paul Riley
9517,Jane McCarry
9518,Greg Hemphill
9519,Mark Cox
9520,Gavin Mitchell
9521,Sanjeev Kohli
9522,Lee Kang-sheng
9523,Wilson Hsu
9524,Vera Chen
9525,Yen Cheng-kuo
9526,Chen Bor-jeng
9527,Liu Kuo-shao
9528,Kim Yo-han
9529,So Joo-yeon
9530,Yeo Hoi-hyun
9531,Jeong Jin-hwan
9532,Jo Hye-joo
9533,Cho Ryun
9534,Kim Sung-gon
9535,Seong Hye-min
9536,Park Ji-won
9537,Timothy Ware-Hill
9538,Ned Beatty
9539,Harry Dean Stanton
9540,Hugh Grant
9541,Kumail Nanjiani
9542,Tracey Ullman
9543,Samson Kayo
9544,Diane Morgan
9545,Cristin Milioti
9546,Joe Keery
9547,Issaka Sawadogo
9548,Yann Gael
9549,Christiane Dumont
9550,Fatou-Elise Ba
9551,Khalima Gadji
9552,Ricky Tribord
9553,Ndiaga Mbow
9554,Christophe Guybet
9555,Maïwenn
9556,Fanny Ardant
9557,Louis Garrel
9558,Dylan Robert
9559,Marine Vacth
9560,Caroline Chaniolleau
9561,Alain Françon
9562,Florent Lacger
9563,Henri-Noël Tabary
9564,Omar Marwan
9565,Mikaela Blake
9566,Gabby Clarke
9567,Roman Lutterotti
9568,Leke Maceda-Rustecki
9569,Matthew Mucci
9570,Lynsey Pham
9571,Kaden Stephen
9572,Lights
9573,Anil Kapoor
9574,Anurag Kashyap
9575,Adjoa Andoh
9576,Julie Andrews
9577,Lorraine Ashbourne
9578,Jonathan Bailey
9579,Ruby Barker
9580,Sabrina Bartlett
9581,Harriet Cains
9582,Bessie Carter
9583,Phoebe Dynevor
9584,Ruth Gemmell
9585,Florence Hunt
9586,Claudia Jessie
9587,Ben Miller
9588,Luke Newton
9589,Regé-Jean Page
9590,Golda Rosheuvel
9591,Luke Thompson
9592,Will Tilston
9593,Polly Walker
9594,Maine Mendoza
9595,Carlo Aquino
9596,Cris Villanueva
9597,Nikki Valdez
9598,Vangie Labalan
9599,Geleen Eugenio
9600,YaYa Gosselin
9601,Akira Akbar
9602,Christian Slater
9603,Adriana Barraza
9604,Taylor Dooley
9605,Vivien Lyra Blair
9606,Hala Finley
9607,Lyon Daniels
9608,Christopher McDonald
9609,Andy Walken
9610,Lotus Blossom
9611,Haley Reinhart
9612,Nathan Blair
9613,Dylan Henry Lau
9614,Andrew Diaz
9615,Jessica Mila
9616,Sheila Dara
9617,Rafael Tan
9618,Widyawati
9619,Aimee Saras
9620,Rukman Rosadi
9621,Lucinta Luna
9622,Ringgo Agus Rahman
9623,Zara JKT48
9624,Widuri Puteri
9625,Kafin Sulthan
9626,Alden Richards
9627,Maymay Entrata
9628,Maricel Laxa
9629,Joross Gamboa
9630,Kaka Bautista
9631,Lito Pimentel
9632,Jeffrey Tam
9633,Lovely Abella
9634,Nils d'Aulaire
9635,Jay Klaitz
9636,Julie Ann Emery
9637,Onata Aprile
9638,Dee Snider
9639,Tiffany Boone
9640,Caoilinn Springall
9641,Sophie Rundle
9642,Ethan Peck
9643,Edward Chen
9644,Tseng Ching-hua
9645,Leon Dai
9646,Jason Wang
9647,Fabio Grangeon
9648,Mimi Shao
9649,Barry Qu
9650,Erek Lin
9651,Hero Fiennes Tiffin
9652,Dylan Sprouse
9653,Louise Lombard
9654,Shane Paul McGhie
9655,Candice King
9656,Charlie Weber
9657,Khadijha Red Thunder
9658,Inanna Sarkis
9659,Pia Mia
9660,Samuel Larsen
9661,Dylan Arnold
9662,Rob Estes
9663,Ji Chang-wook
9664,Kim Ji-won
9665,Kim Min-seok
9666,Han Ji-eun
9667,Ryu Gyeong-soo
9668,Michael Brons
9669,Nigel Coppen
9670,Thomas Velderman
9671,Carlos Antunes
9672,Marco Spronk
9673,Willem Rebergen
9674,Joshua Dutrieux
9675,Bob van der Palen
9676,Sefa Vlaarkamp
9677,Hannah Jane Fox
9678,Rhashan Stone
9679,Justin Fletcher
9680,Richard Webber
9681,Jo Allen
9682,Sean Connolly
9683,Chris Grimes
9684,Louis Jones
9685,Ariana Grande
9686,Tim Roth
9687,Michael Sirow
9688,Stephen Fry
9689,Sharon Maughan
9690,Susan Traylor
9691,Wilmer Calderon
9692,Richard Reid
9693,Ethan Cohn
9694,Nathalie Love
9695,Mohamed Saad
9696,Samir Sabri
9697,Mai Selim
9698,Dina Mohsen
9699,Feryal Youssef
9700,Nabil Issa
9701,Ahmed Seyam
9702,Hassan Abdulfattah
9703,Hamdi Al Wazir
9704,Mohamed Shahin
9705,Rhys Nicholson
9706,Jason Beghe
9707,Esai Morales
9708,Kim Rhodes
9709,Richard T. Jones
9710,Paul McCrane
9711,John Rubinstein
9712,Robert Picardo
9713,Noxee Maqashalala
9714,Angela Sithole
9715,Nambitha Ben-Mazwi
9716,Lehlohonolo Makoko
9717,Ilse Klink
9718,Makgano Mamabolo
9719,Tshepo Maseko
9720,Pauly Shore
9721,Mike Castle
9722,Charlotte McKinney
9723,Louis Ferrigno
9724,Jr.
9725,Erik Griffin
9726,Punkie Johnson
9727,Mikaela Hoover
9728,Chris Kattan
9729,Steve-O
9730,Ida Elise Broch
9731,Gabrielle Susanne Solheim Leithaug
9732,Dennis Storhøi
9733,Anette Hoff
9734,Felix Sandman
9735,Ghita Nørby
9736,Hege Schøyen
9737,Bjørn Skagestad
9738,Mads Sjøgård Pettersen
9739,Glynn Turman
9740,Colman Domingo
9741,Michael Potts
9742,Jonny Coyne
9743,Taylour Paige
9744,Jeremy Shamos
9745,Dusan Brown
9746,Joshua Harto
9747,George C. Wolfe
9748,Branford Marsalis
9749,Imani Perry
9750,Coleman Domingo
9751,Constanza Romero
9752,August Wilson
9753,Todd Black
9754,Ann Roth
9755,Mohd Syafie Naswip
9756,Sharifah Aryana
9757,Sharifah Aleya
9758,Adibah Noor
9759,Irwan Iskandar
9760,Sallehuddin Abu Bakar
9761,Kalidas Jayaram
9762,Shanthnu Bhagyaraj
9763,Bhavani Sre
9764,Kalki Koechlin
9765,Padam Kumar
9766,Sai Pallavi
9767,Hari
9768,Simran
9769,M. Rajoli
9770,Kartina Aziz
9771,Rozie Rashid
9772,Noor Khiriah
9773,Hafiz Ibrahim
9774,Mahesh Jugal Kishor
9775,Pamela Chong Ven Teen
9776,Jaclyn Victor
9777,Harith Iskander
9778,Mislina Mustaffa
9779,Sukania Venugopal
9780,Luis Eduardo Arango
9781,Aura Cristina Geithener
9782,Lina Tejeiro
9783,Christian Villamil
9784,Jill Wagner
9785,Sasha Rosoff
9786,Sala Baker
9787,Fraser Aitcheson
9788,Teach Grant
9789,Glenn Ennis
9790,Todd Scott
9791,Zahn McClarnon
9792,Brendan Fletcher
9793,Morgan Oey
9794,Luna Maya
9795,Kevin Julio
9796,Reza Nangin
9797,Martin Anugrah
9798,Fatih Unru
9799,Julia Barretto
9800,Joshua Garcia
9801,Cherry Pie Picache
9802,Ariel Rivera
9803,Maricar Reyes
9804,Edgar Allan Guzman
9805,Jelson Bay
9806,Odette Khan
9807,Yim Si-wan
9808,Shin Sae-kyeong
9809,Kang Tae-oh
9810,Park Yeong-gyu
9811,Cha Hwa-yeon
9812,Ryu Abell
9813,Seo Jae-hee
9814,Yeon Je-wook
9815,Choi Jae-hyun
9816,Lee Jeong-ha
9817,Park Sung-jun
9818,Lee Hwang-eui
9819,Lee Shin-ki
9820,Kim Si-eun
9821,Kim Si-young
9822,McCoy De Leon
9823,Elisse Joson
9824,Bembol Roco
9825,Chai Fonacier
9826,Paulo Angeles
9827,Markus Paterson
9828,Milo Elmido Jr.
9829,Andrew Schulz
9830,Atiqah Hasiholan
9831,Tutie Kirana
9832,Arifin Putra
9833,Tio Pakusadewo
9834,Oxcel
9835,Dodit Mulyanto
9836,Anitta
9837,Eddie Garcia
9838,Princess
9839,Rez Cortez
9840,Bibeth Orteza
9841,Joey Paras
9842,Beverly Salviejo
9843,Soxy Topacio
9844,Armida Siguion-Reyna
9845,Carice van Houten
9846,Catalina Sandino Moreno
9847,David Mazouz
9848,Keir O'Donnell
9849,Matt Nable
9850,Emily Jackson
9851,Paul Vincent O'Connor
9852,Natalija Nogulich
9853,John Pirruccello
9854,Mark Steger
9855,Emjay Anthony
9856,Karolina Wydra
9857,Oprah Winfrey
9858,Lenny Kravitz
9859,Alan Rickman
9860,Mariah Carey
9861,David Banner
9862,Michael Rainey Jr.
9863,Hidekatsu Shibata
9864,Kazuki Yao
9865,Masato Hagiwara
9866,Katsunosuke Hori
9867,Aya Hisakawa
9868,Kaori Yamagata
9869,Yurika Hino
9870,Hideyuki Tanaka
9871,Jake Gyllenhaal
9872,Michael Shannon
9873,Ellie Bamber
9874,Armie Hammer
9875,Karl Glusman
9876,Andrea Riseborough
9877,Ceaser Emanuel
9878,Dutchess Lattimore
9879,Puma Robinson
9880,Alex Estevez
9881,Sassy Bermudez
9882,Ben Schnetzer
9883,Emerald MacDonald
9884,Booboo Stewart
9885,Will Sasso
9886,Paul Nutarariaq
9887,Ricky Marty-Pahtaykan
9888,Eric Schweig
9889,Don Lake
9890,Chance Hurstfield
9891,Aria Birch
9892,Dylan Schombing
9893,Riley O'Donnell
9894,Hrishikesh Hirway
9895,Jenelle Evans
9896,Chelsea Houska
9897,Kailyn Lowry
9898,Leah Messer
9899,Jamie Chung
9900,Landon Lueck
9901,Diem Brown
9902,Mike 'The Miz' Mizanin
9903,Darrell Taylor
9904,Wes Bergmann
9905,Jodi Weatherton
9906,Brad Fiorenza
9907,Cara Maria Sorbello
9908,Zachary Nichols
9909,"Turabi ""Turbo"" Çamkıran"
9910,Theo Campbell
9911,Mel Gibson
9912,Eddie Marsan
9913,Stephen Dillane
9914,Ioan Gruffudd
9915,David O'Hara
9916,Anthony Andrews
9917,Lauren Swickard
9918,Josh Swickard
9919,Ali Afshar
9920,Natalia Mann
9921,Katelyn Epperly
9922,Gunnar Anderson
9923,Julie Lancaster
9924,Amanda Detmer
9925,Ameerah Falzon-Ojo
9926,Oliver Nelson
9927,Daisy Haggard
9928,Rasmus Hardiker
9929,Lauren Holly
9930,Kylie Jefferson
9931,Casimere Jollette
9932,Brennan Clost
9933,Barton Cowperthwaite
9934,Bayardo De Murguia
9935,Damon J. Gillespie
9936,Anna Maiche
9937,Daniela Norman
9938,Michael Hsu Rosen
9939,Tory Trowbridge
9940,Maguy Bou Ghosn
9941,Daniella Rahme
9942,Qays Sheikh Najib
9943,Mohamed Yaghy
9944,Rodney Haddad
9945,Nada Abou Farhat
9946,Pierre-Alain de Garrigues
9947,Josselin Charier
9948,Stephen Henderson
9949,Freedom Martin
9950,Nia Sarfo
9951,Cody Merridith
9952,Gerardo Navarro
9953,Aaron Guy
9954,Callie Holley
9955,Inma Cuesta
9956,Bárbara Lennie
9957,Tamar Novas
9958,Roque Ruíz
9959,Isabel Garrido
9960,Fede Pérez
9961,Alfonso Agra
9962,Susana Dans
9963,Xavier Estévez
9964,Xosé Antonio Touriñán
9965,María Tasende
9966,Camila Bossa
9967,María Costas
9968,Abril Zamora
9969,Chelo Falcón
9970,Ana Santos
9971,Mela Casal
9972,César Cambeiro
9973,James Corden
9974,Keegan-Michael Key
9975,Jo Ellen Pellman
9976,Ariana DeBose
9977,Mary Kay Place
9978,Kevin Chamberlin
9979,Logan Riley
9980,Sofia Deler
9981,Nathaniel J. Potvin
9982,Nargis Fakhri
9983,Priyanka Verma
9984,Kuwaarjeet Chopraa
9985,Aishan Jawaid Malik
9986,Rahul Mittra
9987,Gavie Chahal
9988,Humayun Shams Khan
9989,Babrak Akbari
9990,Kento Yamazaki
9991,Yuki Morinaga
9992,Keita Machida
9993,Ayaka Miyoshi
9994,Aya Asahina
9995,Shuntaro Yanagi
9996,Yutaro Watanabe
9997,Ayame Misaki
9998,Mizuki Yoshida
9999,Tsuyoshi Abe
10000,Nobuaki Kaneko
10001,Sho Aoyagi
10002,Brandon Ingram
10003,Nimmi Harasgama
10004,Ali Kazmi
10005,Arush Nand
10006,Agam Darshi
10007,Rehan Mudannayake
10008,Shivantha Wijesinha
10009,Seema Biswas
10010,Hidaayath Hazeer
10011,Bryan Chang
10012,Eugenie Liu
10013,Bruce He
10014,Ivy Shao
10015,Allison Lin
10016,River Huang
10017,Ting Chun-cheng
10018,Wang Ko-yuan
10019,Phoebe Huang
10020,Chu Chung-heng
10021,Wu Chien-ho
10022,Camille Chalons
10023,Enrique Gil
10024,Yves Flores
10025,Erin Ocampo
10026,Yayo Aguila
10027,Alex Diaz
10028,Jon Lucas
10029,Chienna Filomeno
10030,Marco Gumabao
10031,Myrtle Sarrosa
10032,Kyra Custodio
10033,Miguel Vergara
10034,Tonton Gutierrez
10035,Ricky Davao
10036,Sunshine Cruz
10037,Dingdong Dantes
10038,Paolo Ballesteros
10039,Martin del Rosario
10040,Christian Bables
10041,John Arcilla
10042,Carmi Martin
10043,Rosanna Roces
10044,Via Antonio
10045,Roxanne Barcelo
10046,Jaclyn Jose
10047,Gabby Padilla
10048,Cedrick Juan
10049,Elora Espano
10050,Mohamed Farraag
10051,Ahmed Dawood
10052,Arwa Gouda
10053,Hesham Ismail
10054,Ali Al Tayeb
10055,Mahmoud El-Bezzawy
10056,Heba Abdelghany
10057,Hany Seif
10058,Elio Germano
10059,Matilda De Angelis
10060,Tom Wlaschiha
10061,Luca Zingaretti
10062,Leonardo Lidi
10063,Paul Wight
10064,Reylynn Caster
10065,Lily Brooks O'Briant
10066,Paulina Chávez
10067,Jencarlos Canela
10068,André Chiang
10069,Karen Fukuhara
10070,Khary Payton
10071,Brenda Song
10072,Cher
10073,Nour Al Ghandour
10074,Muhanad Al-Hamdi
10075,Huda El Khateib
10076,Hassan Ibrahim
10077,Abdullah Al-Turkumani
10078,Nasser Kermani
10079,Foaz Al -Shatti
10080,Muhammad Al Dousari
10081,Ahmed El Hozeem
10082,Ghorour
10083,Fatma Al Tabbakh
10084,Jacob Vargas
10085,Maggie Geha
10086,Cree Cicchino
10087,Fabrizio Guido
10088,Oscar Nuñez
10089,Bailey Gambertoglio
10090,Katey Sagal
10091,Rachel Kimsey
10092,Darcy Rose Byrnes
10093,Duncan Joiner
10094,Bella Aboulhosn
10095,Kai Scott
10096,Elicia MacKenzie
10097,Casey Affleck
10098,Teresa Palmer
10099,Gal Gadot
10100,Doh Kyung-soo
10101,Nam Ji-hyun
10102,Common
10103,Jess Weixler
10104,Diana Silvers
10105,Joan Chen
10106,Cameron Britton
10107,Jack Huston
10108,Judith Light
10109,Kelly Jenrette
10110,Arliss Howard
10111,Marley Shelton
10112,Becky Ann Baker
10113,Brad William Henke
10114,Li Lingwei
10115,Han Ning
10116,Huang Guanzhi
10117,Jack Yao
10118,Hsia Teng-hung
10119,David Chao
10120,Luo Guanxu
10121,Wu Kunda
10122,Serena Fang
10123,Carol Cheng
10124,Gracen Daly
10125,Swara Bhasker
10126,Dolly Singh
10127,Ravi Patel
10128,Varun Thakur
10129,Mona Ambegaonkar
10130,Girish Kulkarni
10131,John Mulaney
10132,Jessi Klein
10133,Jenny Slate
10134,Jordan Peele
10135,Jay Gragnani
10136,Ramone Hamilton
10137,Sean Astin
10138,Dayci Brookshire
10139,Alli Neumann
10140,Sascha Alexander Gersak
10141,Sophia Thomalla
10142,Merlin Rose
10143,Detlev Buck
10144,Peter Kurth
10145,Anika Mauer
10146,Frederic Linkemann
10147,Bernd Hölscher
10148,Shona Ferguson
10149,Zolisa Xaluva
10150,Tsholofelo Matshaba
10151,Sello Sebotsane
10152,Buhle Samuels
10153,Thembi Seete
10154,TK Sebothoma
10155,Lunathi Mampofu
10156,Abdul Khoza
10157,Connie Ferguson
10158,Elçin Sangu
10159,Fırat Tanış
10160,Alican Yücesoy
10161,Emre Kıvılcım
10162,Hakan Eke
10163,İhsan Ceylan
10164,Bimen Zartar
10165,Lily Collins
10166,Tom Pelphrey
10167,Sam Troughton
10168,Ferdinand Kingsley
10169,Tom Burke
10170,Joseph Cross
10171,Jamie McShane
10172,Toby Leonard Moore
10173,Monika Gossmann
10174,Prue Leith
10175,Sandi Toksvig
10176,Noel Fielding
10177,Alyssa Milano
10178,Angel Parker
10179,Cristián de la Fuente
10180,Eva Ariel Binder
10181,Joel Steingold
10182,Gerald Anderson
10183,Sabrina Ouazani
10184,Kévin Mischel
10185,Hassam Ghancy
10186,Slimane
10187,Maxime Pambet
10188,Christophe Reymond
10189,Anthony Tedesco
10190,Andy Abbott
10191,Emma Sloan Jacobs
10192,Joanna Lewis
10193,Matt Mercer
10194,Ian Nikus
10195,Leandro Hassum
10196,Elisa Pinheiro
10197,Danielle Winits
10198,Louise Cardoso
10199,Rodrigo Fagundes
10200,Arianne Botelho
10201,Miguel Rômulo
10202,José Rubens Chachá
10203,Levi Ferreira
10204,Daniel Filho
10205,John Estrada
10206,John Lapus
10207,Ari Eldjárn
10208,Ernest Prakasa
10209,Chew Kin Wah
10210,Dion Wiyoko
10211,Arie Kriting
10212,Yusril Fahriza
10213,Awwe
10214,Adjis Doaibu
10215,Aci Resti
10216,Bintang Emon
10217,Jenny Zhang
10218,Soleh Solihun
10219,Denny Gitong
10220,Katarzyna Sawczuk
10221,Maciej Zakościelny
10222,Anita Sokołowska
10223,Julia Kamińska
10224,Maria Pakulnis
10225,Barbara Wypych
10226,Adrian Majewski
10227,Michał Piprowski
10228,Urszula Dudziak
10229,Krzysztof Ibisz
10230,Hazel Brugger
10231,Connie Nielsen
10232,Tómas Lemarquis
10233,Marc Andréoni
10234,Bruno Ricci
10235,Jonas Bloquet
10236,Eriq Ebouaney
10237,Lucy O'Connell
10238,Brendan Mullins
10239,Ruth Negga
10240,Lola Metcalfe
10241,Jared Harris
10242,Moe Dunford
10243,Oscar Butler
10244,Shona Hamill
10245,Pat Kinevane
10246,Janet Moran
10247,Anya O'Connor
10248,Nikolaj Lie Kaas
10249,Thure Lindhardt
10250,David Pasquesi
10251,Cosimo Fusco
10252,Ryan Devlin
10253,Jon Favreau
10254,Scarlett Johansson
10255,Amy Sedaris
10256,Russell Peters
10257,Emma Thompson
10258,Julie Walters
10259,David Suchet
10260,James Fox
10261,Robbie Coltrane
10262,Claudia Cardinale
10263,Tom Sturridge
10264,Dermot Arrigan
10265,Jenny Beacraft
10266,Stephanie Figueira
10267,Ella Galt
10268,James Giblin
10269,Noah Levin
10270,Dave Navarro
10271,Chris Nuñez
10272,Oliver Peck
10273,Mitchel Musso
10274,Sam Lerner
10275,Spencer Locke
10276,Kathleen Turner
10277,Maggie Gyllenhaal
10278,Natalie Palamides
10279,Ross Breen
10280,Shelley Longworth
10281,Nadia Ramlee
10282,Chio Su-Ping
10283,Jeremy Linn
10284,Marlon Dance-Hooi
10285,Juan Pablo Raba
10286,Annie Ilonzeh
10287,Jeff Hephner
10288,Pell James
10289,Cailey Fleming
10290,Tyson Ritter
10291,Tom Selleck
10292,Laura San Giacomo
10293,Chris Haywood
10294,Ron Haddrick
10295,Tony Bonner
10296,Jerome Ehlers
10297,Conor McDermottroe
10298,Roger Ward
10299,Richard Dean Anderson
10300,Michael Shanks
10301,Amanda Tapping
10302,Christopher Judge
10303,Don S. Davis
10304,Corin Nemec
10305,Ben Browder
10306,Beau Bridges
10307,Gary Jones
10308,Audrey Tautou
10309,Ian McKellen
10310,Jean Reno
10311,Etienne Chicot
10312,Jean-Pierre Marielle
10313,Jung Eun-chae
10314,Ahn Nae-sang
10315,Lee Won-jong
10316,Bill Barretta
10317,Leslie David Baker
10318,Cynthy Wu
10319,Michael McDonald
10320,Mitch Silpa
10321,Kim Chiu
10322,JM de Guzman
10323,Tony Labrusca
10324,Kate Alejandrino
10325,Miel Espinoza
10326,Janella Salvador
10327,Almira Muhlach
10328,Cris Villonco
10329,Mercedes Cabral
10330,Jerry O'Hara
10331,Simon Ibarra
10332,Sandy Andolong
10333,Roxanne Guinoo
10334,Cheska Iñigo
10335,Hannah Ledesma
10336,Yuan Francisco
10337,Raffa Esplana
10338,Varoon Kessop
10339,Hermione Corfield
10340,Jay Paulson
10341,Sean O'Bryan
10342,Daniel R. Hill
10343,Jeremy Glazer
10344,John Marshall Jones
10345,Laura Guzman
10346,Jake Kidwell
10347,Vlasta Vrana
10348,Sonja Ball
10349,Craig Francis
10350,Richard C. Jones
10351,Michael Perron
10352,Bruce Dinsmore
10353,Jennifer Seguin
10354,Daniel Brochu
10355,Jack Griffo
10356,Lexi Simonsen
10357,William Katt
10358,Samaire Armstrong
10359,William McNamara
10360,Jacob Grodnik
10361,Cho Byeong-kyu
10362,Yu Jun-sang
10363,Yeom Hye-ran
10364,Ahn Seok-hwan
10365,Moon Sook
10366,Choi Yoon-young
10367,Lee Hong-nae
10368,Taron C. Hensley
10369,Ann Kendrick
10370,Ella Joy Ballesteros
10371,Rodolfo Sancho
10372,Ana Fernández
10373,Ramón Barea
10374,Belén Fabra
10375,Lucas Blas
10376,Callan Mulvey
10377,Lara Cox
10378,Emma Roche
10379,Ada Nicodemou
10380,Rel Hunt
10381,Putu Winchester
10382,Salvatore Coco
10383,Barbara Gouskos
10384,Ivar Kants
10385,Stephen O'Rourke
10386,Abi Tucker
10387,Scott Major
10388,Corey Page
10389,Despina Caldis
10390,Deni Gordon
10391,Jon Pollard
10392,Vince Poletto
10393,Andrea Moor
10394,Jeremy Lindsay Taylor
10395,Doris Younane
10396,Tony Martin
10397,Sebastian Goldspink
10398,Katherine Halliday
10399,Marcel Bracks
10400,Nina Liu
10401,Morna Seres
10402,Nathalie Roy
10403,Rebecca Smart
10404,Fleur Beaupert
10405,Alex Dimitriades
10406,Tina Bursill
10407,Peter Sumner
10408,Mario Gamma
10409,Tai Nguyen
10410,Inge Hornstra
10411,Rupert Reid
10412,John Walton
10413,Nick Lathouris
10414,Hugh Baldwin
10415,Sarah Lambert
10416,Jan Adele
10417,Diane Craig
10418,Ian Bliss
10419,Alexandra Brunning
10420,Kym Wilson
10421,Isabella Gutierrez
10422,Simon Baker
10423,Luke Mockridge
10424,Seyneb Saleh
10425,Cristina do Rego
10426,Lucas Reiber
10427,Johanna Gastdorf
10428,Rudolf Kowalski
10429,Carmen-Maja Antoni
10430,Eugen Bauder
10431,Jonathan Kwesi Aikins
10432,Martina Eitner-Acheampong
10433,Eike Weinreich
10434,Eskindir Tesfay
10435,Hunter March
10436,Candace Nelson
10437,Adriano Zumbo
10438,Fabrizio Gifuni
10439,Lino Musella
10440,Monica Piseddu
10441,Emanuele Linfatti
10442,Nicolò Galasso
10443,Giacomo Colavito
10444,Giada Gagliardi
10445,Gianmarco Vettori
10446,Silvia Gallerano
10447,Massimiliano Setti
10448,Jun Jong-seo
10449,Kim Sung-ryoung
10450,EL
10451,Lee Dong-hwi
10452,Um Chae-young
10453,Vice Ganda
10454,Richard Gutierrez
10455,Bela Padilla
10456,Larry the Cable Guy
10457,Suhail Dabbach
10458,Adam Bessa
10459,Is'haq Elias
10460,Qutaiba Abdelhaq
10461,Ahmad El Ghanem
10462,Hicham Ouarqa
10463,Mohimen Mahbuba
10464,Thaer Al-Shayei
10465,Abdellah Bensaid
10466,Faycal Attougui
10467,Mohamed Attougui
10468,Tarik Belmekki
10469,Hayat Kamille
10470,Seema Al Khalidi
10471,Waleed Algadi
10472,Sharon Cuneta
10473,Robin Padilla
10474,Pilar Pilapil
10475,Marissa Delgado
10476,Maritoni Fernandez
10477,Brenton Thwaites
10478,Skylar Astin
10479,Kyle Gallner
10480,Alan Ritchson
10481,Chiaki Kobayashi
10482,Natsumi Fujiwara
10483,Shawn Mendes
10484,Goldie Hawn
10485,Darby Camp
10486,Jahzir Bruno
10487,Julian Dennison
10488,Judah Lewis
10489,Kimberly Williams-Paisley
10490,Vinoth Kishan
10491,Arjun Das
10492,Pooja Ramachandran
10493,Kumar Natarajan
10494,Misha Ghoshal
10495,Arul Vincent
10496,Chenthu Mohan
10497,Pradeep Kalipurayath
10498,O.C. Ukeje
10499,Meg Otanwa
10500,Tunbosun Aiyedehin
10501,Patrick Doyle
10502,Noah Kaye Bentley
10503,Brennley Brown
10504,Zach Callison
10505,Nicolas Cantu
10506,Andre Robinson
10507,Roshon Fegan
10508,Brad Grusnick
10509,Sam Lavagnino
10510,John C. McGinley
10511,Haley Bennett
10512,Bo Hopkins
10513,Owen Asztalos
10514,Valeria Bertuccelli
10515,Esteban Lamothe
10516,Julián Sorín
10517,Mauricio Dayub
10518,Malena Pichot
10519,Catarina Spinetta
10520,Carla Quevedo
10521,Anita Pauls
10522,Mónica Antonópulos
10523,Paola Barrientos
10524,Ana Katz
10525,Romina Richi
10526,Beatriz Spelzini
10527,Diego Reinhold
10528,Adel Imam
10529,Dalal Abdelaziz
10530,Hamdy Al-Merghany
10531,Mohamed al-Kilani
10532,Tarek El Ebiary
10533,Huda El Mufti
10534,Soleiman Eid
10535,Badria Tolba
10536,Reda Idrees
10537,Enaam Al-Gritly
10538,Wafaa Sadeq
10539,Rania Mahmoud Yassin
10540,Jesse Metcalfe
10541,Natalie Eva Marie
10542,Lala Kent
10543,Texas Battle
10544,Swen Temmel
10545,Sergio Rizzuto
10546,Tyler Jon Olson
10547,Jon Galanis
10548,Ko Kyung-pyo
10549,Go Won-hee
10550,Tamer Hosny
10551,Akram Hosny
10552,Amina Khalil
10553,Maged El-Masri
10554,Yasser Ali Maher
10555,Salwa Mohammed
10556,Hassan Hosny
10557,Ahmed Zaher
10558,Christine Baranski
10559,Jenifer Lewis
10560,Josh Segarra
10561,Jeanine Mason
10562,Mary Lane Haskell
10563,William Sadler
10564,Antonio Banderas
10565,Lady Gaga
10566,Robert Agengo
10567,Mwaura Bilal
10568,Andreo Kamau
10569,Cajetan Boy
10570,Arabron Nyyeneque
10571,Shiviske Shivisi
10572,Xavier Ywaya
10573,Keythe Farley
10574,Kaliayh Rhambo
10575,Michelle Deco
10576,Yang Chen
10577,Anthony Monjaro
10578,Phoenix Ezendu
10579,Ademola Amoo
10580,Chioma Adibe
10581,Ijeoma Richards
10582,Joy Mmezi
10583,Prajakta Koli
10584,Vihaan Samat
10585,Taaruk Raina
10586,Vidya Malavade
10587,Kritika Bharadwaj
10588,Rannvijay Singh
10589,Muskkaan Jaferi
10590,Devyani Shorey
10591,Suhasini Mulay
10592,Abhinav Sharma
10593,Ravin Makhija
10594,Jackie Long
10595,Diane Marie Howard
10596,Jaylin Hall
10597,Miguel A. Núñez Jr.
10598,Ray J
10599,JayQ The Legend
10600,J. Anthony Brown
10601,Kenny Rhodes
10602,Amber Cosich
10603,Pavan Malhotra
10604,Kishore Kadam
10605,Zakir Hussain
10606,Imtiaz Ali
10607,Pratima Kazmi
10608,Raj Arjun
10609,Raj Babbar
10610,Asrani
10611,Vidya Sinha
10612,Hazel Keech
10613,Salim Baig
10614,Lillete Dubey
10615,Sharmila Tagore
10616,Navin Nischol
10617,Parzan Dastur
10618,Neelu Kohli
10619,Ziyah Vastani
10620,Yudhishtir Urs
10621,Grady McGahan
10622,Ayushmann Khurrana
10623,Naman Jain
10624,John Lloyd Cruz
10625,Carlos Agassi
10626,Beatriz Saw
10627,Nico Antonio
10628,Vicky Kaushal
10629,Sobhita Dhulipala
10630,Mukesh Chhabra
10631,Anuschka Sawhney
10632,Deepali Suryakant Badekar
10633,Ashok Lokhande
10634,Harssh Singh
10635,Hitesh Dave
10636,Kajal Aggarwal
10637,Sachin Khedekar
10638,Sudhanshu Pandey
10639,Anant Jog
10640,Sabyasachi Chakraborty
10641,Prakash Belawadi
10642,Padmavati Rao
10643,Suneel Sinha
10644,Nick Sagar
10645,Sam Palladio
10646,Mia Lloyd
10647,Lachlan Nieboer
10648,Ricky Norwood
10649,Florence Hall
10650,Suanne Braun
10651,Mark Fleischmann
10652,Richard Gomez
10653,Liza Lorena
10654,Freddie Webb
10655,Tommy Esguerra
10656,Tobie Dela Cruz
10657,Minissha Lamba
10658,Sammir Dattani
10659,Ila Arun
10660,Ravi Kishan
10661,Ravi Jhankal
10662,Benjamin Bradley
10663,Kanto Shimokura
10664,Debo Akibe
10665,Emi Shimokura
10666,Toko Miura
10667,Pierce Gagnon
10668,Alex Cazares
10669,Flula Borg
10670,Jake Green
10671,Eric Bell Jr.
10672,Hope Levy
10673,David Collins
10674,Nicole Sullivan
10675,Joel Edgerton
10676,Marton Csokas
10677,Terri Abney
10678,Alano Miller
10679,Bill Camp
10680,David Jensen
10681,Bea Santos
10682,Greyston Holt
10683,Greg Vaughan
10684,Deana Carter
10685,Allison Hossack
10686,Tyra Banks
10687,Erika Harlacher
10688,Griffin Puatu
10689,Kimlinh Tran
10690,Taylor Henry
10691,Janice Roman Roku
10692,Brian Anderson
10693,Terry Crews
10694,Kristen Schaal
10695,Sarah Troyer
10696,Bradley Hamilton
10697,Kevin McGarry
10698,Samantha Gracie
10699,Kazumi Evans
10700,Patricia Drake
10701,Ian Hanlin
10702,Ellen Kennedy
10703,Jeff Probst
10704,Jerri Manthey
10705,Colby Donaldson
10706,Rupert Boneham
10707,Parvati Shallow
10708,Rob Mariano
10709,Amanda Kimmel
10710,James Clement
10711,Amber Brkich
10712,Alicia Calaway
10713,Ethan Zohn
10714,Tina Wesson
10715,Claire Foy
10716,Victoria Hamilton
10717,Pip Torrens
10718,Will Keen
10719,Daniel Ings
10720,Harriet Walter
10721,Lia Williams
10722,Anton Lesser
10723,Bing Crosby
10724,Danny Kaye
10725,Rosemary Clooney
10726,Vera-Ellen
10727,Dean Jagger
10728,Mary Wickes
10729,John Brascia
10730,Anne Whitfield
10731,George Chakiris
10732,Haley Webb
10733,Donny Boaz
10734,Cathy Baron
10735,Jason Alan Smith
10736,Dennis Staroselsky
10737,Owen Miller
10738,Shawn Fitzgibbon
10739,Sarah Paulson
10740,Jessica Lange
10741,Denis O'Hare
10742,Lily Rabe
10743,Frances Conroy
10744,Cheyenne Jackson
10745,Taissa Farmiga
10746,Finn Wittrock
10747,Chloë Sevigny
10748,Jamie Brewer
10749,Naomi Grossman
10750,Gabourey Sidibe
10751,Joseph Fiennes
10752,Matt Bomer
10753,Lizzie Brocheré
10754,Erika Ervin
10755,Mat Fraser
10756,Rose Siggins
10757,Jyoti Amge
10758,Billie Lourde
10759,Billy Eichner
10760,Leslie Grossman
10761,Colton Haynes
10762,Danny Huston
10763,Viraaj Modgill
10764,Jasleen Singh
10765,Pooja Punjabi
10766,Ketan Kava
10767,Zeel Thakkar
10768,Manish Bhavan
10769,Viswanathan Sridhar
10770,Anika Noni Rose
10771,Madalen Mills
10772,Phylicia Rashad
10773,Justin Cornwell
10774,Sharon Rose
10775,Lisa Davina Phillip
10776,Kieron Dyer
10777,Ibrahima Gueye
10778,Renato Carpentieri
10779,Diego Iosif Pirvu
10780,Massimiliano Rossi
10781,Babak Karimi
10782,Marta Belmonte
10783,Guillermo Toledo
10784,Carlos Blanco
10785,Marta Milans
10786,Goize Blanco
10787,Elena Irureta
10788,Bea Segura
10789,Jorge Andreu
10790,Adolfo Fernández
10791,Fernando Barona
10792,Juan Blanco
10793,Ahmed Boulane
10794,Pepe Ocio
10795,Adelfa Calvo
10796,Joaquín Climent
10797,Carmelo Gómez
10798,Miguel Ángel Solá
10799,Sarah Geronimo
10800,Rowell Santiago
10801,Johnny Revilla
10802,Bing Pimental
10803,Daphne Oseña-Paez
10804,Al Tantay
10805,Arno Morales
10806,Miles Ocampo
10807,Öykü Karayel
10808,Funda Eryiğit
10809,Defne Kayalar
10810,Settar Tanrıöğen
10811,Tülin Özen
10812,Bige Önal
10813,Aga Muhlach
10814,Albie Casiño
10815,Edward Barber
10816,Maureen Mann
10817,Tim Donadt
10818,Giselle Toengi
10819,Raymond Lauchengco
10820,Michael B. Jordan
10821,Kevin Durand
10822,Ahna O'Reilly
10823,Ariana Neal
10824,Keenan Coogler
10825,Trestin George
10826,Joey Oglesby
10827,Song Yoon-a
10828,Bae Soo-bin
10829,Kim Sung-oh
10830,Jung Seok-yong
10831,Aditya Roy Kapur
10832,Pearle Maaney
10833,Renato Quattordio
10834,Malena Narvay
10835,Thomás Lepera
10836,Jerónimo Giocondo Bosia
10837,Tomás Wicz
10838,Tomás Raimondi
10839,Majo Chicar
10840,Agustina Cabo
10841,Brittany Snow
10842,Jessica Stroup
10843,Dana Davis
10844,Collins Pennie
10845,Kelly Blatz
10846,James Ransone
10847,Brianne Davis
10848,Mary Mara
10849,Gloria Groove
10850,Alexia Twister
10851,Mark Samual Bonanno
10852,Broden Kelly
10853,Zachary Ruane
10854,Ed Helms
10855,Weird Al Yankovic
10856,Kia Stevens
10857,Tawny Newsome
10858,Bradley James
10859,Jose Miguel Vasquez
10860,Forrest Goodluck
10861,Bryan Hibbard
10862,Harrison Stone
10863,Billy Breed
10864,Tatanka Means
10865,Kiowa Gordon
10866,Lavinia Wilson
10867,Anna Unterberger
10868,Lukas Spisser
10869,Iva Höpperger
10870,Fedor Teyml
10871,Marta Manduca
10872,Maria Hofstätter
10873,Tina Haller
10874,Austin Abrams
10875,Dante Brown
10876,Ticoon Kim
10877,Temi Otedola
10878,Adjetey Anang
10879,Ini Edo
10880,Wole Olowomojuore
10881,Yomi Fash-Lanso
10882,Bukunmi Oluwashina
10883,Bienvenu Neba
10884,Ray Reboul
10885,Ibukun Awosika
10886,Seun Kuti
10887,Wang Yu-ping
10888,Yuri Chen
10889,Shiny Yao
10890,Pii Liu
10891,Mike Lin
10892,Edison Song
10893,Xia Teng-hong
10894,Moon Lee
10895,Antonio de la Torre
10896,Belén Cuesta
10897,Vicente Vergara
10898,José Manuel Poga
10899,Emilio Palacios
10900,Johnny Simmons
10901,Paul Wesley
10902,Lenora Crichlow
10903,Clarence Ryan
10904,Aaron L. McGrath
10905,Lisa Flanagan
10906,Tommy Lewis
10907,Nilbi Yasserie
10908,Christopher Ketchup
10909,Boori Monty Pryor
10910,Jacek Koman
10911,Colin Lane
10912,Arthur Angel
10913,Toby Truslove
10914,Nia Fairweather
10915,Chris Noth
10916,Cooper Koch
10917,Tyra Ferrell
10918,Denny Dillon
10919,Adriana DeMeo
10920,Otoja Abit
10921,David Anzuelo
10922,Camilla Harden
10923,Natasha Goodman
10924,Avery Whitted
10925,Tony D. Head
10926,Joe Perrino
10927,Adrian Alandy
10928,Jasmine Curtis-Smith
10929,Sylvia Sanchez
10930,Nonie Buencamino
10931,Xia Vigor
10932,Richard Manabat
10933,Natalie Hall
10934,Evan Williams
10935,Michael Gordon Shore
10936,Steve Cumyn
10937,Albert Brooks
10938,Zanjoe Marudo
10939,Gina Pareño
10940,Carmina Villarroel
10941,Agot Isidro
10942,Alexander Ludwig
10943,Virginia Madsen
10944,Janet Kidder
10945,Jeff Joseph
10946,Bethany Brown
10947,Rohan Campbell
10948,Aaron Douglas
10949,Xavier de Guzman
10950,Bruce Best
10951,Ahmed Amin
10952,Razane Jammal
10953,Ayah Samaha
10954,Samaa Ibrahem
10955,Roshdy El Shamy
10956,Reem Abd El Kader
10957,Emily Alatalo
10958,Franco Lo Presti
10959,Andrew Bushell
10960,Genelle Williams
10961,Kyana Teresa
10962,Eric Hicks
10963,Nick Hounslow
10964,Josh Dean
10965,Liam MacDonald
10966,Ilamaria Ebrahim
10967,Charles Shaughnessy
10968,Julia Baldwin
10969,Ida Engvoll
10970,Björn Mosten
10971,Carla Sehn
10972,Reine Brynolfsson
10973,Gizem Erdogan
10974,Ruben Lopez
10975,Elsa Agemalm Reiland
10976,Benjamin Shaps
10977,Disa Östrand
10978,Ejke Blomberg
10979,Lars Väringer
10980,Keerthy Suresh
10981,Dr. Rajendra Prasad
10982,V. K. Naresh
10983,Nadhiya
10984,Naveen Chandra
10985,Sumanth Shailendra
10986,Kamal Kamaraju
10987,Praveen
10988,Pujitha Ponnada
10989,Divya Sripada
10990,Felix Lobrecht
10991,Masami Nagasawa
10992,Daiken Okudaira
10993,Guillermo del Toro
10994,Alfonso Cuarón
10995,Mélissa Bédard
10996,Ève Landry
10997,Florence Longpré
10998,Sophie Thatcher
10999,Andre Royo
11000,Sheila Vand
11001,Anwan Glover
11002,Denise Richards
11003,Cameron Seely
11004,Katrina Begin
11005,Jake Van Wagoner
11006,Douglas Spain
11007,Dawson Ehlke
11008,Katie Holmes
11009,Kerr Smith
11010,Meredith Monroe
11011,Busy Philipps
11012,Leslie Bellair
11013,Brad Hyland
11014,Brody Rose
11015,Carol Aebersold
11016,Drew Barber
11017,Ashley Roberts
11018,Lowrey Brown
11019,Kristyl Tift
11020,Manny Mahen
11021,Olivia Berkeley
11022,Eleanor Rocha
11023,Samantha Bee
11024,Jeff Dunham
11025,Wil Willis
11026,Leah Remini
11027,Mike Rinder
11028,Dhirendra
11029,Sabrina Pitre
11030,Paul Dobson
11031,Kelly Metzger
11032,Brent Miller
11033,Kirby Morrow
11034,Pauline Newstone
11035,Jillian Michaels
11036,John Novak
11037,Mark Oliver
11038,Michael Kopsa
11039,Misty Lee
11040,Daniel MK Cohen
11041,Mick Lauer
11042,Howie Mandel
11043,Margaret Whitton
11044,Rick Ducommun
11045,Frank Whaley
11046,Ben Savage
11047,William Murray Weiss
11048,Devin Ratray
11049,Amber Barretto
11050,Iko Uwais
11051,Ronda Rousey
11052,Carlo Alban
11053,Sam Medina
11054,Terry Kinney
11055,Nikolai Nikolaeff
11056,Natasha Goubskaya
11057,Laia Costa
11058,Marin Ireland
11059,Maria Dizzia
11060,Olivia Bond
11061,Dakota Lustick
11062,Rhys Ifans
11063,Joely Richardson
11064,Scott Eastwood
11065,Frank Welker
11066,Wally Wingert
11067,Gregg Berger
11068,Son Hyun-joo
11069,Jang Seung-jo
11070,Lee Elijah
11071,Tom Holland
11072,Samuel Joslin
11073,Oaklee Pendergast
11074,Marta Etura
11075,Sönke Möhring
11076,Ploy Jindachote
11077,Jomjaoi Sae-Limh
11078,Constance Towers
11079,Chris Conrad
11080,"Arsenio ""Sonny"" Trinidad"
11081,Michael Cavalieri
11082,Jang Hyuk
11083,Lee Ha-na
11084,Baek Sung-hyun
11085,Ye-sung
11086,Son Eun-seo
11087,Kwon Jae-hwan
11088,Lee Ju-seung
11089,Kim Jae-wook
11090,Noureen DeWulf
11091,John Ducey
11092,Matty Cardarople
11093,Jeff Fahey
11094,Christina Moore
11095,Gabriel Tigerman
11096,Tyler Jacob Moore
11097,Jessica Serfaty
11098,Loo Nascimento
11099,Ingrid Silva
11100,Rincon Sapiência
11101,Batekoo
11102,Gabriel Martins
11103,Benjamin Abras
11104,Daniele DaMata
11105,Tasha & Tracie Okereke
11106,Mariana de Matos
11107,André Novais
11108,Mahal Pita
11109,Grace Passô
11110,Thamyra Thâmara
11111,Xenia França
11112,Criola
11113,Dani Ornellas
11114,Anelis Assumpção
11115,Magá Moura
11116,Tássia Reis
11117,Liniker
11118,Yasmin Thayná
11119,Raquel Virgínia
11120,Juliana Luna
11121,Erica Malunguinho
11122,Diane Lima
11123,Karol Conká
11124,Thomas Gullestad
11125,Jonathan Rhys Meyers
11126,Marie Blokhus
11127,Vegar Hoel
11128,Håkon T. Nielsen
11129,Eirik Risholm Velle
11130,Daniel Frikstad
11131,Eric Dirnes
11132,Alexander Zwart
11133,Rachel Khoo
11134,Victoria Barabas
11135,Gino Anthony Pesi
11136,Jake Allyn
11137,Jessica Meraz
11138,Eve Sigall
11139,Jerod Meagher
11140,Ṣọpẹ́ Dìrísù
11141,Wunmi Mosaku
11142,Malaika Wakoli-Abigaba
11143,Sika Osei
11144,Leonora Okien
11145,Shabana Azmi
11146,Sanjeeda Sheikh
11147,Riva Arora
11148,Hetvi Bhanushali
11149,Rose Rathod
11150,Hong So-yeong
11151,Choi Bo-bae
11152,Jeong Hye-won
11153,Bae Jin-hong
11154,Cha Moo-jin
11155,Jang Min-young
11156,Jang Do-young
11157,Kim Sook-young
11158,Park Ran
11159,Kim Chang-won
11160,Park Yeon-kyung
11161,Chloe Bennet
11162,Iain De Caestecker
11163,Elizabeth Henstridge
11164,Luke Mitchell
11165,Henry Simmons
11166,Lannick Gautry
11167,Stanislas Merhar
11168,Kaaris
11169,Gérard Lanvin
11170,Patrick Catalifo
11171,Moussa Maaskri
11172,Catherine Marchal
11173,Philip Rosenthal
11174,Alessandro Borghi
11175,Giacomo Ferrara
11176,Eduardo Valdarnini
11177,Francesco Acquaroli
11178,Filippo Nigro
11179,Claudia Gerini
11180,Adamo Dionisi
11181,Barbara Chichiarelli
11182,Federico Tocci
11183,Gerasimos Skiadaresis
11184,Elisabetta De Palo
11185,Carlotta Antonelli
11186,Renato Marchetti
11187,Paola Sotgiu
11188,Juli Fàbregas
11189,Héctor Illanes
11190,Dolores Heredia
11191,Janus del Prado
11192,CJ Navato
11193,Michelle Vito
11194,Kristin Chenoweth
11195,Andrew Bachelor
11196,Alex Moffat
11197,Manish Dayal
11198,Michał Lupa
11199,Wiktoria Gąsiewska
11200,Stanisław Cywka
11201,Sebastian Dela
11202,Gabriela Muskała
11203,Michał Zbroja
11204,Mirosław Zbrojewicz
11205,Piotr Cyrwus
11206,Olaf Lubaszenko
11207,Wojciech Mecwaldowski
11208,Jason O'Mara
11209,Claudia Christian
11210,Mamie Gummer
11211,Jessica Henwick
11212,Elias Toufexis
11213,Matthew Mercer
11214,Melina Kanakaredes
11215,Danny Jacobs
11216,Matt Lowe
11217,Adam Croasdell
11218,David Shaughnessy
11219,Vanessa Marshall
11220,Roberta Lemons
11221,Cole Seaver
11222,Sarah Cooper
11223,Megan Thee Stallion
11224,Jon Hamm
11225,Aubrey Plaza
11226,Connie Chung
11227,Jordan Black
11228,Tommy Davidson
11229,Marcella Arguello
11230,Eddie Pepitone
11231,Tom Kane
11232,Mike He
11233,Anson Chen
11234,Jane Chang
11235,Roy Chang
11236,Johnny Yang
11237,Yin Chao-te
11238,Dewi Chien
11239,Ranbir Kapoor
11240,Katrina Kaif
11241,Govind Namdeo
11242,Navneet Nishan
11243,Dolly Bindra
11244,Upen Patel
11245,Hugo Weaving
11246,James Frecheville
11247,Freddie Fox
11248,Jim Broadbent
11249,Tilda Cobham-Hervey
11250,Dusty Sorg
11251,Anne Celestino Mota
11252,Emmanuel Rosset
11253,Matheus Moura
11254,Surya Amitrano
11255,Thaís Schier
11256,Cida Rolim
11257,Katia Horn
11258,Igor Augustho
11259,Marcel Szymanski
11260,Laurence Rupp
11261,Jeanne Goursaud
11262,David Schütter
11263,Ronald Zehrfeld
11264,Nicki von Tempelhoff
11265,Bernhard Schütz
11266,Eva Verena Müller
11267,Sophie Rois
11268,Gaetano Aronica
11269,Nikolai Kinski
11270,Jeremy Miliker
11271,Cathy Ang
11272,Phillipa Soo
11273,Robert G. Chiu
11274,Ruthie Ann Miles
11275,Artt Butler
11276,Irene Tsu
11277,Clem Cheung
11278,Conrad Ricamora
11279,Elizabeth Bogush
11280,Brad Schmidt
11281,Sarah Lind
11282,Eddie Kaye Thomas
11283,Phillip Boyd
11284,Mark Famiglietti
11285,Walker Borba
11286,Meg DeLacy
11287,Daniel Grao
11288,Carolina Lapausa
11289,Melani Olivares
11290,Adriana Paz
11291,Juan Carlos Messier
11292,Jon Arias
11293,David Trejos
11294,Ana Maria Orozco
11295,Anya Taylor-Joy
11296,Marielle Heller
11297,Moses Ingram
11298,Harry Melling
11299,Isla Johnston
11300,Christiane Seidel
11301,Rebecca Root
11302,Chloe Pirrie
11303,Jacob Fortune-Lloyd
11304,Gitte Witt
11305,Thorbjørn Harr
11306,Tuva Olivia Remman
11307,Trine Wiggen
11308,Maria Grazia Di Meo
11309,Kingsford Siayor
11310,Jonatan Rodriguez
11311,Dionne Monsanto
11312,David Hayman
11313,Dave Johns
11314,Sam Swainsbury
11315,Maggie Steed
11316,Vahid Gold
11317,Darren Espanto
11318,Jean Garcia
11319,Susan Africa
11320,Ria Atayde
11321,Kit Thompson
11322,Alwyn Uytingco
11323,Juan Miguel Severo
11324,Alexander Skarsgård
11325,Michael Mando
11326,Sarah Goldberg
11327,Anna Maguire
11328,Frank Schorpion
11329,Kwasi Songui
11330,Wolfgang Novogratz
11331,Francesca Reale
11332,Susan Blackwell
11333,Donna Lynne Champlin
11334,Parker Wierling
11335,Jaden Smith
11336,President Barack Obama
11337,Malala Yousafzai
11338,Jay-Z
11339,Howard Stern
11340,David Letterman
11341,Tom Goodman-Hill
11342,John Hollingworth
11343,Kate McKinnon
11344,Birva Pandya
11345,Michael Gross
11346,Caroline Langrishe
11347,Cassie Clare
11348,Matthew Douglas
11349,David Asavanond
11350,Richard Brake
11351,Ezzat El Alaily
11352,Mireille Maalouf
11353,Joseph Bou Nassar
11354,Elie Adabachi
11355,Philippe Akiki
11356,Ahmed Al Zein
11357,Rodney El Haddad
11358,Nadine Labaky
11359,Liliane Nemri
11360,Omar Rajeh
11361,Mounir Malaeb
11362,Bshara Atallah
11363,Rana Alamuddin
11364,Joelle Rizk
11365,Mahfouz Barakat
11366,Mahmoud Mabsout
11367,Bader Haddad
11368,Youssef Emalhoub
11369,Georges Khabbaz
11370,Lara Rain
11371,Emmanuel Khairallah
11372,Samir Youssef
11373,Camille Salameh
11374,Rodrigue Sleiman
11375,Caroline Labaki
11376,Giselle Boueiz
11377,Christine Choueiri
11378,Philippe Aractingi
11379,Diane Aractingi
11380,Hadi Bou Ayash
11381,Ruba Zarour
11382,Yara Bou Nassar
11383,Rafik Ali Ahmad
11384,Lama Lawand
11385,Hussein Sbeity
11386,Habib Hammoud
11387,Majdi Machmouchi
11388,Hassan Farhat
11389,Hassan Zbib
11390,Nabila Zeitouni
11391,Hamza Nasrallah
11392,Sami Hawat
11393,Sabrina Leurquin
11394,Roger Assaf
11395,Nidal El Askhar
11396,Rana Eid
11397,Talal El-Jordi
11398,Karina Logue
11399,Badih Abou Chakra
11400,Tariq Tamim
11401,Omar Mikati
11402,Hiam Abou Chedid
11403,Flavia Bechara
11404,Maher Bsaibes
11405,Randa Asmar
11406,Renée Dick
11407,Ziad Rahbani
11408,Nayef Naji
11409,Edmond Haddad
11410,Alia Nemry
11411,Soraya Khoury
11412,Nabil Ismaïl
11413,Roger Hawa
11414,Reda Khoury
11415,Youcef Hosni
11416,Rifaat Tarabay
11417,Rawia Elchab
11418,Elham Abbas
11419,Iman Affara
11420,Zahra Ali
11421,Ali Maerouf Amer
11422,Ali Azour
11423,Najat Darwish
11424,Rami Doueiri
11425,Mohamad Chamas
11426,Rola Al Amin
11427,Rola Beksmati
11428,Junaid Zeineldine
11429,Abboudy Mallah
11430,Tanya Nasr
11431,Matteo El Khodr
11432,Rita El Khoury
11433,Tony Benn
11434,Nadia Tueni
11435,Imad Creidi
11436,Antoinette Turk
11437,Elias Gergi
11438,Viktor Axelsson
11439,Charbel Iskandar
11440,Yasmine Awad
11441,Kodi Smit-McPhee
11442,Tucker Albrizzi
11443,Christopher Mintz-Plasse
11444,Leslie Mann
11445,Jeff Garlin
11446,Elaine Stritch
11447,Bernard Hill
11448,Tempestt Bledsoe
11449,Alex Borstein
11450,Bae Suzy
11451,Nam Joo-hyuk
11452,Kang Han-na
11453,Kim Do-wan
11454,Yu Su-bin
11455,Stephanie Lee
11456,Kim Hae-sook
11457,Stu Bennett
11458,Mark Griffin
11459,Katrina Durden
11460,Phoebe Robinson-Galvin
11461,Sam Benjamin
11462,David Schaal
11463,Jessica-Jane Stafford
11464,Bentley Kalu
11465,Jean-Paul Ly
11466,Brenda Wairimu
11467,Nick Mutuma
11468,Pascal Tokodi
11469,Patricia Kihoro
11470,Bridget Shighadi
11471,Brian Ogola
11472,Illya Frank
11473,Aseem Sharma
11474,Arthur Sanya
11475,Justin Mirichii
11476,Maqbul Mohammed
11477,Odessa A’zion
11478,Odley Jean
11479,Amir Bageria
11480,Maliq Johnson
11481,Amalia Yoo
11482,Alphonso Romero Jones II
11483,Thelonius Serrell-Freed
11484,Anthony Ippolito
11485,Brian Altemus
11486,Tommy Nohilly
11487,Larry Fessenden
11488,Michael Davis
11489,Amir El Kacem
11490,Marilou Aussilloux
11491,Lionel Erdogan
11492,Isabel Aimé Gonzalez Sola
11493,Julien Frison
11494,Doudou Masta
11495,Dimitri Storoge
11496,Amélia Lacquemant
11497,Coline Beal
11498,Laurent Lucas
11499,Gaia Weiss
11500,Chiara Tantimonaco
11501,Nina Tantimonaco
11502,Pierre Andrau
11503,Philippine Martinot
11504,Jérémie Covillault
11505,Carmen Maura
11506,Alejandro Speitzer
11507,Isaac Hernández
11508,Mariola Fuentes
11509,Pilar Castro
11510,Juan Carlos Vellido
11511,Eduardo Casanova
11512,Manuel Morón
11513,Javier Pereira
11514,Eddie Redmayne
11515,Yahya Abdul-Mateen II
11516,Jeremy Strong
11517,Alex Sharp
11518,John Doman
11519,Ben Shenkman
11520,Shelley Hennig
11521,Moses Storm
11522,Renee Olstead
11523,Will Peltz
11524,Jacob Wysocki
11525,Courtney Halverson
11526,Heather Sossaman
11527,Matthew Bohrer
11528,Mickey River
11529,Cal Barnes
11530,Tamara Smart
11531,Troy Leigh-Anne Johnson
11532,Lynn Masako Cheng
11533,Alessio Scalzotto
11534,Tamsen McDonough
11535,Ray Wise
11536,Robin Atkin Downes
11537,Brian George
11538,Andrew Kishino
11539,Nolan North
11540,Hassan El Raddad
11541,Mohamed Lotfy
11542,Hana El Zahed
11543,Majed El Masry
11544,Mohamed Ezz
11545,Samia Trabelsi
11546,Yasser Al Zankalouni
11547,Ahmed El Sobky
11548,Steven Kynman
11549,David Carling
11550,Tegwen Tucker
11551,Su Douglas
11552,Andrew Hodwitz
11553,Dave Pender
11554,Lily Cassano
11555,Carter Treneer
11556,Sarah Lynn Strange
11557,Rachel True
11558,Telma Hopkins
11559,Valarie Pettiford
11560,Alec Mapa
11561,Dian Sastrowardoyo
11562,Ayushita
11563,Deddy Sutomo
11564,Denny Sumargo
11565,Jefri Nichol
11566,Axel Matthew
11567,Karina Suwandhi
11568,Rebecca Klopper
11569,Flex Alexander
11570,Kyla Pratt
11571,Kelly Perine
11572,Sicily Johnson
11573,Robert Ri'chard
11574,Rorrie D. Travis
11575,Jazz Baduwalia
11576,Jacqueline Scislowski
11577,Abraham Rodríguez
11578,Teuila Blakely
11579,Kristina Ho
11580,Cosme Flores
11581,Kevin Copeland
11582,Heather Burns
11583,Okieriete Onaodowan
11584,Ajay Naidu
11585,Shakira Barrera
11586,Steven Weber
11587,Helena Howard
11588,Daphne Rubin-Vega
11589,Guillermo Díaz
11590,Camila Perez
11591,Gianna Aragon
11592,Tom Costanzo
11593,Luca Costanzo
11594,Olli Haaskivi
11595,Marsha Stephanie Blake
11596,Isabella Ferreira
11597,Rocco Luna
11598,Larita Brooks
11599,Misha Brooks
11600,Liam Foley
11601,Zoë Verbil
11602,Anthony Norman
11603,Brian Jordan Alvarez
11604,Max Jenkins
11605,Peter Vack
11606,Rana Roy
11607,Peter Scanavino
11608,Ali Ahn
11609,Tami Sagher
11610,Barbara Rosenblat
11611,Michael Mulheren
11612,Leo Bai-Scanavino
11613,Dylan Baker
11614,Raymond Anthony Thomas
11615,Sunita Mani
11616,Kylie Liya Page
11617,David Iacono
11618,Lachlan Riley Watson
11619,Niles Fitch
11620,Will Meyers
11621,Ava DeMary
11622,Lydia Look
11623,Asante Blackk
11624,Ayize Ma'at
11625,Lovie Simone
11626,Kai Ko
11627,Ariel Lin
11628,Zhang Xiaolong
11629,Kate Tsui
11630,Blackpink
11631,Fardeen Khan
11632,Shahid Kapoor
11633,Kim Sharma
11634,Caitlyn Jenner
11635,Joey Diaz
11636,Kaley Cuoco
11637,Big Jay Oakerson
11638,Saeed Jaffrey
11639,Deven Verma
11640,Shammi
11641,Padma Rani
11642,Rajesh Puri
11643,Satyendra Kapoor
11644,Kim
11645,Om Puri
11646,Gita Siddharth
11647,Yusuf Khan
11648,Bob Christo
11649,Om Shivpuri
11650,Karan Razdan
11651,Gulshan Devaiah
11652,Veera Saxena
11653,Sagar Deshmukh
11654,Sydney Mikayla
11655,Coy Stewart
11656,Rimi Sen
11657,Sharat Saxena
11658,Sushant Singh
11659,D. Santosh
11660,Farida Jalal
11661,Amrita Rao
11662,Emily Bader
11663,Darren Mann
11664,Michelle Randolph
11665,Jesse Pepe
11666,Arden Belle
11667,Joel Nagle
11668,Nolan Bateman
11669,Yami Gautam
11670,Suhail Nayyar
11671,Ayesha Raza Mishra
11672,Rajeev Gupta
11673,Mahir İpek
11674,Onur Attila
11675,Yasemin Conka
11676,Burak Topaloglu
11677,Sefik Taylan
11678,Orkun Karagöz
11679,Erdogan Aydin
11680,Radha Blank
11681,Peter Kim
11682,Oswin Benjamin
11683,Imani Lewis
11684,Antonio Ortiz
11685,T.J. Atoms
11686,Reed Birney
11687,Victoria Pedretti
11688,Oliver Jackson-Cohen
11689,Amelia Eve
11690,T'Nia Miller
11691,Tahirah Sharif
11692,Amelie Bea Smith
11693,Benjamin Evan Ainsworth
11694,Bigflo & Oli
11695,Go A-ra
11696,Lee Jae-wook
11697,Kim Ju-hun
11698,Ye Ji-won
11699,Lee Soon-jae
11700,Shin Eun-soo
11701,Brian Maya
11702,Matías Desiderio
11703,Manuela Pal
11704,Azul Lombardía
11705,Seohyun
11706,Kim Hyo-jin
11707,Kim Young-min
11708,Park Seong-geun
11709,Jang Jin-hee
11710,Yoon Sa-bong
11711,Lee Hak-ju
11712,Song Sang-eun
11713,Jang Won-hyeok
11714,Yoo Hee-je
11715,Min Zio
11716,Kim Min-sang
11717,Kim Ba-da
11718,Cha Soo-yeon
11719,Bob Morley
11720,Christopher Larkin
11721,Henry Ian Cusick
11722,Devon Bostick
11723,Richard Harmon
11724,Ricky Whittle
11725,Jarod Joseph
11726,Chelsey Reist
11727,Sachin Sahel
11728,Julie Bowen
11729,June Squibb
11730,George Wallace
11731,Paris Berelc
11732,Noah Schnapp
11733,Kym Whitley
11734,Mikey Day
11735,Jackie Sandler
11736,Sadie Sandler
11737,Sunny Sandler
11738,Viktoriya Isakova
11739,Kirill Käro
11740,Aleksandr Robak
11741,Natalya Zemtsova
11742,Maryana Spivak
11743,Yuri Kuznetsov
11744,Eldar Kalimulin
11745,Viktoriya Agalakova
11746,Alexander Yatsenko
11747,Saveliy Kudryashov
11748,Lizze Broadway
11749,Piper Curda
11750,Natasha Behnam
11751,Sara Rue
11752,Zachary Gordon
11753,Christian Valderrama
11754,Zayne Emory
11755,Laara Sadiq
11756,Noree Victoria
11757,Robert Christopher Riley
11758,Brely Evans
11759,Sabrina Revelle
11760,Noah Reid
11761,Karen Robinson
11762,Rizwan Manji
11763,Mert Yazıcıoğlu
11764,Afra Saraçoğlu
11765,Orkun Işıtmak
11766,Tolga Canbeyli
11767,Bada Oh Deniz
11768,Hakan Kurtaş
11769,Doğaç Yildiz
11770,Emre Karayel
11771,Ceren Moray
11772,Ececan Gümeci
11773,Ümit Erdim
11774,Cem Kiliç
11775,Haldun Boysan
11776,Ferdi Akarnur
11777,Mine Teber
11778,Güneş Hayat
11779,Stanley Moore
11780,Tyler Hendrix
11781,Jimmy Olea
11782,Carl Reiner
11783,Philippine Leroy-Beaulieu
11784,Ashley Park
11785,Lucas Bravo
11786,Samuel Arnold
11787,Bruno Gouery
11788,Camille Razat
11789,Cariba Heine
11790,Phoebe Tonkin
11791,Angus McLaren
11792,Burgess Abernethy
11793,Alan David Lee
11794,Cleo Massey
11795,Pearl Okorie
11796,Wofai Samuel
11797,Ikechukwu Onunaku
11798,Adebukola Oladipupo
11799,Ada Ameh
11800,Sambasa Nzeribe
11801,Gregory Ojefua
11802,Aakshath Das
11803,Indira Tiwari
11804,Sanjay Narvekar
11805,Demet Özdemir
11806,Uraz Kaygılaroğlu
11807,Okan Çabalar
11808,Bora Cengiz
11809,Nergis Öztürk
11810,Meltem Gülenç
11811,Hakan Salınmış
11812,Jaden Michael
11813,Gerald W. Jones III
11814,Gregory Diaz IV
11815,Coco Jones
11816,The Kid Mero
11817,Chris Redd
11818,Vladimir Caamaño
11819,Jeremie Harris
11820,Adam David Thompson
11821,Esmeralda Pimentel
11822,Matteo Giannini
11823,Regina Reynoso
11824,Juan Martín Jauregui
11825,Tato Alexander
11826,Verónica Bravo
11827,Moisés Arizmendi
11828,Tiaré Scanda
11829,Mariana Cabrera
11830,Montserrat Marañón
11831,Verónica Langer
11832,Hairul Azreen
11833,Janna Nick
11834,Amerul Affendi
11835,Henley Hii
11836,Nam Ron
11837,Theebaan Govindasamy
11838,Taufiq Hanafi
11839,Hafizul Kamal
11840,Josiah Hogan
11841,Sophia Albarakbah
11842,Sugeeta Chandran
11843,Anna Jobling
11844,Hera Hilmar
11845,Peter Serafinowicz
11846,Zach De La Rocha
11847,Yu Nan
11848,Thomas Gumede
11849,Zolani Mahola
11850,Kenneth Fok
11851,Nicole Bessick
11852,Katja Herbers
11853,Michael Emerson
11854,Christine Lahti
11855,Kurt Fuller
11856,Marti Matulis
11857,Ji Sung
11858,Han Ji-min
11859,Risa Taneda
11860,Minami Takahashi
11861,Shizuka Ishigami
11862,Saori Onishi
11863,Chinatsu Akasaki
11864,Sean Bridgers
11865,Jacob Lofland
11866,Thomas Francis Murphy
11867,Bill Tangradi
11868,Tainá Müller
11869,Camila Morgado
11870,Antonio Grassi
11871,Elisa Volpatto
11872,César Mello
11873,Sílvio Guindane
11874,Alice Valverde
11875,DJ Amorim
11876,Adriano Garib
11877,Johnnas Oliva
11878,Marina Provenzzano
11879,Julia Ianina
11880,Sacha Bali
11881,Aline Borges
11882,Cassio Pandolfi
11883,Pally Siqueira
11884,Juliana Lohmann
11885,Rima Te Wiata
11886,Oscar Kightley
11887,Stan Walker
11888,Mike Minogue
11889,Cohen Holloway
11890,Olasupo Shasore
11891,Mišel Matičević
11892,Maximilian Brückner
11893,Brigitte Hobmeier
11894,Markus Krojer
11895,Martin Feifel
11896,Michael Kranz
11897,Vladimir Burlakov
11898,Tommy the Clown
11899,Tight Eyez
11900,Oriana Sabatini
11901,Victorio D'Alessandro
11902,Noemí Frenkel
11903,Matías Mayer
11904,Paula Sartor
11905,Agustina Palma
11906,Graciela Tenenbaum
11907,Bárbara Lombardo
11908,Haruka Tomatsu
11909,Ayana Taketatsu
11910,Kanae Ito
11911,Shaima Saif
11912,Entsar
11913,Baraa Alem
11914,Ismail Alhassan
11915,Ahmed Saddam
11916,Eyad Ayman Kaifi
11917,Caleb Landry Jones
11918,Jack Kesy
11919,Milo Gibson
11920,Jacob Scipio
11921,Taylor John Smith
11922,Jonathan Yunger
11923,Alexander Arnold
11924,Countess Vaughn
11925,Dorien Wilson
11926,Jenna von Oÿ
11927,Ken Lawson
11928,Yvette Wilson
11929,Maya Lynne Robinson
11930,Ruby Jay
11931,Makenzie Moss
11932,Alexandra Daddario
11933,Sebastian Stan
11934,Paula Malcomson
11935,Peter Coonan
11936,Ian Toner
11937,Joanne Crawford
11938,Blanca Soto
11939,Iván Sánchez
11940,Maribel Verdú
11941,Samantha Siqueiros
11942,Peter Vives
11943,Patricia Guirado
11944,Jorge Bosch
11945,Pere Ponce
11946,Juan Caballero
11947,Jordi Planas
11948,Camilla Jo-Ann Daries
11949,Wafeeq Narimab
11950,Anna Louw
11951,Steven Afrikaner
11952,Ashwyn Mberi
11953,Robert Hara Gaeb
11954,Emiri Kato
11955,Shunji Fujimura
11956,Liza Snyder
11957,Grace Kaufman
11958,Matthew McCann
11959,Matt Cook
11960,Jessica Chaffin
11961,Davina Leonard
11962,Lenny Juma
11963,Olwenya Maina
11964,Peter King
11965,Alfred Munyua
11966,Mwajuma Belle
11967,Charlie Carver
11968,Brian Hutchison
11969,Michael Benjamin Washington
11970,Tuc Watkins
11971,Joe Mantello
11972,Ned Martel
11973,Mart Crowley
11974,Danielle Cormack
11975,Nicole da Silva
11976,Kate Atkinson
11977,Celia Ireland
11978,Shareena Clanton
11979,Aaron Jeffery
11980,Robbie Magasiva
11981,Katrina Milosevic
11982,Jacqueline Brennan
11983,Ra Chapman
11984,Pamela Rabe
11985,Sigrid Thornton
11986,Socratis Otto
11987,Bernard Curry
11988,Tammy MacIntosh
11989,Kate Jenkinson
11990,Sabryn Rock
11991,Nakai Takawira
11992,Lyric Justice
11993,Sagine Semajuste
11994,Gary Owen
11995,Anthony Grant
11996,Kristen Harris
11997,BJ Verot
11998,Sean Skene
11999,Marrese Crump
12000,Stephanie Sy
12001,Jeff Strome
12002,Adam Hurtig
12003,Gillian White
12004,Anthony J. Mifsud
12005,Miriam Makeba
12006,Hugh Masekela
12007,Abdullah Ibrahim
12008,Duma Ka Ndlovu
12009,Sibongile Khumalo
12010,Vusi Mahlasela
12011,Thandi Modise
12012,Sifiso Ntuli
12013,Sibusiso Nxumalo
12014,Dolly Rathebe
12015,Lindiwe Zulu
12016,Seema Pahwa
12017,Rajat Kapoor
12018,Taranjit Kaur
12019,Maya Sarao
12020,Namit Das
12021,Brijendra Kala
12022,Alka Chawla
12023,Manu Rishi Chadha
12024,Arshad Warsi
12025,Salman Shahid
12026,Shreyas Talpade
12027,Celina Jaitly
12028,Vishal Malhotra
12029,Kapil Jhaveri
12030,Shabhir
12031,Deepti Gujral
12032,Yash Tonk
12033,Satish Shah
12034,Neelima Azim
12035,Anupama Kumar
12036,Tarun Arora
12037,Dara Singh
12038,Kamal Tiwari
12039,Kiran Juneja
12040,Saumya Tandon
12041,Dipti Bhatnagar
12042,Dalip Tahil
12043,Abhay Deol
12044,Gul Panag
12045,Sarika
12046,Yana Gupta
12047,Jogi
12048,Mallika Sherawat
12049,Feroz Khan
12050,Kelly Overton
12051,Jonathan Scarfe
12052,Christopher Heyerdahl
12053,Paul Johansson
12054,Tim Guinee
12055,Kristen Bell
12056,Ted Danson
12057,William Jackson Harper
12058,Chirag Malhotra
12059,Pranay Pachauri
12060,Kaamya Sharma
12061,Riya Kothari
12062,Aditya Jain
12063,Shiva Dawar
12064,Sanya Arora
12065,Tarana Marwah
12066,Raunaq Chopra
12067,Vedabrata Rao
12068,Belçim Bilgin
12069,Okan Yalabık
12070,Bora Akkaş
12071,Sabina Ajrula
12072,Allen Maldonado
12073,Jearnest Corchado
12074,Matthew Josten
12075,Justin Lee
12076,Aja Evans
12077,Jung Yu-mi
12078,Nasty C
12079,Evangeline Lilly
12080,Hope Davis
12081,Olga Fonda
12082,Roy Choi
12083,Millie Bobby Brown
12084,Henry Cavill
12085,Sam Claflin
12086,Helena Bonham Carter
12087,Louis Partridge
12088,Susan Wokoma
12089,Frances de la Tour
12090,Fiona Shaw
12091,Kenjiro Yamashita
12092,Kanta Sato
12093,Taiki Sato
12094,Masayasu Yagi
12095,Kousei Amano
12096,Miu Arai
12097,Yuko Fueki
12098,Ryo Matsuda
12099,Masaru Mizuno
12100,Eri Murakawa
12101,Katsuya Kobayashi
12102,Takanori Iwata
12103,Akira
12104,Hiroomi Tosaka
12105,Takahiro
12106,Yuki Yamada
12107,Masataka Kubota
12108,Kento Hayashi
12109,Keiji Kuroki
12110,Goki Maeda
12111,Elly
12112,Kenchi Tachibana
12113,Tatsuya Nakamura
12114,Arata Iura
12115,Kyoko Koizumi
12116,Aoi Nakamura
12117,Naoto
12118,Nobuyuki Suzuki
12119,Mandy Sekiguchi
12120,Reo Sano
12121,Masahiko Tsugawa
12122,Koichi Iwaki
12123,Goro Kishitani
12124,Takumi Saitoh
12125,Miyu Yoshimoto
12126,Ken Ishiguro
12127,Naoko Iijima
12128,Noemi Nakai
12129,Kazuma Kawamura
12130,Jun Shison
12131,Hokuto Yoshino
12132,Ryuji Sato
12133,Fuju Kamio
12134,Jin Shirasu
12135,Yuta Nakatsuka
12136,Hayato Komori
12137,Akihisa Shiono
12138,Yo Aoi
12139,Shin Koyanagi
12140,Atsushi Arai
12141,Ryotaro Sakaguchi
12142,Karim Abdel Aziz
12143,Nelly Karim
12144,Shereen Reda
12145,Khaled El Sawy
12146,Eyad Nassar
12147,Tara Emad
12148,Amgad Elsharqawy
12149,Gippy Grewal
12150,Gurpreet Guggi
12151,B.N. Sharma
12152,Karamjit Anmol
12153,Rana Jung Bahadur
12154,Soham Chakraborty
12155,Bidya Sinha Mim
12156,Ashish Vidyarthi
12157,Rajatabha Dutta
12158,Rudranil Ghosh
12159,Suvela Sharma
12160,Surabhi Pandey
12161,Jimmy Shergill
12162,Soha Ali Khan
12163,Mahie Gill
12164,Deep Raj Rana
12165,Rajiv Gupta
12166,Rajesh Khera
12167,Mugdha Godse
12168,Lisa Haydon
12169,Ram Kapoor
12170,Jeet
12171,Abir Chatterjee
12172,Priyanka Sarkar
12173,Shradha Das
12174,Shantilal Mukherjee
12175,Barun Chanda
12176,Deb Ranajan Nag
12177,Bhumi Pednekar
12178,Karan Kundra
12179,Kalp Shah
12180,Hearty Singh
12181,Kubbra Sait
12182,Judy Davis
12183,Sharon Stone
12184,Cynthia Nixon
12185,Megan Boone
12186,Diego Klattenhoff
12187,Ryan Eggold
12188,Amir Arison
12189,Hisham Tawfiq
12190,Mozhan Marnò
12191,Andovi da Lopez
12192,Jovial da Lopez
12193,Chandra Liow
12194,Tommy Limmm
12195,Susan Sameh
12196,Widika Sidmore
12197,Karina Salim
12198,Nayantara
12199,Vaibhav Reddy
12200,Pasupathy
12201,Thagubothu Ramesh
12202,Vinay Varma
12203,Dheer Charan Srivastav
12204,D. Narsingh Rao
12205,Cristina Vee
12206,Yuko Sanpei
12207,Suzuko Mimori
12208,Takayuki Sugo
12209,Maître Gims
12210,Lizzie Waterworth-Santo
12211,Emma Tate
12212,Sue Elliot Nicholls
12213,Tamsin Heatley
12214,Wayne Forester
12215,Aidan Cook
12216,Philip Pope
12217,Obinna Nwachukwu
12218,Dennis Lindsey
12219,Taline Stewart
12220,Derron Scott
12221,Jamal Graham
12222,JaCari Dye
12223,Julian Selman
12224,Melody Tally
12225,Ramon Thompson
12226,Hasinatu Camara
12227,Anke Engelke
12228,Thorsten Merten
12229,Nina Gummich
12230,Johannes Zeiler
12231,Juri Winkler
12232,Gudrun Ritter
12233,Aaron Hilmer
12234,Claudia Geisler-Bading
12235,Benedetta Porcaroli
12236,Alice Pagani
12237,Riccardo Mandolini
12238,Chabeli Sastre Gonzalez
12239,Brando Pacitto
12240,Lorenzo Zurzolo
12241,Claudia Pandolfi
12242,Galatea Ranzi
12243,Katherine Kelly
12244,Lee Ingleby
12245,Mark Stanley
12246,Rochenda Sandall
12247,Shubham Saraf
12248,Hayley Atwell
12249,Youssef Kerkour
12250,Clare-Hope Ashitey
12251,Isabella Laughland
12252,Jason Leong
12253,Andrzej Konopka
12254,Helena Sujecka
12255,Piotr Trojan
12256,Michał Czernecki
12257,Mariusz Ostrowski
12258,Robert Gulaczyk
12259,Mirosław Kropielnicki
12260,Helena Englert
12261,Magdalena Źak
12262,Bill Skarsgård
12263,Riley Keough
12264,Eliza Scanlen
12265,Déborah François
12266,María Rodríguez Soto
12267,Celso Bugallo
12268,Raúl Jiménez
12269,Alice Bocchi
12270,Martín Bacigalupo
12271,Richard Madden
12272,Charlotte Le Bon
12273,Kelly Reilly
12274,José Garcia
12275,Arieh Worthalter
12276,Mohamed Makhtoumi
12277,Théo Costa-Marini
12278,Jérôme Gaspard
12279,Bryony Hannah
12280,Helen George
12281,Jenny Agutter
12282,Pam Ferris
12283,Laura Main
12284,Judy Parfitt
12285,Cliff Parisi
12286,Stephen McGann
12287,Ben Caplan
12288,Miranda Hart
12289,Jessica Raine
12290,Max Macmillan
12291,Victoria Yeates
12292,Jack Ashton
12293,Emerald Fennell
12294,Linda Bassett
12295,Judy Marte
12296,Altagracia Guzman
12297,Silvestre Rasuk
12298,Krystal Rodriguez
12299,Kevin Rivera
12300,Wilfree Vasquez
12301,Donna Maldonado
12302,Katy Perry
12303,Christina Ricci
12304,Jonathan Winters
12305,J.B. Smoove
12306,Ryan Kiera Armstrong
12307,Summer Fontana
12308,Tait Blum
12309,Jon Gries
12310,Jonathan Lajoie
12311,Chloe Webb
12312,Seyi Shay
12313,Vector
12314,Uche Jumbo
12315,Saidi Balogun
12316,Greta Jameson
12317,Ralf Jameson
12318,Clementine Laikin
12319,Felix Laikin
12320,Natalia Coronado
12321,Silvia Navarro
12322,Roberto Quijano
12323,Victoria Viera
12324,Arantxa Servín
12325,Aleyda Gallardo
12326,Joaquín Emanuel
12327,Abril Michel
12328,Omar Fierro
12329,Patricia Reyes Spíndola
12330,Rodrigo Murray
12331,Luis Arrieta
12332,Alberto Guerra
12333,David Fridman
12334,Martha Claudia Moreno
12335,Ela Velden
12336,Gonzalo García Vivanco
12337,Mauricio Argüelles
12338,César Rodríguez
12339,Jonathan Cohen
12340,Gérard Darmon
12341,Julia Piaton
12342,Olivier Rosemberg
12343,Ali Marhyar
12344,Lina El Arabi
12345,Louise Coldefy
12346,Enrico Macias
12347,Valérie Damidot
12348,Tracee Ellis Ross
12349,Golden Brooks
12350,Persia White
12351,Jill Marie Jones
12352,Reginald C. Hayes
12353,Cate Blanchett
12354,Craig Ferguson
12355,America Ferrera
12356,Kristen Wiig
12357,Kit Harington
12358,Patrick Roche
12359,Felix Auer
12360,Jeff Burrell
12361,Harvey Friedman
12362,Marty Sander
12363,Ian Odle
12364,Bryan Larkin
12365,Olivia Molina
12366,Eleonora Wexler
12367,Abel Folk
12368,Ángela Molina
12369,Manu Fullola
12370,Daniel Ibáñez
12371,Laura Quirós
12372,Nicolás Illoro
12373,Belén Écija
12374,Yaima Ramos
12375,Katherine Ryan
12376,Rory Keenan
12377,Katy Byrne
12378,Doon Mackichan
12379,Steen Raskopoulos
12380,Michelle de Swarte
12381,Sophie Fletcher
12382,Wonho Chung
12383,Sumeet Raghvan
12384,Iravati Harshe
12385,Aashish Kulkarni
12386,Savita Malpekar
12387,Subodh Bhave
12388,Vaidehi Parshurami
12389,Nandita Patkar
12390,Prasad Oak
12391,Anand Ingale
12392,Suhas Palshikar
12393,Vijay Kenkre
12394,Shubhangi Damle
12395,Sunil Barve
12396,Ashwini Giri
12397,Rajan Bhise
12398,Nina Kulkarni
12399,Hrishikesh Joshi
12400,Bhalchandra Kadam
12401,Priyadarshan Jadhav
12402,Deepti Lele
12403,Manoj Kolhatkar
12404,Maithili Patwardhan
12405,Kahaan
12406,Kuldeep Sodha
12407,Merle Dandridge
12408,Kim Hawthorne
12409,Desiree Ross
12410,Lamman Rucker
12411,Tye White
12412,Deborah Joy Winans
12413,Madison Reyes
12414,Owen Patrick Joyner
12415,Jadah Marie
12416,Sacha Carlson
12417,Savannah Lee May
12418,Carlos Ponce
12419,Sonny Bustamante
12420,Shubhankar Tawde
12421,Shashank Shende
12422,Bharati Patil
12423,Milind Pathak
12424,Umesh Jagtap
12425,Shantanu Gangane
12426,Vitthal Kale
12427,Mahesh Bhosale
12428,Şahin Irmak
12429,Gonca Vuslateri
12430,Duygu Yetiş
12431,Bilge Şen
12432,Nilgün Belgün
12433,Hakan Akın
12434,Parna Pethe
12435,Chetan Chitnis
12436,Anshuman Joshi
12437,Aashay Kulkarni
12438,Vandana Gupte
12439,Girish Oak
12440,Sonalee Kulkarni
12441,Jitendra Joshi
12442,Aniket Vishwasrao
12443,Hemant Dhome
12444,Sandeep Pathak
12445,Siddharth Menon
12446,Akshay Tanksale
12447,Vaibhav Mangale
12448,Christian Loho
12449,Fernando Surya
12450,Stella Cornelia
12451,Yui Takano
12452,Safira Ratu
12453,Faris Fadjar Munggaran
12454,Adhitya Alkatiri
12455,Youssef El Sherif
12456,Dina El-Sherbiny
12457,Ahmad Rizq
12458,Bayyumi Fuad
12459,Khaled Kamal
12460,Mahmoud El-Bazzawy
12461,Robbie Amell
12462,Hana Mae Lee
12463,Ken Marino
12464,Chris Wylde
12465,Carl McDowell
12466,Shweta Tripathi
12467,Nandu Madhav
12468,Biswapati Sarkar
12469,Ritwik Bhaumik
12470,Prabal Panjabi
12471,Hansal Mehta
12472,Fathia Youssouf
12473,Médina El Aidi-Azouni
12474,Esther Gohourou
12475,Ilanah Cami-Goursolas
12476,Myriam Hamma
12477,Maïmouna Gueye
12478,Mbissine Thérèse Diop
12479,Demba Diaw
12480,Mamadou Samaké
12481,Adrián Suar
12482,Soledad Villamil
12483,Gabriela Toscano
12484,Alan Sabbagh
12485,Darío Barassi
12486,Magela Zanotta
12487,Kara Hayward
12488,Vincent Kartheiser
12489,Yoo Ah-in
12490,Park Bo-gum
12491,Park So-dam
12492,Byeon Woo-seok
12493,Ha Hee-ra
12494,Shin Ae-ra
12495,Han Jin-hee
12496,Shin Dong-mi
12497,Lee Chang-hoon
12498,Kwon Soo-hyun
12499,Cho Yu-jung
12500,Park Su-young
12501,Seo Sang-won
12502,Lee Jae-won
12503,Nur Aysan
12504,Ruhi Sarı
12505,Nadir Sarıbacak
12506,Serkan Ercan
12507,Sermet Yeşil
12508,Enes Mazak
12509,Zafer Diper
12510,Sophia Isabella
12511,Jeremy Levy
12512,Jacob Tillman
12513,Ryan Andes
12514,Deanna McGovern
12515,Dick Terhune
12516,Hunter Page-Lochard
12517,Rob Collins
12518,Deborah Mailman
12519,Stef Dawson
12520,Iain Glen
12521,Tasma Walton
12522,Tony Briggs
12523,George Russo
12524,Robert Glenister
12525,Izuka Hoyle
12526,Mark Monero
12527,Tomi May
12528,Eloise Lovell Anderson
12529,Taz Skylar
12530,Nicholas Aaron
12531,Vivian Wu
12532,Mark Ivanir
12533,Talitha Eliana Bateman
12534,Jessie Buckley
12535,David Thewlis
12536,Guy Boyd
12537,Rushil Juglall
12538,Tesarnia Oree
12539,Judith Audu
12540,Ibrahim Jammal
12541,Micheal Ajotubu
12542,Ozzy Agu
12543,Cristabel Goddy
12544,Gloria Sevilla
12545,Noel Trinidad
12546,Adam Chan
12547,Pepe Herrera
12548,Jerald Napoles
12549,Afonso Padilha
12550,Olga Lydia
12551,Joko Anwar
12552,Nathania Angela Widjaja
12553,Sendy Febrina
12554,Suhartini
12555,Atie Krisnawati
12556,Ratnawati Sutandar
12557,Ninik Winarni Utomo
12558,Caitlin Howden
12559,Sebastian Billingsley-Rodriguez
12560,Sean Amsing
12561,Lisa Durupt
12562,Alvin Sanders
12563,Jed Rees
12564,Kandyse McClure
12565,Adam Pålsson
12566,Richard Dillane
12567,Leanne Best
12568,Ellise Chappell
12569,Cornelia Gröschel
12570,Tim Oliver Schultz
12571,Nina Kunzendorf
12572,Finnlay Berger
12573,Gisa Flake
12574,Ralph Herforth
12575,Thelma Buabeng
12576,Jake T. Austin
12577,Eric Edelstein
12578,Son Tung M-TP
12579,Anya Chalotra
12580,Lauren Schmidt Hissrich
12581,Mimi Ndiweni
12582,MyAnna Buring
12583,Joey Batey
12584,Adam Levy
12585,Jodhi May
12586,Jeffrey Thomas
12587,Arci Muñoz
12588,Cacai Bautista
12589,Ricci Chan
12590,Tirso Cruz III
12591,Matt Evans
12592,Ahron Villena
12593,Victor Silayan
12594,TJ Trinidad
12595,Ritesh Rajan
12596,Dave Fennoy
12597,Stephanie Sheh
12598,Cristina Milizia
12599,Desirae Whitfield
12600,Emma Galvin
12601,Angelo Restaino
12602,Eamon Brennan
12603,Ogie Banks
12604,Eri Kitamura
12605,Naomi Shindo
12606,Marley Dias
12607,Sidse Babett Knudsen
12608,Birgitte Hjort Sørensen
12609,Emil Poulsen
12610,Freja Riemann
12611,Søren Malling
12612,Thomas Levin
12613,Benedikte Hansen
12614,Mikael Birkkjær
12615,Anders Juul
12616,Lisbeth Wulff
12617,Kasper Lange
12618,Lars Knutzon
12619,Søren Spanning
12620,Christoph Bastrup
12621,Morten Kirkskov
12622,Bjarne Henriksen
12623,Peter Mygind
12624,Ole Thestrup
12625,Iben Dorner
12626,Dar Salim
12627,Jens Albinus
12628,Christian Tafdrup
12629,Julie Agnete Vang
12630,Kristian Halken
12631,Ricard Lawrence
12632,Marie Askehave
12633,Rikke Lylloff
12634,Anne Sofie Espersen
12635,Mana Ashida
12636,Hiiro Ishibashi
12637,Seishu Uragami
12638,Win Morisaki
12639,Goro Inagaki
12640,Toru Watanabe
12641,Min Tanaka
12642,Sumiko Fuji
12643,Yo Taichi
12644,Ayaka Nanase
12645,Yukitoshi Kikuchi
12646,Takahiro Mizushima
12647,Mitsuru Miyamoto
12648,Nobunaga Shimazaki
12649,Rie Takahashi
12650,Madoka Yonezawa
12651,Jamel Debbouze
12652,Catherine Benguigui
12653,Sophie Mounicot
12654,Jean-Luc Bideau
12655,Monique Hore
12656,Sophia Morrison
12657,Peter McAllum
12658,Nicole Shostak
12659,Jamie Croft
12660,Beth Armstrong
12661,Kate Fitzpatrick
12662,Penny Cook
12663,Charlotte Hamlyn
12664,Tess Meyer
12665,Constance Marie
12666,Mike Mitchell
12667,Josh Zuckerman
12668,Amanda Crew
12669,Clark Duke
12670,Michael Cudlitz
12671,Alice Greczyn
12672,Charlie McDermott
12673,Mark L. Young
12674,Jackée Harry
12675,Tamera Mowry-Housley
12676,Tim Reid
12677,Marques Houston
12678,RonReaco Lee
12679,Rakhee Gulzar
12680,Bobby Deol
12681,Preity Zinta
12682,Thierry Henry
12683,Michael Carnick
12684,Javier Mascherano
12685,Fabio Capello
12686,Jordi Cruyff
12687,Andrés Iniesta
12688,Xavi Hernández
12689,Lionel Messi
12690,Victor Valdes
12691,Leo Messi
12692,Wendie Malick
12693,Francesco Pannofino
12694,Alberto Di Stasio
12695,Gabriele Fiore
12696,Giorgio Colangeli
12697,Fabrizio Sabatucci
12698,Veruska Rossi
12699,Giulia Cragnotti
12700,Siria Simeoni
12701,Lidia Vitale
12702,Daniele Mariani
12703,Nao Fujita
12704,Shinei Ueki
12705,Lynn
12706,Hiyori Kono
12707,Mari Hino
12708,Yuko Mori
12709,Ari Ozawa
12710,Tim Gunn
12711,John Oliver
12712,Wolfgang Puck
12713,B.J. Novak
12714,Michael Angelis
12715,Ben Small
12716,Jamie Watson
12717,Eric Peterson
12718,Anna Claire Bartlam
12719,Nicolas Aqui
12720,Derek McGrath
12721,Jacob Gregory
12722,S.V. Krishna Shankar
12723,Vijayaraghavan
12724,Anupama Parameswaran
12725,Nazriya Fahad
12726,Louis Mandylor
12727,Vladimir Kulich
12728,Marina Sirtis
12729,Ski Carr
12730,Charity Collins
12731,Mayling Ng
12732,Josef Cannon
12733,Jermaine Jacox
12734,Vernon Wells
12735,Auli'i Cravalho
12736,Justina Machado
12737,Rhenzy Feliz
12738,Judy Reyes
12739,Taylor Richardson
12740,C.S. Lee
12741,Anthony Jacques
12742,Masaba Gupta
12743,Neil Bhoopalam
12744,Rytasha Rathore
12745,Smaran Sahu
12746,Pooja Bedi
12747,Paulo Americano
12748,Raul Rosario
12749,Rapulana Seiphemo
12750,Neide Vieira
12751,Cigano Satyohamba
12752,Nompilo Gwala
12753,Verónica Echegui
12754,Brays Efe
12755,Antonio Resines
12756,Álex García
12757,Carlos Areces
12758,Kaolip
12759,Komegumi Koiwasaki
12760,Maki Tsuruta
12761,Sohta Arai
12762,Rina Inoue
12763,Shingo Kato
12764,Yuki Takahashi
12765,Chris Stafford
12766,Tina Holmes
12767,Andersen Gabrych
12768,Stephanie McVay
12769,John Eby
12770,Antonio Carriero
12771,Jason Lockhart
12772,JC Lin
12773,Vera Yen
12774,Summer Meng
12775,Ning Chang
12776,Ruby Zhan
12777,Hsieh Yi-hung
12778,Cheng Ko
12779,Adam Greaves-Neal
12780,Sara Lazzaro
12781,Vincent Walsh
12782,Agni Scott
12783,Carolina Gómez
12784,Marlon Moreno
12785,George Slebi
12786,Geraldine Zivic
12787,Juliana Galvis
12788,Edwin Maya
12789,Alejandro Gutiérrez
12790,Viviana Santos
12791,Michelle Manterola
12792,Carolina Cuervo
12793,Santiago Felipe Gomez
12794,Matias Maldonado
12795,Kristina Lilley
12796,Mauricio Figueroa
12797,Ana Wills
12798,Juan Manuel Diaz
12799,Ricardo Mejia
12800,Orlando Valenzuela
12801,Ana-María Sánchez
12802,Julieta Villar
12803,Lev Gorn
12804,PJ Boudousqué
12805,Lynn Cohen
12806,Isabel Sandoval
12807,Ivory Aquino
12808,Andrea Leigh
12809,Leif Steinert
12810,Tomasz Bagiński
12811,Andrew Laws
12812,Sneha Koorse
12813,Declan De Barra
12814,Beau DeMayo
12815,Simon Emanuel
12816,Iván Pohárnok
12817,Tim Aslam
12818,Charlotte Brändström
12819,Emily Callandrelli
12820,Sky Alexis
12821,Kennedi Butler
12822,Arya Darbahani
12823,Christopher Farrar
12824,Alex Jayne Go
12825,Jayden Langarcia
12826,Makenzie Lee-Foster
12827,Tenz McCall
12828,Zaela Rae
12829,Mason Wells
12830,Brianna Hildebrand
12831,Quintessa Swindell
12832,Brandon Butler
12833,Odiseas Georgiadis
12834,Henry Zaga
12835,Larry Sullivan
12836,Larisa Oleynik
12837,Shohreh Aghdashloo
12838,Navid Navid
12839,Ariana Molkara
12840,Nasser Memarzia
12841,Jamie Ward
12842,Anthony Azizi
12843,Liron Levo
12844,Gabriella Wright
12845,'Najite Dede
12846,Taiwo Arimoro
12847,Odenike Odetola
12848,Funmi Eko
12849,Keppy Ekpenyong
12850,Bhupendra Jadawat
12851,Hitesh Bhojraj
12852,Anup Soni
12853,Joy Sengupta
12854,Sameer Paranjape
12855,Ninad Mahajani
12856,Prithvik Pratap
12857,Tenoch Huerta
12858,Eréndira Ibarra
12859,Ariane Pellicer
12860,Johana Blendl
12861,Dai Liparoti
12862,Mauricio Aspe
12863,Nick Zedd
12864,Ron Funches
12865,Cleo King
12866,Natasha Leggero
12867,A.D. Miles
12868,Steve Berg
12869,Ben Hoffman
12870,Mary Holland
12871,Gil Ozeri
12872,Nick Swardson
12873,Mike Hall
12874,Sadie Stanley
12875,Maxwell Simkins
12876,Lucas Jaye
12877,Karla Souza
12878,Enuka Okuma
12879,SEOLA
12880,Lee Hyun-joo
12881,Song Chae-yun
12882,Han Ga-rim
12883,Shim So-young
12884,Ahmed Helmy
12885,Menna Shalaby
12886,Mahmoud Ellisy
12887,Yasser El Tobgy
12888,Lotfy Labib
12889,Cecilia Roth
12890,Benjamín Amadeo
12891,Sofía Gala Castiglione
12892,Yanina Ávila
12893,Marcelo Subiotto
12894,Diego Cremonesi
12895,Claudio Martínez Bel
12896,Arushi Talwar
12897,Krishna Dasadiya
12898,Pranav Vaidya
12899,Jim Gaffigan
12900,Ben Platt
12901,Natalia Cigliuti
12902,Adeniyi Johnson
12903,Lilian Esoro
12904,Amaechi Muonagor
12905,Dayo Amusa
12906,Gading Marten
12907,Boris Bokir
12908,Shakira Jasmine
12909,Arswendi Bening Swara
12910,Monica Ray
12911,Scott  Kreamer
12912,Dan Milano
12913,Gunnar Sizemore
12914,Zehra Fazal
12915,Sandeep Parikh
12916,Aaron Tveit
12917,Samantha Barks
12918,Daniel Huttlestone
12919,Antje Traue
12920,John DeSantis
12921,Gerard Plunkett
12922,Seung-woo Cho
12923,Doona Bae
12924,Joon-hyuk Lee
12925,Kyeong-yeong Lee
12926,Jae-myung Yoo
12927,Hye-sun Shin
12928,Weruche Opia
12929,Carol King
12930,Tosan Edremoda Ugbeye
12931,Nina Iphechukwude Anyianuka
12932,Pearl Nkiru Waturuocha
12933,Emmanuel Ikubese
12934,Paul Adams
12935,Charles Ukpong
12936,Monica Friday
12937,Carsten Bjørnlund
12938,Lise Baastrup
12939,Nikolaj Groth
12940,Ellen Hillingsø
12941,Morten Vang Simonsen
12942,Lykke Sand Michelsen
12943,Carsten Norgaard
12944,Sara Hjort Ditlevsen
12945,Moayed Althagafi
12946,Khairiah Abulaban
12947,Ali Alsharif
12948,Adel Redwan
12949,Redwan Alremey
12950,Hind Alsaigh
12951,Reem Alhabib
12952,Khaled Bamashmoos
12953,Fahad Ghazoli
12954,Dareen Albayedh
12955,Naif Althufairi
12956,Mohammad Balkhi
12957,Harman Baweja
12958,Manju Singh
12959,Anjan Srivastav
12960,Dilip Joshi
12961,Vishwa Badola
12962,Yuri Suri
12963,João Miguel
12964,Bianca Comparato
12965,Michel Gomes
12966,Rodolfo Valente
12967,Vaneza Oliveira
12968,Rafael Lozano
12969,Viviane Porto
12970,Mel Fronckowiak
12971,Sergio Mamberti
12972,Celso Frateschi
12973,Miles Robbins
12974,Miguel J. Pimentel
12975,Jadakiss
12976,Angie Martinez
12977,Fat Joe
12978,Amari McCoy
12979,Dwyane Wade
12980,Antonio Bell
12981,Toyin Oshinaike
12982,Craig Stott
12983,Omar Maskati
12984,Russell G. Jones
12985,Dean Cameron
12986,Dominique Fishback
12987,Rodrigo Santoro
12988,Machine Gun Kelly
12989,Tait Fletcher
12990,Andrene Ward-Hammond
12991,Anjelica Bette Fellini
12992,Maddie Phillips
12993,Kadeem Hardison
12994,Virginia Williams
12995,Shirley Rumierk
12996,Myles Evans
12997,Devon Hales
12998,Spencer House
12999,Eric Graise
13000,Charity Cervantes
13001,Wynn Everett
13002,Marcela Benjumea
13003,Juan Sebastián Calero
13004,Waldo Urrego
13005,Rodrigo Jerez
13006,Katherine Vélez
13007,Paula Castaño
13008,Pedro Suárez
13009,Ramsés Ramos
13010,Juan Pablo Barragán
13011,David Faustino
13012,Logan Wells
13013,Jeff Bennett
13014,Etsuko Kozakura
13015,Subaru Kimura
13016,Yoji Ikuta
13017,Hayato Kimura
13018,Kotaro Nishiyama
13019,Takuya Kirimoto
13020,Mina Farid
13021,Zahia Dehar
13022,Nuno Lopes
13023,Clotilde Courau
13024,Loubna Abidar
13025,"""Riley"" Lakdhar Dridi"
13026,Tracy Letts
13027,J. Smith-Cameron
13028,Kim Shaw
13029,John Cullum
13030,Morgan Spector
13031,Jayson Warner Smith
13032,Brady Corbet
13033,Mati Diop
13034,Constance Rousseau
13035,Lila Salet
13036,Solo
13037,Nicolas Ronchi
13038,Étienne Rotha Moeng
13039,Angad Bedi
13040,Viineet Kumar
13041,Ty Burrell
13042,Max Charles
13043,Ariel Winter
13044,Stephen Colbert
13045,Allison Janney
13046,Patrick Warburton
13047,Stephen Tobolowsky
13048,Callie Hope Haverda
13049,Roxton Garcia
13050,Kayode Olaiya
13051,Yvonne Jegede
13052,Ayo Mogaji
13053,Magaji Mijinyawa
13054,Caroline Chikezie
13055,Edmond Enaibe
13056,Taiwo Obileye
13057,Kunle Coker
13058,Paul Christian Chukwudi
13059,Samuel Abiola Robinson
13060,Simi Adejumo
13061,Ani Iyoho
13062,Maddie Hasson
13063,Logan Miller
13064,Austin Swift
13065,Allison McAtee
13066,Tanner Beard
13067,Felicitas Woll
13068,Janina Uhse
13069,Jan Sosniok
13070,Matthias Klimsa
13071,Sandra Borgmann
13072,Kai Lentrodt
13073,Armin Rohde
13074,Gitta Schweighöfer
13075,Kailas Mahadevan
13076,Ivana Baquero
13077,Jon Kortajarena
13078,Alejandra Onieva
13079,Eloy Azorín
13080,Chiqui Fernández
13081,Daniel Lundh
13082,Manuela Vellés
13083,Natalia Rodríguez
13084,Laura Prats
13085,Ignacio Montes
13086,Begoña Vargas
13087,Luis Bermejo
13088,Ben Temple
13089,Félix Gómez
13090,Antonio Durán 'Morris'
13091,Eduardo Blanco
13092,José Sacristán
13093,Palina Rojinski
13094,David Bradley
13095,Stephanie Beatriz
13096,John Rhys-Davies
13097,Sabrina Carpenter
13098,Jordan Fisher
13099,Drew Ray Tanner
13100,Jonquil Goode
13101,Karen Strassman
13102,Audu Paden
13103,Julie Maddalena
13104,Marieve Herington
13105,Rena Strober
13106,Evan Smith
13107,Wendee Lee
13108,Haviland Stillwell
13109,Valerie Arem
13110,Cam Clarke
13111,Colleen Foy
13112,Cindy Robinson
13113,Joe Sanfelippo
13114,Debi Derryberry
13115,Lindsey Ames
13116,Rajo Zakic
13117,Malcolm Danare
13118,Natalia Oreiro
13119,Alba August
13120,Lucas Lynggaard Tønnesen
13121,Mikkel Boe Følsgaard
13122,Lukas Løkken
13123,Jessica Dinnage
13124,Sonny Lindberg
13125,Angela Bundalovic
13126,Lars Simonsen
13127,Nicolas Anelka
13128,Yvonne Nelson
13129,Oscar Provencal
13130,Michelle McKinney Hammond
13131,Rosaline Meurer
13132,Kweku Elliot
13133,Regina Van Helvert
13134,Alhaji Fadika
13135,Isaac Akwesi Awonor
13136,Abigail Vibat
13137,Jackie R. Jacobson
13138,Abby Donnelly
13139,Alkoya Brunson
13140,Jeff Meacham
13141,Ella Gross
13142,Carlos Sanson
13143,JT Neal
13144,Kirrilee Berger
13145,Felipe Castanhari
13146,Lilian Regina
13147,Bruno Miranda
13148,Guilherme Briggs
13149,Scott Evans
13150,Christopher Gray
13151,David Hasselhoff
13152,Jennifer Ikeda
13153,Colton Dunn
13154,William Allen Young
13155,Sheryl Lee Ralph
13156,Lamont Bentley
13157,Marcus T. Paulk
13158,Morgan Wigle
13159,Tom Hulshof
13160,Helena Marie
13161,Shawn Thompson
13162,Natasha Zaborski
13163,Ajanae Stephenson
13164,Francesca Van Keekan
13165,Jordan Clark
13166,Kaori Ishihara
13167,Kaori Nazuka
13168,Masuo Amada
13169,Motomu Kiyokawa
13170,Victoria Baldesarra
13171,Alexandra Beaton
13172,Samantha Grecchi
13173,Lamar Johnson
13174,Isaac Lupien
13175,Trevor Tordjman
13176,Brittany Raymond
13177,Bree Wasylenko
13178,Jennifer Pappas
13179,Tamina Pollack-Paris
13180,Logan Fabbro
13181,Megan Mackenzie
13182,Alex Beaton
13183,Natalie Krill
13184,Josh Hartnett
13185,Affif Ben Badra
13186,Paul Barrett
13187,Jessica Turner
13188,Ai Nonaka
13189,Momoko Ishikawa
13190,Saori Goto
13191,Adam Andrianopolous
13192,Pierce Cravens
13193,Xander Crowell
13194,Paul Guyet
13195,Michael Hansen
13196,Mason Hensley
13197,Alan Trinca
13198,Keyon Williams
13199,Andy Zou
13200,Hannah Emily Anderson
13201,Brittany Allen
13202,Martha MacIsaac
13203,Joey Klein
13204,Charlotte Lindsay Marron
13205,Kim Adis
13206,Mia McKenna-Bruce
13207,Bethany Antonia
13208,Jessica Alexander
13209,Ashley Bornancin
13210,Carter Hastings
13211,Khalid Tyabji
13212,Shivani Raghuvanshi
13213,Nishant Dahiya
13214,Gyanendra Tripathi
13215,Shreedhar Dubey
13216,Swanand Kirkire
13217,Riya Shukla
13218,Tigmanshu Dhulia
13219,Fulu Mugovhani
13220,Bohang Moeko
13221,Yonda Thomas
13222,Junior Béjar Roca
13223,Amiel Cayo
13224,Magaly Solier
13225,Hermelinda Luján
13226,Mauro Chuchón
13227,Claudia Solís
13228,Coco Chiarella
13229,VK Naresh
13230,Raghavan
13231,Suhas P
13232,Ravindra Vijay
13233,Chandana Koppisetti
13234,Roopa Koduvayur
13235,Kushalini Pulapa
13236,Anusorn Maneethet
13237,Atsadaporn Siriwattanakul
13238,Pokchat Thiamchai
13239,Phichikorn Ployphimana
13240,Supachai Suwanon
13241,Daraneenuch Pasutanavin
13242,Kittiphong Dumavibhat
13243,Aphiradi Phawaphutanon
13244,Attharut Krongrasri
13245,Ronnawee Sereerat
13246,Lita Janvarapa
13247,Sitang Punnapob
13248,Yani Tramod
13249,Amanda Ebeye
13250,Thelma Ezeamaka
13251,Femi Durojaiye
13252,Ese Lami George
13253,Gil Alexandre
13254,Arlete Bombe
13255,Rashid Abdul
13256,Laquino Fonseca
13257,Tomas Bie
13258,Candido Quembo
13259,Jorge Amade
13260,Aldovina Chiziane
13261,Indira Nascimento
13262,Paulo André
13263,Ike Barry
13264,Chukwudi Iwuji
13265,Maciej Musiałowski
13266,Agata Kulesza
13267,Vanessa Aleksander
13268,Maciej Stuhr
13269,Adam Gradowski
13270,Piotr Biedron
13271,Martynika Kosnica
13272,John Franklin III
13273,DJ Law
13274,Buddy Stephens
13275,Brittany Wagner
13276,Ronald Ollie
13277,Liana Liberato
13278,Luke Spencer Roberts
13279,Meagan Kimberly Smith
13280,Haley Ramm
13281,Justin Chatwin
13282,Cameron Monaghan
13283,Jeremy Allen White
13284,Steve Howey
13285,Ethan Cutkosky
13286,Emma Kenney
13287,Laura Wiggins
13288,Dolly Ahluwalia
13289,Shardul Rana
13290,Archita Sharma
13291,Supriya Shukla
13292,Mehak Manwani
13293,Henry Lau
13294,Peter Ho
13295,Lin Chenhan
13296,Jiang Luxia
13297,Ming Hu
13298,Him Law
13299,Shi Shi
13300,Mark Cheng
13301,Xu Minghu
13302,Kunal Sheth
13303,Rahul Patel
13304,Katarina Kajkus
13305,Farrah Kader
13306,Emily Blunt
13307,John Krasinski
13308,Wallace Shawn
13309,Gilbert Gottfried
13310,Harvey Fierstein
13311,Lydia Rose Taylor
13312,Chimezie Imo
13313,Sani Danja
13314,Kelechi Udegbe
13315,Doyin Abiola
13316,Molawa Davis
13317,"Carlos Librado ""Nene"""
13318,Francesc Orella
13319,Itziar Aizpuru
13320,Benn Northover
13321,Marta Larralde
13322,Alicia Sánchez
13323,Eduardo Rosa
13324,Angel Alkain
13325,Patricia López Arnaiz
13326,Pedro Casablanc
13327,Yuu Aoi
13328,Kenta Hamano
13329,Koji Ohkura
13330,Pierre Taki
13331,Eri Watanabe
13332,Kitaro
13333,Ricky Merino
13334,Eddy Lee
13335,Ahn Hyo-min
13336,Choi Nak-yoon
13337,Tom Wayland
13338,Bahle Mashinini
13339,Nomalanga Shabane
13340,Andile Gumbi
13341,Nokuthula Mazibuko
13342,Kåre Conradi
13343,Silje Torp
13344,Nils Jørgen Kaalstad
13345,Marian Saastad Ottesen
13346,Trond Fausa
13347,Kristine Riis
13348,Jon Øigarden
13349,Henrik Mestad
13350,Øystein Martinsen
13351,Mikkel Bratt Silset
13352,Mads Jørgensen
13353,Nikis Theophilakis
13354,Donnie Yen
13355,Wu Yue
13356,Kent Cheng
13357,Danny Chan Kwok-kwan
13358,Kanin Ngo
13359,Chris Collins
13360,Vanda Margraf
13361,Meng Lo
13362,Piers Morgan
13363,Bérénice Bejo
13364,Colette Kieffer
13365,Aude-Laurence Clermont Biver
13366,Brice Montagne
13367,Franck Sasonoff
13368,Hervé Sogne
13369,Maxime Baudoin
13370,Tom Trouffier
13371,Lila Lacombe
13372,Céline Ronté
13373,Emilie Marié
13374,Thierry Jahn
13375,Fifi Box
13376,Matthew Hussey
13377,Katherine Langford
13378,Gustaf Skarsgård
13379,Daniel Sharman
13380,Lily Newmark
13381,Shalom Brune-Franklin
13382,Matt Stokoe
13383,Bella Dayne
13384,Peter Mullan
13385,Emily Coates
13386,Perry Mattfeld
13387,Brooke Markham
13388,Casey Deidrick
13389,Keston John
13390,Morgan Krantz
13391,Rich Sommer
13392,Thamela Mpumlwana
13393,Saycon Sengbloh
13394,Kathleen York
13395,Derek Webster
13396,Caio Horowicz
13397,Iza Moreira
13398,Michel Joelsas
13399,Denise Fraga
13400,Thomás Aquino
13401,Luana Nastas
13402,Esther Tinman
13403,Kevin Vechiatto
13404,Bianca Byington
13405,Bruno Garcia
13406,Flávio Tolezani
13407,Carolina del Carmen Peleritti
13408,Folusho Durojaiye
13409,Chika Lann
13410,Etinosa Idemudia
13411,Stephen Bishop
13412,Maya Stojan
13413,Aubrey Cleland
13414,Carolyn Hennesy
13415,Virginie Ledoyen
13416,Marie-Josée Croze
13417,Axelle Laffont
13418,Matthias Dandois
13419,Victor Meutelet
13420,Waël Sersoub
13421,Florence Thomassin
13422,Jim Iyke
13423,Joselyn Dumas
13424,Padita Agu
13425,Maite Perroni
13426,Erik Hayser
13427,María Fernanda Yepes
13428,Jorge Poza
13429,Paulina Matos
13430,Claudia Pineda
13431,Esteban Soberanes
13432,Claudia Ríos
13433,Fabián Merlo
13434,Carmen Beato
13435,Carlos Torres
13436,Toño Valdés
13437,Svetlana Tsimokhina
13438,Dmitri Davidovich
13439,Udoka Onyeka
13440,Bolaji Ogunmola
13441,Ijeoma Grace Agu
13442,Valerio Mastandrea
13443,Laura Chiatti
13444,Marina Foïs
13445,Euridice Axen
13446,Massimiliano Gallo
13447,Alessia Giuliani
13448,Amaryllis Fox
13449,André Odendaal
13450,Nicholas Campbell
13451,Tinarie van Wyk Loots
13452,Bheki Mkwane
13453,Susan Coetzer
13454,Botho Molohloane
13455,Anna Davel
13456,Nomboniso Paile
13457,Dania Gelderblom
13458,Hamish Kyd
13459,Zac Efron
13460,Darin Olien
13461,Hesham Maged
13462,Shikoo
13463,Ahmed Sultan
13464,Peter Hastings
13465,Evan Kishiyama
13466,Brennan Murray
13467,Charlize Theron
13468,KiKi Layne
13469,Marwan Kenzari
13470,Luca Marinelli
13471,Van Veronica Ngo
13472,Matthias Schoenaerts
13473,Maaike Neuville
13474,Charlotte De Bruyne
13475,Tom Vermeir
13476,Mieke De Groote
13477,Zouzou Ben Chikha
13478,Peter Gorissen
13479,Piet De Praitere
13480,Maaike Cafmeyer
13481,Josse De Pauw
13482,Greet Verstraete
13483,Koen De Sutter
13484,Isabelle Van Hecke
13485,Lynn Van Royen
13486,Osas Ighodaro Ajibade
13487,Seyi Law
13488,Christian Paul
13489,Helen Paul
13490,Tomo Muranaka
13491,Yuko Sasaki
13492,Ayça Ayşin Turan
13493,Hazar Ergüçlü
13494,Yurdaer Okur
13495,Song Ji-hyo
13496,Son Ho-jun
13497,Song Jong-ho
13498,Koo Ja-sung
13499,Kim Min-jun
13500,Kim Da-som
13501,Kim Young-ah
13502,Scott Dixon
13503,Walter Mercado
13504,Yvonne Strahovski
13505,Jai Courtney
13506,Asher Keddie
13507,Fayssal Bazzi
13508,Dominic West
13509,Grace Gummer
13510,Betty White
13511,Nasim Pedrad
13512,Joel Swetow
13513,Michael Beattie
13514,Stephon Marbury
13515,PNL
13516,Prithviraj Sukumaran
13517,Nirmiti Sawant
13518,Jyoti Subhash
13519,Satish Alekar
13520,Anita Date
13521,Amey Wagh
13522,Kishori Balal
13523,Pakoda Pandi
13524,Hema Malini
13525,Raveena Tandon
13526,Sonu Sood
13527,Sonal Chauhan
13528,Charmy Kaur
13529,Subbaraju
13530,Shawar Ali
13531,Rajeev Verma
13532,Kunal Kemmu
13533,Amrita Puri
13534,Shekar Shukla
13535,Teeshay
13536,Mia Evonne Uyeda
13537,Sadashiv Amrapurkar
13538,Ranvir Shorey
13539,Diana Penty
13540,Ronit Roy
13541,Shiv Pandit
13542,Danny Denzongpa
13543,Parikshat Sahni
13544,Mayur Mahendra Patole
13545,Shruti Marathe
13546,Chhaya Kadam
13547,Ali Zafar
13548,Siddharth
13549,Divyendu Sharma
13550,Bharati Achrekar
13551,Annu Kapoor
13552,Auritra Ghosh
13553,Manoj Raghubir Sharma
13554,Rushita Pandya
13555,Murli Sharma
13556,Tabu
13557,Ishita Dutta
13558,Mrunal Jadhav
13559,Prasanna Ketkar
13560,Yogesh Sonam
13561,Prathamesh Parab
13562,Rishabh Chaddha
13563,Shruti Haasan
13564,Sunil Grover
13565,Ishita Vyas
13566,Suman Talwar
13567,Shruti Bapna
13568,Sandeepa Dhar
13569,Dimple Kapadia
13570,Peemapol Panichtamrong
13571,Phiravich Attachitsataporn
13572,Thime Pichitsurakit
13573,Jidapa Siribunchawan
13574,Yanin Opassathaworn
13575,Jaturong Kolimart
13576,Pete Thongchua
13577,Ratchanont Sukpragawp
13578,Kanyaphak Pongsak
13579,Kittikun Tansuhas
13580,Tanawat Cheawaram
13581,Toru Takizawa
13582,Noraworn Puangumpai
13583,Chitrangada Singh
13584,Deepti Naval
13585,Rehana Sultan
13586,Shivani Tanksale
13587,Asheesh Kapur
13588,Rashi Khanna
13589,Avijit Dutt
13590,Ajay Ratnam
13591,Siddartha Basu
13592,Agnello Dias
13593,Dibang
13594,Darshan Kumar
13595,Sunil Thapa
13596,Kenny Basumatary
13597,Robin Das
13598,Rajni Basumatary
13599,Lin Laishram
13600,Shakti Singh
13601,Churni Ganguly
13602,June Maliah
13603,Purav Bhandare
13604,Shridhar Watsar
13605,Piaa Bajpai
13606,Apoorva Arora
13607,Arun Bali
13608,Honey Chaaya
13609,Poonam Jhawer
13610,Jayant Kripalani
13611,Anish Trivedi
13612,Geetika Tyagi
13613,Preetika Chawla
13614,Tahir Raj Bhasin
13615,Leslie Odom Jr.
13616,Mark Ashworth
13617,Tia Hendricks
13618,Richard Hempton
13619,Noor Naghmi
13620,Maggie Parto
13621,Lukram Smil
13622,Manjot Singh
13623,Shashank Arora
13624,Srishti Jain
13625,Bijou Thaangjam
13626,Mohit Nain
13627,Ashwin Kaushal
13628,Vinod Khanna
13629,Sonam Kapoor
13630,Sikander Kher
13631,Kartik Aaryan
13632,Sonalli Sehgall
13633,Sunny Singh
13634,Ishita Raj
13635,Omkar Kapoor
13636,Mish Boyko
13637,Jeffrey Chee Eng Ho
13638,Marco Canadea
13639,Sabeeka Imam
13640,Yogendra Tikku
13641,Rajeev Khandelwal
13642,Nikhil Chinappa
13643,Neeru Bajwa
13644,Neetu Singh
13645,Swara Bhaskar
13646,Eijaz Khan
13647,K.K. Raina
13648,Navni Parihar
13649,Vishal Sharma
13650,Sumit Suri
13651,Anand Tiwari
13652,Deepti Pujari
13653,Sabina Sheema
13654,Swapnil Kumari
13655,Shaily Dube
13656,Pawan Kalra
13657,Nadia de Santiago
13658,Ana Polvorosa
13659,Yon González
13660,Martiño Rivas
13661,Borja Luna
13662,Concha Velasco
13663,Antonio Velázquez
13664,Ira del Río
13665,Angela Cremonte
13666,Andrea Carballo
13667,Anna Camp
13668,Lamorne Morris
13669,Adipati Dolken
13670,Ganindra Bimo
13671,Donny Alamsyah
13672,Vonny Cornellya
13673,Tania Staite
13674,Maurice Bryrne
13675,Kevin Bzezovski Taroreh
13676,Joey Starr
13677,Yoshiyoshi Arakawa
13678,Yuina Kuroshima
13679,Ririka
13680,Koki Osamura
13681,Seiko Iwaido
13682,Kai Inowaki
13683,Ryushin Tei
13684,Yuya Matsuura
13685,Kaho Tsuchimura
13686,Takemi Fujii
13687,Ryota Matsushima
13688,Haruka Kubo
13689,Shinsuke Kato
13690,Nana Yanagisawa
13691,Atom Shukugawa
13692,Yura Anno
13693,Nobuko Sendo
13694,Kana Kurashina
13695,Sophie Grace
13696,Momona Tamada
13697,Shay Rudolph
13698,Malia Baker
13699,Xochitl Gomez
13700,Mark Feuerstein
13701,Aya Furukawa
13702,Jessica Elaina Eason
13703,Jackie Appiah
13704,Naa Ashorkor Mensa-Doku
13705,Lydia Forson
13706,Thiago Ventura
13707,Alba Baptista
13708,Toya Turner
13709,Lorena Andrea
13710,Kristina Tonteri-Young
13711,Tristán Ulloa
13712,Gengher Gatti
13713,Laura Morgan
13714,Cheryl Yang
13715,Tien Hsin
13716,Gabriel Lan
13717,Wu Kang-jen
13718,Cindy Lien
13719,Wen Chen-ling
13720,Hans Chung
13721,Macy Drouin
13722,Wyatt White
13723,Christian Dal Dosso
13724,Laaibah Alvi
13725,Anna Castillo
13726,Miquel Fernández
13727,Jesús Carroza
13728,Moustapha Oumarou
13729,Adam Nourou
13730,Zayidiyya Dissou
13731,Nora Navas
13732,Irina Ivkina
13733,Çetin Altay
13734,Zafer Algöz
13735,Can Yılmaz
13736,Bahtiyar Engin
13737,Fevzi Gökçe
13738,Yosi Mizrahi
13739,David Foster
13740,Ashley Judd
13741,Roma Maffia
13742,Jay Brazeau
13743,Michael Gaston
13744,Daniel Lapaine
13745,Cahit Gök
13746,Mazhar Alanson
13747,Metin Coşkun
13748,Tuğrul Tülek
13749,Jeremiah Brent
13750,Thai Nguyen
13751,Gabriele Bertaccini
13752,Claire Danes
13753,Charlie Cox
13754,Jason Flemyng
13755,Rupert Everett
13756,Peter O'Toole
13757,Kate Magowan
13758,Eli Brown
13759,Madison Iseman
13760,Marcus Scribner
13761,Jerry O'Connell
13762,Tristan Lake Leabu
13763,Natalie Zea
13764,Rachel Ticotin
13765,Marshall Bell
13766,Michael Champion
13767,Mel Johnson Jr.
13768,Roy Brocksmith
13769,Rosemary Dunsmore
13770,Cristiano Caccamo
13771,Davide Calgaro
13772,Matteo Oscar Giuggioli
13773,Saul Nanni
13774,Fotinì Peluso
13775,Isabella Ferrari
13776,Luca Ward
13777,Andrea Roncato
13778,Giulia Schiavo
13779,Maria Luisa De Crescenzo
13780,Sergio Ruggeri
13781,Rosanna Sapia
13782,Tommaso Paradiso
13783,Maria Naganawa
13784,Gara Takashima
13785,Michiyo Murase
13786,Edward Kagutuzi
13787,Osita Iheme
13788,Fatima Jabbe
13789,Victor Carvalho
13790,Felix Ceesay
13791,John Charles Njie
13792,Momodu Musa Ceesay
13793,Mawar de Jongh
13794,Sari Nila
13795,Clay Gribble
13796,Ivan Leonardy
13797,Sarah Sechan
13798,Jourdy Pranata
13799,Rajeev Panday
13800,Avantika Akerkar
13801,Louis Hofmann
13802,Jördis Triebel
13803,Maja Schöne
13804,Karoline Eichhorn
13805,Sebastian Rudolph
13806,Anatole Taubman
13807,Mark Waschke
13808,Andreas Pietschmann
13809,Lisa Vicari
13810,Michael Mendl
13811,Angela Winkler
13812,Sullivan Stapleton
13813,Stevie Payne
13814,Magda Szubanski
13815,Aaron Glenane
13816,Damien Garvey
13817,Sophia Crawford
13818,Henry Nixon
13819,Ana María Estupiñán
13820,Yuri Vargas
13821,Jim Muñoz
13822,Julio Sánchez Cóccaro
13823,Alina Lozano
13824,Valeria Gálviz
13825,Juan Millán
13826,Juan del Río
13827,Mario Duarte
13828,Melissanthi Mahut
13829,Mikael Persbrandt
13830,Graham Norton
13831,Alvin Abayomi
13832,Ruby Akubueze
13833,Tomiwa Tegbe
13834,Ronwaldo Martin
13835,Hasmine Killip
13836,Maria Isabel Lopez
13837,Raymond Lee
13838,Erlinda Villalobos
13839,Lee Seung-gi
13840,Siddhu Jonnalagadda
13841,Shraddha Srinath
13842,Seerat Kapoor
13843,Shalini Vadnikatti
13844,Jhansi
13845,Viva Harsha
13846,Samyuktha Hornad
13847,Arman Kohli
13848,Samaira Rao
13849,Karuna Pandey
13850,Sucheta Khanna
13851,Alok Nath
13852,Samir Soni
13853,Lata Sabharwal
13854,Dinesh Lamba
13855,Amrita Prakash
13856,Tripti Dimri
13857,Paoli Dam
13858,Veera Kapur Ee
13859,Jayde Adams
13860,Carla Hall
13861,Heston Blumenthal
13862,Niklas Ekstedt
13863,Jorge García
13864,Millaray Lobos
13865,Luis Gnecco
13866,Eduardo Paxeco
13867,Nathan Parsons
13868,Michael Vlamis
13869,Lily Cowles
13870,Tyler Blackburn
13871,Michael Trevino
13872,Trevor St. John
13873,Anna Ben
13874,Roshan Mathew
13875,Sreenath Bhasi
13876,Tanvi Ram
13877,Musthafa
13878,James Eliya
13879,Vijilesh
13880,Rachel Oniga
13881,Kim Soo-hyun
13882,Seo Yea-ji
13883,Park Gyu-young
13884,Kim Chang-wan
13885,Kang Ki-doong
13886,Jang Young-nam
13887,Joe Cole
13888,Jack Kilmer
13889,Steph DuVall
13890,Joel McCoy
13891,Michael Pavlicek
13892,Yemi Solade
13893,Ijeoma Aniebo
13894,Ritika Badiani
13895,Bhuvan Arora
13896,Dhirendra Tiwari
13897,Ashwani Kumar
13898,Bhagwan Tiwari
13899,Nour El-Sherif
13900,Laila Elwi
13901,Mahmoud Hemeida
13902,Safia el-Emari
13903,Mohamed Mounir
13904,Khaled El Nabawy
13905,Seif Abdelrahman
13906,Abdalla Mahmoud
13907,Ahmed Fouad Selim
13908,Magdi Idris
13909,Eva Hauge
13910,Rex Lee
13911,Brandon Kyle Goodman
13912,Sadie Lapidus
13913,Johanna Colón
13914,Shaylee Mansfield
13915,Shiloh Nelson
13916,Justin Allan
13917,Carina Battrick
13918,Kai Zen
13919,Enrico Colantoni
13920,Alban Lenoir
13921,Rod Paradot
13922,Sébastien Lalanne
13923,Pascale Arbillot
13924,Arthur Aspaturian
13925,Patrick Médioni
13926,Maria Casadevall
13927,Pathy Dejesus
13928,Fernanda Vasconcellos
13929,Mel Lisboa
13930,Leandro Lima
13931,Ícaro Silva
13932,Gustavo Vaz
13933,Alexandre Cioletti
13934,Gustavo Machado
13935,Dilan Çiçek Deniz
13936,Hanan Turk
13937,Yousra
13938,Michel Piccoli
13939,Ahmed Bedir
13940,Gwyneth Paltrow
13941,Lucy Boynton
13942,David Corenswet
13943,Julia Schlaepfer
13944,Laura Dreyfuss
13945,Theo Germaine
13946,Rahne Jones
13947,Benjamin Barrett
13948,Wagner Moura
13949,Mirai Shida
13950,Hiroaki Ogi
13951,Susumu Chiba
13952,Naglaa Fathi
13953,Farid Shawqy
13954,Mohsen Mohiedine
13955,Ezzat El Alaili
13956,Youssef Wahby
13957,Yehia Chahine
13958,Laila Fawzy
13959,Ahmed Zaki
13960,Gerry Sundquist
13961,Youssef Chahine
13962,Hussein Fahmy
13963,Amr Abdel-Geleel
13964,Taheya Cariocca
13965,Ragaa Hussein
13966,Magda El-Khatib
13967,Oussama Nadir
13968,Layla Hamadah
13969,Hind Rostom
13970,Hassan el Baroudi
13971,Abdel Aziz Khalil
13972,Naima Wasfy
13973,Said Khalil
13974,Abdel Ghani Nagdi
13975,Faten Hamama
13976,Omar Sharif
13977,Ahmed Ramzy
13978,Hussein Riad
13979,Ferdoos Mohammed
13980,Aziza Helmy
13981,Tawfik El Deken
13982,Jean Maggi
13983,Angie Ferro
13984,Meryll Soriano
13985,Royce Cabrera
13986,Jojo Riguerra
13987,Soliman Cruz
13988,Armand Reyes
13989,BNK48
13990,Ahmad Mazhar
13991,Salah Zo El Faqqar
13992,Nadia Lotfi
13993,Hamdy Gheith
13994,Omar El-Hariri
13995,Laila Taher
13996,Zaki Tolaimat
13997,Takla Chamoun
13998,Hend Taher
13999,Nazih Youssef
14000,Patricia Nammour
14001,Pauline Haddad
14002,Nasri Sayegh
14003,Joelle Hannah
14004,Inaam Germanos
14005,Zaki Rostom
14006,Abdel-Wareth Asar
14007,Menassa Fahmy
14008,Abdelghany Kamar
14009,Mohsen Hassanein
14010,Rafeaa El Shal
14011,Hamdy Ahmed
14012,Nagwa Ibrahim
14013,Salah El-Saadany
14014,Ali El Sherif
14015,James Rankin
14016,Jake Manley
14017,Sarah Grey
14018,Adam DiMarco
14019,Katharine Isabelle
14020,Louriza Tronco
14021,Aaron Hale
14022,Devery Jacobs
14023,Thomas Elms
14024,Ian Tracey
14025,Sam Trammell
14026,Zach Cherry
14027,Maria Bamford
14028,Sky Elobar
14029,John Kerry
14030,Bettina Devin
14031,Gil Gex
14032,T.C. Stallings
14033,Grace Van Dien
14034,Marisa Brown
14035,Jimmy Deshler
14036,Jennifer Oguzie
14037,Uru Eke
14038,Celine Loader
14039,Jennifer Morrison
14040,Parker Mack
14041,Tara Lynne Barr
14042,Brooke Burns
14043,Mark Labbett
14044,Brian May
14045,Roger Taylor
14046,Nicholas Hoult
14047,Eugenio Derbez
14048,Taran Killam
14049,Dan Patrick
14050,Brooklyn Beckham
14051,Chazz Palminteri
14052,Rupert Grint
14053,Rob Brydon
14054,Anthony Head
14055,Ralf Little
14056,Eve Ponsonby
14057,Alex Norton
14058,Alistair McGowan
14059,Ezequiel Cipols
14060,Fify Azmi
14061,Ismi Melinda
14062,Hilal Azman
14063,Dain Said
14064,Kate Henshaw-Nuttal
14065,Emil Hirai-Garuba
14066,Isabel May
14067,Emery Kelly
14068,Jolie Jenkins
14069,Kerri Medders
14070,Finn Carr
14071,Eddie Shin
14072,Vikram Prabhu
14073,Mahima Nambiar
14074,Jagan
14075,Billy Brown
14076,Alfred Enoch
14077,Jack Falahee
14078,Katie Findlay
14079,Vanesha Prescilla
14080,Ira Wibowo
14081,Bucek
14082,Farhan
14083,Jerome Kurnia
14084,Tenzing Dalha
14085,Lanuakam Ao
14086,Rohan Joshi
14087,Adil Hussain
14088,Asenla Jamir
14089,Delroy Lindo
14090,Jonathan Majors
14091,Norm Lewis
14092,Mélanie Thierry
14093,Paul Walter Hauser
14094,Jasper Pääkkönen
14095,Johnny Nguyen
14096,Klaas Heufer-Umlauf
14097,Joko Winterscheidt
14098,Lena Meyer-Landrut
14099,Charlotte Roche
14100,Frank Elstner
14101,Andrew Lopez
14102,Joey Guila
14103,Andrew Orolfo
14104,Seiran Kobayashi
14105,Satsumi Matsuda
14106,Rina Endo
14107,Yoko Asagami
14108,Teiyu Ichiryusai
14109,Hirohide Yakumaru
14110,Anju Suzuki
14111,Osamu Shitara
14112,Horan Chiaki
14113,Mayumi Tanaka
14114,Akemi Okamura
14115,Yuriko Yamaguchi
14116,Diana Bovio
14117,Regina Blandón
14118,Adrián Ladrón
14119,Antonio Arochi
14120,Mario Alberto Monroy
14121,Vianey Rodríguez
14122,María Aura
14123,Daniel Haddad
14124,Fernando Bonilla
14125,Olinca Velázquez
14126,Damayanti Quintanar
14127,Adriana Llabrés
14128,Alejandro Calva
14129,Edmundo Vargas
14130,Anabel Ferreira
14131,Grzegorz Damięcki
14132,Agnieszka Grochowska
14133,Hubert Miłkowski
14134,Wiktoria Filus
14135,Krzysztof Zarzecki
14136,Ewa Skibińska
14137,Martyna Byczkowska
14138,Roman Gancarczyk
14139,Adam Wietrzyński
14140,Fahad Albutairi
14141,Shadi Alfons
14142,Fadi Rifaai
14143,Samer al Masri
14144,Ahd
14145,Yousra El Lozy
14146,Khaled Abol Naga
14147,Fayez Al-Malki
14148,Mona Wasef
14149,Reem Abdel Aziz
14150,Dana Jabr
14151,Emad Al Youssef
14152,Remas Mansoor
14153,Khalid Mengah
14154,Luca Lionello
14155,Federico Russo
14156,Margherita Morchio
14157,Anna Ferzetti
14158,Alessandro Tedeschi
14159,Juju Di Domenico
14160,Giulio Brizzi
14161,Max Malatesta
14162,Franz Drameh
14163,Amy Pemberton
14164,Nick Zano
14165,Arthur Darvill
14166,Tala Ashe
14167,Adam Tsekhman
14168,Christina Brucato
14169,Simon Merrells
14170,Nils Hognestad
14171,Jes Macallan
14172,Laura Ramsey
14173,Lee Sun-kyun
14174,Lee Ji-eun (IU)
14175,Go Du-sim
14176,Song Sae-byeok
14177,Ana Hartmann
14178,Sabrina Sato
14179,Luellem de Castro
14180,Guilherme Weber
14181,Emílio de Mello
14182,Ravel Andrade
14183,João Pedro Zappa
14184,Pierre Baitelli
14185,Jesus Luz
14186,Carla Ribas
14187,Wallie Ruy
14188,Gabriel Canella
14189,Natália Rosa
14190,Priscila Assum
14191,Teca Pereira
14192,Leandro Daniel
14193,Hanna Romanazzi
14194,Arlinda Di Baio
14195,Erom Cordeiro
14196,Enzo Romani
14197,Kim Da-mi
14198,Cho Min-soo
14199,Choi Woo-shik
14200,Park Hee-soon
14201,Oh Mi-hee
14202,Kim Byung-ok
14203,Halston Sage
14204,Erica Tremblay
14205,Jennifer Beals
14206,Liv Hewson
14207,G. Hannelius
14208,Nicholas Lea
14209,Claire Margaret Corlett
14210,Anna-Maria Sieklucka
14211,Michele Morrone
14212,Bronisław Wrocławski
14213,Otar Saralidze
14214,Magdalena Lamparska
14215,Natasza Urbańska
14216,Grażyna Szapołowska
14217,Tomasz Stockinger
14218,Gianni Parisi
14219,Mateusz Łasowski
14220,Mamtha Mohandas
14221,Renji Panicker
14222,Saiju Kurup
14223,Reba Monica John
14224,Pratap Pothen
14225,Giju John
14226,Sreekanth Murali
14227,Rakesh Batra
14228,Kanika Batra
14229,Sneha Kapoor
14230,Rohn Malhotra
14231,Munira Sen
14232,Anaitha Nair
14233,Alice Braga
14234,Veronica Falcón
14235,Peter Gadiot
14236,Hemky Madera
14237,Gerardo Taracena
14238,Tye Sheridan
14239,Jacque Gray
14240,Dylan Minnette
14241,Derek Luke
14242,Brian d'Arcy James
14243,Christian Navarro
14244,Miles Heizer
14245,Devin Druid
14246,Michele Selene Ang
14247,Steven Silver
14248,Amy Hargreaves
14249,Maged El Kedwany
14250,Lana Mushtak
14251,Hany El Metennawy
14252,John Benjamin Hickey
14253,Judith Ivey
14254,Jasmine Guy
14255,Chris Sarandon
14256,Anthony LaPaglia
14257,Jenna Elfman
14258,Angelina Fiordellisi
14259,Mary Testa
14260,Dagmara Dominczyk
14261,Joe Inscoe
14262,James Hampton
14263,Paul Wilson
14264,Upendra Limaye
14265,Tushar Dalvi
14266,Rajshri Deshpande
14267,Vaisnavi RP
14268,Uday Nene
14269,Parthveer Shukla
14270,Sanjay Bhatia
14271,Aditya Kumar
14272,Uchemba Williams
14273,Ufuoma McDermott
14274,Alex Asogwa
14275,Bobby Berk
14276,Karamo Brown
14277,Antoni Porowski
14278,Jensen Ackles
14279,Mark Sheppard
14280,Misha Collins
14281,Andrea Menard
14282,Samantha Smith
14283,Mark Pellegrino
14284,Michael Pitt
14285,Anna Brewster
14286,Patrick Bergin
14287,Tamer Burjaq
14288,Terence Maynard
14289,James Richard Marshall
14290,Bin Shimada
14291,Banjo Ginga
14292,Issei Futamata
14293,Mugihito
14294,Yoshihisa Kawahara
14295,Buğra Gülsoy
14296,Özge Özpirinçci
14297,Yusuf Akgün
14298,Füsun Demirel
14299,Gözde Türkpençe
14300,Osman Alkaş
14301,Rahmi Dilligil
14302,Çağlar Çorumlu
14303,Ersin Korkut
14304,Gülhan Tekin
14305,Uğur Bilgin
14306,Öner Ateş
14307,Hakan Ummak
14308,Patrycja Widlak
14309,Hamza Yazıcı
14310,Lucas Hedges
14311,Timothée Chalamet
14312,Beanie Feldstein
14313,Lois Smith
14314,Odeya Rush
14315,Jordan Rodrigues
14316,Mohamed Henedi
14317,Heba Nour
14318,Dawood Hussain
14319,Mohammed El Sadaany
14320,Mohamed Sherif Hassan
14321,Tamer Hagras
14322,Ezzat Abou Aouf
14323,Hala Sedki
14324,Marwan Azab
14325,Nour
14326,Ahmed Rateb
14327,Ahmed Saeed Abdel-Ghany
14328,Menna Arafa
14329,Mohamed Emam
14330,Lebleba
14331,Medhat Tekha
14332,Dominique Hourani
14333,Saeed Tarabeek
14334,Diaa El Merghany
14335,Nahla Zaki
14336,Saad El Soghayar
14337,Shaimaa Abdelkader
14338,Samiha Ayyoub
14339,Fify El Sebaay
14340,Emy Samir Ghanim
14341,Mohamed Sharaf
14342,Tarek El Tilmisany
14343,Ahmed Ramah
14344,Ghada Adel
14345,Maha Ahmed
14346,Mohamed Ragab
14347,Mohamed El Dafrawy
14348,Hisham Abdulrahman
14349,Turki Al-Yusuf
14350,Mais Hamdan
14351,Khaled Sami
14352,Mishal Al-Mutairi
14353,Hind Muhamed
14354,Donia Samir Ghanim
14355,Ibrahim Nasr
14356,Yasmin Raeis
14357,Tarek Lotfy
14358,Mahmoud Hijazi
14359,Jihane Khalil
14360,Asmaa Galal
14361,Miwa Matsumoto
14362,Junko Iwao
14363,Emi Motoi
14364,Yukana
14365,Emi Shinohara
14366,Sakura Tange
14367,Issei Miyazaki
14368,Kazuo Hayashi
14369,Minori Suzuki
14370,Sunny Pawar
14371,Gautam Sarkar
14372,Sumeet Thakur
14373,Mala Mukherjee
14374,Veer Rajwant Singh
14375,Joyraj Bhattacharya
14376,Tendaiishe Chitima
14377,Tendai Nguni
14378,Jesese Mungoshi
14379,Eddie Sandifolo
14380,Charmaine Mujeri
14381,Kudzai Sevenzo
14382,Fungai Majaya
14383,Eugene Zimbudzi
14384,Chimwemwe Chipidza
14385,Kevin Hanssen
14386,Zihlo
14387,Michael Kudakwashe
14388,Shin Gu
14389,Kim Yeong-ok
14390,Kim Hye-ja
14391,Na Mun-hee
14392,Ju Hyun
14393,Youn Yuh-jung
14394,Park Won-suk
14395,Ko Hyun-jung
14396,Saad Abdullah
14397,Mohamed Alkendi
14398,Ammar Rahma
14399,Maria Khan
14400,Msabeh Bin Hashim
14401,Hani Abd Al Ghani
14402,Zayed Mohammed Mahmoud
14403,Khaled Abdullah
14404,Shiro Saito
14405,Nanako Mori
14406,Hiroyuki Kinoshita
14407,Kiyofumi Kaneko
14408,Nahoko Yoshimoto
14409,Moka Kamishiraishi
14410,Haru Kuroki
14411,Gen Hoshino
14412,Kumiko Aso
14413,Mitsuo Yoshihara
14414,Yoshiko Miyazaki
14415,Masaharu Fukuyama
14416,Yeon Woo-jin
14417,Park Hye-su
14418,Gong Seung-yeon
14419,Choi Si-won
14420,Kang So-ra
14421,Gong Myoung
14422,Dave Franco
14423,Ari Graynor
14424,Alison Brie
14425,Hannibal Buress
14426,Nathan Fielder
14427,Paul Scheer
14428,Megan Mullally
14429,Tommy Wiseau
14430,Jack Davenport
14431,Richard O'Brien
14432,Stig Eldred
14433,Emily Corcoran
14434,Gillian MacGregor
14435,Mikaela Ruegg
14436,Juliet Doherty
14437,Thomas Doherty
14438,Harry Jarvis
14439,Joshua Sinclair-Evans
14440,Ace Bhatti
14441,Desmond Richardson
14442,Kika Markham
14443,Ali Al Shehhi
14444,Huda Al Ghanim
14445,Muhammed Murshed
14446,Khaled Al-Nuaimi
14447,Nasser Al-Dhahnani
14448,Nawal Chamoun
14449,Iman Husein
14450,Steve Carell
14451,Owen Daniels
14452,Hector Duran
14453,Chris Gethard
14454,Aparna Nancherla
14455,Nabila Ebeid
14456,Hani Salama
14457,Hassan Abdel Hamid
14458,Amr Saad
14459,Ahmad Wafiq
14460,Seána Kerslake
14461,Nika McGuigan
14462,Sheila Moylette
14463,Muiris Crowley
14464,Steve Blount
14465,Amy Huberman
14466,Laurence O'Fuarain
14467,Seán Óg Cairns
14468,Hannah Sheehan
14469,Peter Campion
14470,Reina Kondo
14471,Kengo Takanashi
14472,Miyu Tomita
14473,Toru Nara
14474,Mitsuhiro Ichiki
14475,Soungdok
14476,Mayu Udono
14477,Anri Katsu
14478,Shinichiro Miki
14479,Hozumi Goda
14480,Tetsu Inada
14481,Saeed Al-Sheryani
14482,Abdullah Al Hamiri
14483,Abdullah Al-Ramsi
14484,Meera Ali
14485,Am Rashed
14486,Amal Mohammed
14487,Aisha Al Suwaidi
14488,Mansour Al Felei
14489,Salama Almazrouei
14490,Luisana Lopilato
14491,Rafael Ferro
14492,Maite Lanata
14493,Abel Ayala
14494,Sebastián Mogordoy
14495,Delfina Chaves
14496,Marita Ballesteros
14497,Miriam Odorico
14498,Ivy Latimer
14499,Amy Ruffle
14500,Chai Romruen
14501,Isabel Durant
14502,Allie Bertram
14503,Linda Ngo
14504,Gemma Forsyth
14505,Dominic Deutscher
14506,Kerith Atkinson
14507,Rowan Hills
14508,Brooke Nichole Lee
14509,Juan Daniel García
14510,Angelina Chen
14511,Jonathan Espinoza
14512,Coral Puente
14513,Tania Alvarado
14514,Fanny Tovar
14515,Luis Leonardo Zapata
14516,Yahir Alday
14517,Leonardo Garza
14518,Yocelin Coronado
14519,Deyanira Coronado
14520,Lü Yanting
14521,Joseph
14522,Han Mo
14523,Chen Hao
14524,Lü Qi
14525,Zhang Jiaming
14526,Yang Wei
14527,Mehcad Brooks
14528,Jeremy Jordan
14529,David Harewood
14530,Calista Flockhart
14531,Emma Tremblay
14532,Adrian Pasdar
14533,David St. Louis
14534,Odette Annable
14535,Floriana Lima
14536,Erica Durance
14537,Kevin Garnett
14538,Julia Fox
14539,Idina Menzel
14540,Eric Bogosian
14541,Judd Hirsch
14542,Abel Tesfaye
14543,Aahana Kumra
14544,Suchitra Pillai
14545,Jatin Goswami
14546,Manjiri Pupala
14547,Yashwant Wasnik
14548,Savita Bajaj
14549,Syna Anand
14550,Elizabeth Gillies
14551,Grant Show
14552,James Mackay
14553,Rafael De La Fuente
14554,Alan Dale
14555,Sam Adegoke
14556,Shelia Dara
14557,Donny Damara
14558,Susan Bachtiar
14559,Oka Antara
14560,Niken Anjani
14561,Rey Bong
14562,Akhmad Zulhoir Mardia
14563,Kenneth Okonkwo
14564,Zulu Adigwe
14565,Fumino Kimura
14566,Rio Suzuki
14567,Sota Shinohara
14568,Kentaro Sakaguchi
14569,Issa Rae
14570,Paul Sparks
14571,Nicholas X. Parsons
14572,Catherine Cohen
14573,Barry Rothbart
14574,Mike Smith
14575,John Paul Tremblay
14576,Robb Wells
14577,Pat Roach
14578,Cory Bowles
14579,Jacob Rolfe
14580,Tyrone Parsons
14581,Sarah Dunsworth
14582,Jeanna Harrison
14583,Marguerite McNeil
14584,Rendi Jhon
14585,Diandra Agatha
14586,Abdulhussain Abdulredah
14587,Ghanem Al-Saleh
14588,Mariam Al-Ghadban
14589,Entesar Alsharah
14590,Mohamed Gaber
14591,Haifaa Adel
14592,Fouad El-Mohandes
14593,Sanaa Younes
14594,Sherihan
14595,Ijlal Zaki
14596,Zakariya Mowafi
14597,Loretto Bernal
14598,Natalia Valdebenito
14599,Alison Mandel
14600,Matías Assler
14601,Cristián Riquelme
14602,Diego Casanueva
14603,Samuel González
14604,Consuelo Holzapfel
14605,Esteban Rojas
14606,Amanda Müller
14607,Hwang Jung-eum
14608,Yook Sung-jae
14609,Choi Won-young
14610,Lee Jun-hyeok
14611,Jeong Da-eun
14612,Na In-woo
14613,Park Eun-hye
14614,Park Si-eun
14615,Song Geon-hee
14616,Kim Hee-jung
14617,Ahn Tae-hwan
14618,Said Saleh
14619,Hassan Moustafa
14620,Younes Shalabi
14621,Nadia Shukri
14622,Karima Mokhtar
14623,Suhair El-Babili
14624,Shadia
14625,Abdel Moneim Madbouly
14626,Raja Al-Jeddawi
14627,Mostafa Mitwali
14628,Moshira Ismail
14629,Badr Nofal
14630,Samir Ghanem
14631,George Sidhum
14632,Nagah El-Mogui
14633,Adel Emam
14634,Saeed Saleh
14635,Hadi El-Gayyar
14636,Ahmad Zaki
14637,Nahed Gabr
14638,Nazim Sharawy
14639,Hala Fakher
14640,Samir Waley Eldein
14641,Sami Gawhar
14642,Shawqi Shamekh
14643,Nasr Seif
14644,Sam Sarpong
14645,Terri Oliver
14646,Colin Paradine
14647,Mark Cassius
14648,Jessica Sula
14649,Lucien Laviscount
14650,Ntonga Mwanza
14651,Naomi Ryan
14652,Danielle Vitalis
14653,Lauren Johns
14654,Tosin Cole
14655,Savannah Gordon-Liburd
14656,Modupe Adeyeye
14657,Salli Richardson-Whitfield
14658,Michole Briana White
14659,Dijon Talton
14660,Damone Roberts
14661,Blair Underwood
14662,Beverly Todd
14663,Gustavo Egelhaaf
14664,Alejandro Suárez
14665,Bárbara de Regil
14666,Anna Carreiro
14667,Carlos Macías
14668,José Sefami
14669,Raquel Garza
14670,Essined Aponte
14671,Emmanuel Esparza
14672,Kepa Amuchastegui
14673,Manuel Navarro
14674,Aroha Hafez
14675,Ilenia Antonini
14676,Alejandro Rodríguez
14677,Cristina Warner
14678,Juliette Arrieta
14679,Fernando Campo
14680,Camilo Jiménez
14681,Jairo Camargo
14682,Adelaida Buscato
14683,Yashaswini Dayama
14684,Karanvir Malhotra
14685,Priyanka Bose
14686,Ananya Melkote
14687,Fadia Abdel Ghany
14688,Alaa Morsy
14689,Hatem Jamel
14690,Alaa Zinhom
14691,Hala Sarhan
14692,Mona Zaki
14693,Sherif Mounir
14694,Salem Klass
14695,Sabri Abdulmonem
14696,Kinda Alloush
14697,Kamal Suliman
14698,Jerjes Jbara
14699,Mai Ezz El-Din
14700,Mohamed Nour
14701,Ragaa Al-Geddawy
14702,Yasmin Abdulaziz
14703,Marwa Abdel Monem
14704,Moustafa Haridy
14705,Reda Hamed
14706,Muhammad Qishta
14707,Hussien Elgohary
14708,Mirhan
14709,Maysara
14710,Bob Rubin
14711,Brooke Elliott
14712,Heather Headley
14713,Chris Klein
14714,Justin Bruening
14715,Logan Allen
14716,Anneliese Judge
14717,Carson Rowland
14718,Jamie Lynn Spears
14719,Dion Johnstone
14720,Majdi Kamel
14721,Moataza Abdel Sabour
14722,Youssef Dawood
14723,Youssef Fawzy
14724,Osama Munir
14725,Mahmoud Abdel Moghny
14726,Soad Nasr
14727,Rico
14728,Youssef Eid
14729,Reem Abdullah
14730,Waad Mohammed
14731,Abdullrahman Al Gohani
14732,Sultan Al Assaf
14733,Alanoud Sajini
14734,Rafa Al Sanea
14735,Dana Abdullilah
14736,Hasan Kami
14737,Ngozi Nwosu
14738,Emmanuel Essien
14739,Natasia Demetriou
14740,Vic Reeves
14741,Kristen Griffith-Vanderyacht
14742,Hasan Minhaj
14743,Mohamed El Hemaly
14744,Abdulla Al-khudr
14745,Ghadeer Zayid
14746,Heba El Dorry
14747,Abdulaziz Al-mesallam
14748,Meshal Al-farhan
14749,Meshal Al-Mujibel
14750,Ibrahim Al-Sheikhly
14751,Souad al-Husseini
14752,Soliman Elyassin
14753,Ku Hye-sun
14754,Lee Min-ho
14755,Kim Hyun-joong
14756,Kim Bum
14757,Kim Joon
14758,Kim So-eun
14759,Lee Hye-yeong
14760,Park Ji-bin
14761,Lim Ye-jin
14762,Jeong Ho-bin
14763,Lee Byung-hun
14764,Kim Tae-hee
14765,Jeong Jun-ho
14766,Kim Young-chul
14767,Kim Seung-woo
14768,Kim So-yeon
14769,Yun Ju-sang
14770,Lee Jeong-kil
14771,Zach Tyler
14772,Jack De Sena
14773,Jessie Flower
14774,Farah Shaer
14775,Jean Paul Hage
14776,Samira Sarkis
14777,Jenny Gebara
14778,Laeticia Semaan
14779,Nadim Abou Samra
14780,Hussein Hijazi
14781,Ghassan Chemali
14782,Natalia Tena
14783,Alfonso Bassave
14784,Alba Ribas
14785,Patricia Vico
14786,Eric Cantona
14787,Suzanne Clément
14788,Alex Lutz
14789,Gustave Kervern
14790,Alice de Lencquesaing
14791,Nicolas Martinez
14792,Adama Niane
14793,Tim Daly
14794,Bebe Neuwirth
14795,Zeljko Ivanek
14796,Erich Bergen
14797,Geoffrey Arend
14798,Kathrine Herzer
14799,Evan Roe
14800,Wallis Currie-Wood
14801,Justin Willman
14802,Aya Hirano
14803,Kiyono Yasuno
14804,Rena Maeda
14805,Aimee Carrero
14806,AJ Michalka
14807,Reshma Shetty
14808,Christine Woods
14809,Morla Gorrondona
14810,Genesis Rodriguez
14811,Vella Lovell
14812,Merit Leighton
14813,Krystal Joy Brown
14814,Numthip Jongrachatawiboon
14815,Vorarit Fuangarom
14816,Thanongsak Suphakan
14817,Kanjanaporn Plodpai
14818,Boonsong Nakphoo
14819,Arachaporn Pokinpakorn
14820,Annita Sarucha
14821,Chidsanupong Sakulnuntipat
14822,Nisawan Silpapearsue
14823,Porntip Tipsiri
14824,Thana Srisuke
14825,Im Si-wan
14826,Park Jong-hwan
14827,Lee Joong-ok
14828,Ahn Eun-jin
14829,Anthony Field
14830,Lachlan Gillespie
14831,Simon Pryce
14832,Emma Watkins
14833,Paul Paddick
14834,Laura Haddock
14835,Laurence Fox
14836,Angela Griffin
14837,Juan Diego Botto
14838,Belén López
14839,Tom Rhys Harries
14840,Debo Andryos
14841,Giulio Parengkuan
14842,Omara Esteghlal
14843,Yoriko Angeline
14844,Zulfa Maharani
14845,Brandon Salim
14846,Bucek Depp
14847,AlMulla AbdulRahman
14848,Abdullah Bin Heider
14849,Alhamadi Hamad
14850,Alzaabi Matar
14851,AlBloushi Mayed
14852,Althogali Saif
14853,Alaa Shakir
14854,Disha Patani
14855,Kunal Khemu
14856,Vatsal Seth
14857,Amruta Khanvilkar
14858,Shaad Randhawa
14859,Mahmood Bin Shamsan
14860,Waleed Alyasi
14861,Sawsan Saad
14862,Diana Lein
14863,Irving Peña
14864,César Romero
14865,César Ramos
14866,Mónica Del Carmen
14867,Jamal Ibrahim
14868,Chris Iheuwa
14869,Kehinde Fasuyi
14870,Abdulmohsen Al-Qaffas
14871,Jamal Alradhan
14872,Layla Abdullah
14873,Khaled Al-Buraiki
14874,Lauren Lapkus
14875,Geoff Pierson
14876,Joe Anoa'i
14877,Khalifa Albhri
14878,Neven Madi
14879,Talal Mahmood
14880,Fatma Hassan
14881,Carol Kane
14882,Daniel Radcliffe
14883,Lauren Adams
14884,Sara Chase
14885,Sol Miranda
14886,Mike Carlsen
14887,Dylan Gelula
14888,Heidi Gardner
14889,Zak Orth
14890,Kiron Kher
14891,Sudeepa Singh
14892,Randhir Kapoor
14893,Karisma Kapoor
14894,Mehmood
14895,Jagdeep
14896,Matleena Kuusniemi
14897,Anu Sinisalo
14898,Lenita Susi
14899,Kristiina Halttu
14900,Olivia Ainali
14901,Ilkka Villi
14902,Max Bremer
14903,Matti Laine
14904,Jasmin Hamid
14905,Jamila Velazquez
14906,J.J. Soria
14907,Ken Foree
14908,Daffany Clark
14909,Kimberly Hébert-Gregory
14910,Tyler Alvarez
14911,Vittoria Puccini
14912,Edoardo Leo
14913,Marco Messeri
14914,Betty Pedrazzi
14915,Alessandro Giallocosta
14916,Filippo Gili
14917,Giacomo Rosselli
14918,Sam McCarthy
14919,Luke Roessler
14920,Edward Asner
14921,Nick Liberato
14922,Karin Bohn
14923,Dennis Prescott
14924,Joanna Kulig
14925,Amandla Stenberg
14926,Benjamin Biolay
14927,Adil Dehbi
14928,Melissa George
14929,Lada Obradovic
14930,Randy Kerber
14931,Elyes Aguis
14932,Damian Nueva Cortes
14933,Connor Parnall
14934,Mark Hildreth
14935,Jesse Moss
14936,Saga Alyasery
14937,Ana Druzhynina
14938,Mohammad Abu Diak
14939,Pascale Matar
14940,Luke Coutts
14941,Abeer Mohammed
14942,Faisal Al Omairi
14943,Jafra Younes
14944,Ghanim Alzerlli
14945,Jaber Jokhadar
14946,Nawar Youssef
14947,Fayez Kazak
14948,Nancy Khoury
14949,Jamal Hamdan
14950,He Xiaofeng
14951,Duan Yixuan
14952,Zhu Rongrong
14953,Jiang Huiqin
14954,Ban Ma
14955,Ronny Chieng
14956,Shinji Saito
14957,Daniel Sosa
14958,Salman Alfarizi
14959,Yiddá Eslava
14960,Julián Zucchi
14961,Andrés Salas
14962,Magdyel Ugaz
14963,Pietro Sibille
14964,Saskia Bernaola
14965,Sebastián Monteghirfo
14966,Mayra Olivera
14967,Heidi Klum
14968,Anjelica Huston
14969,Donny Falsetti
14970,Luccas Neto
14971,Giovanna Alparone
14972,Jéssica Diehl
14973,Vivian Duarte
14974,Esha Gupta
14975,Kashyap Bharbhaya
14976,Anusmiritu Sarkar
14977,Ananth Narayan Mahadevan
14978,Deepshikha
14979,Sebastián Wainraich
14980,Natalie Pérez
14981,Michael Roark
14982,Trace Adkins
14983,Allison Paige
14984,Tony Panterra
14985,Hunter Clowdus
14986,Michael King
14987,Nelson Polanía
14988,Liss Pereira
14989,Brian Moreno
14990,Ana Cristina Botero
14991,Luis Alberto Saavedra
14992,Blanca Ligia Franco
14993,Marianne Schaller Romero
14994,Shirley Marulanda
14995,Sean Patrick Flanery
14996,Matthew Joel Kranyak
14997,David Gridley
14998,Mike Birbiglia
14999,Lorynn York
15000,Shane Graham
15001,Cooper Lundeen
15002,Javicia Leslie
15003,Spencer Neville
15004,Jacqueline Toboni
15005,Blake Sheldon
15006,Zoe Kanters
15007,Greg Perrow
15008,Tanner Thomason
15009,Erik Thompson
15010,Gary Sinise
15011,Tim DeKay
15012,Mark Hefti
15013,James Kyson
15014,Ashton Sanders
15015,Regina Taylor
15016,Isaiah John
15017,Shakira Ja-nai Paye
15018,Darrell Hammond
15019,Stéphane Caillard
15020,Eddy Leduc
15021,Hubert Delattre
15022,Matthieu Kacou
15023,Charlotte Geiger
15024,Christopher Fataki
15025,Terrance Smith
15026,Omari Weaver
15027,Jeremy Pope
15028,Jake Picking
15029,Samara Weaving
15030,Alina Kukushkina
15031,Boris Kutnevich
15032,Giselle Nieto
15033,Elsie Fisher
15034,Vincent Ebrahim
15035,Joey Rasdien
15036,Denise Newman
15037,Krijay Govender
15038,Nik Rabinowitz
15039,Zakeeya Patel
15040,Carishma Basday
15041,Royston Stoffels
15042,Mel Miller
15043,Stuart Martin
15044,Annabel Scholey
15045,Marie Miyake
15046,Jacqueline Fernandez
15047,Mohit Raina
15048,Kayne Tremills
15049,Nia Roam
15050,Shane Dundas
15051,Udhayanidhi Stalin
15052,Ram
15053,Rajkumar Pitchumani
15054,Aden Young
15055,Simone Kessell
15056,Laura Gordon
15057,Mitzi Ruhlmann
15058,Milly Alcock
15059,Ed Oxenbould
15060,Finn Little
15061,Anthony Phelan
15062,Diana Glenn
15063,Lauren Pegus
15064,Leah Lewis
15065,Daniel Diemer
15066,Alexxis Lemire
15067,Collin Chou
15068,Macintyre Dixon
15069,Catherine Curtin
15070,Jerry Stiller
15071,Stephanie Courtney
15072,Carlos Mencia
15073,Ali Hillis
15074,Scott Wilson
15075,Joseph May
15076,Yvonne Grundy
15077,Jules De Jongh
15078,Rachael Louise Miller
15079,Mike Grady
15080,Matt McCooey
15081,Joe Swash
15082,Siu-See Hung
15083,Sharon Miller
15084,Amanda Bynes
15085,Anna Chancellor
15086,Jonathan Pryce
15087,Oliver James
15088,Christina Cole
15089,Jessie T. Usher
15090,Elliott Gould
15091,Kentaro Kumagai
15092,Takashi Matsuyama
15093,Shunsuke Takeuchi
15094,Yuto Uemura
15095,Hiroo Sasaki
15096,Rafael Amaya
15097,Ximena Herrera
15098,Raúl Méndez
15099,Fernanda Castillo
15100,Marlene Favela
15101,Carmen Aub
15102,Maritza Rodríguez
15103,Catherine Bell
15104,Rhys Matthew Bond
15105,James Denton
15106,Catherine Disher
15107,Anthony Lemke
15108,Peter MacNeill
15109,Hannah Endicott-Douglas
15110,Noah Cappe
15111,Kylee Evans
15112,Danilo Mesquita
15113,Giovanna Lancellotti
15114,Jaffar Bambirra
15115,Lellê
15116,Ernani Moraes
15117,Gillray Coutinho
15118,Jeniffer Dias
15119,Bruna Griphao
15120,Fernanda Paes Leme
15121,Kippei Shiina
15122,Kyooko Hinami
15123,Eri Kamataki
15124,Young Dais
15125,Natsuki Kawamura
15126,Yuzuka Nakaya
15127,Dai Hasegawa
15128,Chiho Fujii
15129,Sei Matobu
15130,Denden
15131,Joseph Chang
15132,Hsu Wei-ning
15133,Ruby Lin
15134,Chen Chia-kuei
15135,Hsia Ching-ting
15136,Rexen Cheng
15137,Farah Zeynep Abdullah
15138,Songül Öden
15139,Şükran Ovalı
15140,Şükrü Özyıldız
15141,Caner Cindoruk
15142,Kim Dong-hee
15143,Jung Da-bin
15144,Park Ju-hyun
15145,Nam Yoon-su
15146,Choi Min-soo
15147,Toke Makinwa
15148,Femi Branch
15149,Uzor Osimkpa
15150,Sana Althaf
15151,Inigo Prabhakaran
15152,Anjana Keerthi
15153,Subbu Panchu
15154,Warren Masemola
15155,Nobulali Dangazele
15156,Jabulile Mahlambi
15157,Ntosh Madlingozi
15158,Hlengiwe Lushaba
15159,Kanyi Nokwe
15160,Harriet Manamela
15161,Soso Rungqu
15162,Fisiwe Kubeka
15163,Victor Mohale
15164,Özgü Namal
15165,Umut Kurt
15166,Nazmi Kırık
15167,Bahri Beyat
15168,Meral Okay
15169,Dilber Ay
15170,Oktay Kaynarca
15171,Burak Tamdoğan
15172,Sermiyan Midyat
15173,Nicole Faria
15174,Burak Satıbol
15175,Zeina
15176,Edward
15177,Hamdi el Sakhawy
15178,Nurgül Yeşilçay
15179,Celile Toyon Uysal
15180,Deniz Deha Lostar
15181,Hüseyin Avni Danyal
15182,Jülide Kural
15183,Ragıp Savaş
15184,Dilşah Demir
15185,Halit Ergenç
15186,Nejat İşler
15187,Çiğdem Selışık Onat
15188,Tuba Büyüküstün
15189,Serra Yılmaz
15190,Zerrin Tekindor
15191,Ayten Gökçer
15192,İpek Bilgin
15193,Ergin Bal
15194,Zeynep Koçak
15195,Ahmad Mounir
15196,Khaled Talaat
15197,Rıza Akın
15198,Ayberk Atilla
15199,Fatma Murat
15200,Metin Yıldız
15201,Tuncer Salman
15202,Ebru Akel
15203,Kevin Sorbo
15204,Mollee Gray
15205,Brian Bosworth
15206,Julia Denton
15207,Blake Burt
15208,Marisa Lynae Hampton
15209,Josh Murray
15210,Kiera Strauss
15211,Tyler Sanders
15212,Dina Fouad
15213,Rasha Amin
15214,Mostafa Abbas
15215,Abdalah Mishrif
15216,Andrei Selaru
15217,Dorian Popa
15218,Julia Marcan
15219,Ana Radu
15220,Cosmin Nedelcu
15221,Diana Condurache
15222,Andrei Gavril
15223,Luca Bogdan
15224,Sara Ali Khan
15225,Arushi Sharma
15226,Simone Singh
15227,Monika Pawar
15228,Amrit Arora
15229,Siddharth Kak
15230,Moin Khan
15231,Nyla Masood
15232,Saagar Kale
15233,Neha Bam
15234,Aneesha Shah
15235,Damian Alexander D'Souza
15236,Kaustubh Narain
15237,Shilpa Iyer
15238,Nil Mani
15239,Pallas Prajapati
15240,Alexander Dreymon
15241,Emily Cox
15242,David Dawson
15243,Ian Hart
15244,Rune Temte
15245,Matthew Macfadyen
15246,Peter Gantzler
15247,Adrian Bower
15248,Joseph Millson
15249,Henning Valin Jakobsen
15250,Thomas W. Gabrielsson
15251,Nitin Reddy
15252,Rashmika Mandanna
15253,Jishu Sengupta
15254,Anant Nag
15255,Enaam Salousa
15256,Song Ji-eun
15257,Kim Jae-young
15258,Jeong Da-sol
15259,Lee Kan-hee
15260,Kim Jong-goo
15261,Park Sin-un
15262,Jeon So-min
15263,Bob Dylan
15264,Joan Baez
15265,Dave Van Ronk
15266,Peter Yarrow
15267,Allen Ginsberg
15268,Pete Seeger
15269,Maria Muldaur
15270,Mavis Staples
15271,Al Kooper
15272,Tony Glover
15273,Abdullah Moshref
15274,Jean Dujardin
15275,Beth Grant
15276,Joel Murray
15277,Elizabeth Tulloch
15278,Malcolm McDowell
15279,Ahmed El Sakka
15280,Nedal El Shafey
15281,Boris Abramov
15282,Selami Şahin
15283,Salah Abdullah
15284,Dalal Abdel Aziz
15285,Rahmah Hasan
15286,Asser Yassin
15287,Ghassan Massoud
15288,Ahmed Azmy
15289,Mahmoud El Fishawy
15290,Sarrah Abdelrahman
15291,Rahma Hassan
15292,Amir Salah
15293,Hany El Sabagh
15294,Bashar al-Shatti
15295,Fatima Al Safi
15296,Maram Balochi
15297,Hamad Ashkanani
15298,Nour Alghandour
15299,Khaled Al-Shaer
15300,Tom Basden
15301,Tony Way
15302,Mandeep Dhillon
15303,Ashley Jensen
15304,Kerry Godliman
15305,Sean Bishop
15306,Kiefer Sutherland
15307,Aron Warner
15308,Nayanthara
15309,Bhoomika Chawla
15310,Prem Kathir
15311,Rohini Hattangadi
15312,Julian Freund
15313,Pınar Deniz
15314,Kubilay Aka
15315,Alina Boz
15316,Selahattin Paşalı
15317,İpek Filiz Yazıcı
15318,Kaan Urgancıoğlu
15319,Müfit Kayacan
15320,Bade İşçil
15321,Tuba Ünsal
15322,Osamu Saka
15323,Yutaka Nakano
15324,Toru Okawa
15325,Takashi Onozuka
15326,Taro Yamaguchi
15327,Sakiko Tamagawa
15328,Kaiji Soze
15329,Shigeo Kiyama
15330,Bunga Citra Lestari
15331,Alex Abbad
15332,Bront Palarae
15333,Atikah Suhaime
15334,Iskandar Zulkarnain
15335,Melissa Karim
15336,Richard Oh
15337,Ting Tan
15338,Iedil Putra
15339,Dario Yazbek Bernal
15340,Arturo Ríos
15341,Lucas Velázquez
15342,Sha Ine Febriyanti
15343,Ahn Jae-hong
15344,Park Jeong-min
15345,Afi Ekulona
15346,Małgorzata Kożuchowska
15347,Daria Widawska
15348,Katarzyna Bujakiewicz
15349,Maria Dejmek
15350,Andrzej Grabowski
15351,Ewa Kasprzyk
15352,Wojciech Kalinowski
15353,Igor Kujawski
15354,Iwona Bielska
15355,Tomasz Oświeciński
15356,Marie Humbert
15357,Ayoola Ayolola
15358,Nacho Fresneda
15359,Carmina Barrios
15360,José Ángel Egido
15361,Raúl Prieto
15362,Maite Sandoval
15363,Javier Godino
15364,Miguel de Lira
15365,Alessia Cara
15366,Seán Cullen
15367,Yuki Matsuoka
15368,Nicky Jam
15369,Diego Cadavid
15370,Ana Lucia Dominguez
15371,Darkiel
15372,Osvaldo Friger
15373,Jarlin Javier Martinez
15374,Luis Rivera
15375,Nestor Rodulfo
15376,Luis Gonzaga
15377,Kelis
15378,Leather Storrs
15379,Duncan Trussell
15380,Drew Pinsky
15381,Johnny Pemberton
15382,Christina Pazsitzky
15383,Anne Lamott
15384,Damien Echols
15385,Trudy Goodman
15386,Doug Lussenhop
15387,David Nichtern
15388,Steve Little
15389,Caitlin Doughty
15390,Shobana
15391,Suresh Gopi
15392,Kalyani Priyadarshan
15393,K.P.A.C. Lalitha
15394,Sarvajith Santosh Sivan
15395,Urvashi
15396,Lalu Alex
15397,Lal Jose
15398,Kim Go-eun
15399,Woo Do‑hwan
15400,Kim Kyung-nam
15401,Lee Jung-jin
15402,Kenya Barris
15403,Iman Benson
15404,Genneya Walton
15405,Scarlet Spencer
15406,Justin Claiborne
15407,Ravi Cabot-Conyers
15408,Müfit Can Saçıntı
15409,Ünal Yeter
15410,Uğur Demirpehlivan
15411,Ayşen Gruda
15412,Erkan Can
15413,Banu Manioğlu
15414,Samy Seghir
15415,Sebastián Rulli
15416,Renata Notni
15417,Roberto Mateos
15418,Irina Baeva
15419,Cassandra Sánchez Navarro
15420,Manuel Balbi
15421,Javier Gómez
15422,Alejandro Ávila
15423,Sofía Castro
15424,Juan Pablo Gil
15425,Raza Murad
15426,Inaamulhaq
15427,Amrita Bagchi
15428,Frederick Lau
15429,Anne Schäfer
15430,Clemens Schick
15431,Bradley Whitford
15432,Mirella Pascual
15433,Cristina Morán
15434,Romina Peluffo
15435,Laila Reyes Silberberg
15436,Pablo Tate
15437,Gerónimo Pizzanelli
15438,Georgina Yankelevich
15439,Julio Icasuriaga
15440,Carla Moscatelli
15441,Fary
15442,Hisham Suliman
15443,Shadi Mar'i
15444,Laëtitia Eïdo
15445,Yuval Segal
15446,Neta Garty
15447,Tomer Kapon
15448,Itzik Cohen
15449,Rona-Lee Shim'on
15450,Boaz Konforty
15451,Doron Ben-David
15452,Josh Brolin
15453,Alden Ehrenreich
15454,Veronica Osorio
15455,Heather Goldenhersh
15456,Aubrey Peeples
15457,Hayley Kiyoko
15458,Aurora Perrineau
15459,Ryan Guzman
15460,Nathan Moore
15461,Barnaby Carpenter
15462,Nicholas Braun
15463,Maurício Meirelles
15464,Edgar Garcia
15465,Alice Taglioni
15466,Miriam Shor
15467,Frédéric Anscombre
15468,Michaël Cohen
15469,Aslı İnandık
15470,Tuna Orhan
15471,Caner Özyurtlu
15472,Melis İşiten
15473,Aslı Turanlı
15474,Ahmet Olgun Sünear
15475,Seda Türkmen
15476,Ayten Uncuoğlu
15477,Yassi Pressman
15478,Sam Concepcion
15479,Louise De Los Reyes
15480,Shy Carlos
15481,Katya Santos
15482,Andrea Del Rosario
15483,Lander Vera Perez
15484,Christopher Roxas
15485,Suraj Venjaramoodu
15486,Surabhi Lakshmi
15487,Vincy Aloshious
15488,Gracy Soudi
15489,Mammukoya
15490,Baburaj
15491,Irshad
15492,Vijay Deverakonda
15493,Catherine Tresa
15494,Izabelle Leite
15495,Chris D'Elia
15496,Daniel Effiong
15497,Adeolu Adefarasin
15498,Yul Edochie
15499,Abayomi Alvin
15500,Harriet Akinola
15501,R. Kelly
15502,Stephen Amell
15503,Greg Bryk
15504,Aaron Abrams
15505,Kyla Kane
15506,Alan Aisenberg
15507,Carmen Flood
15508,Marques Ray
15509,Eleanor Tomlinson
15510,Joel Fry
15511,Tim Key
15512,Jack Farthing
15513,Allan Mustafa
15514,Zita Hanrot
15515,Liam Pierron
15516,Ibrahim Dramé
15517,Moussa Mansaly
15518,Moryfère Camara
15519,Gaspard Gévin-Hié
15520,Antoine Reinartz
15521,Mahamadou Sangaré
15522,Redouane Bougheraba
15523,Hocine Mokando
15524,Aboudou Sacko
15525,Seth Carr
15526,Tichina Arnold
15527,Keith Lee
15528,Babatunde Aiyegbusi
15529,Kofi Kingston
15530,Francesco Scianna
15531,Camilla Filippi
15532,Simone Colombari
15533,Maurizio Lastrico
15534,Alessandro Averone
15535,Marco Baliani
15536,Pia Lanciotti
15537,Giordano De Plano
15538,Roberto Herlitzka
15539,Margherita Caviezel
15540,Tzi Ma
15541,Christine Ko
15542,Hong-Chi Lee
15543,Kunjue Li
15544,Fiona Fu
15545,James Saito
15546,Kohei Amasaki
15547,Sayumi Suzushiro
15548,Yuuki Hirose
15549,Daria Midou
15550,Satomi Arai
15551,Kana Ueda
15552,Taketora
15553,Lou Veloso
15554,Kiko Matos
15555,Akihiro Blanco
15556,Noah Ringer
15557,Nicola Peltz
15558,Jessica Andres
15559,Keong Sim
15560,Francis Guinan
15561,Katharine Houghton
15562,Terry Serpico
15563,Clint James
15564,Erin Elizabeth Burns
15565,Brooklynn Prince
15566,Bria Vinaite
15567,Christopher Rivera
15568,Valeria Cotto
15569,Jessica Madsen
15570,Opal Littleton
15571,Ed Brody
15572,Kristina Clifford
15573,Ben Sullivan
15574,Gerald Tyler
15575,Weston Meredith
15576,Raffey Cassidy
15577,Sunny Suljic
15578,Drew Logan
15579,Barry G. Bernson
15580,Denise Dal Vera
15581,Herb Caillouet
15582,Lance Reddick
15583,Iván Álvarez de Araya
15584,Blanca Lewin
15585,Karla Melo
15586,Sebastián Ayala
15587,Roberto Farías
15588,Terrence Little Gardenhigh
15589,Betty Gilpin
15590,Danielle Rose Russell
15591,Aria Shahghasemi
15592,Kaylee Bryant
15593,Jenny Boyd
15594,Quincy Fouse
15595,Peyton Alex Smith
15596,Archie L. Winston
15597,Simon Russell Beale
15598,Paddy Considine
15599,Michael Palin
15600,Madhavi
15601,Neelam
15602,Vikram Gokhale
15603,Archana Puran Singh
15604,Sidharth Malhotra
15605,Jackie Shroff
15606,Kaustav Ghosh
15607,Chutki
15608,Guru Shambu
15609,Arun Shekar
15610,Jim Rash
15611,Donald Glover
15612,Danny Pudi
15613,Yvette Nicole Brown
15614,David Batra
15615,Shrey Bawa
15616,Dilip Kumar
15617,Pran
15618,Ashok Kumar
15619,Prem Chopra
15620,Amrish Puri
15621,Satyen Kappu
15622,Mac Mohan
15623,Javed Khan
15624,Juhi Chawla
15625,Tiku Talsania
15626,Gulshan Grover
15627,Shatrughan Sinha
15628,Zeenat Aman
15629,Helen
15630,Gajanan Jagirdar
15631,Sajjan
15632,Iftekhar
15633,Nizhalgal Ravi
15634,Shraddha Kapoor
15635,Sujata Kumar
15636,Sridevi
15637,Rahul Roy
15638,Reema Lagoo
15639,Kunika
15640,Tom Alter
15641,Anang Desai
15642,Adah Sharma
15643,Madhuri Sanjeev
15644,Anil Mange
15645,Varun Dhawan
15646,Alia Bhatt
15647,Sidharth Shukla
15648,Sahil Vaid
15649,Gaurav Pandey
15650,Jaswant Daman
15651,Kenneth Desai
15652,Deepika Amin
15653,Mahnaz Damania
15654,Lara Dutta
15655,Kushal Punjabi
15656,Vineet Sharma
15657,Jaya Bhaduri
15658,Hrithik Roshan
15659,Saif Ali Khan
15660,Sushma Seth
15661,Delnaaz Paul
15662,Fawad Khan
15663,Sana Saeed
15664,Pankaj Kapur
15665,Sanjay Kapoor
15666,Sanah Kapur
15667,Tina Munim
15668,Ranjeet
15669,Meenakshi Sheshadri
15670,Akbar Khan
15671,Laurie Hymes
15672,Jessica Paquet
15673,Rosie Reyes
15674,Marc Swint
15675,Ryo Horikawa
15676,Koichi Hashimoto
15677,Hideyuki Hori
15678,Yuriko Yamamoto
15679,Kohei Miyauchi
15680,Mami Koyama
15681,Nivedhithaa Sathish
15682,Srilekha Rajendran
15683,Avinash Raghudevan
15684,Gabrella Sellus
15685,Rathaa Krishnan P.
15686,Rajendran
15687,Ilana Becker
15688,Kerry Coddett
15689,Tarik Davis
15690,Matthew Dellapina
15691,David Ebert
15692,Stink Fisher
15693,Iliana Inocencio
15694,Matthew Marsh
15695,Miriam Margolyes
15696,Tim Pigott-Smith
15697,Alice Krige
15698,Amy Saville
15699,Joseph Kloska
15700,Diane Wilson
15701,Phoebe Givron-Taylor
15702,Sven De Ridder
15703,Scout Taylor-Compton
15704,Tatum O'Neal
15705,Brett Cullen
15706,Harry Enfield
15707,Haydn Gwynne
15708,Hugh Skinner
15709,Louise Ford
15710,Richard Goulding
15711,Matthew Cottle
15712,Morgana Robinson
15713,Celeste Dring
15714,Katy Wix
15715,Ellie White
15716,Simona Wang
15717,Ian Yi
15718,Huang Qian Shuo
15719,Yang Hao Ming
15720,Liu Jia Xi
15721,Bel Powley
15722,Brad Dourif
15723,James Le Gros
15724,Revathi
15725,Roger Narayanan
15726,Sneha Ravishankar
15727,Vidya Shankar
15728,SR Leela
15729,Kiku Sharda
15730,Vishal Kotian
15731,Delnaaz Irani
15732,Meghna Erande Joshi
15733,Leslie Easterbrook
15734,Christopher Severio
15735,Michael Parks
15736,Peter Gray Lewis
15737,Fredric Lehne
15738,M.C. Gainey
15739,Josh Emerson
15740,Sladen Peltier
15741,Ajuawak Kapashesit
15742,Edna Manitowabi
15743,Michael Lawrenchuk
15744,Will Strongheart
15745,Tristen Marty-Pahtaykan
15746,Vance Banzo
15747,Lorena Franco
15748,Bijesh Jayarajan
15749,Neet Chowdhary
15750,Rajeev Gaursingh
15751,Karran Jeet
15752,Gautam Kurup
15753,Poonam Mathur
15754,Manish Devkush
15755,Nicky Whelan
15756,Jesse Hutch
15757,Sierra McCormick
15758,Jason Cermak
15759,Kourtney Hansen
15760,Jane Harber
15761,Cory Hart
15762,Kim DeJesus
15763,Shiney Prakash
15764,Ritu Varma
15765,Rakshan
15766,Niranjani
15767,Gautham Menon
15768,Choi Jin-hyuk
15769,Park Sung-woong
15770,Cho Dong-hyuk
15771,Jung Hye-in
15772,Han Ji-wan
15773,Park Sun-ho
15774,Mary Elizabeth McGlynn
15775,Christopher Meloni
15776,Lili Mirojnick
15777,Glenn Wein
15778,Toby Jaffe
15779,Ritchie Coster
15780,Grant Morrison
15781,Pavun Shetty
15782,Medina Senghore
15783,Prashasti Singh
15784,Kaneez Surka
15785,Niveditha Prakasam
15786,Supriya Joshi
15787,Prit Kamani
15788,Shirley Setia
15789,Nikita Dutta
15790,Dhruv Lohumi
15791,Sofia Hublitz
15792,Skylar Gaertner
15793,Jason Butler Harner
15794,Lisa Emery
15795,Guillaume Laurin
15796,Marie-Evelyne Lessard
15797,Réal Bossé
15798,Marc-André Grondin
15799,Marc Beaupré
15800,Marilyn Castonguay
15801,Guillaume Cyr
15802,Isabelle Giroux
15803,Juliette Maxyme Proulx
15804,Ellen Page
15805,Mamoudou Athie
15806,Sasha Compère
15807,Bernard D. Jones
15808,Meera Rohit Kumbhani
15809,Joon Park
15810,Csongor Szalay
15811,Anna Kubik
15812,Sári Vida
15813,András Faragó
15814,Róbert Bolla
15815,Kana Asumi
15816,Mayumi Asano
15817,Daisuke Sakaguchi
15818,Takanori Hoshino
15819,Haruka Chisuga
15820,Chutimon Chuengcharoensukying
15821,Sunny Suwanmethanont
15822,Sarika Sartsilpsupa
15823,Thirawat Ngosawang
15824,Apasiri Nitibhon
15825,Patcha Kitchaicharoen
15826,Amit Rahav
15827,Jeff Wilbusch
15828,Alex Reid
15829,Ronit Asheri
15830,Delia Mayer
15831,Dina Doronne
15832,David Mandelbaum
15833,Yousef Sweid
15834,Dennenesch Zoudé
15835,Isabel Schosnig
15836,Aaron Altaras
15837,Tamar Amit-Joseph
15838,Safinaz Sattar
15839,Langston Uibel
15840,Bethany Hamilton
15841,Ferenc Lengyel
15842,Evelin Dobos
15843,Declan Hannigan
15844,Scott Alexander Young
15845,József Gyabronka
15846,Nikolett Barabas
15847,Yan Feldman
15848,Rafael Feldman
15849,Christopher Krieg
15850,Andrew Hefler
15851,Lili Bordán
15852,Bruna Cusí
15853,Ruth Díaz
15854,Ella Rumpf
15855,Georg Friedrich
15856,Christoph Krutzler
15857,Brigitte Kren
15858,Anja Kling
15859,Philipp Hochmair
15860,Jam Hsiao
15861,JJ Lin
15862,Will Tsai
15863,Chen Chien-chou
15864,Funky Tu
15865,Norman Chen
15866,Chelsea Kane
15867,Naoko Matsui
15868,Chie Kojiro
15869,Mari Mashiba
15870,Ryoko Shiraishi
15871,Tadashi Miyazawa
15872,Sonosuke Hattori
15873,Karen
15874,Yui Toita
15875,Izu Konishi
15876,Eri Ozaki
15877,Risa Nakamura
15878,Tomoyo Chujo
15879,Takuro Hijioka
15880,Sawako Yoshida
15881,Chika Okubo
15882,Yuri Fujiwara
15883,Tomomi Yamakawa
15884,Hikaru Yuki
15885,Miyako Kobayashi
15886,Mutsuki Arisawa
15887,Koharu Nogata
15888,Tomoka Kuzutani
15889,Madoka Yokoyama
15890,Madoka Hiraide
15891,Ayako Takamura
15892,Yuki Arimoto
15893,Yuto Kazama
15894,Arisa Takami
15895,Chika Sakamoto
15896,Eileen Yáñez
15897,Jorge Luis Moreno
15898,Daniela Newton
15899,Andrea Newton
15900,Luis Eduardo Yee
15901,Enrique Medina
15902,Roberto Fiesco
15903,Ariel Mortman
15904,Finn Roberts
15905,Chris O'Neal
15906,Dallas Hart
15907,Cinthya Carmona
15908,Benjamin Papac
15909,BJ Mitchell
15910,Aviv Buchler
15911,Nadine Ellis
15912,Yiftach Mizrahi
15913,Parker Stevenson
15914,Ishai Golan
15915,Selina Giles
15916,Reina Hardesty
15917,Carmen Ejogo
15918,Garrett Morris
15919,Kevin Carroll
15920,Vijay Varma
15921,Vishwas Kini
15922,Kishore Kumar G.
15923,Shivani Rangole
15924,Suhita Thatte
15925,Sandeep Dhabale
15926,Saqib Ayub
15927,Edward Holcroft
15928,Kevin Guthrie
15929,Charlotte Hope
15930,Niamh Walsh
15931,Craig Parkinson
15932,James Harkness
15933,Ben Batt
15934,Gerard Kearns
15935,Amir Wilson
15936,Ruby Ashbourne Serkis
15937,Islam Bouakkaz
15938,Jonah Lees
15939,Jack Barton
15940,Nathanael Saleh
15941,Gijs Blom
15942,Kemi-Bo Jacobs
15943,David Wenham
15944,Omid Djalili
15945,Peter Ferdinando
15946,Aniello Arena
15947,Antonia Truppo
15948,Ciro Nacca
15949,Simone Borelli
15950,Daniele Vicorito
15951,Salvatore Pelliccia
15952,Oulaya Amamra
15953,Kate Moran
15954,Mounir Amamra
15955,Aliocha Schneider
15956,Juliette Cardinski
15957,Pierre Lottin
15958,Bilel Chegrani
15959,Antonia Buresi
15960,Marilu Marini
15961,Ayumi Roux
15962,Angus Macfadyen
15963,Jorja Fox
15964,Enver Gjokaj
15965,Haaz Sleiman
15966,Ayaka Asai
15967,Jouji Nakata
15968,Kenji Yamauchi
15969,Kanehira Yamamoto
15970,Koji Ishii
15971,Abdulaziz Almuzaini
15972,Tony Goldwyn
15973,Liza Lapira
15974,Jason Gibson
15975,Caitlin Fitzgerald
15976,Gilles Marini
15977,Erica Ash
15978,Tom Paolino
15979,Amed Bozan
15980,Nora Rios
15981,Yussra El Abdouni
15982,Amanda Sohrabi
15983,Lancelot Ncube
15984,Ala Riani
15985,Kanon Tani
15986,Shota Shimoda
15987,Shinichi Shinohara
15988,Akira Emoto
15989,Daigo
15990,Nobu
15991,Karina Smulders
15992,Susan Radder
15993,Hilde Van Mieghem
15994,Thijs Römer
15995,Matteo van der Grijn
15996,Daphne Wellens
15997,Steef de Bot
15998,Isis Cabolet
15999,Dragan Bakema
16000,Saman Amini
16001,Roeland Fernhout
16002,Anne-Laure Vandeputte
16003,Marcus Brigstocke
16004,Andy Nyman
16005,Vandana Hart
16006,Shannon Woodward
16007,Shama Sikander
16008,Taher Shabbir
16009,Anna Francolini
16010,Antonio Magro
16011,Montserrat Lombard
16012,Flaminia Cinque
16013,Vincenzo Nicoli
16014,Christopher Ragland
16015,Bob Golding
16016,Poonam Dhillon
16017,Zainab Johnson
16018,Sammy Obeid
16019,Alie Ward
16020,Salamina Mosese
16021,Kay Smith
16022,Thembisa Mdoda
16023,Dineo Ranaka
16024,Sthembiso Khoza
16025,Khaya Mthembu
16026,Jonathan Boynton-Lee
16027,Nicholas Nkuna
16028,Donovan Pietersen
16029,Pamela Nomvete
16030,Ine Marie Wilmann
16031,Bjørnar Teigen
16032,Emma Spetalen Magnusson
16033,Erlend Rødal Vikhagen
16034,Benjamin Helstad
16035,Harald Rosenstrøm
16036,Dagny Backer Johnsen
16037,Stig Amdam
16038,Numa Edema Norderhaug
16039,Ellen Bendu
16040,Torfinn Nag
16041,William Lodder
16042,Anastasia Bampos
16043,Darius Amarfio-Jefferson
16044,Richard Roxburgh
16045,Dan Wyllie
16046,Cooper van Grootel
16047,Damian de Montemas
16048,Adam T. Perkins
16049,Stephanie Turner
16050,Daisy Prescott
16051,Darby Stanchfield
16052,Josh Stamberg
16053,Bridget Kallal
16054,Melanie Hutsell
16055,Ju Ji-hoon
16056,Ryu Seung-ryong
16057,Bae Doona
16058,Kim Sang-ho
16059,Kim Sung-kyu
16060,Jeon Seok-ho
16061,Kim Hye-jun
16062,Heo Jun-ho
16063,Jung Suk-won
16064,Kim Jong-soo
16065,Thomasin McKenzie
16066,Stan Carp
16067,Aras Bulut İynemli
16068,Nisa Sofiya Aksongur
16069,Deniz Baysal
16070,Mesut Akusta
16071,Nína Dögg Filippusdóttir
16072,Bergur Ebbi
16073,Aldís Amah Hamilton
16074,Sigurður Skúlason
16075,Tinna Hrafnsdóttir
16076,Arndís Hrönn Egilsdóttir
16077,Edda Björgvinsdóttir
16078,Valur Freyr Einarsson
16079,Damon Younger
16080,Sierra Capri
16081,Jason Genao
16082,Brett Gray
16083,Diego Tinoco
16084,Jessica Marie Garcia
16085,Ronni Hawk
16086,Peggy Ann Blow
16087,Paula Garcés
16088,Danny Ramirez
16089,Giovanna Ewbank
16090,Toks Olagundoye
16091,Bolaji Amusan
16092,Bidemi Kosoko
16093,Wumi Toriola
16094,Tayo Amokade
16095,Liz DaSilva
16096,Katlego Danke
16097,Nomzamo Mbatha
16098,Richard Lukunku
16099,Zenande Mfenyane
16100,Leroy Gopal
16101,Gurfateh Pirzada
16102,Kunal Vijaykar
16103,Félix Maritaud
16104,Nicolas Bauwens
16105,Tommy Lee Baïk
16106,Aure Atika
16107,Marie Denarnaud
16108,Ilian Bergala
16109,Pierre Cartonnet
16110,Marcel Bouzige
16111,Nicolas Sartous
16112,Miles Davis
16113,Carl Lumbly
16114,Winston Duke
16115,Bokeem Woodbine
16116,Hope Olaide Wilson
16117,Belén Rueda
16118,Manolo Solo
16119,Sergio Dorado
16120,Allende Blanco
16121,Rubén Ochandiano
16122,David Chang
16123,Peter Meehan
16124,Seun Kentebe
16125,Zara Udofia Ejoh
16126,Allu Arjun
16127,Pooja Hegde
16128,Sushanth
16129,Jayaram
16130,Samruddhi Shukla
16131,Shanoor Mirza
16132,Araya A. Hargate
16133,Paopetch Charoensook
16134,Thongkanthom Thongchai
16135,Ratthanant Janyajirawong
16136,Pattarasaya Kreuasuwansri
16137,Gunn Svasti Na Ayudhya
16138,Kritsanapoom Pibulsonggram
16139,Keetapat Pongruea
16140,Cristi Puiu
16141,Clara Voda
16142,Catrinel Dumitrescu
16143,Luminita Gheorghiu
16144,Valentin Popescu
16145,Gheorghe Ifrim
16146,Ileana Puiu
16147,Valeria Seciu
16148,Gelu Colceag
16149,Lil Peep
16150,Monica Bârlădeanu
16151,Ion Fiscuteanu
16152,Doru Ana
16153,Dragos Bucur
16154,Gabriel Spahiu
16155,Dan Chiriac
16156,Alina Berzunteanu
16157,Dana Dogaru
16158,Mimi Brănescu
16159,Paula Echevarría
16160,Manuela Velasco
16161,Marta Hazas
16162,Cecilia Freire
16163,Miriam Giovanelli
16164,Natalia Millán
16165,Llorenç González
16166,Pastora Vega
16167,Bruce Dern
16168,Lexy Kolker
16169,Grace Park
16170,Aleks Paunovic
16171,Cleber Salgado
16172,Bruno Bebianno
16173,Lucas Margutti
16174,Dinesh
16175,Anandhi
16176,Munishkanth
16177,Riythvika
16178,John Vijay
16179,Nqobile Khumalo
16180,Robert Hobbs
16181,S'Thandiwe Kgoroge
16182,Dumisani Mbebe
16183,Thandeka Nodada
16184,Fezile Makhanya
16185,James D'Arcy
16186,Geoffrey Palmer
16187,David A. Arnold
16188,Yuu Asakawa
16189,Risa Mizuno
16190,Satomi Akesaka
16191,Volker Bruch
16192,Liv Lisa Fries
16193,Leonie Benesch
16194,Matthias Brandt
16195,Fritzi Haberlandt
16196,Ivan Shvedoff
16197,Lars Eidinger
16198,Anton von Lucke
16199,Misel Maticevic
16200,Sunny Kaushal
16201,Rukshar Dhillon
16202,Shriya Pilgaonkar
16203,Parmeet Sethi
16204,Chaitanya Sharma
16205,Akarsh Khurana
16206,Dorothy Fahn
16207,Anne Yatco
16208,Doug Erholtz
16209,Imogen Poots
16210,Emmanuelle Devos
16211,Chloë Grace Moretz
16212,Edmund Kingsley
16213,Richard Griffiths
16214,Angus Barnett
16215,Gulliver McGrath
16216,Eric Moreau
16217,Chloe Grace Moretz
16218,Billie Joe Armstrong
16219,Madisyn Shipman
16220,Mia Dillon
16221,Lucas Papaelias
16222,Maurice Paige
16223,Yasirah Bhelz
16224,Lionel Newton
16225,Tarryn Alberts
16226,Sandile Sand Zulu
16227,Duane Lawrence
16228,Robyn Brophy
16229,Brady Brophy
16230,Raylene Jacobs
16231,Jason Meyer
16232,Daniel Day-Lewis
16233,Paul Dano
16234,Dillon Freasier
16235,Sydney McCallister
16236,David Willis
16237,David Warshofsky
16238,Colton Woodward
16239,Russell Harvard
16240,Fernando Guallar
16241,Diego Martín
16242,Andrés Velencoso
16243,Gad Elmaleh
16244,Todd Barry
16245,Kyan Khojandi
16246,Mike Ward
16247,Igor Meerson
16248,Dan Naturman
16249,Tony Law
16250,Daniel Gagnon
16251,Sebastian Marx
16252,Michael Mittermeier
16253,Paul Taylor
16254,Korine Côté
16255,Guillermo Guiz
16256,Virginie Fortin
16257,Francesco De Carlo
16258,Justice Smith
16259,Alexandra Shipp
16260,Virginia Gardner
16261,Kelli O'Hara
16262,Sofia Hasmik
16263,Angely Gaviria
16264,Sebastián Eslava
16265,Luis Fernando Hoyos
16266,Verónica Orozco
16267,Lenard Vanderaa
16268,Sofía Araujo
16269,Dylan Fuentes
16270,Valeria Emiliani
16271,Dubán Prado
16272,Carlos Quintero
16273,Amit Tandon
16274,Pearl Thusi
16275,Vuyo Dabula
16276,Loyiso Madinga
16277,Kate Liquorish
16278,Sechaba Morojele
16279,Rob van Vuuren
16280,Chi Mhende
16281,Otto Nobela
16282,Khathu Ramabulana
16283,Enhle Mlotshwa
16284,Jesús Mosquera
16285,Cristina Castaño
16286,José de la Torre
16287,Carlo Costanzia
16288,Raudel Raúl Martiato
16289,Juanjo Almeida
16290,José Manuel Seda
16291,Álex Gadea
16292,Javier Mora
16293,Elisa Matilla
16294,María Pujalte
16295,Bárbara López
16296,Coty Camacho
16297,Diego Calva Hernández
16298,Tomás Ruiz
16299,Martha Higareda
16300,Dichen Lachman
16301,Chris Conner
16302,Tamara Taylor
16303,Byron Mann
16304,Miki Nakatani
16305,Elaiza Ikeda
16306,Mari Natsuki
16307,Yuka Itaya
16308,KOM_I
16309,Mika Nakashima
16310,Shuhei Uesugi
16311,Hidekazu Mashima
16312,Sho Kasamatsu
16313,Yutaro
16314,Moayad Alnefaie
16315,Mohammed Alhamdan
16316,Citi Bet Baydi
16317,Sadeem Alshehri
16318,Mohammed Albakri
16319,Hussain Alyahya
16320,Abeer Alotaibi
16321,Zara Albalushi
16322,Ali Alshehabi
16323,Enyima Nwigwe
16324,Olayode Juliana
16325,Ikechukwu
16326,Sophia Lillis
16327,Wyatt Oleff
16328,Kathleen Rose Perkins
16329,Sofia Bryant
16330,Richard Ellis
16331,Sophia Tatum
16332,David Theune
16333,Zachary S. Williams
16334,Aidan Wojtak-Hissong
16335,Richard Akinlade
16336,Babajide Alimison
16337,Hafeez Oyetoro
16338,Sola Fosudo
16339,Pius Fatoke
16340,Bayray McNwizu
16341,Oreka Godis
16342,Pete Davidson
16343,John Paul Kakos
16344,Natalia Livingston
16345,E. Roger Mitchell
16346,Rick Hearst
16347,Jason London
16348,Victoria Elizabeth Staley
16349,Adam Boyer
16350,Lee Kyoo-hyung
16351,Go Bo-gyeol
16352,Seo Woo-jin
16353,Lee Si-woo
16354,Oh Eui-sik
16355,Kim Mee-kyeong
16356,Kim Mi-su
16357,CM Punk
16358,Trieste Kelly Dunn
16359,Sarah Brooks
16360,Elissa Dowling
16361,Karen Woditsch
16362,Marshall Bean
16363,Anish Jethmalani
16364,Bishop Stevens
16365,Tonya Kay
16366,Ted Kaczynski
16367,Carlos Santos
16368,Karrie Martin
16369,Julissa Calderon
16370,Annie Gonzalez
16371,Kim Hye-soo
16372,Lee Gyoung-young
16373,Kim Ho-jung
16374,Song Young-kyu
16375,Hwang Bo-ra
16376,Hyun Bong-sik
16377,Park Se-jin
16378,Dolores Fonzi
16379,Carlos Belloso
16380,Juan Gil Navarro
16381,Daniel Aráoz
16382,Antonio Grimau
16383,Ignacio Quesada
16384,Mónica Ayos
16385,Daniel Valenzuela
16386,Helena Zengel
16387,Albrecht Schuch
16388,Gabriela Maria Schmeide
16389,Lisa Hagmeister
16390,Melanie Straub
16391,Maryam Zaree
16392,Tedros Teclebrhan
16393,Vedika
16394,Anupam Bhattacharya
16395,Rukhsar Ahmed
16396,Toby Jones
16397,Mel Rodriguez
16398,Manish Chauhan
16399,Achintya Bose
16400,Heeba Shah
16401,Kalyanee Mulay
16402,Marlee van der Merwe
16403,Eugene Jensen
16404,Marno van der Merwe
16405,Lizelle de Klerk
16406,Steve Hofmeyr
16407,Sanet Ackermann
16408,Terence Bridgett
16409,Annette Engelbrecht
16410,Rina Nienaber
16411,Lizz Meiring
16412,Cláudia Okuno
16413,Mariana Sena
16414,Enzo Barone
16415,Drop Dashi
16416,Miwa Yanagizawa
16417,Carlos Takeshi
16418,Daniel Rocha
16419,Kelzy Ecard
16420,Norival Rizzo
16421,Nicolas Trevijano
16422,Jui Huang
16423,Fania Espinosa
16424,Begê Muniz
16425,Antonio Miano
16426,Ricardo Iazzetta
16427,Mayhara Ribeiro
16428,Jairo Mattos
16429,Simon Cowell
16430,Charlotte Newhouse
16431,Dean Edwards
16432,Melvil Poupaud
16433,Richard Bohringer
16434,Amirah Vann
16435,Nadji Jeter
16436,Michael Beasley
16437,Vanessa Williams
16438,Anson Mount
16439,Katie Nehra
16440,Ini Dima Okojie
16441,Akah Nnani
16442,Maurice Sam
16443,David Jones David
16444,Angel Funto Johnson
16445,Peanut Omatsola
16446,Jordi Mollà
16447,William Levy
16448,Cain Velasquez
16449,Yukiyoshi Ozawa
16450,Eoin Macken
16451,Rina Takasaki
16452,Noriko Sakura
16453,Yuho Yamashita
16454,Salli Saffioti
16455,Larissa Gallagher
16456,Travis Dresden
16457,Michael Sorich
16458,Sara Cravens
16459,Colin Hanks
16460,James Adomian
16461,Lisa Schwartz
16462,Amalia Vitale
16463,RK Bagatsing
16464,Mark Anthony Fernandez
16465,Aleck Bovick
16466,Dexter Doria
16467,Nino Muhlach
16468,Lui Manansala
16469,Dolly De Leon
16470,Mikołaj Kubacki
16471,Anna Radwan
16472,Marian Dziędziel
16473,Jan Nowicki
16474,Małgorzata Krzysica
16475,Jacek Strama
16476,Dennis Mojen
16477,Walid Al-Atiyat
16478,Christina Hecke
16479,Zoë Straub
16480,Hans-Jochen Wagner
16481,André Eisermann
16482,Ernst Stötzner
16483,Lika Berning
16484,Bobby van Jaarsveld
16485,Sonja Herholdt
16486,Elize Cawood
16487,Rouel Beukes
16488,Kevin Leo
16489,Paul du Toit
16490,Padmini Kolhapure
16491,Neeraj Kabi
16492,Paras Priyadarshan
16493,Anshul Chauhan
16494,Anud Singh Dhaka
16495,Shirin Sewani
16496,Vasundhara Rajput
16497,Biodun Stephen
16498,Haru
16499,Ken Yasuda
16500,Suzuki Matsuo
16501,Chikako Kaku
16502,Nick Lachey
16503,Vanessa Lachey
16504,Joaquin Cosio
16505,José María Yazpik
16506,Matt Letscher
16507,Alyssa Diaz
16508,Roberto Palazuelos
16509,Sutthirak Subvijitra
16510,Sita Maharavidejakorn
16511,Sutthatip Wutichaipradit
16512,Warisara Yu
16513,Chokchai Charoensuk
16514,Supoj Pongpancharoen
16515,Nikorn Sae Tang
16516,Gandhi Wasuwitchayagit
16517,Petchpatchara Kitkrairaj
16518,Duangjai Hirunsri
16519,Nilacha Fuangfukiet
16520,Teeranai Na Nongk้hai
16521,Sumontha Suanpolrat
16522,Wimolphan Chaleejunghan
16523,Damkerng Thitapiyasak
16524,Natthawara Hongsuwan
16525,Nunthapak Chalermpuwadej
16526,Tachatorn Supanan
16527,Thierry Ballarin
16528,Heléne Lombard
16529,Roberta Fox
16530,Trudi Conradie
16531,Rod Alexander
16532,Lochner De Kock
16533,Tony Caprari
16534,Madaleine Arthur
16535,Demetri Martin
16536,Todd Grimes
16537,Patty Mattson
16538,Barkhad Abdi
16539,Buddy Duress
16540,Peter Verby
16541,Taliah Webster
16542,Necro
16543,Della Dartyan
16544,Ratna Riantiarno
16545,Bastian Steel
16546,Putri Ayudya
16547,Egi Fedly
16548,Steve Oropeza
16549,Steven Sean Garland
16550,Wade Everett
16551,Randy Green
16552,Cortez Chappell
16553,Tori Osborn
16554,Larry Coulter
16555,Cris Acosta
16556,Kathryn Prescott
16557,Mitch Pileggi
16558,Grace Zabriskie
16559,Tyler Young
16560,Javier Botet
16561,Katie Stevens
16562,Priscilla Quintana
16563,Davi Santos
16564,Keenan Tracey
16565,Robert Więckiewicz
16566,James Bloor
16567,Aleksey Serebryakov
16568,Nicholas Farrell
16569,Evgeniy Sidikhin
16570,Priyamvada Krishnan
16571,Vinayakan
16572,Dileesh Pothan
16573,Manoj K. Jayan
16574,Lal
16575,Irshad Ali
16576,Sunitha
16577,Ama K. Abebrese
16578,Asana Alhassan
16579,Akofa Edjeani Asiedu
16580,Emmanuel Nii Adom Quaye
16581,Peter Ritchie
16582,Keira Hewatch
16583,Kachi Nnochiri
16584,Debby Ryan
16585,John Reynolds
16586,Meredith Hagner
16587,David Paymer
16588,Roshini
16589,Connor Jessup
16590,Emilia Jones
16591,Jackson Robert Scott
16592,Petrice Jones
16593,Laysla De Oliveira
16594,Griffin Gluck
16595,Sherri Saum
16596,Aaron Ashmore
16597,Bill Heck
16598,Genevieve Kang
16599,Kevin Alves
16600,Thomas Mitchell Barnet
16601,Steven Williams
16602,Coby Bird
16603,Yoon Hyun-min
16604,Ko Sung-hee
16605,Choi Yeo-jin
16606,Chansung
16607,Lee Ki-chan
16608,Kang Seung-hyeon
16609,Jeong Do-won
16610,Kim Hak-seon
16611,Kathy Baker
16612,Jim Caviezel
16613,Joseph Anderson
16614,Diego Josef
16615,Tommy Flanagan
16616,Peter Fonda
16617,Tomohiro Shiozaki
16618,Tetsu Shiratori
16619,Yasuhiro Mamiya
16620,Daphne Sheldrick
16621,Nick Trent
16622,Julious Shivenga
16623,Benjamin Kyalo
16624,Katie Cassidy
16625,David Ramsey
16626,Willa Holland
16627,Emily Bett Rickards
16628,John Barrowman
16629,Susanna Thompson
16630,Anna Hopkins
16631,Juliana Harkavy
16632,Adrian Holmes
16633,Kathleen Gati
16634,Echo Kellum
16635,Rick Gonzalez
16636,Dominic Bogart
16637,Manu Bennett
16638,Willy T. Ribbs
16639,Arturo Muselli
16640,Carolina Carlsson
16641,Tam Williams
16642,Richard Ashton
16643,Ross O'Hennessy
16644,Cameron Jack
16645,Fabienne Piolini-Castle
16646,Robert Krantz
16647,Peta Murgatroyd
16648,Corbin Bernsen
16649,Michael Richards
16650,Nancy Stafford
16651,Bryana Salaz
16652,Alison Fernandez
16653,Symera Jackson
16654,Elie Samouhi
16655,Kai Calhoun
16656,Eliza Pryor
16657,Rosa Blasi
16658,Jyothika
16659,Sathyaraj
16660,Karthi
16661,Showkar Janaki
16662,Nikhila Vimal
16663,Havarasu
16664,Anson Paul
16665,Marian Álvarez
16666,Aitor Luna
16667,Jorge Basanta
16668,Roberto Bonacini
16669,Shiloh Fernandez
16670,Ashley Benson
16671,Mary-Louise Parker
16672,Renuka Shahane
16673,Bindu
16674,Akeno Watanabe
16675,Wakana Kowaka
16676,Ayumi Mano
16677,Kenn
16678,Park Seo-joon
16679,Yu Jae-myeong
16680,Kwon Na-ra
16681,Kim Hye-eun
16682,Ryu Gyeong-su
16683,Lee Joo-young
16684,Chris Lyon
16685,Jamie-Lynn Sigler
16686,Ellen Hollman
16687,John Lewis
16688,Niko Foster
16689,Quinton Aaron
16690,Lesley-Anne Down
16691,Amber Stevens West
16692,Lyriq Bent
16693,Marla Gibbs
16694,Angela Gibbs
16695,Demetrius Grosse
16696,Nicole Lyn
16697,Mela Lee
16698,Max Mittelman
16699,Carrie Keranen
16700,André Gordon
16701,Christopher Corey Smith
16702,Philece Sampler
16703,Selah Victor
16704,Ethan Murray
16705,David Roach
16706,Djamila
16707,Niek Roozen
16708,Bente Fokkens
16709,Jolijn Henneman
16710,Fenna Ramos
16711,Jill Schirnhofer
16712,Donny Roelvink
16713,Défano Holwijn
16714,Yuka Iguchi
16715,Kate Murphy
16716,Grant Bowler
16717,Kathleen Munroe
16718,Martin Hancock
16719,Micah Balfour
16720,Burt Grinstead
16721,Nina Bergman
16722,Mahesh Thakur
16723,Mei Kayama
16724,Misuzu Kanno
16725,Shunsuke Daitoh
16726,Makiko Watanabe
16727,Yoshihiko Kumashino
16728,Minori Hagiwara
16729,Kiyohiko Shibukawa
16730,Eita Okuno
16731,Haruka Imou
16732,Toshinori Omi
16733,Christopher Von Uckermann
16734,Horacio García Rojas
16735,Gisselle Kuri
16736,Humberto Busto
16737,Quetzalli Cortés
16738,Alexa Martin
16739,Dulce Neri
16740,Mariana Botas
16741,Djédjé Apali
16742,Vincent Vermignon
16743,Djibril Pavadé
16744,Karim Belkhadra
16745,Lise Lomi
16746,Zoé Charron
16747,Jocelyne Béroard
16748,Julien Courbey
16749,Lucien Jean-Baptiste
16750,Romane Bohringer
16751,Mathieu Kassovitz
16752,Rahama Sadau
16753,Maryam Booth
16754,Ahaji Issa Bello
16755,Adebukola
16756,Bukky Ajayi
16757,Ibrahim Daddy
16758,Seyilaw
16759,Tomiwa Kukoyi
16760,Antonia Fotaras
16761,Giorgio Belli
16762,Manuela Mandracchia
16763,Roberto De Francesco
16764,Federica Fracassi
16765,Lucrezia Guidone
16766,Adalgisa Manfrida
16767,Giandomenico Cupaiuolo
16768,Gloria Carovana
16769,Filippo Scotti
16770,Álex González
16771,Claudia Traisac
16772,Luís Zahera
16773,Giulia Charm
16774,Ricardo Gómez
16775,Ledicia Sola
16776,Leonor Watling
16777,Xabier Deive
16778,María Guinea
16779,Javier Abad
16780,Daniel Currás
16781,Mercedes Castro
16782,Paula Morado
16783,Paula Pier
16784,Carmela Martins
16785,Denis Gómez
16786,Miguel Borines
16787,Ana Villagrasa
16788,Becky
16789,Ryo Kato
16790,Karina Maruyama
16791,Kohei Takeda
16792,Jennifer Saunders
16793,Shaun Dooley
16794,Paul Kaye
16795,Dervla Kirwan
16796,Kadiff Kirwan
16797,Ella-Rae Smith
16798,Brandon Fellows
16799,Misha Handley
16800,Karan Johar
16801,Reda Kateb
16802,Adel Bencherif
16803,Sofiane Zermani
16804,Gwendolyn Gourvenec
16805,Nicolas Giraud
16806,Yann Goven
16807,Astrid Whettnall
16808,Ahmed Benaissa
16809,Marc Barbé
16810,Carla Salle
16811,Sandra Corveloni
16812,Jonathan Haagensen
16813,Guilherme Prates
16814,Luana Tanaka
16815,Marcello Airoldi
16816,Marco Antônio Pâmio
16817,Tarun Wadhwa
16818,Kamlesh Gill
16819,Samuthirakani
16820,Sunaina
16821,Menashe Lustig
16822,Ruben Niborski
16823,Yoel Weisshaus
16824,Meyer Schwartz
16825,Yoel Falkowitz
16826,Ariel Vaysman
16827,Samantha Ko
16828,Greg Hsu
16829,Wu Tai-ling
16830,Yin Shin
16831,Gys de Villiers
16832,Juanita de Villiers
16833,Gérard Rudolf
16834,Paul Eilers
16835,Pete Spyropoulos
16836,Jaco Muller
16837,Armand Aucamp
16838,Christine Tesco
16839,Cem Yiğit Üzümoğlu
16840,Tommaso Basili
16841,Birkan Sokullu
16842,Osman Sonant
16843,Damla Sönmez
16844,Ushan Çakır
16845,İlayda Akdoğan
16846,Mofe Duncan
16847,Nita Byack George
16848,Yvonne Hays
16849,Mickey Odey
16850,Sani Muazu
16851,Elise Loehnen
16852,Sam Elliott
16853,Debra Winger
16854,Kelli Goss
16855,André Luiz Frambach
16856,Erasmo Carlos
16857,Mariana Amâncio
16858,Amanda Orestes
16859,Eike Duarte
16860,Nayobe Nzainab
16861,Katiuscia Canoro
16862,Phellyx Moura
16863,Michel Bercovitch
16864,Sílvia Lourenço
16865,Alex Fernández
16866,J.C. MacKenzie
16867,Aurora Burghart
16868,Maxim Roy
16869,Stephen McHattie
16870,Megan Follows
16871,Nicola Correia-Damude
16872,Praneet Akilla
16873,Michelle Nolden
16874,Anwen O'Driscoll
16875,Bryson Baugus
16876,Blake Shepard
16877,Patrick Poole
16878,Adam Gibbs
16879,Hiroaki Miura
16880,Huang Peijia
16881,Ludi Lin
16882,Janet Hsieh
16883,Kuang Tian
16884,Susan Leong
16885,Jordan Voon
16886,Angeline Tan
16887,Jojo Goh
16888,Teresa Daley
16889,Jason Day
16890,Margarita Rosa de Francisco
16891,Gaby Espino
16892,Laura Perico
16893,Alejandro Aguilar
16894,Marcelo Serrado
16895,Germán Quintero
16896,Luis Alberti
16897,Ricardo Vesga
16898,Álvaro Rodríguez
16899,Juan David Restrepo
16900,Andrés Pazos
16901,Jorge Bolani
16902,José Pedro Bujaruz
16903,Verónica Perrotta
16904,Mu Ramaswamy
16905,Naga Vishal
16906,Yog Japee
16907,Ganesan Kaliamoorthy
16908,Guna Babu
16909,Athiya Shetty
16910,Sanjeev Vats
16911,Vibha Chhibber
16912,Vivek Mishra
16913,Abhishek Rawat
16914,David Lynch
16915,Emma Watson
16916,Carlos Miranda
16917,Israel Broussard
16918,Katie Chang
16919,Georgia Rock
16920,Claire Julien
16921,Crystal Fox
16922,Bresha Webb
16923,Tyler Perry
16924,Jade Olieberg
16925,Tobias Kersloot
16926,Lisa Smit
16927,Frieda Barnhard
16928,Hans Kesting
16929,Rifka Lodeizen
16930,Robin Boissevain
16931,Jennifer Welts
16932,Jip van den Dool
16933,Janni Goslinga
16934,Dennis Rudge
16935,Ian Bok
16936,Roos Dickmann
16937,Minne Koole
16938,Alexander Brouwer
16939,Shad Kabango
16940,Angelina Kirsch
16941,Bernd Siefert
16942,Lauren Elizabeth
16943,Claudia Sulewski
16944,Keith Machekanyanga
16945,Mimi Gianopulos
16946,Lukas Gage
16947,Carl Gilliard
16948,Caeli
16949,Mark Dohner
16950,Jessie Paege
16951,Richard Kohnke
16952,Dominic Burgess
16953,Judah Mackey
16954,Hu Yitian
16955,Chen Zheyuan
16956,Liang Jie
16957,Vicky Liang
16958,Tay Ping Hui
16959,Nikita Mao
16960,Gallen Lo
16961,Song Wenzuo
16962,Jin Song
16963,Jason Zheng
16964,Russell Brand
16965,Tiffany Espensen
16966,Chelsea Handler
16967,Tiffany Tenille
16968,Numa Perrier
16969,Stephen Barrington
16970,Bobby Field
16971,Rockwelle Dortch
16972,Zoe Tyson
16973,Dennis Jaffee
16974,Jessa Zarubica
16975,RiRia
16976,Charlie Taylor
16977,Amy Aitken
16978,Emily Browning
16979,Duffy
16980,Christopher Eccleston
16981,Taron Egerton
16982,Colin Morgan
16983,Tara Fitzgerald
16984,Masatoh Ibu
16985,Tsuyoshi Muro
16986,Chiaki Omigawa
16987,Kouki Uchiyama
16988,Micah Solusod
16989,Yumiko Kobayashi
16990,Brittney Karbowski
16991,Monica Rial
16992,Jamie Marchi
16993,Narumi Takahira
16994,Michael Fassbender
16995,Katherine Waterston
16996,Perla Haney-Jardine
16997,Arnali Das
16998,Manoranjan Das
16999,Banita Thakuriya
17000,Manabendra Das
17001,Deepjyoti Kalita
17002,Pakija Begum
17003,Xan Cejudo
17004,Ismael Martínez
17005,María Vázquez
17006,Rebeca Montero
17007,Luisa Mayol
17008,Jessica Serna
17009,Tamara Canosa
17010,Aaron Hernandez
17011,Tom Payne
17012,Melia Kreiling
17013,Turlough Convery
17014,Oliver Stark
17015,Dominique Tipper
17016,Ryan Doyle
17017,Simon Paisley-day
17018,Pedja Bjelac
17019,Ravshana Kurkova
17020,Igor Jijikine
17021,Ivan Makarevich
17022,Bessart Kallaku
17023,Ervin Bejleri
17024,Mattea Conforti
17025,Kobi Frumer
17026,Agnieszka Dygant
17027,Aleksandra Grabowska
17028,Aleksandra Popławska
17029,Katarzyna Warnke
17030,Piotr Adamczyk
17031,Amin Bensalem
17032,Wojciech Bocianowski
17033,Jace Chapman
17034,Tom Everett Scott
17035,Mauricio Lara
17036,Sophie Kim
17037,Laurel Emory
17038,Valerie Bertinelli
17039,Valerie Harper
17040,Jennifer Love Hewitt
17041,Alex Trebek
17042,Mouni Roy
17043,Sumeet Vyas
17044,Sanjay Goradia
17045,Amyra Dastur
17046,Izzy G.
17047,Michael-Leon Wooley
17048,Katerina Tannenbaum
17049,Tia Carrere
17050,Kelly Macdonald
17051,Yosuke Kubozuka
17052,Will Sharpe
17053,Aoi Okuyama
17054,Masahiro Motoki
17055,Yuko Nakamura
17056,Mitsuko Oka
17057,Anna Sawai
17058,Charlie Creed-Miles
17059,Stephanie Lemelin
17060,Kelly McCreary
17061,Atticus Shaffer
17062,Aksha Pardhasany
17063,Sparsh Shrivastava
17064,Monika Panwar
17065,Anshumaan Pushkar
17066,Erinn Hayes
17067,Rob Huebel
17068,Tom Wright
17069,Jason Schwartzman
17070,Eric Nenninger
17071,Megan Le
17072,Zandy Hartig
17073,Brian Huskey
17074,Michael Cera
17075,Johnny Harris
17076,Sam Keeley
17077,Joe Dempsie
17078,Kyle Soller
17079,Philip Arditti
17080,Sofia Boutella
17081,Abby Bergman
17082,Anna Cooke
17083,Aston Droomer
17084,Jamil Smyth-Secka
17085,James Saunders
17086,Maria Angelico
17087,Eliza Ong
17088,Ahmed Sylla
17089,Ornella Fleury
17090,Natoo
17091,Carlito
17092,Mcfly
17093,Lola Dubini
17094,Noom Diawara
17095,Tania Dutel
17096,Jason Brokerss
17097,Bérengère Krief
17098,Thomas Vandenberghe
17099,Monsieur Poulpe
17100,Jhon Rachid
17101,Audrey Pirault
17102,Jeanfi Janssens
17103,Fadily Camara
17104,Laurie Peret
17105,Issa Doumbia
17106,Anne-Sophie Girard
17107,Elhadj Gaye
17108,Guillaume Bats
17109,Faizon Love
17110,Kirk Fox
17111,Neels Clasen
17112,Roxy Nel
17113,Liz Franke
17114,Rob Zabrecky
17115,Will Oldham
17116,Sonia Acevedo
17117,Oscar Martínez
17118,Mafalda Carbonell
17119,Nacho López
17120,Isabel Requena
17121,Aina Clotet
17122,Antonio Valero
17123,María Zamora
17124,Hugo Balaguer
17125,Valeria Schoneveld
17126,Claes Bang
17127,John Heffernan
17128,Hánssel Casillas
17129,Andrea Sutton
17130,Alejandro Flores
17131,Anajosé Aldrete
17132,Juan Carlos Viana Prieto
17133,Hernán Del Riego
17134,Amybeth McNulty
17135,Geraldine James
17136,R.H. Thomson
17137,Corrine Koslo
17138,Dalila Bela
17139,Lucas Jade Zumann
17140,Aymeric Jett Montaz
17141,Rhea Chakraborty
17142,Anisa Butt
17143,Matteo Simoni
17144,Tom Van Dyck
17145,Stef Aerts
17146,Jeroen Perceval
17147,Charlotte Timmers
17148,Dirk Roofthooft
17149,Anemone Valcke
17150,Hannah Al Rashid
17151,Nicholas Saputra
17152,Deddy Mahendra Desta
17153,Ayu Azhari
17154,Lee Min-ki
17155,Jung So-min
17156,Esom
17157,Kim Ga-eun
17158,Moon Hee-kyung
17159,Tamsin Greig
17160,Mathew Horne
17161,Pearce Quigley
17162,Togo Igawa
17163,Sonya Cassidy
17164,Julie Dray
17165,Danny Morgan
17166,Aya Endo
17167,Pinky Pal Rajput
17168,Shaily Dubey
17169,Mohit Sinha
17170,Vaibhav Thakkar
17171,Jennifer Darling
17172,Pat Fraley
17173,Jason Marsden
17174,Neil Ross
17175,Stephen Stanton
17176,Greg Eagles
17177,Tim Conway
17178,Cathy Cavadini
17179,David Michie
17180,Greg Finley
17181,Sukant Goel
17182,Mrunal Thakur
17183,Sagar Arya
17184,Surekha Sikri
17185,Pavail Gulati
17186,Jeffrey Garcia
17187,Rob Paulsen
17188,Megan Cavanagh
17189,Mark DeCarlo
17190,Carolyn Lawrence
17191,Andrea Martin
17192,Candi Milo
17193,Crystal Scales
17194,Kim Nam-gil
17195,Kim Ah-joong
17196,Yoo Min-kyu
17197,Moon Ga-young
17198,Um Hyo-sup
17199,An Seok-hwan
17200,Lee Dae-yeon
17201,Oh Dae-whan
17202,Giobanna Alparone
17203,Mehdi Dehbi
17204,Tomer Sisley
17205,Melinda Page Hamilton
17206,Sayyid El Alami
17207,Jane Adams
17208,Wil Traval
17209,Fares Landoulsi
17210,Rosabell Laurenti Sellers
17211,Adrian Moore
17212,Saphia Stoney
17213,Josephine Benini
17214,Andrew Craig
17215,Rod Wilson
17216,Jonathan Wilson
17217,Elizabeth Hanna
17218,Norma Dell'Agnese
17219,Ariadna Gil
17220,Álex Angulo
17221,César Vea
17222,Sergi Lopez
17223,Gim Yeong-seon
17224,O Inseong
17225,I Sen-ho
17226,Jeong-shin Woo
17227,Putri Marino
17228,Gritte Agatha
17229,Chicco Kurniawan
17230,Ismail Basbeth
17231,Maulidina K. Putri
17232,Lee Hye-ri
17233,Ryu Jun-yeol
17234,Ko Kyoung-pyo
17235,Matthew Reese
17236,Dolph Lundgren
17237,Danielle Chuchran
17238,Chuck Liddell
17239,Michael Flynn
17240,Renny Grames
17241,Eve Mauro
17242,Melanie Stone
17243,Michaela McAllister
17244,Amy Sturdivant
17245,Nestor Aaron Absera
17246,Julianna Guill
17247,Preston Jones
17248,Julia Levy-Boeken
17249,Michael Trotter
17250,Daniel Newman
17251,DJ Qualls
17252,Taecyeon
17253,Seo Ye-ji
17254,Son Byung-ho
17255,Kim Kwang-gyoo
17256,Yun Yoo-sun
17257,Park Ji-young
17258,Jang Hyeok-jin
17259,Kaya Scodelario
17260,Will Kemp
17261,Evan Roderick
17262,David James Elliott
17263,Sarah Wright Olsen
17264,Svetlana Efremova
17265,Amanda Zhou
17266,Mitchell Edwards
17267,Johnny Weir
17268,Lim Ju-hwan
17269,Krystal Jung
17270,Yang Dong-geun
17271,Ravi Babu
17272,Sri Muktha
17273,Bharani Shankar
17274,Mukhtar Khan
17275,Priya
17276,Nandita Das
17277,Amarjeet Amle
17278,Yusuf Hussain
17279,Sushma Bakshi
17280,Arashi
17281,Liam Hughes
17282,Jill Morrison
17283,Zak Santiago
17284,Garfield Wilson
17285,Jonathan Silverman
17286,Lil Yachty
17287,D.C. Young Fly
17288,Alyssa Goss
17289,Mary Lynn Rajskub
17290,Blac Youngsta
17291,Lil Baby
17292,NeNe Leakes
17293,Al Shearer
17294,Ane Dahl Torp
17295,Ingeborga Dapkunaite
17296,Eldar Skar
17297,Ragnhild Gudbrandsen
17298,Kristin Braut-Solheim
17299,Jeonghwa Yang
17300,Yongwoo Shin
17301,Melissa Fahn
17302,Spike Spencer
17303,Alyssya Swales
17304,Olivia Charles
17305,Kate Higgins
17306,Carrie Savage
17307,Ken Spassione
17308,Angela Mulligan
17309,Mark Szabo
17310,Daniel J. Edwards
17311,Mike Pollock
17312,Anthony Salerno
17313,Brad Williams
17314,Yamaneika Saunders
17315,Liza  Treyger
17316,Wang Herun
17317,Wang Yizhe
17318,Wang Yuwei
17319,Xu Xiaonuo
17320,Wu Jinyan
17321,Nie Yuan
17322,Mitsuo Iwata
17323,Rikako Aikawa
17324,Miona Hori
17325,Shotaro Mamiya
17326,Mizuki Itagaki
17327,Hiyori Sakurada
17328,Kaisei Kamimura
17329,Ai Yoshikawa
17330,Ryohei Shima
17331,Asuka Kurosawa
17332,Kazuya Takahashi
17333,Takashi Sorimachi
17334,David Kau
17335,David Kibuuka
17336,Chris Forrest
17337,Santhiran Moonsamy
17338,Quentin Krog
17339,Kaseran Pillay
17340,Mabutho Sithole
17341,Kagiso Lediga
17342,Craig Urbani
17343,José Mujica
17344,Emir Kusturica
17345,Eniola Ajao
17346,Ireti Osayemi
17347,Kayode Olaseinde
17348,Tunde Bernard
17349,Vincenzo Crea
17350,Jessica Cressy
17351,Greta Scarano
17352,Abel Ferrara
17353,Anita Kravos
17354,Julie de Bona
17355,Camille Lou
17356,Gilbert Melki
17357,Josiane Balasko
17358,Antoine Duléry
17359,Florence Pernel
17360,Théo Fernandez
17361,François-David Cardonnel
17362,Stéphane Guillon
17363,Aurélien Wiik
17364,Elizabeth Lail
17365,John Stamos
17366,Luca Padovan
17367,Amy Manson
17368,Luke Allen-Gale
17369,James Weber Brown
17370,Clayton Adams
17371,Amer Chadha-Patel
17372,Gavin Brocker
17373,Hari Dhillon
17374,Katrina Nare
17375,Nobuo Tobita
17376,Shintaro Asanuma
17377,Suzu Hirose
17378,Takako Matsu
17379,Masaki Suda
17380,Barry Bostwick
17381,Julia Duffy
17382,Linda Gray
17383,Hal Linden
17384,Amaury Nolasco
17385,Devon Sawa
17386,Jeff Pierre
17387,Amos Tamam
17388,Yael Eitan
17389,Kenn Michael
17390,Vince Staples
17391,Dino Andrade
17392,Jorge Gutierrez
17393,Antonio Alvarez
17394,Kiersey Clemons
17395,Emory Cohen
17396,Hanna Mangan Lawrence
17397,Andrew Crawford
17398,Benedict Samuel
17399,Miyuri Shimabukuro
17400,Kana Ichinose
17401,Miyu Irino
17402,Sumire Uesaka
17403,Tomoko Miyadera
17404,Ana Claudia Talancón
17405,Stephanie Cayo
17406,Yare Santana
17407,Manuel 'Flaco' Ibáñez
17408,Laura De Ita
17409,Alexander Bello
17410,Tyler Bourke
17411,Ava Briglia
17412,Cordelia Comando
17413,Camille De La Cruz
17414,Oriah Elgrabli
17415,Jake Ryan Flynn
17416,Orson Hong
17417,Isabella Iannelli
17418,Jacob Laval
17419,Suri Marrero
17420,Zell Steele Morrow
17421,Jonah Mussolino
17422,Lexi Perkel
17423,Linder Sutton
17424,Toby Stephens
17425,Taylor Russell
17426,Mina Sundwall
17427,Ignacio Serricchio
17428,Nicole Beharie
17429,Guy Burnet
17430,Joseph Sikora
17431,Jon Eyez
17432,Audra McDonald
17433,Paul Adelstein
17434,KaDee Strickland
17435,Chris Lowell
17436,Brian Benben
17437,Sofia Wylie
17438,Tiarnie Coupland
17439,Trae Robin
17440,Gemma Chua-Tran
17441,Ashleigh Ross
17442,Yasmin Honeychurch
17443,Raj Labade
17444,Christopher Kirby
17445,Melissa Bonne
17446,Kate Box
17447,Stanley Chibunna
17448,Ella Betts
17449,Adi Lev
17450,Kemi Olofinmakin
17451,Khumbulani Kay Sibiya
17452,Sisanda Henna
17453,Tarynn Wyngaard
17454,Virgile Bramly
17455,Manie Malone
17456,Yannick Konnan
17457,Vinaya Sungkur
17458,Michaella Russell
17459,Majid Michel
17460,Lepacious Bose
17461,Seun Akindele
17462,Sylvia Oluchy
17463,Chika Chukwu
17464,Okawa Shaznay
17465,Paul Obazele
17466,Bukky Wright
17467,Chinedu Ikedieze
17468,Taiwo Familoni
17469,Emilyn Johnson-Ekpo
17470,Udoka Oyeka
17471,Juan Minujín
17472,Björn Hlynur Haraldsson
17473,Wilson Radjou-Pujalte
17474,Anna Shaffer
17475,Gaspard Ulliel
17476,Freya Mavor
17477,Sebastian Fabijański
17478,Magdalena Czerwińska
17479,Michał Żurawski
17480,Marek Kalita
17481,Paulina Chapko
17482,Karolina Chapko
17483,Viet Anh Do
17484,Paul James
17485,Callie Hernandez
17486,Jenna Dewan
17487,Jahmil French
17488,Megan Ferguson
17489,Madeleine Stowe
17490,Isaiah Givens
17491,Mostafizur Noor Imran
17492,Orchita Sporshia
17493,Allen Shubhro
17494,Shamol Mawla
17495,Sarder Saniat Hossain
17496,Manoj Kumar Pramanik
17497,Trapa Majumder
17498,Intekhab Dinar
17499,Iresh Zaker
17500,Lutfur Rahman George
17501,Nicholas Woodeson
17502,Adrian Schiller
17503,Pulkit Samrat
17504,Arya Babbar
17505,Shivkumar Subramaniam
17506,Jung Il-woo
17507,Ahn Jae-hyeon
17508,Lee Jung-shin
17509,Kim Yong-geon
17510,Choi Min
17511,Son Na-eun
17512,Jung Sun-hye
17513,Yang Jeong-hwa
17514,Kim Jang
17515,Ryoo Jeom-hee
17516,Shin Yong-woo
17517,Hyun Bin
17518,Son Ye-jin
17519,Seo Ji-hye
17520,Kim Jung-hyun
17521,Oh Man-seok
17522,Kim Jung-nan
17523,Hwangwoo Seul-hye
17524,Obi Okolie
17525,Emmanuel Emelu
17526,Chinonye Chidolue
17527,Lorenzo Menakaya
17528,King Bawa
17529,Akshaye Khanna
17530,Ahmed Khan
17531,Ranveer Singh
17532,Anushka Sharma
17533,Alyy Khan
17534,Nawab Shah
17535,Priya Anand
17536,Vishakha Singh
17537,Gauhar Khan
17538,Mai Fuchigami
17539,Mami Ozaki
17540,Ikumi Nakagami
17541,Mikako Takahashi
17542,Adriana Botina
17543,Fernando Ramos
17544,Isabella Sierra
17545,Joavany Álvarez
17546,Christian López
17547,Omar Murillo
17548,Carlos Barbosa
17549,José Manuel Ospina
17550,Aída Morales
17551,Vikram Chatwal
17552,Ameesha Patel
17553,Karan Khanna
17554,Diya Mirza
17555,Marc Rhys
17556,Vivan Bhatena
17557,Yatin Karyekar
17558,Prashant Chainani
17559,Shakeel Khan
17560,Isha Sharvani
17561,Nikki Samonas
17562,Victoria Micheals
17563,Purab Kohli
17564,Luke Kenny
17565,Koel Purie
17566,Mindy Cohn
17567,Grey DeLisle
17568,Shernaz Patel
17569,Casey Kasem
17570,Ariadna Cabrol
17571,Corey Hawkins
17572,Ben Hardy
17573,Payman Maadi
17574,Yuri Kolokolnikov
17575,Kim Kold
17576,Dan Davies
17577,Paul Campbell
17578,Rebecca Silvera
17579,Joe Diaz
17580,Alex Moore
17581,Dorcas Shola Fapson
17582,Dozie Onyiriuka
17583,Rotimi Adelagan
17584,Mercy Johnson
17585,Roxy Antak
17586,Fathia Balogun
17587,Chia-Chia Peng
17588,Yeo Yann Yann
17589,Alex Ekubo
17590,Ene Oloja
17591,Halima Yusuf
17592,Ayo Ayoola Ayolola
17593,Layton Williams
17594,Andrew Lloyd Webber
17595,Tim Rice
17596,Zaira Wasim
17597,Ali Rabee
17598,Karim Afifi
17599,Haifa Wehbe
17600,Ahmed Adel
17601,Michelle Wolf
17602,David Pendleton
17603,Griffin Robert Faulkner
17604,Prabhas
17605,Arun Vijay
17606,Vennela Kishore
17607,Petrônio Gontijo
17608,Day Mesquita
17609,Beth Goulart
17610,Dalton Vigh
17611,Eduardo Galvão
17612,Leonardo Franco
17613,Raphael Viana
17614,Otávio Martins
17615,Shawtane Bowen
17616,Jonathan Braylock
17617,Ray Cordova
17618,Caroline Martin
17619,Jerah Milligan
17620,Monique Moses
17621,Keisha Zollar
17622,James III
17623,Adetomiwa Edun
17624,Kanayo O. Kanayo
17625,Tonto Dikeh
17626,Calista Okoronkwo
17627,Susan Peters
17628,Roselyn Ngissah
17629,Candace Cameron Bure
17630,Jodie Sweetin
17631,Andrea Barber
17632,Michael Campion
17633,Elias Harger
17634,Soni Bringas
17635,Dashiell Messitt
17636,Fox Messitt
17637,Bob Saget
17638,Dave Coulier
17639,Lori Loughlin
17640,Scott Weinger
17641,Blake Tuomy-Wilhoit
17642,Dylan Tuomy-Wilhoit
17643,John Brotherton
17644,Juan Pablo Di Pace
17645,Adam Driver
17646,Julie Hagerty
17647,Azhy Robertson
17648,Ryota Takeuchi
17649,Gina Castel
17650,Victor Erabie
17651,Adebayo Thomas
17652,Evan Agos
17653,Gabriella Graves
17654,Katherine McNamara
17655,Tiya Sircar
17656,Konomi Kohara
17657,Yui Ogura
17658,Paloma Bernardi
17659,Renan Tenca
17660,Gutto Szuster
17661,Pedro Caetano
17662,Mariano Mattos Martins
17663,Alli Willow
17664,Kiko Vianello
17665,Francisco Gaspar
17666,Tuna Dwek
17667,Lourinelson Vladmir
17668,Leonardo Ventura
17669,Aury Porto
17670,Glauber Amaral
17671,Astrea Lucena
17672,Victoria Abril
17673,Elena Anaya
17674,Mar Ayala
17675,Nerea Barros
17676,Berta Castañé
17677,Anna Moliner
17678,Charo López
17679,Mariona Pagès
17680,Carla Tous
17681,Carles Arquimbau
17682,Manel Barceló
17683,Nausicaa Bonnín
17684,Alicia Borrachero
17685,Antonio Dechent
17686,Iván Morales
17687,David Solans
17688,Cecilia Choi
17689,Michael JQ Huang
17690,Hung Yan-siang
17691,Tsao Yu-ning
17692,Chang Shu-wei
17693,Lee Lee-zen
17694,Ufoma Ejenobor
17695,Julius Agu
17696,Chioma Chukwuka-Akpotha
17697,Ben Lamb
17698,Sarah Douglas
17699,Andy Lucas
17700,Raj Bajaj
17701,Joel McVeagh
17702,Theo Devaney
17703,Kevin Shen
17704,Momo Yeung
17705,Crystal Yu
17706,Billy Angel
17707,Martin Scorsese
17708,Al Pacino
17709,Ian Somerhalder
17710,Jacky Lai
17711,Kimberly-Sue Murray
17712,Sydney Meyer
17713,Laura Vandervoort
17714,Michael Greyeyes
17715,Teddy Moynihan
17716,Ted Atherton
17717,Jonathan Higgins
17718,Samantha Liana Cole
17719,Laura de Carteret
17720,Bo Martyn
17721,Ryan Gaul
17722,Dante Hoagland
17723,Joel Marsh Garland
17724,Gino Vento
17725,Derek Gaines
17726,Daniel J. Watts
17727,Malik Yoba
17728,Edi Patterson
17729,Peng Yuchang
17730,Dong Li
17731,Zhang Yijie
17732,Xie Binbin
17733,Zhu Zhiling
17734,Xu Ke
17735,Wu Xudong
17736,Li He
17737,Fan Linfeng
17738,Katherine Escobar Farfan
17739,Juan Manuel Restrepo
17740,Mario Espitia
17741,Carmenza González
17742,José Daniel Cristancho
17743,Felipe Bernedette
17744,Camilo Amores
17745,Linda Lucía Callejas
17746,María Laura Quintero
17747,Mayra Luna
17748,Ana María Cuéllar
17749,María Fernanda Matus
17750,David Ajala
17751,Jodie Turner-Smith
17752,Sam Strike
17753,Maya Eshet
17754,Gretchen Mol
17755,Miranda Raison
17756,Gregg Sulkin
17757,Isabella Gomez
17758,Johannah Newmarch
17759,Lillian Doucet-Roche
17760,Chanelle Peloso
17761,Nirmal Rishi
17762,Sonam Bajwa
17763,Sukhwinder Chahal
17764,Tania
17765,Gurnam Bhullar
17766,Khalil Ramos
17767,Vance Larena
17768,Kelvin Miranda
17769,Jan Silverio
17770,Kit Williamson
17771,Van Hansis
17772,Matthew McKelligon
17773,John Halbach
17774,Stephen Guarino
17775,Ranjit Bawa
17776,Jassi Gill
17777,Musskan Sethi
17778,Navneet Kaur Dhillon
17779,Neet Mahal
17780,Aarushi Sharma
17781,Sargun Mehta
17782,Bhavkhandan Singh Rakhra
17783,Arkie Kandola
17784,Nina Rehill
17785,Rajiv Thakur
17786,Harjap Singh Bhangal
17787,Balinder Johal
17788,Carolyn Bridget Kennedy
17789,Sonia Dhillon
17790,Jimmy Sheirgill
17791,Harman Virk
17792,Yuvika Chaudhry
17793,Shavinder Mahal
17794,Anita Meet
17795,Poonam Sood
17796,B.B. Verma
17797,Satwant Kaur
17798,Gurinder Rai
17799,Harrdy Sandhu
17800,Poppy Jabbal
17801,Rameet Kaur
17802,Anjum Batra
17803,Ranjan Sehgal
17804,Ammy Virk
17805,Harby Sangha
17806,Hardeep Gill
17807,Sukhdev Barnala
17808,Baljinder Kaur
17809,Jashanjeet Gosha
17810,Kim Min-hee
17811,Sun Sung-wook
17812,Krissiri Sukhsvasti
17813,Atchareeya Potipipittanakorn
17814,Thaneth Warakulnukroh
17815,Hattaya Wongkrachang
17816,Somlek Sakdikul
17817,Marinda Halpin
17818,Gulsara Panyam
17819,Kongkid Visessiri
17820,Harish Verma
17821,Jass Bajwa
17822,Ihana Dhillon
17823,Yograj Singh
17824,Anita Devgan
17825,Hobby Dhaliwal
17826,Nekfeu
17827,Emilian Oprea
17828,Mihai Constantin
17829,Andreea Vasile
17830,Dan Condurache
17831,Liviu Pintileasa
17832,Mihai Smarandache
17833,Alin Florea
17834,Lucretia Mandric
17835,Ha Ji-won
17836,Yoon Kye-sang
17837,Kang Bu-ja
17838,Lee Jae-ryong
17839,Min Jin-woong
17840,Yoo Teo
17841,Christian Morales
17842,Pooja Bhamrah
17843,Mama Sane
17844,Amadou Mbow
17845,Ibrahima Traore
17846,Nicole Sougou
17847,Amina Kane
17848,Mariama Gassama
17849,Coumba Dieng
17850,Ibrahima Mbaye
17851,Diankou Sembene
17852,Abigail Oliver
17853,Briana Buckmaster
17854,Dominic Good
17855,Emma Jayne Maas
17856,Evan Byarushengo
17857,Scotia Anderson
17858,Francis Onwochei
17859,Ememobong Nkana
17860,Patrick Onyeke
17861,Hakim Faris
17862,Victoire Du Bois
17863,Patrick d'Assumçao
17864,George Wendt
17865,Thabo Rametsi
17866,Welile Nzuza
17867,Jafta Mamabolo
17868,Louw Venter
17869,Kate del Castillo
17870,Cristina Urgel
17871,Alberto Jiménez
17872,Juan José Arjona
17873,Humberto Zurita
17874,Dagoberto Gama
17875,Christian Tappán
17876,Miguel de Miguel
17877,Salvador Zerboni
17878,Carmen Navarro
17879,Santiago Meléndez
17880,Juan Carlos Solarte
17881,Nonso Diobi
17882,Mercy Aigbe
17883,Rex Nosa
17884,Annie Macaulay Idibia
17885,Nedu Wazobia
17886,Mr Jollof
17887,Josh 2 Funny
17888,Emmanuella
17889,MC Lively
17890,Baaj Adebule
17891,Ebiye Victor
17892,Segilola Ogidan
17893,Christine Allado
17894,Emmanuel Edunjobi
17895,Thenjiwe Moseley
17896,Shahkrit Yamnarm
17897,View Wannarot Sontichai
17898,Krittanai Arsalprakit
17899,Ployshompoo Supasap
17900,Boriboon Chanrueng
17901,Shawankorn Wanthanapisitkul
17902,Duangta Toongkamanee
17903,Phuwin Tangsakyuen
17904,Nuntasai Pisolyabut
17905,Pimmara Charoenpakdee
17906,Thanawat Rattanakitpaisan
17907,Tokunbo Idowu
17908,Romany Malco
17909,Darlene Love
17910,La La Anthony
17911,Deysha Nelson
17912,Amarr M. Wooten
17913,Selena-Marie Alphonse
17914,Andrea-Marie Alphonse
17915,Ayane Sakura
17916,Bridgit Mendler
17917,Brent Morin
17918,Siobhan Murphy
17919,Adam Rose
17920,Elizabeth Ho
17921,Garcelle Beauvais
17922,Tyler Ritter
17923,Marina Hands
17924,Marie Drion
17925,Jérémy Gillet
17926,Zélie Rhixon
17927,Yves Jacques
17928,Jean-Charles Clichet
17929,Julia Faure
17930,Linh Dan Pham
17931,Alexa Davalos
17932,Allan Corduner
17933,Tomas Arana
17934,Kate Fahy
17935,Iben Hjejle
17936,Rakesh Varre
17937,Gargeyi
17938,Vamsi raj Nekkanti
17939,D P Ghani
17940,K Prasanna
17941,Violet Nelson
17942,Elle-Máijá Tailfeathers
17943,Charlie Hannah
17944,Barbara Eve Harris
17945,Sonny Surowiec
17946,Jay Cardinal Villeneuve
17947,Tony Massil
17948,Aidan Dee
17949,James Angus Cowan
17950,Anthony Bolognese
17951,Ray Romano
17952,Stephen Graham
17953,Stephanie Kurtzuba
17954,Kathrine Narducci
17955,Welker White
17956,Louis Cancelmi
17957,Gary Basaraba
17958,Sebastian Maniscalco
17959,Steven Van Zandt
17960,Magdalena Boczarska
17961,Wojciech Zieliński
17962,Radosław Pazura
17963,Magdalena Zawadzka
17964,Dorota Kolak
17965,Zdzislaw Wardejn
17966,Małgorzata Rożniatowska
17967,Lukasz Nowicki
17968,Tamara Arciuch
17969,Rafał Cieszyński
17970,Karolina Kominek
17971,Manu NNa
17972,Ana Julia Yeyé
17973,Ray Contreras
17974,Pablo Morán
17975,Samiksha Singh
17976,S.M. Zaheer
17977,Meenakshi Sethi
17978,Atul Kulkarni
17979,Aniruddha Dave
17980,Nikolaj Coster-Waldau
17981,Jeffrey Donovan
17982,Evan Jones
17983,Xu Kai
17984,Sandrine Pinna
17985,Ryan Zhu
17986,Gao Yuer
17987,Cristy Guo
17988,He Wenjun
17989,Zheng Yawen
17990,Li Junhao
17991,Roger Kwok
17992,MHD
17993,Darren Muselet
17994,Aïssa Maïga
17995,Jalil Lespert
17996,Youssouf Gueye
17997,Lisette Malidor
17998,Dallas Roberts
17999,Andy Mientus
18000,Michael J. Willett
18001,Aidan Langford
18002,Delta Burke
18003,Michele Weaver
18004,Rochelle Aytes
18005,Tammy Lynn Michaels
18006,Robert Taylor
18007,Bellamy Young
18008,Patricia Wettig
18009,Timothy Busfield
18010,Tom Brittney
18011,David Denman
18012,Vanessa Rubio
18013,Mac Davis
18014,Ginnifer Goodwin
18015,Tyler Crumley
18016,Mary Donnelly Haskell
18017,Ed Amatrudo
18018,Mika Kikuchi
18019,Maya Yoshioka
18020,Victor Lamoglia
18021,Júlia Rabello
18022,Kéfera Buchmann
18023,Augusto Madeira
18024,Danilo de Moura
18025,Telma Souza
18026,Priscila Sol
18027,Maurício de Barros
18028,Hermínio Ribeiro
18029,Carroll Shelby
18030,Nicole Ong
18031,Mae Tan
18032,Sukki Singapora
18033,Vinny Sharp
18034,Paul Foster
18035,Tabitha Nauser
18036,Paula Burrows
18037,Sasha Rojen
18038,Jason Simpson
18039,Racquel Belmonte
18040,Luc Roderique
18041,Amanda Leighton
18042,David Fynn
18043,Sean T. Krishnan
18044,Patrick Pinney
18045,Fryda Wolff
18046,Josh Whitehouse
18047,Emmanuelle Chriqui
18048,Ella Kenion
18049,Jean-Michel Le Gal
18050,Arnold Pinnock
18051,Vayu Kessuvit
18052,Nuttapong Boonyuen
18053,Thanadol Auepongs
18054,Martin Sidel
18055,Nichaphat Chatchaipholrat
18056,Hortnarong Teng
18057,Everest Moe
18058,Le Trung Hieu
18059,Bikram Choudhury
18060,Anand Deverakonda
18061,Shivatmika Rajasekhar
18062,Kannada Kishore
18063,Corinna Harfouch
18064,Christiane Paul
18065,Svenja Jung
18066,Anita Vulesica
18067,Barbara Nüsse
18068,Hans-Uwe Bauer
18069,Lorna zu Solms
18070,Tilda Jenkins
18071,Emilie Neumeister
18072,Golo Euler
18073,Dennis Herrmann
18074,Maik Solbach
18075,Lorena Ramírez
18076,Priyadarshi Pullikonda
18077,Ananya Nagalla
18078,Wanida Termthanaporn
18079,Jason Young
18080,Thanawin Teeraphosukarn
18081,Passaranan Ussadamongkol
18082,Janya Thanasawangkun
18083,Panadda Wongphudee️️
18084,Suun Lin
18085,Sunnie Wang
18086,Dean Tang
18087,Lain Lu
18088,Chen Wen-shan
18089,Anne-Marie Duff
18090,Romola Garai
18091,Finbar Lynch
18092,Natalie Press
18093,Samuel West
18094,Geoff Bell
18095,Amanda Lawrence
18096,Ignacia Allamand
18097,Nicolás Martínez
18098,Lorenza Izzo
18099,Ariel Levy
18100,Magda Apanowicz
18101,Sky Ferreira
18102,Kirby Bliss Blanton
18103,Aaron Burns
18104,Ramón Llao
18105,Angela Chang
18106,Ambrose Hui
18107,Wallace Huo
18108,Jill Hsu
18109,Lin Wei Jun
18110,Josie Leung
18111,Mountain Kao
18112,Liang Hsiu-shen
18113,Naoki Kobayashi
18114,Kiki Sukezane
18115,Yoshiko Sakuma
18116,Ken Yamamura
18117,Kazuhiro Muroyama
18118,Akiko Iwase
18119,Crystal Kay
18120,Wade Davis
18121,Martin von Hildebrand
18122,Pilar Pascual
18123,José Gimenez Zapiola
18124,Renata Toscano
18125,Santiago Saez
18126,Carmela Barsamian
18127,Paulo Sánchez Lima
18128,Daniel Rosado
18129,Laura Azcurra
18130,Gastón Ricaud
18131,Florencia Benítez
18132,Majo Cardozo
18133,Adithya Menon
18134,Kartikeya Gummakonda
18135,Anagha LK
18136,Barkha Singh
18137,Badrul Islam
18138,Sunil Kumar
18139,Charli XCX
18140,Emmie Lichtenberg
18141,Gabbriette Bechtel
18142,Chloe Chaidez
18143,Deborah Knox- Hewson
18144,Georgia Somary
18145,Kim Woo-bin
18146,Kang Ha-neul
18147,Yoon Jin-seo
18148,Aki Toyosaki
18149,Chika Fujito
18150,Asami Sanada
18151,Yoriko Nagata
18152,Neda Margrethe Labba
18153,Sergio Pablos
18154,Norm Macdonald
18155,Cyndi Wang
18156,Leon Jay Williams
18157,Michael Tao
18158,Jacky Chu
18159,Terri Kwan
18160,Shayle Simons
18161,Vania Gill
18162,Islie Hirvonen
18163,Brendon Sunderland
18164,Evans Johnson
18165,David Hoole
18166,Tony Sun
18167,Johnny Yan
18168,Margaret Lin
18169,David Chen
18170,Zax Wang
18171,Jason Hsu
18172,Joo Won
18173,Kim Yoon-hye
18174,Sohn Chang-min
18175,Yoon Se-a
18176,Cho Hee-bong
18177,Jung Woong-in
18178,Lee Kyung-hwa
18179,Minnie West
18180,Jorge Caballero
18181,Ana González Bello
18182,Arcelia Ramírez
18183,Omar Germenos
18184,Anna Ciocchetti
18185,Aurora Gil
18186,Martha Julia
18187,Alejandro Puente
18188,Estrella Solís
18189,Martín Saracho
18190,Sofía de Llaca
18191,Marco Tostado
18192,Fumi Hirano
18193,Takeshi Maeda
18194,Yuka Terasaki
18195,Suguru Inoue
18196,Yuki Hayashi
18197,Papangkorn Lerkchaleampote
18198,Chayanit Chansangavej
18199,Chutavuth Pattarakampol
18200,Kittisak Patomburana
18201,Sinjai Plengpanich
18202,Oabnithi Wiwattanawarang
18203,Ticha Wongthipkanont
18204,Chanya McClory
18205,Nursel Köse
18206,Kenan Ece
18207,Teoman Kumbaracıbaşı
18208,Deniz Barut
18209,Onuryay Evrentan
18210,Görkem Mertsöz
18211,Mert Tanık
18212,Ayça Damgacı
18213,Esther Liu
18214,Whyn Wu
18215,Ben Lee
18216,Vicky Chen
18217,Leo Putt
18218,Pimchanok Luevisadpaibul
18219,Suthada Jongjaiphar
18220,Chatra Baude
18221,Varatta Vajrathon
18222,Varot Makaduangkeo
18223,Supasit Chinvinijkul
18224,Diego Armando Maradona
18225,Shin Mina
18226,Kim Dong-jun
18227,Jung Jin-young
18228,Im Won-hee
18229,Kim Hong-pa
18230,Paul Butler
18231,Teddy Sears
18232,Paulette Lamori
18233,Fair Xing
18234,Lin Yi
18235,Daddi Tang
18236,Yi Sha
18237,Zhou Zixin
18238,Zheng Yingchen
18239,Cai Gang
18240,Liang Aiqi
18241,Rong Rong
18242,He Qiang
18243,Dhruv Sehgal
18244,Adam Devine
18245,Ilana Glazer
18246,Isabela Moner
18247,Mitchell Hope
18248,Jacob Batalon
18249,Matthew Noszka
18250,Anna Akana
18251,Mason Gooding
18252,Andrea De Oliveira
18253,Victor Rivers
18254,Tewfik Jallab
18255,Mélanie Doutey
18256,Hugo Becker
18257,Kool Shen
18258,Hubert Koundé
18259,Seth Gueko
18260,Sonia Couling
18261,Chalad Na Songkhla
18262,Flore Bonaventura
18263,Nessbeal
18264,Dorian N'Goumou dit Dosseh
18265,Hache-P
18266,Cristina Umaña
18267,Juan Fernando Sánchez
18268,Nicolás Quiroga
18269,Julio César Pachón
18270,Roberto Cano
18271,Roger Narayan
18272,Dileep Raj
18273,Krishna Hebbale
18274,Ram Manjjonaath
18275,Chethan Dsouza
18276,Karen Kaia Livers
18277,Dominique McClellan
18278,Braelyn Kelly
18279,Emyri Crutchfield
18280,Cynthia Capers
18281,Erika Woods
18282,Tomoya Maeno
18283,Maika Yamamoto
18284,Junki Tozuka
18285,Shodai Fukuyama
18286,Ron Mizuma
18287,Takuya Wakabayashi
18288,Asuka Hanamura
18289,Masato Wada
18290,Naomi Nishida
18291,Tetta Sugimoto
18292,Ryohei Otani
18293,Deng Chao
18294,Sun Li
18295,Ryan Cheng
18296,Wang Qianyuan
18297,Hu Jun
18298,Wang Jingchun
18299,Guan Xiaotong
18300,Gi Alparone
18301,Roni Fischer
18302,Karol Alves
18303,João Pessanha
18304,Cameron Ocasio
18305,Brandon Weaver
18306,Zoran Korach
18307,Dre Swain
18308,Maree Cheatham
18309,Eduardo Drummond
18310,Alondra Hidalgo
18311,Seth Meyers
18312,Jessica Barden
18313,Alex Lawther
18314,Steve Oram
18315,Christine Bottomley
18316,Navin Chowdhry
18317,Gemma Whelan
18318,Jonathan Aris
18319,Eileen Davies
18320,Aidan Gillen
18321,Tyler Ross
18322,Lesley Fera
18323,Kim Guk-hee
18324,Jung Eugene
18325,Choi Jun-young
18326,Yoo Yeol
18327,Nam Mun-cheol
18328,Vince Swann
18329,Laila Odom
18330,Steven Lee Johnson
18331,Lindsay Lamb
18332,Zac Zedalis
18333,Cj Sykes
18334,Yetunde Oduwole
18335,Andrea Aboagye
18336,Daniel Davids
18337,Moji Bamtefa
18338,Jordan Coulson
18339,Joshua Fields Millburn
18340,Ryan Nicodemus
18341,Jaheem Toombs
18342,Owen Joyner
18343,Brady Reiter
18344,Lisa Arch
18345,Stephanie Escajeda
18346,Drake Bell
18347,Daniella Monet
18348,David Lewis
18349,Susanne Blakeslee
18350,Scott Baio
18351,Devon Weigel
18352,Brec Bassinger
18353,Jackie Radinsky
18354,Buddy Handleson
18355,Lilimar
18356,Rio Mangini
18357,Annie Tedesco
18358,Klarke Pipkin
18359,Angel Luis Rivera Jr.
18360,Russell Roberts
18361,Hayley Scherpenisse
18362,Patti Allan
18363,Katey Hoffman
18364,Mason Vale Cotton
18365,Francesca Smith
18366,Dan Castellaneta
18367,Craig Bartlett
18368,Donavon Stinson
18369,Jet Jurgensmeyer
18370,Colin Critchley
18371,Kirk Fogg
18372,Rahart Adams
18373,Larissa Albuquerque
18374,Drew Tanner
18375,Pauline Egan
18376,Samuel Patrick Chu
18377,Chase Ellison
18378,Anna Galvin
18379,Matt Winston
18380,Jillian Marie
18381,Valerie Tian
18382,Andrea Brooks
18383,Christie Laing
18384,Cainan Wiebe
18385,Brooke D'Orsay
18386,Garrett Ryan
18387,Adam Hochstetter
18388,Aaron Eisenberg
18389,Celestial
18390,Richard Balin
18391,Leon Thomas III
18392,Matt Bennett
18393,Avan Jogia
18394,Michael Eric Reid
18395,Jake Farrow
18396,Carmen Machi
18397,Pepón Nieto
18398,Ricardo Nkosi
18399,Montse Pla
18400,Malcolm Treviño-Sitté
18401,Pepa Charro
18402,Esperanza Elipe
18403,Mariana Cordero
18404,Txema Blasco
18405,Scott Kelly
18406,Niels Schneider
18407,Victor Assié
18408,Anne Azoulay
18409,Steven Pasquale
18410,Eugene Lee
18411,Brighton Sharbino
18412,Bo Derek
18413,Shelley Long
18414,Christopher Rich
18415,JoeDon Rooney
18416,Tiffany Fallon
18417,Paula Trickey
18418,Christian Kane
18419,Julian Ovenden
18420,Michael Landes
18421,Sally Phillips
18422,Patricia Hodge
18423,Ronni Ancona
18424,Sophie Simnett
18425,David Matranga
18426,Shelley Calene-Black
18427,Hilary Haag
18428,Akemi Kanda
18429,Kaytha Coker
18430,Sushant Singh Rajput
18431,Vikramjeet Virk
18432,Sapna Pabbi
18433,Kaustubh Kumar
18434,Ayumu Murase
18435,Yu Hayashi
18436,Toshiki Masuda
18437,Kazunari Tanaka
18438,Shinnosuke Tachibana
18439,Mark Ishii
18440,Fezile Mpela
18441,John Owen Lowe
18442,Colin Moss
18443,Katlyn Carlson
18444,Brian Muller
18445,Teya Patt
18446,Pamela Chabora
18447,Azumi Asakura
18448,Yuri Amano
18449,Kaori Fukuhara
18450,Mami Shitara
18451,Eri Sendai
18452,Juri Nagatsuma
18453,Kazuyoshi Shiibashi
18454,Yasuaki Takumi
18455,Kouhei Amasaki
18456,Devon Werkheiser
18457,McKayla Witt
18458,Joshua Cody
18459,Hank Stone
18460,Boulet Brothers
18461,Michael Dobson
18462,Dario Yazbek
18463,Sean Harris
18464,Tom Glynn-Carney
18465,Lily-Rose Depp
18466,Michela Cescon
18467,Elena Cotta
18468,Silvia D'Amico
18469,Vincent Scarito
18470,Darío Valenzuela
18471,Pablo Rago
18472,Giulia Michelini
18473,Carlos Kaspar
18474,Luise Befort
18475,Michelle Barthel
18476,Mohamed Issa
18477,Daniel Friedl
18478,Robert Schupp
18479,Sergio Acosta
18480,Jesús Báez
18481,Ángel Mosqueda
18482,Rodrigo Guardiola
18483,León Larregui
18484,Grego Rossello
18485,Yumi Uchiyama
18486,Hayato Kaneko
18487,Ryuzo Hasuike
18488,Alyssa Chia
18489,Mavis Fan
18490,Wang Po-chieh
18491,Jeremiah Zhang
18492,Chou Min-fu
18493,Kuo Tze-cheng
18494,Shen Hai-jung
18495,Lu Yi-long
18496,Savika Chaiyadej
18497,Supoj Chancharoen
18498,Pairoj Sangwariboot
18499,Suchao Pongwilai
18500,Nataya Chanrung
18501,Suchada Tongam
18502,Sasin Chow
18503,Kwon Yul
18504,Kang Ki-young
18505,Lee Da-wit
18506,Madhampatti Rangaraj
18507,Vela Ramamoorthy
18508,Ankur Vikal
18509,G. Marimuthu
18510,Sunny Charles
18511,Baek Hyeon-jin
18512,Park Joo-hee
18513,Oh Gwang-rok
18514,Todsapol Maisuk
18515,Johnny Hao
18516,Pemy Peramin Thabkaew
18517,Phenphet Phenkul
18518,Sumet Ong-Art
18519,Amarin Nitipon
18520,Tor Techathuwanan
18521,Komsan Kajonpaisansuk
18522,Arsenio Hall
18523,Hiyori Kon
18524,Zhao Yiqin
18525,Li Jiaqi
18526,Li Geyang
18527,Xu Mengyuan
18528,Wu Shuangyi
18529,Dong Yanlei
18530,Vincent Wei
18531,Lai Kuan-lin
18532,Zhao Jinmai
18533,Wang Runze
18534,Chai Wei
18535,Wang Bowen
18536,Naruna Costa
18537,Seu Jorge
18538,Hermila Guedes
18539,Lee Taylor
18540,Danilo Grangheia
18541,Pedro Wagner
18542,Nehir Erdoğan
18543,Tardu Flordun
18544,İlker Kaleli
18545,Serkan Keskin
18546,Esra Bezen Bilgin
18547,Aytaç Uşun
18548,Cem Özeren
18549,Caner Arçkan
18550,Da'Vine Joy Randolph
18551,Jesús Castro
18552,Sara Sálamo
18553,Jorge Usón
18554,Cayetana Cabezas
18555,Pablo Béjar
18556,Marco Cáceres
18557,Olivia Delcán
18558,Jorge Suquet
18559,Joaquín Galletero
18560,Carolina Yuste
18561,Jorge Román
18562,Mauricio Paniagua
18563,Paloma Ker
18564,Soledad Silveyra
18565,Florencia Raggi
18566,Gustavo Garzón
18567,Yayo Guridi
18568,Fabián Arenillas
18569,Nacho Gadano
18570,Belén Chavanne
18571,Artus
18572,Noémie Honiat
18573,La Terremoto de Alcorcón
18574,Christian Escribà
18575,Emma Greenwell
18576,Apollonia Pratt
18577,Debrianna Mansini
18578,Bruce Davis
18579,Noémie Schmidt
18580,Joel Basman
18581,Sunnyi Melles
18582,Udo Samel
18583,Rachel Braunschweig
18584,Oriana Schrage
18585,Meytal Gal
18586,Sean Xiao
18587,Wang Yibo
18588,Zoey Meng
18589,Xuan Lu
18590,Yu Bin
18591,Wang Zhuocheng
18592,Liu Haikuan
18593,Zhu Zanjin
18594,Wang Haoxuan
18595,Ji Li
18596,Colin Ford
18597,Alyvia Alyn Lind
18598,Austin Crute
18599,Cody Kearsley
18600,Jeanté Godlock
18601,Gregory Kasyan
18602,Jakob Dylan
18603,Ringo Starr
18604,Michelle Phillips
18605,Stephen Stills
18606,Regina Spektor
18607,Beck
18608,Eric Clapton
18609,Tom Petty
18610,Jackson Browne
18611,Norah Jones
18612,Nur Fazura
18613,Hisyam Hamid
18614,Shenty Feliziana
18615,Tony Eusoff
18616,Wan Hanafi Su
18617,Zhang Jin
18618,Liu Yan
18619,Kevin Cheng
18620,Chrissie Chow
18621,Xing Yu
18622,Brie Larson
18623,Jack Reynor
18624,Enzo Cilenti
18625,Noah Taylor
18626,Léa Seydoux
18627,Peter Simonischek
18628,August Diehl
18629,Magnus Millang
18630,Artemiy Spiridonov
18631,Tuface Idibia
18632,Motlatsi Mafatshe
18633,Celeste Ntuli
18634,Deneen Tyler
18635,Katia Gomez
18636,Sam Dede
18637,Shan George
18638,Austin Enabulele
18639,Precious Udoh
18640,Chloe Marsden
18641,Aaron Marsden
18642,María Esnoz
18643,Aylin Kontante
18644,Bülent Emrah Parlak
18645,Samriddhi Shukla
18646,Arannya Kaur
18647,Kim Jae-ha
18648,Kwon Ji-hye
18649,Lee Bo-hee
18650,Jung Yoon-jung
18651,Kim Bo-min
18652,Hong So-young
18653,Ahn Jang-hyuk
18654,Biel Montoro
18655,Nacho Sánchez
18656,Lola Cordón
18657,Itsaso Arana
18658,Chani Martín
18659,Iñigo Aranburu
18660,Kandido Uranga
18661,Javier Cifrián
18662,Mamen Duch
18663,Carolina Clemente
18664,Jorge Cabrera
18665,Daniel Fuster
18666,Edgar Costas
18667,Patxi Santamaría
18668,Funlola Aofiyebi
18669,Stephen Demian
18670,Afeez Oyetoro
18671,Oludara Egerton Shyngle
18672,Melissa Rauch
18673,Jeff Michalski
18674,Jane Morris
18675,Joep Vermolen
18676,Amy van der Weerden
18677,Loulou Hameleers
18678,Robbert Bleij
18679,Banky Wellington
18680,Hilda Dokubo
18681,Priyanshu Painyuli
18682,Shadab Kamal
18683,Rajeev Siddhartha
18684,Sheetal Thakur
18685,Swati Semwal
18686,Fedi Nuril
18687,Tatjana Saphira
18688,Dewi Sandra
18689,Chelsea Islan
18690,Pandji Pragiwaksono
18691,Arie Untung
18692,Dewi Irawan
18693,Lan Cheng-Lung
18694,Deng JiaJia
18695,Han Pengyi
18696,Sam Hayden-Smith
18697,Jenny Zhou
18698,Paul He
18699,Nathaniel Kelly
18700,Vrund Rao
18701,Ved Rao
18702,Abigail Adriano
18703,Jean Hinchliffe
18704,Nya Cofie
18705,Saba Zaidi Abdi
18706,Nicholas Brown
18707,Virginie Laverdure
18708,Avishma Lohith
18709,Zenia Starr
18710,Suzi Dougherty
18711,Aria Ferris
18712,Danny Kim
18713,Annabel Wolfe
18714,Eric Moon
18715,Jeon Hye-bin
18716,Kim Ji-seok
18717,Lee Jae-yoon
18718,Lee Han-wi
18719,Lee Pil-mo
18720,Park Na-rae
18721,Choi Ji-woo
18722,Lee Sang-yun
18723,Kim Min-jae
18724,Jung Soo-young
18725,Choi Yoon-so
18726,Park Hyo-ju
18727,Shannyn Sossamon
18728,John Beasley
18729,Tate Ellington
18730,Robert Daniel Sloan
18731,Dartanian Sloan
18732,Lea Coco
18733,Lewis Hamilton
18734,James Wilks
18735,Patrik Baboumian
18736,Scott Jurek
18737,Nimai Delgado
18738,Morgan Mitchell
18739,Rip Esselstyn
18740,Dotsie Bausch
18741,Damien Mander
18742,Michael Thomas
18743,Dr. Dean Ornish
18744,David Goldman
18745,Güler Ökten
18746,İlkin Tüfekçi
18747,Bedia Ener
18748,Emre Kızılırmak
18749,Bestemsu Özdemir
18750,Engin Akyürek
18751,Saygın Soysal
18752,Ali Yörenç
18753,Ahmet Tansu Taşanlar
18754,Elif İnci
18755,Martin Matte
18756,Kery James
18757,Jammeh Diangana
18758,Chloé Jouannet
18759,Lee Yoo-young
18760,On Ju-wan
18761,Yun Jong-seok
18762,Seo Hyun-woo
18763,Song Young-chang
18764,Tuvana Türkay
18765,Ülkü Duru
18766,Renan Bilek
18767,Seda Güven
18768,Toprak Sergen
18769,Ali Yoğurtçuoğlu
18770,Bedir Bedir
18771,Gümeç Alpay Aslan
18772,Lucy Capri
18773,Lauren Cochrane
18774,Shane Dean
18775,Christopher Gorham
18776,Kimmy Shields
18777,Michael Provost
18778,Erinn Westbrook
18779,Daniel Kang
18780,Arden Myrin
18781,Gbenga Titiloye
18782,Monalisa Chinda
18783,Oladele Ogunlana
18784,Jimmy Odukoya
18785,Marc Ruchmann
18786,Joséphine Drai
18787,Syrus Shahidi
18788,Yvan Naubron
18789,Guillaume Labbé
18790,Tom Dingler
18791,Alain Hernández
18792,Claudia Placer
18793,Daniela Rubio
18794,Emma Suárez
18795,Ramón Esquinas
18796,Felipe García Vélez
18797,Derek Stephen Prince
18798,Kyle McCarley
18799,Brandon Winckler
18800,Satoshi Mikami
18801,Hiroshi Yanaka
18802,Keiichi Sonobe
18803,Peter Gallagher
18804,Stacy Haiduk
18805,Kelly Kruger
18806,Christopher Sean
18807,Anne Leighton
18808,John-Paul Lavoisier
18809,Kristoff St. John
18810,Pallavi Sastry
18811,Cardi B
18812,Chance The Rapper
18813,Albert Halim
18814,Adriano Qalbi
18815,Sabrina Rochelle Kalangie
18816,Rizky Mocil
18817,Johnny Rose
18818,Annemarie Blanco
18819,Paul Tei
18820,Oscar Cheda
18821,Chuck Morgan
18822,Jenna Lamia
18823,James Carrey
18824,Yang Se-Jong
18825,Seolhyun
18826,Yu Oh-seong
18827,Ali Haji
18828,Hardik Thakkar
18829,Ali Mir
18830,Shaan Grover
18831,Ivan Rodrigues
18832,Tanya Streeter
18833,Cem Gelinoğlu
18834,Melis Babadag
18835,Ege Kökenli
18836,Lale Başar
18837,Ali Erkazan
18838,Özlem Çakar
18839,Selen Domaç
18840,Ferdi Sancar
18841,Güven Hokna
18842,Victoria Diamond
18843,William Romain
18844,Sydney Wade
18845,Jennifer James
18846,Daniel Ryan
18847,Robert Styles
18848,Rhys Gannon
18849,Maeve Larkin
18850,Margaret Jackman
18851,Katie Proctor
18852,Jonathan Blake
18853,Maximus Evans
18854,Anya Lawrence
18855,Tiffany Elefano
18856,Diya Kittur
18857,Berkley Silverman
18858,Malen Clarkson
18859,Jason Done
18860,Rosina Carbone
18861,Boris Burnell Anderson
18862,Macey Howarth
18863,Rebecca Hanssen
18864,William Haresceugh
18865,Chris Jack
18866,Zita Sattar
18867,Acushla-Tara Kupe
18868,Tillie Amartey
18869,Isabella Pinto
18870,Bella Band
18871,Lola Ogunyemi
18872,Elizabeth Bower
18873,Gianluca Gallucci
18874,Jacob Henshaw
18875,Amelia Curtis
18876,Romy Weltman
18877,Justin Paul Kelly
18878,Jordan Poole
18879,Jake Sim
18880,Leah Choudhry
18881,Daniel Ogbeide-John
18882,Emma Gregory
18883,Rachel Leskovac
18884,Andonis Anthony
18885,Julian Richings
18886,Kathryn Emily Douglas
18887,Harrison Gilbertson
18888,Will Buie Jr.
18889,Selim Bayraktar
18890,Berat Efe Parlar
18891,Esat Polat Güler
18892,Eda Döğer
18893,Dora Dalgıç
18894,Taha Sönmezisik
18895,Zeynep Ilgin Çelik
18896,Arda Taşarcan
18897,Alperen Efe Esmer
18898,İlknur Külahlıoglu
18899,İkra Külahlıoğlu
18900,Paul Anderson
18901,Annabelle Wallis
18902,Charlotte Riley
18903,Jeffrey Postlethwaite
18904,Matthew Postlethwaite
18905,Ian Peck
18906,Tony Pitts
18907,Aimee-Ffion Edwards
18908,Alisha Wainwright
18909,Ja'Siah Young
18910,Jazmyn Simon
18911,Sammi Haney
18912,Erin Matthews
18913,Jonny Cruz
18914,Angélica Vale
18915,Vic Chao
18916,Cassandra Ciangherotti
18917,Irán Castillo
18918,Sophie Alexander-Katz
18919,Flor Eduarda Gurrola
18920,Pablo Cruz Guerrero
18921,Park Hae-Jin
18922,Seo Kang-jun
18923,Lee Sung-kyoung
18924,Park Min-ji
18925,Hwang Seog-jeong
18926,Ahn Kil-kang
18927,Im Soo-jung
18928,Kwak Si-yang
18929,Jo Woo-jin
18930,Yang Jin-sung
18931,Ji Dae-han
18932,Chun Ho-jin
18933,Keshav Sadhna
18934,Shreya Mehta
18935,Hira Ashar
18936,Gagan Arora
18937,Kritika Avasthi
18938,Sejal Kumar
18939,Vajèn van den Bosch
18940,Buddy Vedder
18941,Leontine Borsato
18942,Caroline de Bruijn
18943,Stijn Fransen
18944,Marije Zuurveld
18945,Srishti Shrivastava
18946,Parul Gulati
18947,Simran Natekar
18948,Trupti Khamkar
18949,Khushbu Baid
18950,Kashyap Kapoor
18951,Raghav Raj Kakker
18952,Mukti Mohan
18953,Akanksha Thakur
18954,Elizabeth Daily
18955,Cheryl Chase
18956,Christine Cavanaugh
18957,Kath Soucie
18958,Michael Bell
18959,Joe Alaskey
18960,Debbie Reynolds
18961,Jack Riley
18962,Lim Yoona
18963,Son Tae-young
18964,Lee Hyun-woo
18965,Joy
18966,Lee Seo-won
18967,Hong Seo-young
18968,Melanie Chartoff
18969,Phil Proctor
18970,Owen Kline
18971,William Baldwin
18972,Halley Feiffer
18973,Ken Leung
18974,David Benger
18975,Ben McKenzie
18976,Donal Logue
18977,Sean Pertwee
18978,Camren Bicondova
18979,Cory Michael Smith
18980,Erin Richards
18981,Victoria Cartagena
18982,Andrew Stewart-Jones
18983,Larry Pine
18984,Jessica Lucas
18985,Drew Powell
18986,Crystal Reed
18987,Chris Chalk
18988,Michael Buscemi
18989,Michael Maize
18990,Mo Gilligan
18991,Fuka Koshiba
18992,Tom Fujita
18993,Hidetoshi Hoshida
18994,Hiroto Kanai
18995,Ryosuke Yusa
18996,Shuri Tanaka
18997,Chal Inoue
18998,Takashi Taniguchi
18999,Takeshi Masu
19000,Sohum Shah
19001,Danish Hussain
19002,Aksel Bonfil
19003,Derya Alabora
19004,Mert Öner
19005,Martina Gusman
19006,Gerardo Romano
19007,Claudio Rissi
19008,Carlos Portaluppi
19009,Nicolás Furtado
19010,Cleopatra Coleman
19011,Rudi Dharmalingam
19012,Rachel Keller
19013,Meezaan Jaffrey
19014,Sharmin Segal
19015,Chinmaya Surve
19016,Anil Gawas
19017,Sonal Jha
19018,Sanjay Gurbaxani
19019,Sameer Dharmadhikari
19020,Deepak Damle
19021,Tony Leung Chiu-wai
19022,Xiao Shen-Yang
19023,Zhao Benshan
19024,Song Hye-kyo
19025,Wang Qingxiang
19026,Lo Hoi-pang
19027,Cung Le
19028,Julian Cheung
19029,Luis Felipe Tovar
19030,Guy Ecker
19031,Isabella Castillo
19032,Bradley Stryker
19033,Gustavo Sánchez Parra
19034,Leonardo Ortizgris
19035,Rodrigo Oviedo
19036,Ramón Medína
19037,Christoph Niemann
19038,Tinker Hatfield
19039,Es Devlin
19040,Bjarke Ingels
19041,Paula Scher
19042,Platon
19043,Ilse Crawford
19044,Ralph Gilles
19045,Patrick Brammall
19046,Genevieve O'Reilly
19047,Emily Barclay
19048,Sean Keenan
19049,Hannah Monson
19050,John Leary
19051,Rodger Corser
19052,Andrew McFarlane
19053,Luke Arnold
19054,Samantha Ruth Prabhu
19055,Lakshmi
19056,Rajendraprasad
19057,Naga Shourya
19058,Rao Ramesh
19059,Teja Sajja
19060,Pragathi
19061,Aishwarya
19062,Aml Ameen
19063,Roxanne McKee
19064,Urs Rechn
19065,Tanya van Graan
19066,Andre Jacobs
19067,Sven Ruygrok
19068,Devadarshini Chetan
19069,Nishanti
19070,Judith Godreche
19071,David Wain
19072,Sanaj Naval
19073,Suhaas Khandke
19074,Saurabh Dubey
19075,Usha Jadhav
19076,Milind Soman
19077,Shin Sung-rok
19078,Moon Jung-hee
19079,Baek Yoon-sik
19080,Moon Sung-keun
19081,Kim Min-jong
19082,Jung Man-sik
19083,Jiavani Linayao
19084,Margot Bancilhon
19085,Stéphane Jobert
19086,Mhamed Arezki
19087,Sara Giraudeau
19088,Jérémie Renier
19089,Eva Meckbach
19090,Sylvester Groth
19091,Florence Kasumba
19092,Christian Berkel
19093,Christian Kuchenbuch
19094,Jonathan Berlin
19095,Deniz Arora
19096,Eduard Fernández
19097,María Morales
19098,Daniel Chamorro
19099,Javi Coll
19100,Carlos Manuel Díaz
19101,Nuria Mencía
19102,Milo Taboada
19103,Bill Gates
19104,Iria del Río
19105,Josep Linuesa
19106,Natàlia Barrientos
19107,Dèlia Brufau
19108,Yasmina Drissi Sales
19109,Júlia Gibert
19110,Mireia Oriol
19111,Asia Ortega Leiva
19112,Claudia Riera
19113,Mireia Aixalà
19114,Àgata Roca
19115,Ezgi Eyüboğlu
19116,Kadir Polatçi
19117,Aycan Koptur
19118,Kıvanç Baran Arslan
19119,Suresh Oberoi
19120,Kong Hyo-jin
19121,Son Dam-bi
19122,Ji E-su
19123,Thomas Turgoose
19124,Kierston Wareing
19125,Mark Strange
19126,Leo Gregory
19127,Luke LaFontaine
19128,Beau Fowler
19129,Dan Styles
19130,Los Tigres del Norte
19131,Jack Polak
19132,Ina Soep
19133,Tasuku Hatanaka
19134,Kanae Oki
19135,Kensuke Sato
19136,Maxwell Powers
19137,Hande Dane
19138,Lucie Boujenah
19139,Tiphaine Daviot
19140,Ralph Amoussou
19141,Bellamine Abdelmalek
19142,Mehdi Meskar
19143,Mireille Herbstmeyer
19144,Corinne Valancogne
19145,Pierre Aussedat
19146,Lu Han
19147,Shu Qi
19148,Shi Liang
19149,Godfrey Gao
19150,Wang Gongliang
19151,Wang Sen
19152,Sun Jialing
19153,Vincent Matile
19154,Ava Michelle
19155,Luke Eisner
19156,Clara Wilsey
19157,Rico Paris
19158,Angela Kinsey
19159,Ashley Walters
19160,Kane Robinson
19161,Shone Romulus
19162,Simbiatu Ajikawo
19163,Lisa Dwan
19164,David Omoregie
19165,Jasmine Jobson
19166,Hope Ikpoku Jr.
19167,Araloyin Oshunremi
19168,Keiyon Cook
19169,Kaitlyn Dever
19170,Scott Lawrence
19171,Austin Hébert
19172,Natalie Martinez
19173,Ronald Peet
19174,Kyle Schmid
19175,Sibylla Deen
19176,Gilles Geary
19177,Anthony Lee Medina
19178,Kota Eberhardt
19179,Emma Stone
19180,Mohammed Zeeshan Ayyub
19181,Subhrajyoti Barat
19182,Sushil Pandey
19183,Subba Rao Vepada
19184,Radha Bessy
19185,Kesava Karri
19186,Nithyasri Goru
19187,Praneetha Patnaik
19188,Mohan Bhagath
19189,Praveena Paruchuri
19190,Vishwaksen Naidu
19191,Sushanth Reddy
19192,Abhinav Gomatam
19193,Venkatesh Kakumanu
19194,Anisha Ambrose
19195,Simran Choudhary
19196,Murat Boz
19197,Açelya Topaloğlu
19198,Dilşad Şimşek
19199,Noah Emmerich
19200,Hadar Ratzon Rotem
19201,Waleed Zuaiter
19202,Julia Reichert
19203,Steven Bognar
19204,Karam Hussain
19205,Arif Bahlim
19206,Najiba Faiz
19207,Saleem Mairaj
19208,Imran Aslam
19209,Daniyal Yousuf
19210,Sohail Malik
19211,Ali Hafiz
19212,G.V. Prakash Kumar
19213,Samyuktha Hegde
19214,Suman
19215,Toshihiko Seki
19216,Olivia Corsini
19217,Sergio Nicolai
19218,Arman Saribekyan
19219,Sylvain Jailloux
19220,Francis Ressort
19221,Pancho Garcia Aguirre
19222,Shaghayegh Beheshti
19223,Elena Bellei
19224,Sébastien Brottet-Michel
19225,Célia Catalifo
19226,Rick Jones
19227,Michel Perron
19228,Holly Gauthier-Frankel
19229,Norman Groulx
19230,Ibrahim Almeirasi
19231,Ahmed Saif
19232,Alia Almannai
19233,Mohamed Morshed
19234,Tariq Almuhairi
19235,Hana Burnett
19236,Natalia-Jade Jonathan
19237,Leo Tang
19238,Gok Wan
19239,Ching-He Huang
19240,Pik Sen Lim
19241,David Yip
19242,Ludovik
19243,Jérôme Niel
19244,Nicolas Berno
19245,Johann Dionnet
19246,Caroline Anglade
19247,Joséphine Draï
19248,Pauline Deshons
19249,Marc Riso
19250,Romain Lancry
19251,Nicolas Lumbreras
19252,Claire Tran
19253,Pitcho Womba Konga
19254,Iván Marín
19255,Lina Cardona
19256,Karine Amaya
19257,Fabiola Posada
19258,Andrea Carvajal
19259,Rocío Tavera
19260,Alberto Saavedra
19261,Jorge Herrera
19262,Luciano González
19263,Alexis Sánchez
19264,Daniel Muñoz
19265,Marco Baeza
19266,Manuela Oyarzún
19267,Camilo Carmona
19268,Alejandra Yañez
19269,Lorna Campos
19270,Gustavo Becerra
19271,Jason Bolden
19272,Adair Curtis
19273,Nathalie Emmanuel
19274,Benedict Wong
19275,Ana María Arango
19276,Álvaro Bayona
19277,Katherine Porto
19278,Tiberio Cruz
19279,Felipe Calero
19280,Jimena Durán
19281,Sebastián Sánchez
19282,Isabella Barragán
19283,Dante Zee
19284,Natalia de Molina
19285,Natalia Mateo
19286,Ignacio Mateos
19287,Mario Tardón
19288,Jeffrey Bowyer-Chapman
19289,Anna Jullienne
19290,Claire Chitham
19291,Jonathan Martin
19292,William Walker
19293,Daniel Watterson
19294,Simone Walker
19295,Genezio de Barros
19296,Guilherme Piva
19297,Charles Baudin
19298,Travis Scott
19299,Carlos Chan
19300,Ken Hung
19301,Deep Ng
19302,Michelle Wai
19303,Yee Tong
19304,Felix Lok
19305,Kin-Yan Lee
19306,Justin Prentice
19307,Brandon Flynn
19308,Brian Yorkey
19309,Selena Gomez
19310,Mandy Teefey
19311,Jay Asher
19312,Dr. Rona Hu
19313,Dr. Helen Hsu
19314,Dr. Rebecca Hedrick
19315,Alexis Jones
19316,Elaine Welteroth
19317,Julia Bicknell
19318,Dr. Christine Moutier
19319,Nic Sheff
19320,Carrie Goldberg
19321,Joy Gorman
19322,Marissa Jo Cerar
19323,Susanne Timms
19324,Junpei Morita
19325,Kentaro Takano
19326,Yutaka Aoyama
19327,Haruka Shibuya
19328,Yuichi Karasuma
19329,Priti Sapru
19330,Jordan Sandhu
19331,Prabh Grewal
19332,Gurmeet Sajan
19333,Prince Kanwaljit Singh
19334,Sharry Mann
19335,Payal Rajput
19336,Jaswinder Bhalla
19337,Rupinder Roopi
19338,Mayday
19339,Huang Bo
19340,Tony Leung Ka-fai
19341,Milind Shirole
19342,Shwetambari Ghute
19343,Shitanshu Kumar Sharad
19344,Nishikant Rawji
19345,Sanjivani Khanvilkar
19346,Sanchana Natarajan
19347,David Solomon Raja
19348,Mike Hill
19349,Michael Bisping
19350,Lindsay Czarniak
19351,Angellie Saño
19352,Simon Amstell
19353,Guiomar Puerta
19354,Israel Elejalde
19355,Eudald Font
19356,Luis Larrodera
19357,Carmen Gutiérrez
19358,Marina San José
19359,Joan Pera
19360,Balthazar Murillo
19361,Vanesa González
19362,Alberto Ajaka
19363,Matías Recalt
19364,Osqui Guzmán
19365,Roberto Vallejos
19366,Diego Gallardo
19367,Paulina Andreeva
19368,Aleksandr Ustyugov
19369,Olga Lomonosova
19370,Vitaliya Kornienko
19371,Vera Panfilova
19372,Aleksandr Kuznetsov
19373,Fyodor Lavrov
19374,Sergey Sosnovskiy
19375,Kirill Polukhin
19376,Pavel Vorontsov
19377,Lisa Sanders
19378,Juana del Río
19379,Ángela Cano
19380,Miguel Dionisio Ramos
19381,Nelson Camayo
19382,Bruno Clairefond
19383,Marcela Mar
19384,Andrés Crespo
19385,John Narváez
19386,Edwin Morales
19387,Karla López
19388,Antonio Bolívar
19389,Rikki Simons
19390,Andy Berman
19391,Rodger Bumpass
19392,Jhonen Vasquez
19393,Kevin McDonald
19394,Olivia d'Abo
19395,Jonathan Groff
19396,Anna Torv
19397,Cotter Smith
19398,Hannah Gross
19399,Melora Hardin
19400,Brendan McCarthy
19401,Sam Page
19402,Michael Ian Black
19403,Debbi Morgan
19404,Yang Yang
19405,Jiang Shuying
19406,Lai Yumeng
19407,Li Muchen
19408,Lai Yi
19409,Fan Jinwei
19410,Jiang Long
19411,Sun Ning
19412,Li Junchen
19413,Zhao Chulun
19414,Liu Qiushi
19415,Jiang Xueming
19416,Liang Yimu
19417,Yang Tindong
19418,Gao Hanyu
19419,Kuang Muye
19420,Ji Xiangning
19421,Hao Shuai
19422,Song Hanyu
19423,Gu Youming
19424,Jon Plazaola
19425,Lander Otaola
19426,Secun de la Rosa
19427,Maribel Salas
19428,Mikel Losada
19429,Enrique Villén
19430,Anabela Teixeira
19431,César Mateo
19432,María de Nati
19433,Iñaki Ardanaz
19434,Farah Hamed
19435,Lisi Linder
19436,Khaled Kouka
19437,Óscar Zafra
19438,Jesús Ruyman
19439,Alfonso Torregrosa
19440,Itziar Lazkano
19441,Son Khoury
19442,Youssef Bougarouane
19443,Marcial Álvarez
19444,Hinaki Yano
19445,Yosuke Akimoto
19446,Nobuyuki Hiyama
19447,Katsuhisa Houki
19448,Tomomi Maruyama
19449,Lin He-xuan
19450,Phoebe Lin
19451,Dara Hanfman
19452,Nikki Hsin-Ying Hsieh
19453,Whindersson Nunes
19454,Asif Ali
19455,Siddique
19456,Pratap Pothan
19457,Samyuktha Menon
19458,Anarkali Marikar
19459,Prem Prakash
19460,Oviya
19461,Masoom Shankar
19462,Bommu Lakshmi
19463,Monisha Ram
19464,Tej Raj
19465,Shree Gopika
19466,Calum Von Moger
19467,Pádraic Delaney
19468,Olivia Ross
19469,Bobby Schofield
19470,Sarah-Sofie Boussnina
19471,Myrna Velasco
19472,Britney Young
19473,Sydelle Noel
19474,Gayle Rankin
19475,Kimmy Gatewood
19476,Rebekka Johnson
19477,Ellen Wong
19478,Kate Nash
19479,Alex Rich
19480,Malcolm Goodwin
19481,Robert Buckley
19482,David Anders
19483,Aly Michalka
19484,Khushboo Upadhyay
19485,Rohit Kokate
19486,Himanshu Kohli
19487,Mohammed Shakir
19488,Charlie Adler
19489,Mr. Lawrence
19490,Joe Murray
19491,Christian Malheiros
19492,Jottapê
19493,Bruna Mascarenhas
19494,David Rysdahl
19495,Ben Rosenfield
19496,Zachary Booth
19497,Kim Sang-jung
19498,Ma Dong-seok
19499,Kang Ye-won
19500,Kang Shin-il
19501,Ji-a Min
19502,Hwang Seung-eon
19503,Adel Karam
19504,Amel Bouchoucha
19505,Andrea Navedo
19506,Yael Grobglas
19507,Justin Baldoni
19508,Brett Dier
19509,Jaime Camil
19510,Anthony Mendez
19511,Yoon Du-jun
19512,Kim Hee-won
19513,Cho Eun-ji
19514,Kim Ji-young
19515,Lee Soo-kyung
19516,Yoon So-hui
19517,Do-yeon Lee
19518,Jang Won-young
19519,Byun Yo-han
19520,Shin Eun-jung
19521,Park Bo-young
19522,Kim Seul-ki
19523,Go Ara
19524,Dohee
19525,Cha Seon-wu
19526,Jung Eun-ji
19527,Seo In-guk
19528,Shin So-yul
19529,Ji-won Eun
19530,Lee Ho-won
19531,Lee Si-eon
19532,Katheryn Winnick
19533,Li Jun Li
19534,Celia Au
19535,Lewis Tan
19536,Lawrence Kao
19537,Juju Chan
19538,Cranston Johnson
19539,Summer Glau
19540,Tony Luke
19541,Theo Von
19542,Lorna Tolentino
19543,Gabby Concepcion
19544,Inigo Pascual
19545,Kozo Morishita
19546,Yoko Takahashi
19547,Shinji Aramaki
19548,Kenji Kamiyama
19549,Melissa Joan Hart
19550,Siena Agudong
19551,Lauren Lindsey Donzis
19552,Kalama Epstein
19553,Jorge A. Jiménez
19554,David Medel
19555,Luciano Marti
19556,Joanna Larequi
19557,Claudia Santiago
19558,Paul Choza
19559,Gabriel Casanova
19560,Alisson Santiago
19561,Ofelia Medina
19562,Silvia Pasquel
19563,Luca Gilliot
19564,Léa Moret
19565,Camille Shooshani
19566,Vijay Kumar
19567,Vismaya
19568,Shankar Thas
19569,Abbas
19570,Sudhakar
19571,Durai Ramesh
19572,Raja Goutham
19573,Chandini Chowdary
19574,Bomma Sreedhar
19575,John Kottoly
19576,Srikanth Mullagiri
19577,Ravi Teja
19578,Chermarn Boonyasak
19579,Nattapat Nimjirawat
19580,Matthew Deane Chanthavanij
19581,Inthira Charoenpura
19582,Natharinee Kanasoot
19583,Alison Bell
19584,Duncan Fellows
19585,Noni Hazlehurst
19586,Sacha Horler
19587,Leon Ford
19588,Lucy Durack
19589,Leah Vandenberg
19590,Celeste Barber
19591,Xana Tang
19592,Alessandro Nivola
19593,Alex Hassell
19594,Kelsy Abbott
19595,Jaylen Barron
19596,Bridget Everett
19597,Brandon Wardell
19598,Steve Agee
19599,Spencer Rothbell
19600,Nick Sumida
19601,Ashley Boettcher
19602,Wade Randolph
19603,Bernat Quintana
19604,Adrian Pang
19605,Andrew Lua
19606,Rachel Lascar
19607,Fina Rius
19608,Miranda Gas
19609,Jake Cuenca
19610,Maxene Magalona
19611,Charo Santos
19612,Mary Joy Apostol
19613,Victor Artus Solaro
19614,Manon Azem
19615,Louise Blachère
19616,Margot Dufrene
19617,Anne-Solenne Hatte
19618,Dany Verissimo-Petit
19619,Denis Lavant
19620,Aurélien Cotentin
19621,Mathieu Madénian
19622,Ji Soo
19623,Jung Chae-yeon
19624,Jinyoung
19625,Choi Ri
19626,Hong Ji-yoon
19627,Luciano Cáceres
19628,Heidi Toini
19629,Regina Lamm
19630,Samuel Anderson
19631,Blu Hunt
19632,AJ Rivera
19633,Alex Ozerov
19634,Alexander Eling
19635,Lina Renna
19636,Lili Beaudoin
19637,Rebecca Husain
19638,Nicholas Tse
19639,Nick Cheung
19640,Zhang Jing-chu
19641,Miao Pu
19642,Liu Kai-chi
19643,Philip Keung
19644,Kwok Jing-hung
19645,Sherman Chung
19646,Wong Suet-yin
19647,Wong Sum-yin
19648,Charlene Choi
19649,Gao Yunxiang
19650,Shatina Chen
19651,Alice Li
19652,Jiayu Xie
19653,Jiemeng Zhuang
19654,Venus Wong
19655,Ching-Wan Hui
19656,Jennifer Zhang
19657,Jaycee Chan
19658,Gillian Chung
19659,Wilson Chen Bo-Lin
19660,Tony Leung Ka Fai
19661,Qu Ying
19662,Fan Bingbing
19663,Xie Jing-jing
19664,Daniel Wu
19665,Sammo Kam-Bo Hung
19666,Wu Jing
19667,Yuen Wah
19668,Jess Zhang
19669,Steven Cheung
19670,Lier Qiu
19671,Shek Sau
19672,Sam Lee
19673,Andy Liang
19674,Jeana Ho Pui-yu
19675,Joyce Cheng
19676,Ava Liu
19677,Shiga Lin
19678,Kelly Chen Jia-li
19679,Eric Suen Yiu-wai
19680,Eric Kwok
19681,Mix
19682,Adam Pak
19683,Patrick Tang
19684,Estefanía de los Santos
19685,Terele Pávez
19686,María Alfonsa Rosso
19687,Alfonso Sánchez
19688,Paz Vega
19689,Marta Torné
19690,Concha Galán
19691,Aarna Sharma
19692,Aaryansh Malviya
19693,Mikail Gandhi
19694,Palash Kamble
19695,Sameer Kochhar
19696,Sara Gesawat
19697,Cha Eun-woo
19698,Park Ki-woong
19699,Lee Ji-hoon
19700,Park Ji-hyun
19701,Gong Jung-hwan
19702,Choi Duk-mun
19703,Ashley Scott
19704,Paul Sloan
19705,Daniel Booko
19706,Siddarth Jadhav
19707,Shrikant Yadav
19708,Vijay Nikam
19709,Usha Naik
19710,Lucas Grabeel
19711,Diamond White
19712,Colleen Smith
19713,Vargus Mason
19714,Zhu Yanmanzi
19715,Zhao Shunran
19716,Shen Yu
19717,Zhang Yichi
19718,Mengqin
19719,Esther Chen
19720,Zhang Zhehao
19721,He Meixuan
19722,Yuan Baizihui
19723,Suhas Joshi
19724,Mrunmayee Deshpande
19725,Ajinkya Bhosale
19726,Jayant Gadekar
19727,Vivekanand Walake
19728,Pallavi Malvade
19729,Nirmala Tikam
19730,Mary Woronov
19731,Heather Lawless
19732,Michael Lerner
19733,Marion Van Cuyck
19734,Bridey Elliott
19735,Lidia Porto
19736,Graham Wagner
19737,Randolph Thompson
19738,Harumi Sakurai
19739,Shun Takagi
19740,Fuko Saito
19741,Yui Makino
19742,Hiro Masuda
19743,Michael Rivas
19744,Eiichiro Tokumoto
19745,Chie Matsuura
19746,Takayuki Kondo
19747,Kaoru Mizuhara
19748,Ryuichi Kijima
19749,Andy Garcia
19750,Cheryl Hines
19751,Chris Obi
19752,Hovik Keuchkerian
19753,Juan Dos Santos
19754,Arturo Valls
19755,Enrique San Francisco
19756,Eric Nguyen
19757,Vera Vitali
19758,Erik Johansson
19759,Fredrik Hallgren
19760,Petra Mede
19761,Frank Dorsin
19762,Jacob Lundqvist
19763,Amanda Lindh
19764,Marianne Mörck
19765,Barbro Svensson
19766,Ann Petrén
19767,Johan Ulveson
19768,Leo Razzak
19769,Felix Engström
19770,Lee Hong-chi
19771,Louise Grinberg
19772,Huang Lu
19773,Tim Noonan
19774,PJ Madam
19775,Max von der Groeben
19776,Jella Haase
19777,Kim Jun-han
19778,Yim Sung-eon
19779,Song Seung-hwan
19780,Kil Hae-yeon
19781,Lee Moo-saeng
19782,Wang Hsi-hua
19783,Lai Wei
19784,Zhang Yu-quan
19785,Chen Yu-kuan
19786,Gao Ming-xiao
19787,Tian Zhi-jie
19788,Li Xiang-yu
19789,Guo Ya-zhen
19790,Zhan Yi-chun
19791,Ye Yu-jia
19792,Teyonah Parris
19793,Boris McGiver
19794,Christian Cooke
19795,Markice Moore
19796,Manpreet Bambra
19797,Celine Buckens
19798,Caroline Ford
19799,Natalie Gumede
19800,Bruce Herbelin-Earle
19801,Noah Huntley
19802,Kerry Ingram
19803,Paul Luebke
19804,Geoffrey McGivern
19805,Navia Ziraili Robinson
19806,Milo Twomey
19807,Carla Woodcock
19808,Yu Menglong
19809,Ju Jingyi
19810,Pei Zitian
19811,Xiao Yan
19812,Nie Zihao
19813,Yu Lang
19814,Minami Hamabe
19815,Mahiro Takasugi
19816,Aoi Morikawa
19817,Charlie Heaton
19818,Cara Buono
19819,Dacre Montgomery
19820,Robert Jack
19821,Susanna Herbert
19822,Ben Cartwright
19823,Oliver Dimsdale
19824,Elsie Bennett
19825,Bernice Stegers
19826,Lorinska Merrington
19827,Jane Scandizzo
19828,Rachel Watts
19829,Maria DiGeronimo
19830,Kanokchat Munyadon
19831,Gyeon Seo
19832,Nalin Hohler
19833,Chinawut Indracusin
19834,Preeyada Sitthachai
19835,Akarin Akaranitimaytharatt
19836,Adul Charoenrasameekiat
19837,Kanlaya Lertkasemsup
19838,Chanon Santinatornkul
19839,Sutatta Udomsilp
19840,Cholsawas Tiewwanichkul
19841,Surapol Poonpiriya
19842,Bae Jong-ok
19843,Kim Gyu-ri
19844,Tony Leondis
19845,Kira Tozer
19846,Bruno Guéraçague
19847,Damien Laquet
19848,David Gasman
19849,Barbara Scaff
19850,Natsumi Takamori
19851,Kaede Hondo
19852,Phantira Pipityakorn
19853,Sapol Assawamunkong
19854,Surasak Vongthai
19855,Sahatchai 'Stop' Chumrum
19856,Makorn Supinacharoen
19857,Sasithorn Panichnok
19858,Alka Amin
19859,Rajesh Shringarpure
19860,Anil George
19861,Ramya Krishnan
19862,Mysskin
19863,Gayathrie
19864,Ashwanth Ashok Kumar
19865,Bagavathi Perumal
19866,Jesús Abad Colorado
19867,Luke Jacobz
19868,Juliet Ashworth
19869,Alex Sirvent
19870,Fernando Estrada
19871,Alejandro Oliva
19872,David Villegas
19873,Xavier Cervantes
19874,Cuauhtémoc Duque
19875,Karyme Lozano
19876,Rodrigo Treviño
19877,Álex de Lucas
19878,Mariona Terés
19879,Thom Yorke
19880,Kan Kantathavorn
19881,Chayanan Manomaisantiphap
19882,Suwaphat Techaviriyawong
19883,Prachakorn Piyasakulkaew
19884,Nattarika Thampridanant
19885,Michael Shaowanasai
19886,Pattanachai Adirek
19887,Hikaru Utada
19888,Dhritiman Chatterjee
19889,Saswata Chatterjee
19890,Indraneil Sengupta
19891,Riddhi Sen
19892,Tiger Chen
19893,Celina Jade
19894,JeeJa Yanin
19895,Dominiquie Vandenberg
19896,Diego Velázquez
19897,Paulina Garcia
19898,Malena Sánchez
19899,Emilio Vodanovich
19900,Norman Briski
19901,Luis Gerónimo Abreu
19902,José Ramón Barreto
19903,Ernesto Benjumea
19904,Félix Antequera
19905,Jefferson Quiñones
19906,Shany Nadan
19907,María José Vargas
19908,Hans Martínez
19909,Mauro Mauad
19910,Rosmeri Marval
19911,Irene Esser
19912,Nohely Arteaga
19913,Yuko Miyamura
19914,Hiro Yuki
19915,Miki Nagasawa
19916,José Giménez Zapiola
19917,Paulo Sanchez Lima
19918,Axel Muñiz
19919,Majo Cardoso
19920,Tetsuya Iwanaga
19921,David Marciano
19922,Cynthia Addai-Robinson
19923,Shantel VanSanten
19924,Tannishtha Chatterjee
19925,Sonamoni Jayant Gadekar
19926,Ashwath Bhatt
19927,Atul Mahale
19928,Paula Beer
19929,Alexis Michalik
19930,Damien Bonnard
19931,Pierre Cevaër
19932,Sébastien Libessart
19933,Khalil Everage
19934,Dave East
19935,Seandrea Sledge
19936,Ashley Jackson
19937,Megan Sousa
19938,James Freedson-Jackson
19939,Hays Wellford
19940,Sean Hartley
19941,Loi Nguyen
19942,Niklas Bruhn
19943,Tinka Furst
19944,Bela B. Felsenheimer
19945,Martina Schöne-Radunski
19946,Mathias Bloech
19947,Tanna Barthel
19948,Felix Maria Zeppenfeld
19949,Kalle Schwensen
19950,Akina Abe
19951,Takumi Yamasaki
19952,Aya Suzaki
19953,Mayumi Shintani
19954,Abhay Mahajan
19955,Dipti Sati
19956,Shubhangi Tambale
19957,Chetan Dalvi
19958,Pihu Myra Vishwakarma
19959,Zhang Chao
19960,Li Tingting
19961,Chen Bohao
19962,Zhang Zhang
19963,Li Jiuxiao
19964,Deng Yuli
19965,Li Huan
19966,Fang Wenqiang
19967,Gong Rui
19968,Patrick Ridremont
19969,Constance Gay
19970,Tom Audenaert
19971,Roda Fawaz
19972,Danitza Athanassiadis
19973,James Davis
19974,Renaud Rutten
19975,Camille Aguilar
19976,Naidra Ayadi
19977,Brigitte Sy
19978,Anne Suarez
19979,Dan Herzberg
19980,Olivier Bonjour
19981,Thomas Doret
19982,Maísa Silva
19983,Filipe Bragança
19984,Miriam Freeland
19985,Marcelo Valle
19986,Sérgio Malheiros
19987,Giovanna Grigio
19988,Bárbara Maia
19989,Letícia Pedro
19990,Leo Cidade
19991,Matheus Costa
19992,Isabel Fillardis
19993,Selma Lopes
19994,Guillermo Iván
19995,César Manjarrez
19996,Liliana Moreno
19997,Marco Uriel
19998,Mario Zaragoza
19999,Fernando Sarfatti
20000,José Ángel Bichir
20001,Paty Blanco
20002,Pía Sanz
20003,Scarlet Gruber
20004,Pakey Vázquez
20005,Ivonne Montero
20006,Necar Zadegan
20007,Alanna Ubach
20008,Rahul Khanna
20009,Sanjay Suri
20010,Akash Khurana
20011,Diallo Riddle
20012,Notlim Taylor
20013,Amir O'Neil
20014,Carrie-Anne Moss
20015,Eka Darville
20016,Susie Abromeit
20017,Luke Evans
20018,Gemma Arterton
20019,Luis Gerardo Méndez
20020,Dany Boon
20021,Pablo Lyle
20022,Leonardo Daniel
20023,Javier Díaz Dueñas
20024,Daniel Martínez
20025,Pamela Almanza
20026,Roberto Blandón
20027,Sebastián Ferrat
20028,Gabriela Zamora
20029,Mauricio Pimentel
20030,Julio Casado
20031,Eivaut Rischen
20032,Salma Malhas
20033,Sultan Alkhail
20034,Hamzeh Okab
20035,Aysha Shahaltough
20036,Zaid Zoubi
20037,Ban Halaweh
20038,Yasser Al Hadi
20039,Ava DuVernay
20040,Bianca Hello
20041,Nabilah Ayu
20042,Sophia Latjuba
20043,Jeremy Thomas
20044,Patti Smith
20045,Roger McGuinn
20046,Joni Mitchell
20047,Scarlet Rivera
20048,Ramblin' Jack Elliott
20049,Ronnie Hawkins
20050,Anne Waldman
20051,Ronee Blakley
20052,Nurfathiah Diaz
20053,Gonzalo Delgado
20054,Olivia Molinaro Eijo
20055,Jeannette Sauksteliskis
20056,Tomás Wahrmann
20057,María Noel Gutiérrez
20058,Marcelo Fernández Borsari
20059,Alejandro Castiglioni
20060,Cecilia Caballero Jeske
20061,Martín Reyes
20062,Carolina Penadés
20063,Natascha McElhone
20064,Italia Ricci
20065,LaMonica Garrett
20066,Paulo Costanzo
20067,Zoe McLellan
20068,Greta Fernández
20069,Sara Casasnovas
20070,Kelly Lua
20071,Manuel Lourenzo
20072,Mariana Carballal
20073,Roberto Leal
20074,Luisa Merelas
20075,Amparo Moreno
20076,Lluís Homar
20077,Clara Rugaard
20078,Luke Hawker
20079,Aparshakti Khurana
20080,Atul Srivastava
20081,Adam Moussamih
20082,Charli Birdgenau
20083,Vlastra Vrana
20084,Alexandre Harough
20085,Dieter Hallervorden
20086,Annette Frier
20087,Vedat Erincin
20088,Michael Lott
20089,Hans Martin Stier
20090,Anneke Kim Sarnau
20091,Ingrid Nilson
20092,Paul Gross
20093,Murray Bartlett
20094,Barbara Garrick
20095,Charlie Barnett
20096,Garcia
20097,May Hong
20098,Jen Richards
20099,Zosia Mamet
20100,Daniela Vega
20101,Clarence Avant
20102,Quincy Jones
20103,Aenne Schwarz
20104,Andreas Döhler
20105,Hans Löw
20106,Tilo Nest
20107,Lina Wendel
20108,Yuki Kaneko
20109,Mayu Matsuoka
20110,Rosemarie DeWitt
20111,Douglas Hodge
20112,Brenna Harding
20113,Owen Teague
20114,Andrew Gower
20115,Kiran Sonia Sawar
20116,Georgina Campbell
20117,Maxine Peake
20118,Jake Davies
20119,Clint Dyer
20120,Letitia Wright
20121,Babs Olusanmokun
20122,Cherry Jones
20123,Mackenzie Davis
20124,Madeline Brewer
20125,Malachi Kirby
20126,Jerome Flynn
20127,Rory Kinnear
20128,Lindsay Duncan
20129,Daniel Kaluuya
20130,Jodie Whittaker
20131,Domhnall Gleeson
20132,Daniel Rigby
20133,Oona Chaplin
20134,Pierre Bokma
20135,Reinout Scholten van Aschat
20136,Colleen Ballinger
20137,Jeremy Howard
20138,Jang Dong-gun
20139,Kim Ok-vin
20140,Kim Eui-sung
20141,Lee Do-gyeong
20142,Suyog Rajendra Gorhe
20143,Sandeep Kulkarni
20144,Vidya Karanjikar
20145,Sayli Patil
20146,Nicholas Teo
20147,Yao Ai-ning
20148,Li Chung-lin
20149,Miao Ke-li
20150,Subrat Dutta
20151,Mandakini Goswami
20152,Amrita Chattopadhyay
20153,Nalneesh Neel
20154,Niloy Sankar Gupta
20155,Shiny Gogoi
20156,Siddharth Boro
20157,Shigeru Chiba
20158,Bogdan Iancu
20159,Aggy K. Adams
20160,Holly Horne
20161,Basil Eidenbenz
20162,Melanie Ebanks
20163,Leonardo Boudreau
20164,Andromeda Godfrey
20165,Lam Yiu-sing
20166,Ma Chi Wai
20167,Wiyona Yeung
20168,Eric Kot
20169,Yuen Qiu
20170,Lisa Cheng
20171,Jason Li
20172,Paul Sorvino
20173,Brett Donahue
20174,Michelle Mylett
20175,Tony Nappo
20176,Anjali Patil
20177,Om Kanojiya
20178,Niteesh Wadhwa
20179,Prasad
20180,Adarsh
20181,Rasika Agashe
20182,Shen Teng
20183,Yin Zheng
20184,Johnny Huang
20185,Zhang Benyu
20186,Yin Fang
20187,Tian Yu
20188,Wei Xiang
20189,Caleel Harris
20190,Ethan Herisse
20191,Marquis Rodriguez
20192,Jovan Adepo
20193,Justin Cunningham
20194,Freddy Miyares
20195,Kylie Bunbury
20196,Felicity Huffman
20197,Park Jung-min
20198,Yoo Ji-tae
20199,Jin Seon-kyu
20200,Ji Seung-hyeon
20201,Jeff Ross
20202,Rachel Feinstein
20203,Jerry Minor
20204,Ayden Mayeri
20205,Mindy Rickles
20206,Brandon T. Jackson
20207,John Gemberling
20208,Leonardo Nam
20209,Josh Homme
20210,Kazutoyo Koyabu
20211,Anwulika Alphonsus
20212,Mariam Precious Sanusi
20213,Angela Ekeleme
20214,Miya Cech
20215,Scott MacArthur
20216,Dean S. Jagger
20217,Michael Beach
20218,Lynn Collins
20219,Tony Cavalero
20220,Jason Rogel
20221,Rudy Mancuso
20222,Amanda Cerny
20223,Allan Graf
20224,Cameron Fuller
20225,Richard Gore
20226,Peter Parros
20227,Annie Cavalero
20228,Cleo Anthony
20229,Anthony Ramos
20230,Chyna Layne
20231,Margot Bingham
20232,Ilfanesh Hadera
20233,Elvis Nolasco
20234,De'Adre Aziza
20235,Allison Williams
20236,Alaina Huffman
20237,Mark Kandborg
20238,Graeme Duffy
20239,Jane Levy
20240,Keith Powers
20241,Samantha Marie Ware
20242,Juan Castano
20243,Dave Annable
20244,Saamer Usmani
20245,Daniella Pineda
20246,John Clarence Stewart
20247,Louis Herthum
20248,Akiva Schaffer
20249,Jorma Taccone
20250,Hannah Simone
20251,Jim O'Heir
20252,Alana Haim
20253,Este Haim
20254,Danielle Haim
20255,Abhimanyu Dassani
20256,Jimit Trivedi
20257,Sartaaj Kakkar
20258,Gavin Lewis
20259,Theodore Barnes
20260,Shelby Simmons
20261,Cynthia Kaye McWilliams
20262,José María de Tavira
20263,Antonio Gaona
20264,Hernán Mendoza
20265,Christian Vasquez
20266,Ariel López Padilla
20267,"Solvan ""Slick"" Naim"
20268,Jade Eshete
20269,Adriane Lenox
20270,Eden Marryshow
20271,Sam Eliad
20272,Devale Ellis
20273,J. Ray Acosta
20274,Cristine Reyes
20275,Germaine De Leon
20276,Ronnie Lazaro
20277,Saverio Raimondo
20278,Eden Duncan-Smith
20279,Dante Crichlow
20280,Astro
20281,Johnathan Nieves
20282,Wavyy Jonez
20283,Myra Lucretia Taylor
20284,Ed Westwick
20285,James Buckley
20286,Joe Thomas
20287,Lauren O'Rourke
20288,Nigel Lindsay
20289,Lloyd Hutchinson
20290,Lee Ross
20291,Chad Connell
20292,Marco Grazzini
20293,Mark Camacho
20294,Elana Dunkelman
20295,Kelly Hope Taylor
20296,Kenny Wong
20297,Daniela Sandiford
20298,Christina Tannous
20299,Lolita Chatterjee
20300,Sumanto Chattopadhyay
20301,Ratnabali Bhattacharjee
20302,Indrajit Sinha
20303,Sandershika Tamang
20304,Arunima Sinha
20305,Satya Priya Chakraborty
20306,Christel Das
20307,Burjor Patel
20308,Beattie Edmondson
20309,Ed Skrein
20310,Tom Bennett
20311,Kathryn Drysdale
20312,Joanna Ruiz
20313,Ryan Sampson
20314,Kelly Marie Stewart
20315,Talha Arshad Reshi
20316,Rasika Dugal
20317,Vikas Kumar
20318,Sumit Kaul
20319,Bashir Lone
20320,Gurveer Singh
20321,Ashraf Nagoo
20322,Mir Sarvar
20323,Chiara Francia
20324,Mercedes Lambre
20325,Mario Guerci
20326,Victoria Ramos
20327,Riley Wang
20328,Zhao Lusi
20329,Zhang Jiongmin
20330,Gratitude Dai
20331,Yuan Hao
20332,Joe Anderson
20333,Alisha Bailey
20334,Jessamine-Bliss Bell
20335,Martin Hutson
20336,Aaron McCusker
20337,Cyril Nri
20338,Manaka Iwami
20339,Billy Crystal
20340,Jay Leno
20341,Rita Wilson
20342,Bill Maher
20343,Mary McCormack
20344,Ruth Buzzi
20345,Jo Anne Worley
20346,Loni Anderson
20347,Loni Love
20348,Cheri Oteri
20349,Lisa Ann Walter
20350,Hepi Mita
20351,Kara Hui
20352,Benjamin Yuen
20353,Sisley Choi
20354,Hui Shiu Hung
20355,Ben Wong
20356,Joman Chiang
20357,Antonella Costa
20358,Geraldine Neary
20359,Pedro Campos
20360,Álvaro Espinosa
20361,Lisa Amedjout
20362,Sofia Bent
20363,Nabila Bounad
20364,Kader Benchoudar
20365,Nabila Ait Amer
20366,Tony Leung Chiu Wai
20367,Lau Ching Wan
20368,Ni Yan
20369,Paul Chun
20370,Kenya Sawada
20371,Zazie Beetz
20372,Aya Cash
20373,Michael Chernus
20374,Selton Mello
20375,Caroline Abras
20376,Enrique Diaz
20377,Antonio Saboia
20378,Otto Jr.
20379,Osvaldo Mil
20380,Giulio Lopes
20381,Susana Ribeiro
20382,Tiffany Tang
20383,Luo Jin
20384,Rachel Momo
20385,Hsin Ai Lee
20386,Kathryn Newton
20387,Sean Berdy
20388,Natasha Liu Bordizzo
20389,Jacques Colimon
20390,Olivia DeJonge
20391,Alex Fitzalan
20392,Kristine Froseth
20393,José Julián
20394,Alex MacNicoll
20395,Toby Wallace
20396,Ana Gasteyer
20397,Rachel Dratch
20398,Paula Pell
20399,Emily Spivey
20400,Peng Sun
20401,Li Yongzhen
20402,Zhuang Kebi
20403,Zhang Shunyuan
20404,Wang Wei
20405,Wen Shaoping
20406,Liu Shumin
20407,Lu Huiting
20408,Ye Chengcheng
20409,Chen Yuqi
20410,Ungku Ismail
20411,Fasha Sandha
20412,Bell Ngasri
20413,Wan Sharmila
20414,Sherry Alhadad
20415,Sharifah Amani
20416,Fezrul Khan
20417,Ungku Hariz
20418,Ruzana Ibrahim
20419,Zain Saidan
20420,Cristina Suzanne
20421,Safia Hanifah
20422,Raja Ilya
20423,Nazim Othman
20424,Zain Hamid
20425,Tunku Hanis
20426,Ady Putra
20427,Fadlan Hazim
20428,Shima Anuar
20429,Nazeera Sardi
20430,Dian P. Ramlee
20431,Rosnah Johari
20432,Idris Md Diah
20433,Johan As'ari
20434,Nur Risteena
20435,Niena Baharun
20436,Rain Shuaiyu
20437,Rickman Chia
20438,Orange Tan
20439,Bernard Shen Jun
20440,Kopi Lim Guo Wei
20441,Dennis Gan
20442,Frederick Lee
20443,Karena Teo
20444,Jeffrey Cheng
20445,Janelle Chin
20446,Lenna Lim
20447,Rabbit Chen
20448,Agnes Wang
20449,Allan Toh
20450,Mandy Chen
20451,Tan Hau Yen
20452,Ahn Hyo-seop
20453,Lee Sung-jae
20454,Kim Sa-rang
20455,Ahn Se-ha
20456,Souad Abdullah
20457,Shujoon
20458,Elham Al Fadalah
20459,Ibrahim Al-Harbi
20460,Noor Alghandour
20461,Abeer Ahmad
20462,Bassel Khayyat
20463,Nicolas Daniel
20464,Monther Rayahnah
20465,Khaled Ameen
20466,Aseel Omran
20467,Rawan Mahdi
20468,Ali Al-Husseini
20469,Jing Wu
20470,Chuxiao Qu
20471,Jinmai Zhao
20472,Li Guangjie
20473,Ng Man-Tat
20474,Mike Kai Sui
20475,Yichi Zhang
20476,Yang Haoyu
20477,Arkady Sharogradsky
20478,Hongchen Li
20479,Lei Jiayin
20480,Yi Yang
20481,Zhigang Jiang
20482,Huan Zhang
20483,Fabiana Medina
20484,Laura Osma
20485,Enrique Carriazo
20486,Juliana Velásquez
20487,Carlos Vergara
20488,Ernesto Campos
20489,Fabio Rubiano
20490,Marcela Agudelo
20491,Justin Collette
20492,Mark Little
20493,Mark Forward
20494,Joris Jarksy
20495,Kayla Lorette
20496,Julie Sype
20497,Amaia Salamanca
20498,Juan Diego
20499,Carlos Bardem
20500,Tito Valverde
20501,Teresa Rabal
20502,Rossy de Palma
20503,Marisa Paredes
20504,Haley Joel Osment
20505,Brian Geraghty
20506,Lloyd Griffith
20507,Seann Walsh
20508,Jeon So-nee
20509,Lim Hyung-kuk
20510,Kwon Han-sol
20511,Lim Cheol-su
20512,Maia Mitchell
20513,Jacob McCarthy
20514,Mario Revolori
20515,Gage Golightly
20516,Audrey Grace Marshall
20517,Richard E. Grant
20518,Reggie Watts
20519,Gagan Kokri
20520,Aditi Sharma
20521,Sardar Sohi
20522,Ashish Duggal
20523,Nisha Bano
20524,Rahul Jungral
20525,Prakash Gadhu
20526,Finley Jacobsen
20527,Yuko Goto
20528,John Lennon
20529,Yoko Ono
20530,Alexandria Ocasio-Cortez
20531,Syamsul Yusof
20532,Maya Karin
20533,Nasir Bilal Khan
20534,Rahim Razali
20535,Fizz Fairuz
20536,Fauzi Nawawi
20537,Mawi
20538,Ku Faridah
20539,Sanjay Jadhav
20540,Bharat Ganeshpure
20541,Praveen Tarde
20542,Chinmay Patwardhan
20543,Jivan Karlakar
20544,Francis Chun-Yu Ng
20545,Anita Yuen
20546,Tat-Ming Cheung
20547,Jocelyn Choi
20548,Ng Siu-hin
20549,Anthony Wong Chau-Sang
20550,Simon Lian
20551,Teddy Chen
20552,Sylvia Wang
20553,Cosmos Lin
20554,Ting Liu
20555,Lucia Chen
20556,Allie Ji
20557,Sunnee Yang
20558,Anthony Jeselnik
20559,Louis Cheung
20560,Myolie Wu
20561,Brian Chan
20562,Raymond Chiu
20563,Fish Liew
20564,Lee Sheung Ching
20565,Kaki Sham
20566,Gregory Wong
20567,Thor Lok
20568,Yoshiki Nakajima
20569,Kentaro Tone
20570,Jiro Wang
20571,Pets Tseng
20572,Sam Lin
20573,Wes Lo
20574,Wayne Huang
20575,Xu Ming-jie
20576,Ba Yu
20577,Emily Tsai
20578,Chen Bo-zheng
20579,Nylon Chen
20580,George Hu
20581,Chen De-xiu
20582,Bo Yan
20583,Lorene Ren
20584,Tsai Yi-chen
20585,Benjamin H. Wang
20586,Shao Xiang
20587,Wu Xiong
20588,Monkey Shao
20589,Zhang Hao Ming
20590,Dylan Kuo
20591,Michael Chang
20592,Joelle Lu
20593,Lucy Lawless
20594,Ray Santiago
20595,Dana DeLorenzo
20596,Aarya Dave
20597,Anjum Rajabali
20598,Litzy
20599,Marco Pérez
20600,Jorge Zárate
20601,Rossana San Juan
20602,Andrés Palacios
20603,Rebecca Jones
20604,Lincoln Palomeque
20605,Sivan Alyra Rose
20606,Marcus LaVoi
20607,Nicholas Galitzine
20608,Kyanna Simone Simpson
20609,Griffin Powell-Arcand
20610,Lilli Kay
20611,Sarah Mezzanotte
20612,Lilliya Scarlett Reid
20613,Lorna Cepeda
20614,Carolina Sarmiento
20615,Linda Baldrich
20616,Bruno Díaz
20617,Kıvanç Tatlıtuğ
20618,Bensu Soral
20619,Rıza Kocaoğlu
20620,Güven Kıraç
20621,Ahmet Mümtaz Taylan
20622,Sreenivasan
20623,Devika Sanjay
20624,Anju Kurian
20625,James Parks
20626,Esben Smed
20627,Katrine Rosenthal
20628,Benjamin Kitter
20629,Julie Christiansen
20630,Tommy Kenter
20631,Tammi Øst
20632,Rasmus Bjerg
20633,Ole Lemmeke
20634,Sarah Viktoria Bjerregaard
20635,Anders Hove
20636,Brené Brown
20637,Aaron Yan
20638,Calvin Ka-Sing Chen
20639,Danson Tang
20640,Alien Huang
20641,Chris Lilley
20642,Niharika Lyra Dutt
20643,K.C. Shankar
20644,Derek Chang
20645,Archie Kao
20646,Yen Yi-wen
20647,Aaron Chen
20648,Greg Han
20649,Zhang Guang-chen
20650,Soki Matsumoto
20651,Mai Kanazawa
20652,Shigeru Sugimoto
20653,Issei Takubo
20654,Kanako Nishiyama
20655,Yuzuha Kobayashi
20656,Masako Matsuno
20657,Kana Odaira
20658,Hitoshi Honma
20659,Ayano Kinashi
20660,Emmanuelle Araújo
20661,Douglas Silva
20662,Sabrina Nonata
20663,Cauã Gonçalves
20664,Daniel Furlan
20665,Lorena Comparato
20666,Rodrigo Pandolfo
20667,Luciana Vendramini
20668,Maria Eduarda
20669,Sidney Alexandre
20670,Enzo Ovideo
20671,Mauricio Xavier
20672,Paulo Tiefenthaler
20673,Ary França
20674,Lakeith Stanfield
20675,Rebecca Naomi Jones
20676,Jaboukie Young-White
20677,Questlove
20678,Sara Serraiocco
20679,Alessio Praticò
20680,Marie-Ange Casta
20681,Steven Waddington
20682,Rupert Penry-Jones
20683,Paula Paul
20684,Danny Webb
20685,Phyllida Law
20686,Franco Escamilla
20687,Lydia Wilson
20688,Richard Cordery
20689,Margot Robbie
20690,Joshua McGuire
20691,Pat Cusick
20692,Perizaad Zorabian
20693,Koena Mitra
20694,Mumait Khan
20695,Rakhi Sawant
20696,Zabyn Khan
20697,Amin Hajee
20698,Shiney Ahuja
20699,Jasbir Malik
20700,Sohrab Ardeshir
20701,Aditya Bhattacharya
20702,Rinke Khanna
20703,Riya Sen
20704,Shayan Munshi
20705,Anusha Dhandekar
20706,Shehzad Khan
20707,Mahabrata Basu
20708,Anumegha Banerjee
20709,Koushik Sen
20710,Sreelekha Mitra
20711,Iqbal Sultan
20712,Daminee Basu
20713,Subhajit Das
20714,Sadiya Siddiqui
20715,Aashi Rawal
20716,Stuti Dwivedi
20717,Deah Tandon
20718,Sharvil Patel
20719,Hardil Kanabar
20720,Mann Patel
20721,Ugam Khetani
20722,Manmeet Singh
20723,Nazia Davison
20724,Jessica Allain
20725,Luke Tennie
20726,Chelsea Rendon
20727,Pepi Sonuga
20728,Jason Woods
20729,Maestro Harrell
20730,Mykelti Williamson
20731,Rachel Bloom
20732,Santino Fontana
20733,Pete Gardner
20734,Gabrielle Ruiz
20735,Scott Michael Foster
20736,Andrea Ros
20737,Nil Günal
20738,Ümit Bülent Dinçer
20739,Sultan Köroğlu Kılıç
20740,Emir Özbek Yıldız
20741,Pelin Acar
20742,Murat Seviş
20743,Cansu Kurgun
20744,Irmak Örnek
20745,A. Murat Özgen
20746,Elçin Atamgüç
20747,Sabriye Günüç
20748,Furkan Bayraktar
20749,Mehmet Canbeg
20750,Oguzhan Kocakli
20751,Scott Keiji Takeda
20752,Jordan Ver Hoeve
20753,Joe Chrest
20754,Carrie Lazar
20755,Alex Biglane
20756,Blaine Kern III
20757,Zak Steiner
20758,Max Greenfield
20759,Park Hae Soo
20760,Shim Dal-gi
20761,Lee Sung-wook
20762,Jung Jun Won
20763,Kate Trotter
20764,Dempsey Bryk
20765,Billy MacLellan
20766,Aparna Balamurali
20767,Divyadarshini
20768,Vineeth
20769,Kumaravel
20770,Ravi Prakash
20771,Sumesh
20772,Rajnikanth
20773,M. Sasikumar
20774,Trisha Krishnan
20775,Clayton Snyder
20776,David Meadows
20777,Daniel Washington
20778,Scott C. Roe
20779,Larissa Andrade
20780,Sal Rendino
20781,Jose Guns Alves
20782,Scott King
20783,Karl Pilkington
20784,David Earl
20785,Kay Noone
20786,Tim Barlow
20787,Arthur Nightingale
20788,Sheila Collings
20789,Margaret Towner
20790,Barry Martin
20791,Prem Modgil
20792,Blanche Williams
20793,Ninette Finch
20794,Brett Goldstein
20795,Ruth Bratt
20796,Holli Dempsey
20797,Inbar Lavi
20798,Parker Young
20799,Katherine La Nasa
20800,Hanna Ardéhn
20801,William Spetz
20802,Ella Rappich
20803,David Dencik
20804,Reuben Sallmander
20805,Maria Sundbom
20806,Rebecka Hemse
20807,Arvid Sand
20808,Helena af Sandeberg
20809,Anna Björk
20810,Steven Tan
20811,Iain McNally
20812,Chi-Ren Choong
20813,Kevin Adrian Barnaby
20814,Tikriti Shabudin
20815,Sherilyn Pang Li Ching
20816,Azman Zulkiply
20817,Aaron Jakubenko
20818,Edwin Wright
20819,Mike Edward
20820,Genevieve Aitken
20821,John Bach
20822,Tai Berdinner-Blades
20823,Jared Turner
20824,Andrew Foster
20825,Calum Gittins
20826,Shane Bartle
20827,Ella Becroft
20828,Lisa Chappell
20829,Emma Fenton
20830,Phil Brown
20831,Carl Bland
20832,Adam Gardiner
20833,Andy Pessoa
20834,Jonathan Craig WIlliams
20835,Robert Knepper
20836,Tamara Vallarta
20837,Rolf Petersen
20838,Claudette Maillé
20839,Teté Espinoza
20840,Edén Villavicencio
20841,Carlos Corona
20842,Giancarlo Ruiz
20843,Mayra Batalla
20844,Rodrigo Abed
20845,Roberto Sosa
20846,Karan Soni
20847,Annaleigh Ashford
20848,Go Joon-hee
20849,Youn Jung-hoon
20850,Jo Han-sun
20851,Park Gene-woo
20852,Kwon Hyuk-hyun
20853,Park Sang-min
20854,Herjunot Ali
20855,Bassam Moughneih
20856,Dana Mardini
20857,Youssef Haddad
20858,Talal Jarday
20859,Sameera Barody
20860,Abhishek Duhan
20861,Regina Cassandra
20862,Madhumalti Kapoor
20863,Harvind Raj
20864,Jibrail Rajhula
20865,Tinesh Sarathi Krishnan
20866,Kuben Mahadevan
20867,Senthil Kumaran Muniandy
20868,Jing Boran
20869,Angelababy
20870,Yu Bai
20871,Li Qin
20872,Li Xian
20873,Seven Tan
20874,Janice Wu
20875,Jayden Wang
20876,Cheng Yi
20877,Hajira Yamin
20878,Kiran Malik
20879,Adnan Jaffar
20880,Sunny Hinduja
20881,Khalid Ahmed
20882,Shamim Hilaly
20883,Hajrah Khan
20884,Ahmed Ali Khan
20885,Zo In-sung
20886,Young-hoon Kim
20887,Teyana Taylor
20888,Meagan Tandy
20889,Roland Powell
20890,Joel Rush
20891,Ken Uo
20892,Shigeru Ushiyama
20893,Eiji Hanawa
20894,Hirokazu Sekido
20895,Minoru Shiraishi
20896,Elle LaMont
20897,Miles Emmons
20898,Lee Eddy
20899,Austin Amelio
20900,Elke Boucher-Depew
20901,Dylan Gage
20902,Troy Anthony Hogan
20903,Jamy Lentz
20904,Cynthia Dankwa
20905,Joseph Otsiman
20906,Kobina Amissah Sam
20907,Mamley Djangmah
20908,Henry Adofo
20909,Anima Misa
20910,Brian Angels
20911,Jake Williamson
20912,Rachael Dickson
20913,Sumita Majumdar
20914,Michael White
20915,Tony Finnegan
20916,Scott Mulligan
20917,Rosie King
20918,Rahul Pethe
20919,Adinath Kothare
20920,Jaywant Wadkar
20921,Satish Pulekar
20922,Naina Apte
20923,Uday Tikekar
20924,Brontis Jodorowsky
20925,Joonas Saartamo
20926,Ilkka Koivula
20927,Raúl Villegas
20928,Miriam Balderas
20929,Ximena Guzmán
20930,Agathe Bonitzer
20931,Gaël Kamilindi
20932,Manoël Dupont
20933,Stéphane Pitti
20934,Luna Silva
20935,Yuming Hey
20936,Suzanne Rault-Balet
20937,Philypa Phoenix
20938,Lena Lapres
20939,Waly Dia
20940,Aurélia Petit
20941,Lionel Lingelser
20942,Fabien Ducommun
20943,Thomas Mann
20944,W. Earl Brown
20945,Mohammad Mansour
20946,Bouthayna Al Raesi
20947,Bassima Hamada
20948,Ahlaam Muhammed
20949,Shaimaa Ali
20950,Abdullah Bahman
20951,Mohammed Al Dosari
20952,Luke Treadaway
20953,Matt Lauria
20954,Jamie Blackley
20955,David Hargreaves
20956,Sam Hoare
20957,Simon Kunz
20958,Greg McHugh
20959,Cara Horgan
20960,George Blagden
20961,Alexander Vlahos
20962,Tygh Runyan
20963,Stuart Bowman
20964,Elisa Lasowski
20965,Joe Sheridan
20966,Maddison Jaizani
20967,Catherine Walker
20968,Geoffrey Bateman
20969,Audrey
20970,Mayuko Kawakita
20971,Shimon Okura
20972,Prilly Latuconsina
20973,Sandrinna Michelle
20974,Shareefa Daanish
20975,Indra Brotolaras
20976,Inggrid Widjanarko
20977,Asha Kenyeri Bermudez
20978,Wesley Andrew
20979,Gamaharitz
20980,Rianti Cartwright
20981,Carissa Putri
20982,Melanie Putria
20983,Zaskia Adya Mecca
20984,Dennis Adhiswara
20985,Nakhul
20986,Aanchal Munjal
20987,Thalaivasal Vijay
20988,Manobala
20989,Jeyan Cherthala
20990,Annadurai Kannadasan
20991,Mohamed Ramadan
20992,Dorra Zarrouk
20993,Dina Talaat
20994,Aida Reyad
20995,Julián López
20996,Gracia Olayo
20997,Ferran Rañé
20998,Mireia Portas
20999,Sarun Cinsuvapala
21000,Pramote Pathan
21001,Suphachai Subprasert
21002,Somyos Matures
21003,Supavitch Nepremwattana
21004,Nachjaree Horvejkul
21005,Jatupone Chompoonich
21006,Chertsak Pratumseesakhon
21007,Jacob Soley
21008,Saara Chaudry
21009,Tyler Barish
21010,Joseph Motiki
21011,Shoshana Sperling
21012,Adrianna Di Liello
21013,Deann Degruijter
21014,Stacey DePass
21015,Ilse Salas
21016,Jorge Antonio Guerrero
21017,Ari Brickman
21018,Lisa Owen
21019,Marco Treviño
21020,Pedro de Tavira Egurrola
21021,Leonardo Alonso
21022,Vinod Sharawat
21023,Mridul Sharma
21024,Gopal Dutt Tiwari
21025,Gaurav Rana
21026,Mima Riera
21027,Albert Pérez
21028,Julio Bohigas-Couto
21029,Abdul Mohsen Alnimer
21030,Haifa Hussien
21031,Qahtan Alqahtani
21032,Mohammed Sefer
21033,Abdulla Bu Shehri
21034,Douglas Booth
21035,Iwan Rheon
21036,Colson Baker
21037,Daniel Webber
21038,David Costabile
21039,Brit Marling
21040,Phyllis Smith
21041,Patrick Gibson
21042,Brendan Meyer
21043,Brandon Perea
21044,Ian Alexander
21045,Will Brill
21046,Riz Ahmed
21047,Catherine O'Connor
21048,Andrew Sabiston
21049,Jim Fowler
21050,Kyoko Yoshine
21051,Hiroki Iijima
21052,Kanako Miyashita
21053,Yo Oizumi
21054,Bimby Aquino-Yap
21055,Alex Gonzaga
21056,Tom Rodriguez
21057,Onyok Pineda
21058,Awra Briguela
21059,Assunta de Rossi
21060,Joem Bascon
21061,Kiray Celis
21062,Lassy Marquez
21063,MC Calaquian
21064,Sam Milby
21065,Alma Moreno
21066,Beauty Gonzalez
21067,Katrina Michelle Legaspi
21068,Denise Laurel
21069,Dimples Romana
21070,Justin Cuyugan
21071,Mart Escudero
21072,Pamu Pamorada
21073,Lei Andre Navarro
21074,Ronnie Alonte
21075,Maris Racal
21076,Ina Raymundo
21077,Shamaine Centenera
21078,Ana Abad-Santos
21079,Jeric Raval
21080,Manuel Chua
21081,Alexis Viera
21082,Shahd El Yaseen
21083,Shaila Sabt
21084,Hala
21085,Hanadi Al-Kandari
21086,Salma Salem
21087,Mahmoud Boushahri
21088,Yousef Al Balushi
21089,Abdullah Al-bloshi
21090,Aishwarya Ghaydar
21091,Amol Deshmukh
21092,Adarsh Kurne
21093,Vishwas Kamble
21094,Neha Awati
21095,Amaraja Patil
21096,Rinkle Chopde
21097,Shreyas Gurav
21098,Natsumi Ishibashi
21099,Amy Schumer
21100,Josh Pais
21101,Claire van der Boom
21102,Carrie Preston
21103,Korey Jackson
21104,Diane Ciesla
21105,Michael Cristofer
21106,Bea Hayden Kuo
21107,Enno Cheng
21108,Jason King
21109,Lan Wei-Hua
21110,Shen Hai Jung
21111,Blue Lan
21112,Siddhant Kapoor
21113,Ajinkya Deo
21114,Shilpa Shukla
21115,Olivier Rabourdin
21116,Narcisse Mame
21117,Naël Rabia
21118,Sam Louwyck
21119,Luc Schwarz
21120,Mario Magalhaes
21121,Marc-Antoine Duquenne
21122,Edoardo Ferrario
21123,Victor Polster
21124,Oliver Bodart
21125,Tijmen Govaerts
21126,Katelijne Damen
21127,Valentijn Dhaenens
21128,Magali Elali
21129,Alice de Broqueville
21130,Chris Thys
21131,Angelo Tijssens
21132,Pablo Derqui
21133,Mercedes Sampietro
21134,Javier Beltrán
21135,David Vert
21136,Muguet Franc
21137,Miquel García Borda
21138,Berta Garcia
21139,Joel Bramona
21140,Montse Guallar
21141,Òscar Jarque
21142,Eli Iranzo
21143,Brian Haner
21144,Chien-Ming Wang
21145,Khaled Amin
21146,Fahad Basim
21147,Farah ElSaraf
21148,Ammar Alfian
21149,Jasmine Suraya
21150,Gambit Saifullah
21151,Taylor Clarke-Hill
21152,Tom Clarke-Hill
21153,Larissa Murray
21154,Brianna Price
21155,Michael Obiora
21156,Morwenna Banks
21157,Rufus Jones
21158,Duncan Wisbey
21159,Danny John-Jules
21160,Ali A
21161,JJ Feild
21162,Frankie Hervey
21163,Guz Khan
21164,Maricel Soriano
21165,Chin Chin Gutierrez
21166,Bobby Andrews
21167,Baron Geisler
21168,Gerald Madrid
21169,Aiko Melendez
21170,Joey Marquez
21171,Ana Capri
21172,Xian Lim
21173,Vilma Santos
21174,Michael De Mesa
21175,Devon Seron
21176,Nor Domingo
21177,Robert Villar
21178,Tetchie Agbayani
21179,Leo Rialp
21180,Ronaldo Valdez
21181,Donita Rose
21182,Kean Cipriano
21183,Naglaa Badr
21184,Sherine Reda
21185,Ahmed Hatem
21186,Ingi Abou Zeid
21187,Farouk El Fishawy
21188,Mahmoud Fares
21189,Tayam Amar
21190,Heba Abdelaziz
21191,Mariam El Khosht
21192,Mohamed Henedy
21193,Mohammed Hafiz
21194,Ibrahim Issa
21195,Leila Ezz Al Arab
21196,Mohammed Mahmoud
21197,Garrett Hedlund
21198,Jimmy Carr
21199,Ameena Khalil
21200,Zafer Abdeen
21201,Injy El Mokkaddem
21202,Cherif Hafez
21203,Carmen Bsaibes
21204,Mourad Makram
21205,Asmaa Abou El Yazeed
21206,Nadine Nassib Njeim
21207,Hanan Motawie
21208,Bassel Alzaro
21209,Sarah Bolger
21210,Orla Brady
21211,Aramis Knight
21212,Isariya Patharamanop
21213,Penpak Sirikul
21214,Suppakorn Chaiyo
21215,Thawat Pornrattanaprasert
21216,M.L. Kwantip Devakula
21217,Yingsak Chonglertjetsadawong
21218,Apichet Atirattana
21219,Rika Ishige
21220,Hussain Al Hosani
21221,Ali Almarzouqi
21222,Abdullah Al Yousef
21223,Omar Al Hafidh
21224,Meral Niazi
21225,Yaser Hassan
21226,Fatema Almansoori
21227,Ahmed El Mohammdi
21228,Kerem Bürsin
21229,Selma Ergeç
21230,Türkü Turan
21231,Nilperi Şahinkaya
21232,Efecan Şenolsun
21233,Elit İşcan
21234,Marcus Henderson
21235,Ashlie Atkinson
21236,Tsulan Cooper
21237,Cécile De France
21238,Edouard Baer
21239,Alice Isaaz
21240,Natalia Dontcheva
21241,Hussein Almansour
21242,Mohammed Alalawi
21243,Bailey Chase
21244,Max Ehrich
21245,Corbin Bleu
21246,Ai-Ai de las Alas
21247,Kris Aquino
21248,Xyriel Manabat
21249,Deejay Durano
21250,Jeffrey Quizon
21251,Iza Calzado
21252,Dawn Zulueta
21253,Ina Feleo
21254,Kenneth Choi
21255,Christian Clemenson
21256,Chris Bauer
21257,Jordana Brewster
21258,Damon Herriman
21259,Mekhi Phifer
21260,Eugenia Yuan
21261,Matt Zeremes
21262,Cha Seung-won
21263,Lee Hong-gi
21264,Jang Gwang
21265,Luke Goss
21266,Randy Couture
21267,Madalina Anea
21268,Grant Campbell
21269,George Remes
21270,Ovidiu Niculescu
21271,Adreea Diac
21272,Michaela Holla
21273,Bogden Farcas
21274,Anne Curtis
21275,Derek Ramsay
21276,Marlann Flores
21277,Ron Morales
21278,Kat Alano
21279,Fumi Nikaido
21280,Sumire
21281,Shiori Doi
21282,Vijay
21283,Varalakshmi Sarathkumar
21284,Keerthi Suresh
21285,Radha Ravi
21286,Pala Karuppaiah
21287,Artiwara Kongmalai
21288,Manu Payet
21289,Alice Belaïdi
21290,Alix Poisson
21291,Kathleen Robertson
21292,Spencer MacPherson
21293,Taylor Thorne
21294,Natalie Lisinska
21295,Bradley Steven Perry
21296,Joshua J. Ballard
21297,Tyrel Jackson Williams
21298,Brittney Wilson
21299,Rachelle Gillis
21300,Kevin O'Grady
21301,Andrei Indreies
21302,Jean-Baptiste Heuet
21303,Jose Atuncar
21304,Pierre Porquet
21305,Claudine Bertin
21306,Gabriella Jordan
21307,Effie Rey
21308,Catalin Morar
21309,Antoine Rodriguez
21310,Sarena Parmar
21311,Merritt Patterson
21312,Nancy Robertson
21313,Maxwell Simba
21314,Lily Banda
21315,Lemogang Tsipa
21316,Philbert Falakeza
21317,Joseph Marcell
21318,Noma Dumezweni
21319,Luis Aguirre
21320,Andrea Quattrocchi
21321,Silvio Rodas
21322,Felix Medina
21323,Gonzalo Vivanco
21324,Bruno Sosa
21325,Andrea Frigerio
21326,Mauricio A. Jortack
21327,Rafael Rojas Doria
21328,Roberto Weiss
21329,Fabio Chamorro
21330,Sergio Quiñonez Román
21331,David Gerber
21332,David Strathairn
21333,Andrew McCarthy
21334,Asia Ortega
21335,Eva Llorach
21336,Carme Elias
21337,Julián Villagrán
21338,Lorena Iglesias
21339,Vicenta N'Dongo
21340,Per-Olav Sorensen
21341,James Blanco
21342,Billy Crawford
21343,James Reid
21344,Nadine Lustre
21345,Karla Estrada
21346,Badjie Mortiz
21347,Alonzo Muhlach
21348,Marco Masa
21349,Empoy Marquez
21350,Pilita Corrales
21351,Lloyd Zaragoza
21352,Zeppi Borromeo
21353,Matteo Guidicelli
21354,Anant Mahadevan
21355,Devansh Doshi
21356,Arpit Chaudhary
21357,Yamini Singh
21358,Abhay Kulkarni
21359,Veena Nair
21360,Disha Thakur
21361,Angeline Quinto
21362,Coney Reyes
21363,Gio Alvarez
21364,Andre Garcia
21365,Isabelle Daza
21366,Ara Mina
21367,Neils Coleta
21368,Sofia Andres
21369,Ian Veneracion
21370,Igi Boy Flores
21371,Rio Locsin
21372,Teddy Corpuz
21373,Anna Luna
21374,Jett Pangan
21375,Hilda Koronel
21376,Anita Linda
21377,Brian Unger
21378,Ravi Bhushan Bhartiya
21379,Shalini Mohan
21380,Bhaskar Jha
21381,Manohar Pandey
21382,Siddharth Bharadwaj
21383,Jay Shanker Pandey
21384,Deepak Jha
21385,Komal Singh
21386,Adrià Salazar
21387,Eduard Buch
21388,Rubén Yuste
21389,Nikola Stojanovic
21390,Frank Feys
21391,Marc Rodríguez
21392,Albert Mora
21393,Luka Peros
21394,Rainer Reiners
21395,Toni Gomila
21396,Emilio Gavira
21397,Macarena Gómez
21398,Rajeshwari Sachdev
21399,Rushad Rana
21400,Mrunal Oak
21401,Mark Duplass
21402,Grégoire Isvarine
21403,Marie Mottet
21404,Lou Castel
21405,Mathias Minne
21406,Margaux Bonin
21407,Julia Kouakou
21408,Alexandre Schreiber
21409,Schemci Lauth
21410,Theo Tagand
21411,Clément Olivieri
21412,Doria Achour
21413,Tanuja
21414,Arunima Ghosh
21415,Shrijato Banerjee
21416,Soumitra Chatterjee
21417,Gargi Roychowdhury
21418,Zoe Ball
21419,Giorgio Locatelli
21420,Apollo Costa
21421,Gabriel Santana
21422,Matheus Lustosa
21423,Pedro Rezende
21424,Werner Schünemann
21425,Manu Gavassi
21426,Angela Dippe
21427,Negra Li
21428,Patrícia de Sabrit
21429,César Pezzuoli
21430,Carol Loback
21431,Marina Brandão
21432,Kim So-jin
21433,Kim Dae-myung
21434,Lee Hee-jun
21435,Yoon Je-moon
21436,Janae Marie Kroczaleski
21437,Roshan
21438,Priyaa Lal
21439,Aadukalam Naren
21440,Singam Puli
21441,Meera Krishnan
21442,Jayaprakash
21443,Grigoriy Dobrygin
21444,David Threlfall
21445,Karl Davies
21446,Deepak Subramanya
21447,Apoorva Soma
21448,Ramesh Bhat
21449,Harsha H S
21450,Karthik A
21451,Goutham Shashidhar
21452,Nagshree Karkone
21453,Moksha Kushal
21454,Vedashree Rao
21455,Ariel Goldenberg
21456,Rita Pokk
21457,Breno Viola
21458,Lima Duarte
21459,Marco Luque
21460,Daniel Torres
21461,Monaliza Marchi
21462,Amélia Bittencourt
21463,Giulia de Souza Merigo
21464,Deto Montenegro
21465,Rui Unas
21466,Prashant Prakash
21467,Valeriya Polyanychko
21468,Kabir Sadanand
21469,Pankaj Jha
21470,Gunjan Bakshi
21471,Atul Kumar
21472,Martin Brygmann
21473,Nicky Andersen
21474,Nicoline Sharma Rubow
21475,Jasmin Bart-Williams
21476,William Rützou
21477,Marius Due
21478,Robert Hansen
21479,Larry Charles
21480,Aadhi
21481,Tapsee Pannu
21482,Ritika Singh
21483,Sapthagiri
21484,Taraana Raja
21485,Jas Arora
21486,Sapna Bhavnani
21487,Sophiya Chaudhary
21488,Lucky Ali
21489,Achint Kaur
21490,Ehsan Khan
21491,Harsh Vasisht
21492,Yashodhan Bal
21493,Gauri Karnik
21494,Paco Ignacio Taibo II
21495,Madeleine Sami
21496,Jackie van Beek
21497,James Rolleston
21498,Celia Pacquola
21499,Brett O'Gorman
21500,Nicolás Van de Moortele
21501,Letizia Denise Bloisi
21502,María Dupláa
21503,Ciro Herce
21504,Milagros Molina
21505,Jorge Pinarello
21506,Casper Uncal
21507,Jorge Luis Alonso
21508,Manish Anand
21509,Vihang Nayak
21510,Gloria Muñoz
21511,Adrián Núñez
21512,Alicia Fernández
21513,Jorge Asín
21514,Agustín Jiménez
21515,Lupe Cartié Roda
21516,Xavi Lite
21517,Alejandro Vera
21518,João Lagarto
21519,Asier Etxeandía
21520,Megan Montaner
21521,Mónica Cruz
21522,Adriana Ozores
21523,Aviis Zhong
21524,Ben Wu
21525,Jack Lee
21526,Wu Ting-chien
21527,Wills Sia
21528,Su Yen-ti
21529,Jenny Huang
21530,Yoann Blanc
21531,Guillaume Kerbush
21532,Anne Coesens
21533,Jasmina Douieb
21534,Catherine Salée
21535,Jean-Henri Compère
21536,Bill Duke
21537,Kyle MacLachlan
21538,Melvin Gregg
21539,Sonja Sohn
21540,Saniyya Sidney
21541,Eoghan Thomas Murphy
21542,Nika Williams
21543,Barry Brewer
21544,Greg Germann
21545,John Ennis
21546,Jay Johnston
21547,Todd Grinnell
21548,Marcel Ruiz
21549,Sam Cooke
21550,Maria Molins
21551,Luisa Gavasa
21552,José María Pou
21553,Chico
21554,Ahmed Mekky
21555,Salah Abdallah
21556,Hiba Majdi
21557,Bushra
21558,Fathy Abdel Wehab
21559,Rania Farid Shawki
21560,Bae Seong-woo
21561,Marc Warren
21562,Hannah Arterton
21563,Amr Youssef
21564,Amr Abdel Guelil
21565,Saba Mubarak
21566,Minori Chihara
21567,Lee Jong-suk
21568,Lee Na-young
21569,Kim Tae-woo
21570,Kim Yu-mi
21571,Sam Gittins
21572,Grant Masters
21573,Neerja Naik
21574,Abigail Cruttenden
21575,Kris Saddler
21576,Holly Weston
21577,Rajeev Anand
21578,Manimegalai
21579,A.S. Sasi Kumar
21580,Vidhur Rajarajan
21581,Sethu Darwin
21582,Anand Sampath
21583,Karuna Prasad
21584,Joseph Huang
21585,Spark Chen
21586,Joe Ashman
21587,Charlotte Jordan
21588,Martin Bobb-Semple
21589,Sadie Simm
21590,James Mathis III
21591,Daisy Lightfoot
21592,Isaac C. Singleton Jr.
21593,Mick Wingert
21594,Kyle Rideout
21595,Yul Vazquez
21596,Elizabeth Ashley
21597,Jeremy Bobb
21598,Greta Lee
21599,Rebecca Henderson
21600,Brendan Sexton III
21601,Brooke Timber
21602,Alexander Petrov
21603,Artyom Tkachenko
21604,Valeria Shkirando
21605,Marina Kaletskaya
21606,Alisa Lozovskaya
21607,Olga Sutulova
21608,Fillip Gorenshtein
21609,Olga Vinichenko
21610,Petar Zakavitsa
21611,Yan Gakharmanov
21612,Tomori Kusunoki
21613,Zawe Ashton
21614,Awie
21615,Arab Khalid
21616,Sharwani Ns
21617,Tj Isa
21618,Delimawati
21619,Zul Ariffin
21620,Uqasha Senrose
21621,Ropie Cecupak
21622,Jiang Mengjie
21623,Wang Xiao Chen
21624,Siu Yam Yam
21625,Kwok Cheung Tsang
21626,Toby Lee
21627,Dada Chan
21628,Hugo Ng
21629,Kaycie Chase
21630,Tom Morton
21631,Lee Delong
21632,Barbara Weber-Scaff
21633,Rocky Bhardwaj
21634,Brijesh Ahuja
21635,Gick Grewal
21636,Inderjit Grewal
21637,Lekhraj Thakur
21638,Mehreen Raheel
21639,Aparna Sharma
21640,Aman Dhaliwal
21641,Noman Ijaz
21642,Imran Rasheed
21643,Mittal Chouhan
21644,Trimala Adhikari
21645,Bhushan Vikas
21646,Ravi Goswami
21647,Raghav Dutt
21648,Kumkum Chouhan
21649,Rohan Mobarsa
21650,Park Hae-il
21651,Su Ae
21652,Ra Mi-ran
21653,Lee Jin-wook
21654,Kim Gyu-sun
21655,Han Ju-yeong
21656,Kim Hae-gon
21657,Nam Moon-cheol
21658,Magüi Mira
21659,Álvaro Roig
21660,José Luis García Pérez
21661,Daryle Lamont Jenkins
21662,Richard Spencer
21663,Mike Lucock
21664,Vitta Mariana Barrazza
21665,Christoffer Nelwan
21666,Sruthi Hariharan
21667,Sanchari Vijay
21668,Sharanya
21669,Balaji Manohar
21670,Greeshma Sridhar
21671,Harshil Koushik
21672,Shaanthala
21673,Gopalkrishna Deshpande
21674,Indah Permatasari
21675,Cornelio Sunny
21676,Bastian Bintang Simbolon
21677,Laudya Cynthia Bella
21678,Raline Shah
21679,Kemal Pahlevi
21680,Ray Sitoresmi
21681,Nora Danish
21682,Tammy Chen
21683,Peggy Tseng
21684,Denny Huang
21685,Nat Zang
21686,Russell Hodgkinson
21687,Michael Welch
21688,Anastasia Baranova
21689,Kellita Smith
21690,Keith Allan
21691,Pisay Pao
21692,Arron Villaflor
21693,Mon Confiado
21694,Gwen Zamora
21695,Alvin Anson
21696,Empress Schuck
21697,Perla Bautista
21698,Benjamin Alves
21699,Clare Durant
21700,Iván Pellicer
21701,Chacha Huang
21702,Michaela Coel
21703,Abena Ayivor
21704,Ronald Guttman
21705,Danny Sapani
21706,Tyrone Huggins
21707,Emmanuel Imani
21708,Lucian Msamati
21709,Tamara Tunie
21710,Mariana Treviño
21711,Alosian Vivancos
21712,Ianis Guerrero
21713,Juan Pablo de Santiago
21714,Joaquín Ferreira
21715,Said Sandoval
21716,Andrés Pardave
21717,Sofía Niño de Rivera
21718,Eileen Yañez
21719,Gutemberg Brito
21720,Claudia Vega
21721,Verónica Terán
21722,Gustavo Ganem
21723,Emilio Guerrero
21724,Guillermo Dorantes
21725,Richie Mestre
21726,Sofía Sisniega
21727,Juan Luis Orendain
21728,Marcela Álvarez
21729,Guillermo Francella
21730,María Soldi
21731,Mónica Duprat
21732,Mahmoud Azim
21733,Julio Marticorena
21734,Alejandro Paker
21735,Xiao Man
21736,Franco Masini
21737,Yamila Saud
21738,Bautista Lena
21739,Josefina Ramírez
21740,Noel Schajris
21741,Diana Hernández
21742,Daniela Aita
21743,Ali Atay
21744,Nur Sürer
21745,Bartu Küçükçağlayan
21746,Irem Altug
21747,Mehmet Özgür
21748,Merve Ates
21749,Defne Halman
21750,Cem Zeynel Kiliç
21751,Esra Kizildogan
21752,Sophie Nélisse
21753,Indira Varma
21754,George Georgiou
21755,Christopher Sciueref
21756,Margaret Qualley
21757,Amber Rose Revah
21758,Jason R. Moore
21759,Jaime Ray Newman
21760,Michael Nathanson
21761,Deborah Ann Woll
21762,Paul Schulze
21763,Andy Chen
21764,Mandy Wei
21765,Jolin Chien
21766,Mandy Tao
21767,Kris Shen
21768,Leonardo Ribeiro
21769,Geetika Vidya Ohlyan
21770,Saloni Batra
21771,Mohit Chauhan
21772,Vikas Shukla
21773,Gauri Chakraborty
21774,Simrat Kaur
21775,Dimple Kaur
21776,Piers Taylor
21777,Caroline Quentin
21778,Sajid Hasan
21779,Hameed Sheikh
21780,Habibullah Panezai
21781,Imraan Abbas
21782,Sadia
21783,Imran Tareen
21784,Asal Deen
21785,Yameen Shah
21786,Vivek Rajgopal
21787,Jayakumar
21788,Soundar
21789,L. Alice
21790,Ambrose Hsu
21791,Wang Jian Long
21792,Hsia Ching Ting
21793,Lin Heng Yi
21794,Kreshna
21795,Saravanan
21796,Madhusudhanan
21797,Black Pandi
21798,Nitin Sathyaa
21799,Aruldass
21800,Karunas
21801,Shanmugha Rajan
21802,Prinz Nithik
21803,Junaid Akhtar
21804,Azekah Daniel
21805,Khushi Maheen
21806,Qavi Khan
21807,Rasheed Naz
21808,Faiq Asim
21809,Bruce Khan
21810,Kim In-kwon
21811,Kim Na-yeon
21812,Park Cheol-min
21813,Jeon Soo-jin
21814,Kim Jae-hyun
21815,Choi Je-heon
21816,Shandy Aulia
21817,Sara Wijayanto
21818,Demian Aditya
21819,Faiza Mahnur
21820,Hans Gunawan
21821,Aslam Abad
21822,Wenty Mamenda
21823,Maria Sabta
21824,Rydhen Afexi
21825,Ira Ilva Sari
21826,Shofia Shireen
21827,Mega Carefansa
21828,Wati Sudiyono
21829,Princess Martinez
21830,Eli Shi
21831,Jen-Shuo Cheng
21832,Chiung-Hsuan Hsieh
21833,Herb Hsu
21834,Bryant Lee
21835,Hsiu-Ling Lin
21836,Ma Ju-lung
21837,Ching-kuan Wang
21838,Rohan Vinod Mehra
21839,Denzil Smith
21840,Pawan Chopra
21841,Deepak Gheewala
21842,Utkarsh Mazumdar
21843,Jennylyn Mercado
21844,Enzo Marcos
21845,Hannah Ladesma
21846,Annie Parisse
21847,Martin Maloney
21848,Owen Colgan
21849,Chris Tordoff
21850,Peter Cassidy
21851,Tom Kilgallon
21852,Michael Salmon
21853,Wayne Lynch
21854,Tommy Miller
21855,Lizzie Waterworth
21856,Andie MacDowell
21857,Kate Micucci
21858,Alex Marty
21859,Ninet Tayeb
21860,Nadav Nates
21861,Moshe Ashkenazi
21862,Vanessa Chaplot
21863,Yael Sharoni
21864,Gil Frank
21865,Oded Fehr
21866,Dan Mor
21867,Navdeep
21868,Larissa Bonesi
21869,Sarathbabu
21870,Tamannaah Bhatia
21871,Poonam Kaur
21872,Tauquir Ahmed
21873,Mosharraf Karim
21874,Joyraj
21875,Samia Said
21876,Dominic Gomez
21877,Winai Kraibutr
21878,Kristín Thóra Haraldsdóttir
21879,Patrik Nökkvi Pétursson
21880,Jimena Barón
21881,Rodrigo Romero
21882,Julieta Vallina
21883,Florencia Peña
21884,Simja Dujov
21885,Adan Otero
21886,Mini Tsai
21887,Albee Huang
21888,David Chiu
21889,Kuan Lin
21890,Ray Yang
21891,Liu Yu Shan
21892,Yao Yuan Hao
21893,Wang Si Ping
21894,Yang Zheng
21895,Jenna Wang
21896,Graham Chapman
21897,Eric Idle
21898,Terry Gilliam
21899,Terry Jones
21900,Connie Booth
21901,Carol Cleveland
21902,Neil Innes
21903,Malina Weissman
21904,Louis Hynes
21905,K. Todd Freeman
21906,Dan Aaron Ramnarong
21907,Pimchanok Leuwisetpaiboon
21908,Chanintorn Jitpreeda
21909,Chonlakarn Puangnoy
21910,Achita Pramoj Na Ayudhya
21911,Vichuda Pindum
21912,Kriengsak Hrientong
21913,Likit Sittiphun
21914,Neal Brennan
21915,DeAnne Smith
21916,Ivan Decker
21917,Dave Merheje
21918,K. Trevor Wilson
21919,Joel Dommett
21920,Nish Kumar
21921,Ellie Taylor
21922,Joel Creasey
21923,Nazeem Hussain
21924,Cal Wilson
21925,Atul Khatri
21926,Aditi Mittal
21927,Hugo El Cojo Feliz
21928,Gaby Llanas
21929,Enissa Amani
21930,Ilka Bessin
21931,Kaya Yanar
21932,Mhel Merrer
21933,Shirley Souagnon
21934,Donel Jack'sman
21935,Ibraheem Alkhairallah
21936,Rawsan Hallak
21937,Adi Khalefa
21938,Louis-José Houde
21939,François Bellefeuille
21940,Katherine Levac
21941,Adib Alkhalidey
21942,Martijn Koning
21943,Soundos El Ahmadi
21944,Rayen Panday
21945,Antony
21946,Gayathri Krishna
21947,Abu Valayamkulam
21948,Anthony Vaathiyaar
21949,Aarubala
21950,Sornam
21951,Moshe Kasher
21952,David Oliver Nelson
21953,Arjunan
21954,Ramesh Thilak
21955,Ranjith
21956,Andrea Jeremiah
21957,Vasanth Ravi
21958,Adrian Knight Jesly
21959,Azhagamperumal
21960,Lizzie Antony
21961,Nivas Adithan
21962,Abhishek D Shah
21963,Branka Katić
21964,Trpimir Jurkic
21965,Aleksandar Cvetković
21966,Zijad Gračić
21967,Olga Pakalović
21968,Goran Markovic
21969,Edita Karađole
21970,Zdenko Jelcic
21971,Tihana Lazovic
21972,Mijo Jurišić
21973,Dajana Čuljak
21974,Alen Liverić
21975,Anja Matković
21976,Dragan Despot
21977,Bill Hicks
21978,Steve Hicks
21979,Gina Yashere
21980,Sam Kinison
21981,Chang Ting-hu
21982,Hong Yan-xiang
21983,Lin He Xuan
21984,Law Kar-Ying
21985,Mimi Chu
21986,Yuhei Takagi
21987,Reiko Suzuki
21988,Silk Road
21989,Tim Allen
21990,Tim Minchin
21991,Jules Buckley
21992,Todd Glass
21993,Songsit Roongnophakunsri
21994,Saksit Tangtong
21995,Kathaleeya McIntosh
21996,Sopitnapa Choompanee
21997,Phollawat Manuprasert
21998,Nappon Gomarachun
21999,Patravadi Mejudhon
22000,Kejmanee Wattanasin
22001,Thanapob Leeratanakajorn
22002,Teeradon Supapunpinyo
22003,Kongyingyong Chonlathorn
22004,Lapat Ngamchaweng
22005,Sivakorn Adulsuttikul
22006,Jackrin Kungwankiatichai
22007,Vachirawich Aranthanawong
22008,Sawanya Paisarnpayak
22009,Kanyawee Songmuang
22010,Pitisak Yaowananon
22011,Chavalit Chittanant
22012,Silvia Pérez Cruz
22013,Nidia Telles
22014,Eduardo Recabarren
22015,Fionn Whitehead
22016,Will Poulter
22017,Alice Lowe
22018,Asim Chaudhry
22019,Moshe Ivgy
22020,Guy Loel
22021,Yuval Semo
22022,Yigal Adika
22023,Avi Shnaidman
22024,Vered Feldman
22025,Liora Rivlin
22026,Pradhuman Singh
22027,Neha Bhasin
22028,Mohammad Samad
22029,Yash Shashank Dholye
22030,Sira Alonso de Alarcón
22031,Daniel Jumillas
22032,Christian Mulas
22033,June Tsai
22034,Ray Chang
22035,Yi-Wen Yen
22036,Mai Sato
22037,James McAvoy
22038,Peter Capaldi
22039,Mackenzie Crook
22040,Miles Jupp
22041,Wai Ai
22042,Jim Chim Sui Man
22043,Kwok-Pong Chan
22044,Sham Ka Ki
22045,Elanne Kong
22046,Kate Yeung
22047,Ong Yi-hing
22048,Sunny Lau
22049,Hugo Chegwin
22050,Lily Brazier
22051,Olivia Jasmine Edwards
22052,Dan Sylvester
22053,Steve Stamp
22054,George Keywood
22055,Maria Louis
22056,Christina Mok
22057,Alina Cheng
22058,Bonnie Wang
22059,Kheiron
22060,Catherine Deneuve
22061,André Dussollier
22062,Louison Blivet
22063,Hakou Benosmane
22064,Youssouff Wague
22065,Mahia Zrouki
22066,Joseph Jovanovic
22067,Trevante Rhodes
22068,BD Wong
22069,In Deok Hwang
22070,Yen-j
22071,Andy Wu
22072,Sharon Hsu
22073,Yen Tsao
22074,Kevin Liu
22075,Kenny Wen
22076,Tzu-chiang Chao
22077,Vince Kao
22078,Lin Ching-Tai
22079,Michael Yang
22080,Lego Lee
22081,Edison Wang
22082,Friederike Becht
22083,Natalia Belitski
22084,Ken Duken
22085,Christian Friedel
22086,Juergen Maurer
22087,Marc Hosemann
22088,Susanne Wuest
22089,Ahu Türkpençe
22090,Serkan Çayoğlu
22091,Murat Arkin
22092,Emir Benderlioğlu
22093,Firat Doğruloğlu
22094,Ahmet Pinar
22095,Tedd Chan
22096,Stella Chung
22097,Lawrence Koh
22098,Tommy Kuan
22099,Josh Lai
22100,Mark Lee
22101,Benjamin Lim
22102,Rarecho
22103,Noriko Shitaya
22104,Mai Kadowaki
22105,Miki Ito
22106,Edwin Goh
22107,Ian Fang Weijie
22108,Phua Yida
22109,Kimberly Chia
22110,William Lawandi
22111,Angeline Yap
22112,Vivienne Tseng
22113,Esther Goh
22114,Alan Tan
22115,Kit Chan
22116,Xiang Yun
22117,Bobby Tonelli
22118,Shane Pow
22119,Seraph Sun
22120,Marcus Chiau
22121,Sierra Bustos
22122,Amy Cheng
22123,Lin Yu Hui
22124,Youyi
22125,Vaibhav Raj Gupta
22126,Santosh Juvekar
22127,Anangsha Biswas
22128,Ankit Raaj
22129,Kailash Waghmare
22130,Ellen DeGeneres
22131,Aaryan Menon
22132,Dhanesh Anand
22133,Kannan Nayar
22134,Sajin Cherukayil
22135,Kevin Jose
22136,Athulya
22137,Anil Dhawan
22138,Ashwini Kalsekar
22139,Pawan Singh
22140,Kabir Sajid
22141,Yang Zi
22142,Luo Yunxi
22143,Zack Pearlman
22144,Andree Vermeulen
22145,Evan Bird
22146,Niamh Wilson
22147,Dawn Greenhalgh
22148,Bruce Springsteen
22149,Emily Watson
22150,Reid Miller
22151,Tyler Christopher
22152,Christina Cox
22153,Harvey Guillen
22154,Julian Barratt
22155,Sophia Di Martino
22156,Leila Hoffman
22157,Sergio Pizzorno
22158,Tom Meighan
22159,Chris Edwards
22160,Ian Mattthews
22161,Lauren Laverne
22162,Gary Lightbody
22163,Nathan Connolly
22164,Jonny Quinn
22165,Johnny McDaid
22166,Edith Bowman
22167,Guru Somasundaram
22168,Cibi Bhuvana Chandran
22169,Vishagan Vanangamudi
22170,Chandini Tamilarasan
22171,Vasu Vikram
22172,Hareesh Peradi
22173,Jayaprakash Radhakrishnan
22174,Shin Hye-sun
22175,Kim Myeong-su
22176,Park Seon-im
22177,Hwang Yeong-hee
22178,Shin Jae-ha
22179,Jason Fox
22180,Yalitza Aparicio
22181,Marina de Tavira
22182,John Grisham
22183,Charlotte Best
22184,Elsa Pataky
22185,Mattias Inwood
22186,Dalip Sondhi
22187,Richard Davies
22188,Caroline Brazier
22189,Peter O'Brien
22190,Madeleine Madden
22191,Eric McCormack
22192,MacKenzie Porter
22193,Nesta Cooper
22194,Jared Paul Abrahamson
22195,Reilly Dolman
22196,Patrick Gilmore
22197,A.J. LoCascio
22198,Yuka Nukui
22199,Kaori Maeda
22200,Hikaru Akao
22201,Massimo Ghini
22202,Ricky Memphis
22203,Martina Stella
22204,Ralph Palka
22205,Biagio Izzo
22206,Riccardo Rossi
22207,Felix Kramer
22208,Fahri Yardim
22209,Anna Maria Mühe
22210,Katharina Schüttler
22211,Alina Stiegler
22212,Sinan Farhangmehr
22213,Hauke Diekamp
22214,David Bennent
22215,Deniz Orta
22216,Katrin Saß
22217,Sebastian Zimmler
22218,Maddie Baillio
22219,Luke Benward
22220,Georgie Flores
22221,Dove Cameron
22222,Kathy Najimy
22223,Ginger Minj
22224,Hilliary Begley
22225,Geoff McGivern
22226,Rohan Chand
22227,Louis Ashbourne Serkis
22228,Matthew Rhys
22229,Tavi Gevinson
22230,Desus Nice
22231,Richard Ayoade
22232,Steve Toussaint
22233,Tess Haubrich
22234,Stephen Curry
22235,Lewis Fitz-Gerald
22236,Mark Leonard Winter
22237,Josh Ostrovsky
22238,Brittany Furlan
22239,Kirill Bichutsky
22240,DJ Khaled
22241,Hailey Baldwin
22242,Kwon Yuri
22243,Tae Hang-ho
22244,Joo Jin-mo
22245,Shim Hye-jin
22246,Ji Su-won
22247,Kim Seong-won
22248,Kang Yoon
22249,Seo Eun-ah
22250,Bae Yoon-kyung
22251,Park Hoon
22252,Chanyeol
22253,Lee Hak Joo
22254,Lee Si-won
22255,Maya Ali
22256,Javed Sheikh
22257,Mehmood Aslam
22258,Faisal Qureshi
22259,Nayyar Ejaz
22260,Asma Abbas
22261,Marhoom Ahmad Bilal
22262,Simi Raheal
22263,Salman Bokhari
22264,Qi Shu
22265,Liang Tian
22266,Danying Feng
22267,Rina Sa
22268,Zhang Songwen
22269,Tian Gao
22270,Andrew Lin
22271,Richie Ren
22272,Stanley Fung Sui-Fan
22273,Michelle Ye
22274,Alexander Chan
22275,Monica Mok
22276,Lisa Teige
22277,Fabian Svegaard Tapia
22278,Vebjørn Enger
22279,Charlott Madeleine Utzig
22280,Stig R. Amdam
22281,Karen-Lise Mynster
22282,Andy Lau
22283,Sammi Cheng
22284,Gao Yuanyuan
22285,Guo Tao
22286,Tai-Lo Ma
22287,Man-Wai Wong
22288,Ying-Ying Yiu
22289,Yi Zi
22290,Ekin Cheng
22291,Ivana Wong
22292,Jase Ho
22293,Alex Lam
22294,Wen Xin
22295,Kar Lok Chin
22296,Tarun Bajaj
22297,Keeya Khanna
22298,Varun Mehra
22299,Manish Khanna
22300,Kunwar Aziz
22301,Zahiril Adzim
22302,Ario Bayu
22303,Asmara Abigail
22304,Rosdeen Suboh
22305,Timothy Castillo
22306,Along Eyzendy
22307,Vic Chou
22308,Kainaat Arora
22309,Jaggi Singh
22310,Jo Hyun-jung
22311,Gim Young-eun
22312,Gim Chae-ha
22313,I So Eun
22314,Choe Jae-ho
22315,Jacky Cheung
22316,Wang Xueqi
22317,Janice Man
22318,Charmaine Sheh
22319,Zhang Huiwen
22320,Cheng Taishen
22321,Moses Chan
22322,Zhang Hanyu
22323,Denise Ho
22324,Dominic Lam
22325,Xinyi Zhang
22326,David Chiang
22327,George Lam
22328,Rebecca Pan
22329,Maria Cordero
22330,Alex Fong
22331,On-on Yu
22332,Conroy Chan
22333,Rajkiran
22334,Chaya Singh
22335,Madonna Sebastian
22336,Vidyullekha Raman
22337,Wenpei Ju
22338,Liu Hua
22339,Qianyuan Wang
22340,Ren Zhengbin
22341,He Jiang
22342,Maciej Musiał
22343,Michalina Olszańska
22344,Andrzej Chyra
22345,Clive Russell
22346,Edyta Olszówka
22347,Mateusz Kościukiewicz
22348,Ewa Błaszczyk
22349,Vu Le Hong
22350,Tomasz Włosok
22351,Krzysztof Wach
22352,Simon Dutton
22353,Malachy McCourt
22354,Vivian Drew
22355,Drummond Money-Coutts
22356,Alejandra Ambrosi
22357,Alexandra De La Mora
22358,Mónica Dionne
22359,Marco Méndez
22360,Alejandra Urdiaín
22361,Khristian Clausen
22362,Fernando Luján
22363,Adriano Tardiolo
22364,Agnese Graziani
22365,Alba Rohrwacher
22366,Luca Chikovani
22367,Natalino Balasso
22368,Carlo Tarmati
22369,Pasqualina Scuncia
22370,Nicoletta Braschi
22371,Eri Tokunaga
22372,Daichi Watanabe
22373,Mina Fujii
22374,Mansaku Ikeuchi
22375,Kinuo Yamada
22376,Yuka Ogura
22377,Enon Kawatani
22378,Yui Imaizumi
22379,Noriko Eguchi
22380,Anirudh Tanwar
22381,Jitendra Shastri
22382,Harish Khanna
22383,Richard Ian Cox
22384,François Damiens
22385,Vincent Cassel
22386,Miguel Rodarte
22387,R.J. Mitte
22388,Montserrat Marañon
22389,Emiliano Rodríguez
22390,Dave Attell
22391,Melissa Hutchison
22392,Ashley Johnson
22393,Jim Meskimen
22394,Martha Plimpton
22395,Brian Posehn
22396,John de Lancie
22397,Landon Liboiron
22398,Alun Armstrong
22399,Jessica Matten
22400,Allan Hawco
22401,Evan Jonigkeit
22402,Arantza Ruiz
22403,Luisa Rubino
22404,Roberto Álamo
22405,Raúl Medina
22406,Pedro Mari Sánchez
22407,Odiseo Bichir
22408,Lindsay Lohan
22409,Marama Corlett
22410,Karl Theobald
22411,Belinda Stewart-Wilson
22412,Camilla Beeput
22413,Dustin Demri-Burns
22414,Tolu Ogunmefun
22415,Felicia Day
22416,Jonah Ray
22417,Hampton Yount
22418,Maribel del Pino
22419,Arlette Torres
22420,Marisol Aznar
22421,María José Sarrate
22422,Manuel Huedo
22423,Artur Busquets
22424,Jess Harnell
22425,Mikey Kelley
22426,Amy Margolis
22427,Kaitlyn Maher
22428,Mackenzie Sol
22429,David DeLuise
22430,George Newbern
22431,Reggie De Leon
22432,Oakley Bull
22433,Dillon Fontana
22434,vivienne Rutherford
22435,Tyreese Burnett
22436,Christian Sugiono
22437,Richelle Georgette Skornicki
22438,Rizky Hanggono
22439,Asri Handayani
22440,Raditya Dika
22441,Cinta Laura Kiehl
22442,Samuel Rizal
22443,Willy Dozan
22444,Abdur Arsyad
22445,Hifdzi Khoir
22446,Romy Rafael
22447,Ria Ricis
22448,Andrew Knowlton
22449,Trevor Noah
22450,Yang Mi
22451,Dilraba Dilmurat
22452,Ken Chang
22453,Vengo Gao
22454,Huang Mengying
22455,Aracely Arámbula
22456,David Chocarro
22457,Andrea Martí
22458,Juan Ríos Cantú
22459,Diego Soldano
22460,Daniela Bascopé
22461,Marimar Vega
22462,Marcela Guirado
22463,Ricardo Abarca
22464,Thali García
22465,Alexandra Pomales
22466,Briggitte Bozzo
22467,Santiago Torres
22468,Roberto Escobar
22469,Samantha Dagnino
22470,Raury Rolander
22471,Vince Miranda
22472,Javier Valcárcel
22473,Patch Darragh
22474,Imani Hakim
22475,Michael Dempsey
22476,Flora Diaz
22477,Samantha Robinson
22478,Jessica Parker Kennedy
22479,Quei Tann
22480,Stéphane De Groodt
22481,Vincent Elbaz
22482,Grégory Gadebois
22483,Doria Tillier
22484,Fleur Fitoussi
22485,Morgan Neundorf
22486,Madeline Leon
22487,Khiyla Aynne
22488,Cailan Laine Punnewaert
22489,Zyon Allen
22490,Maya Franzoi
22491,Victoria Tomazelli
22492,Hugh Wilson
22493,Diana Chrisman
22494,Amy Griffiths
22495,Sara Stewart
22496,Pavel Douglas
22497,Calliope Taylor
22498,Natali Yura
22499,Alexa Adeosun
22500,Indrans
22501,Sreekanth Menon
22502,Vishnu Agasthya
22503,Aliyar
22504,Seethabaala
22505,Shaji John
22506,Sajith Nampiyar
22507,Benny Vadakkan
22508,Fumihiro Okabayashi
22509,Stephen Huszar
22510,Kelly Rutherford
22511,Tathastu
22512,Aryan Preet
22513,Devender Chaudhary
22514,Shrikant Verma
22515,Pevita Pearce
22516,Samo Rafael
22517,Ray Sahetapy
22518,Ruth Marini
22519,Hadijah Shahab
22520,Nicole Rossi
22521,Anand Sami
22522,Lakshmi Priyaa Chandramouli
22523,Ashiqa Salvan
22524,Abishek K.S.
22525,Venkatesh Harinathan
22526,Trupti Toradmal
22527,Rakesh Bapat
22528,Pallavi Patil
22529,Angad Mhaskar
22530,Hemangi Kavi
22531,Savita Prabhune
22532,Sandeep Avchat
22533,Joseba Usabiaga
22534,Eneko Sagardoy
22535,Ramón Aguirre
22536,Aia Kruse
22537,Iñigo Azpitarte
22538,Brandon Vera
22539,Victor Neri
22540,Arjo Atayde
22541,Levi Ignacio
22542,Alex Calleja
22543,Lao Rodriguez
22544,Ricky Pascua
22545,Loudon Wainwright III
22546,Lars Ranthe
22547,Marco Ilsø
22548,Jakob Oftebro
22549,Sandra Ng Kwan Yue
22550,Raymond Wong
22551,Ronald Cheng
22552,Yao Chen
22553,Heung Kam Lee
22554,Chun Chau Ha
22555,Miki Shum
22556,Lucas Gregorowicz
22557,Moritz Bleibtreu
22558,Alexandra Neldel
22559,Melanie Winigir
22560,Mavie Hörbiger
22561,Elmar Wepper
22562,Aldis Hodge
22563,Jonny Weston
22564,Derek Mio
22565,Billy Howle
22566,Tony Curran
22567,Fernando Mendonça
22568,Sérgio Cantú
22569,Wagner Follare
22570,Pabllo Vittar
22571,Silvetty Montilla
22572,Rapha Vélez
22573,Sylvia Salustti
22574,Carolina Ramírez
22575,Andrés Sandoval
22576,Adriana Arango
22577,Mabel Moreno
22578,Luis Alfredo Velasco
22579,Pacho Rueda
22580,Diana Wiswell
22581,Mariana Garzón
22582,Kiño
22583,Sebastián Silva
22584,Guillermo Blanco
22585,Alejandro Otero
22586,David Ojalvo
22587,Brody Allen
22588,Jenna Davis
22589,Leigh Kelly
22590,Brune Renault
22591,Toinette Laquiere
22592,Steve Tientcheu
22593,Pili Groyne
22594,Patrick Descamps
22595,Patrick Raynal
22596,Juliette Plumecocq-Mech
22597,Sébastien Chassagne
22598,Alexis Loret
22599,Aissatou Diop
22600,Killian Scott
22601,Chasten Harmon
22602,Joe Adler
22603,Pradeep Velankar
22604,Shubha Khote
22605,Resham Tipnis
22606,Joanna Bessey
22607,Douglas Lim
22608,Lina Teoh
22609,Rashid Salleh
22610,Mano Maniam
22611,Tan Jin Chor
22612,Ana Caetano
22613,Vitória Falcão
22614,Clarissa Müller
22615,Bruce Gomlevsky
22616,Caique Nogueira
22617,Érika Mader
22618,Gabriela Nunes
22619,Bryan Ruffo
22620,Hamilton Dias
22621,Sahana Srinivasan
22622,Ben Seidman
22623,Quincy Brown
22624,Ron Cephas Jones
22625,Ali Hassan
22626,Rodrigo Fernandez-Stoll
22627,Kevin Hanchard
22628,Romaine Waite
22629,John Huston
22630,Oja Kodar
22631,Peter Bogdanovich
22632,Susan Strasberg
22633,Robert Random
22634,Lilli Palmer
22635,Norman Foster
22636,Edmond O'Brien
22637,Mercedes McCambridge
22638,Cameron Mitchell
22639,Paul Stewart
22640,Orson Welles
22641,Sanjay Sharma
22642,Shashanka Ghosh
22643,Jhilmil Hazrika
22644,Gazala Amin
22645,Allauddin Khan
22646,Lauren Gottlieb
22647,Sushant Pujari
22648,Punit Pathak
22649,Dharmesh Yelande
22650,Raghav Juyal
22651,Ganesh Acharya
22652,Salman
22653,Noorin Sha
22654,Yudhveer Bakoliya
22655,Ashok Banthia
22656,Ravi Khanwilkar
22657,Vijay Kashyap
22658,Hemanth Mahaur
22659,Rana Ranbir
22660,Neha Pawar
22661,Kuljinder Sidhu
22662,Pardeep Sran
22663,Seema Kaushal
22664,Rajvir Boparai
22665,Ileana D'Cruz
22666,Rupa Ganguly
22667,Bholaraj Sapkota
22668,Haradhan Bannerjee
22669,Vikas Bhalla
22670,Zain Khan
22671,Scott Cavalheiro
22672,Patrick Duffy
22673,Jess Walton
22674,Héctor Segura
22675,Sebastian Rosas
22676,Gilbert Montoya
22677,Johnny Lever
22678,Malay Chakrabarty
22679,Hrishitaa Bhatt
22680,Aditi Vasudev
22681,Archit Krishna
22682,Manoj Bakshi
22683,Shen Lin
22684,Zhu Zhu
22685,Jodi Lyn O'Keefe
22686,Rockmond Dunbar
22687,Andy Mackenzie
22688,Robert Crayton
22689,John Edward Lee
22690,Trent Brya
22691,John Stanton
22692,Scaachi Koul
22693,Azeen Ghorayshi
22694,Bim Adewunmi
22695,Juliane Loffler
22696,Charlie Warzel
22697,Harbhajan Mann
22698,Manpneet Grewal
22699,Girja Shankar
22700,Tarsem Paul
22701,Balkaran Wadding
22702,Bobby Sandhu
22703,Mithra Kurian
22704,Anoop Menon
22705,Mohanlal
22706,Narein
22707,Priyamani
22708,Roma
22709,Jagathy Sreekumar
22710,Prateeksha Lonkar
22711,Gautam Bhimani
22712,Harsha Bhogle
22713,Jayasurya
22714,Indrajith
22715,Bhama
22716,Ramya Nambeeshan
22717,Rima Kallingal
22718,Praveena
22719,Binnu Dhillon
22720,Veena Malik
22721,Amit Sadh
22722,Digvijay Deshmukh
22723,Ashish Kakkad
22724,Vimal
22725,Shiva
22726,Santhanam
22727,M. Ilavarasu
22728,Katt Williams
22729,Abhishek Saha
22730,Suhaas Ahuja
22731,Adaar Malik
22732,Dharmendra
22733,Shilpa Shetty
22734,Nafisa Ali
22735,Anand Goradia
22736,Vibhavari Deshpande
22737,Kamlesh Sawant
22738,Roshan Prince
22739,Simran Kaur Mundi
22740,Bharti Singh
22741,Anshu Sawhney
22742,Sunita Dhir
22743,Minto
22744,Manoj Sabarwal
22745,Sunny Gill
22746,Myra Karn
22747,Bubbles Sabharwal
22748,Geeta Sudan
22749,Neetu Chandra
22750,Rajender Sethi
22751,Jahangir Khan
22752,Humaima Malik
22753,Prachi Shah
22754,Arya
22755,Hansika Motwani
22756,Premgi Amaren
22757,Monal Gajjar
22758,Sathish
22759,Erode Mahesh
22760,Gaurav Narayanan
22761,Sommore
22762,Armistead Maupin
22763,Neil Gaiman
22764,Amanda Palmer
22765,Mncedisi Shabangu
22766,Sihle Xaba
22767,Sibusiso Msimang
22768,Zimkhitha Nyoka
22769,Nomonde Mbusi
22770,Azwile Chamane
22771,Harriet Lenabe
22772,Lalit Mohan Tiwari
22773,Yoshika Verma
22774,Suruchi Aulakh
22775,Aayam Mehta
22776,Gargi Datar
22777,Jai Vyas
22778,Vicente Romero
22779,Adriana Torrebejano
22780,Pep Tosar
22781,Fernando Cayo
22782,Archie Alemania
22783,Art Acuña
22784,Lorenz Martinez
22785,Mylene Dizon
22786,Bing Pimentel
22787,Leo Martinez
22788,Kunihiko Yasui
22789,Dong Jie
22790,Li Xiaoran
22791,Chen Kuan Tai
22792,Vincent Sze
22793,Tommy Yuen
22794,Arinzé Kene
22795,Ashley Thomas
22796,Ronke Adekoluejo
22797,Luke Norris
22798,Mya Lewis
22799,Milan Maric
22800,Artur Beschastny
22801,Anton Shagin
22802,Svetlana Khodchenkova
22803,Elena Lyadova
22804,Piotr Gasowski
22805,Eva Gerr
22806,Hanna Sleszynska
22807,Carlo D'Ursi
22808,Josean Bengoetxea
22809,Bárbara Santa-Cruz
22810,Maica Barroso
22811,Adam Jezierski
22812,Sergio Quintana
22813,Lakshmi Manchu
22814,Aadarsh Balakrishna
22815,Samrat Reddy
22816,Shrikanth Iyyangar
22817,Shrusti Dange
22818,Briga Heelan
22819,Adam Campbell
22820,Horatio Sanz
22821,Nicole Richie
22822,Ronnie Coleman
22823,Anushka Shetty
22824,Sudeep
22825,Janine Chun-Ning Chang
22826,Hans Zhang
22827,Zach McGowan
22828,Nathan Jones
22829,Peter Mensah
22830,Howard Charles
22831,Inge Beckmann
22832,Gisela Ponce de León
22833,Karina Jordán
22834,Jely Reátegui
22835,Carlos Carlín
22836,Junchen Guo
22837,Yi Ning Sun
22838,Yi Qin Zhao
22839,Mu Xuan Cheng
22840,Li Ma
22841,Mo Zhou
22842,Shalin Naik
22843,Renee Lim
22844,Sandro Demaio
22845,Sam Ashe Arnold
22846,Brianna Reed
22847,Brittany Garms
22848,Alison Becker
22849,Larry Bates
22850,Rachel Gage
22851,Matt Battaglia
22852,Benjamín Alfonso
22853,Emilia Claudeville
22854,Mauricio Llera
22855,Sol Gaschetto
22856,Martín Seefeld
22857,Martín Rocco
22858,Gonzalo VIzán
22859,Derren Brown
22860,Becky G.
22861,Patrick Stump
22862,Nash Grier
22863,Madison De La Garza
22864,Gang Dong-won
22865,Han Hyo-joo
22866,Jung Woo-sung
22867,Kim Mu-yeol
22868,Han Ye-ri
22869,Choi Min-ho
22870,Kim Beop-rae
22871,Lee Dong-ha
22872,Jung Won-joong
22873,Elden Henson
22874,Elodie Yung
22875,Stephen Rider
22876,Vondie Curtis-Hall
22877,Lakshmi Menon
22878,Nina Kurup
22879,Rathna Shekar Reddy
22880,Anoop Aravindan
22881,Wiwattanawarang Oabnithi
22882,Mahayotaruk Thiti
22883,Lerkcharoempoj Papangkorn
22884,Imanothai Kawin
22885,Sakuljaroensuk Apinya
22886,Oat Pasakorn Sanrattana
22887,Leeratanakajorn Thanapob
22888,Skye Nateeton Wongrawee
22889,Supapunpinyo Teeradon
22890,Chansangavej Chayanit
22891,Ketprapakorn Narikun
22892,Pibunsonggram Kritsanapoom
22893,Santinatornkul Chanon
22894,Ada Choi
22895,Bowie Lam
22896,Janelle Sing
22897,Joe Taslim
22898,Sunny Pang
22899,Salvita Decorte
22900,Abimana Aryasatya
22901,Zack Lee
22902,Dimas Anggara
22903,Joe Hurst
22904,Emma D'Arcy
22905,William Ash
22906,Jeremy Swift
22907,Anastasia Hille
22908,Isis Hainsworth
22909,Sophie Okonedo
22910,Karthik
22911,Gautam Karthik
22912,Santhosh Prathap
22913,Mime Gopi
22914,J. Mahendran
22915,Viji Chandrasekhar
22916,Matthew Knight
22917,Vanessa Morgan
22918,Atticus Mitchell
22919,Cameron Kennedy
22920,Kate Todd
22921,Ari Cohen
22922,Matt Day
22923,Adrienne Pickering
22924,Russell Dykstra
22925,Geoff Morrell
22926,Keegan Joyce
22927,Ron White
22928,Diljit Dosanjh
22929,Mahabir Bhullar
22930,Jimmy Moses
22931,Bill Milner
22932,Paul Higgins
22933,Richard Elfyn
22934,Elen Rhys
22935,Marci T. House
22936,Omari Newton
22937,Doron Bell
22938,Uma Bracaglia
22939,Gotzon Sánchez
22940,José Ramón Argoitia
22941,Gorka Aguinagalde
22942,Iñigo de la Iglesia
22943,Aitor Urtzelai
22944,Sandrinna M Skornicki
22945,Fero Walandouw
22946,Andryan Bima
22947,Ciara Nadine Brosnan
22948,Ali Fikry
22949,Adlu Fahrezy
22950,Nena Rosier
22951,Naufal Ho
22952,Aqi Singgih
22953,Christine McConnell
22954,Adam Mayfield
22955,Michael Oosterom
22956,Drew Massey
22957,Mick Ignis
22958,Tim Lagasse
22959,Dita von Teese
22960,Steven M. Porter
22961,Elko Weaver
22962,Timothy Hutton
22963,Lulu Wilson
22964,Mckenna Grace
22965,Paxton Singleton
22966,Julian Hilliard
22967,Violet McGraw
22968,Parker Sevak
22969,Anna Baryshnikov
22970,Giorgio Tirabassi
22971,Marco Bocci
22972,Cristiana Capotondi
22973,Diane Fleri
22974,Carlo Calderone
22975,Claudio Gioè
22976,Romina Mondello
22977,Orlando Cinque
22978,Luigi Maria Burruano
22979,Lorenza Indovina
22980,Ivana Lotito
22981,Pierfrancesco Poggi
22982,Marco Leonardi
22983,Giorgio Marchesi
22984,Samin Nosrat
22985,Anders Danielsen Lie
22986,Ola G. Furuseth
22987,Maria Bock
22988,Guilherme Fontes
22989,Ravel Cabral
22990,André Ramiro
22991,Cristina Lago
22992,Bryan Batt
22993,Bill Martin Williams
22994,Martin Bats Bradford
22995,Kendrick Cross
22996,Jasmine Akakpo
22997,Kedrick Brown
22998,Mo Amer
22999,Puteri Aishah
23000,Alvin Wong
23001,Coco Grayson
23002,Travis Willingham
23003,Wayne Brady
23004,Meghan Strange
23005,Travis Tope
23006,Dylan Everett
23007,Clark Backo
23008,Vinson Tran
23009,Jeff Clarke
23010,"Justin ""Alyssa Edwards"" Johnson"
23011,Jim O'Brien
23012,Konomi Suzuki
23013,Chiaki Takahashi
23014,Seiichiro Yamashita
23015,Yu Serizawa
23016,Tsuyoshi Koyama
23017,Yuto Suzuki
23018,Hiroshi Ito
23019,Ben Lloyd-Hughes
23020,Celia Imrie
23021,Scott Chambers
23022,Georgina Bevan
23023,Tracee Chimo
23024,Emily Robinson
23025,Seungri
23026,Yoo Byung Jae
23027,Lee Jai-jin
23028,Jinu
23029,Son Se-bin
23030,Park Choong-hwan
23031,Baek Yeong-gwang
23032,Choi Sin-deuk
23033,Satinder Sartaaj
23034,Amanda Root
23035,Rup Magon
23036,Sophie Stevens
23037,Keith Duffy
23038,David Essex
23039,Leanne Joyce
23040,Ranjit Singh Shubh
23041,Cassandra Scerbo
23042,Brytni Sarpy
23043,Mason Dye
23044,Luke Baines
23045,Ricardo Hoyos
23046,Christina Masterson
23047,Heather Langenkamp
23048,Frederick Koehler
23049,Christine Marzano
23050,Yennis Cheung
23051,Lucy Aarden
23052,Jane Leeves
23053,Jim Piddock
23054,Sophie Winkleman
23055,Joe Rogan
23056,Robert Klein
23057,Stephen Hawking
23058,Terence Bayler
23059,Sonia Mann
23060,Jimmy Sharma
23061,Sapna Bassi
23062,Lakha Lakhwinder Singh
23063,Sandeep Kaur Sandy
23064,Karen Slater
23065,Loukia Ioannou
23066,Will Ennis
23067,Renee Stein
23068,Keith Cooper
23069,Paul Mason
23070,Lisa Scenna
23071,Ashley Rogan
23072,Adesh Bhardwaj
23073,Joy Fernandes
23074,Ravi Kale
23075,Ishtiyak Khan
23076,Priyanka Kothari
23077,Kali Prasad Mukherjee
23078,Gautam Rode
23079,Howard Rosemeyer
23080,Vidyut Jammwal
23081,Deep Joshi
23082,Jasmine Kaur
23083,Mohit Bhaskar
23084,Vijay S. Kumar
23085,Tarlochan Singh
23086,Harsh Sethi
23087,Sindbad Phgura
23088,Ammo 'Too Sweet'
23089,Jimi the Quiff
23090,Parakh Madan
23091,Gurdas Maan
23092,Khushdeed Maan
23093,Raj Jhinger
23094,Shruti Sodhi
23095,Meher Vij
23096,Kartar Cheema
23097,Jashan Singh
23098,Sakshi Gulati
23099,Savita Bhatti
23100,Mohit Sharma
23101,Sukhwinder Sohi
23102,Zenobia Shroff
23103,Akshat Verma
23104,Dana Lewis
23105,Rajesh Khattar
23106,Chemban Vinod Jose
23107,Aswathy Manoharan
23108,Sarabjit Cheema
23109,Mahreen Kaleka
23110,Anuj Sachdeva
23111,Rupan Bal
23112,Amrinder Gill
23113,Sumeet Sandhu
23114,Praneet Bhatt
23115,Kuldeep Sharma
23116,Vibhawari Deshpande
23117,Ambarish Deshpande
23118,Mohit Gokhale
23119,Dilip Joglekar
23120,Dheeresh Joshi
23121,Ketan Karande
23122,Atharva Karve
23123,Mayur Khandge
23124,Sandip Pathak
23125,Emily Axford
23126,Brian Murphy
23127,Saravajeet Tiwari
23128,Zarine Khan
23129,Poonam Sinha
23130,Abeer Abrar
23131,Ravinder Grewal
23132,Chandan Prabhakar
23133,Harpal Singh
23134,Surbhi Mahendru
23135,Deb Mukherjee
23136,Amole Gupte
23137,Patricia Bull
23138,Carlos Paca
23139,Eric Santos
23140,Mandy Takhar
23141,Elnaaz Norouzi
23142,Mahavir Bhullar
23143,Sukhbir Singh
23144,Amir Raza Hussain
23145,Nauheed Cyrusi
23146,Vishwajeet Pradhan
23147,Karanvir Bohra
23148,Amit Varma
23149,Rupinder Nagra
23150,Smeep Kang
23151,Geeta Basra
23152,Vikram Grover
23153,Priyanka Sharma
23154,Vinod Nagpal
23155,Rahul Bagga
23156,Munish Makhija
23157,Rituparna Sengupta
23158,Varun Bandola
23159,Happy Raikoti
23160,Vikram Singh
23161,Harsharan Singh
23162,Jiiva
23163,Narain
23164,Selvaah
23165,Cheran
23166,Haripriya
23167,Nikhita
23168,Suma Bhattacharya
23169,Prateik
23170,Arjun Mathur
23171,Shruti Seth
23172,Karim Hajee
23173,Tegan Moss
23174,Gabriel Sunday
23175,Mariel Hemingway
23176,Brooke Nevin
23177,Zachary Ray Sherman
23178,Vanessa Lengies
23179,Joe Mantegna
23180,Vishal
23181,Saranya Ponvannan
23182,Sunder Ramu
23183,Iniya
23184,Chetan Cheenu
23185,Shivam Patil
23186,Poonam Pandey
23187,Sheetal Singh
23188,Vishal Bhosle
23189,Rohan Khurana
23190,Ranbir Chakma
23191,Raj Kesaria
23192,Chirag Lobo
23193,Kulraj Randhawa
23194,Aman Sutdhar
23195,Dally Daljit
23196,Shubh Ghumman
23197,Karan Tiwana
23198,Paran Banerjee
23199,Arun Mukherjee
23200,Sujan Mukherjee
23201,Sohaila Kapoor
23202,Parvathy Omanakuttan
23203,Arunoday Singh
23204,Hussain Dalal
23205,Miss Pooja
23206,Tarun Khanna
23207,Raj Singh Jhinger
23208,Sahil Vedoliyaa
23209,Anita Shabdeesh
23210,Kashish Singh
23211,Dev Gill
23212,Inder Bajwa
23213,Monica Gill
23214,Jarnail Singh
23215,Baljinder Darapuri
23216,Gabrielle Reece
23217,Vikram
23218,Amy Jackson
23219,Lakshmi Rai
23220,Ganesh Venkatraman
23221,RJ Balaji
23222,Bosskey
23223,Chitra Lakshmanan
23224,Sippy Gill
23225,Deedar GIll
23226,Rahul Jugraj
23227,Virender Nath Lubana
23228,Aneeta
23229,Rajat Barmecha
23230,Aayan Boradia
23231,Raja Hudda
23232,Shaunak Sengupta
23233,Varun Khettry
23234,Akshay Sachdev
23235,Sreejith Ravi
23236,Muthukumar
23237,Krutika Bolaki
23238,Munir Kabani
23239,Mohsin Ali Khan
23240,Nominath Ginsberg
23241,Aachal Munjal
23242,Diya Sonecha
23243,Isha Rikhi
23244,Vipul Roy
23245,Poonam Rajput
23246,Satti Sembi
23247,Feroze Khan
23248,Sajal Ali
23249,Jibrayl Ahmed Rajput
23250,Shafqat Cheema
23251,Rashid Farooqi
23252,Vinessa Shaw
23253,Júlio Andrade
23254,Marjorie Estiano
23255,Jaloo
23256,Felipe Abib
23257,Humberto Carrão
23258,Malu Galli
23259,Li Yi Feng
23260,Zhou Dongyu
23261,Bingkun Cao
23262,Ge Wang
23263,Keanu Chi
23264,Zhang Jungyi
23265,Yijuan Li
23266,Su Ke
23267,James Badge Dale
23268,Julian Black Antelope
23269,Jonathan Whitesell
23270,Peter McRobbie
23271,Ty Wood
23272,Ajay Friese
23273,Hannah Vandenbygaart
23274,Timothy E. Brummund
23275,Bob Frazer
23276,Octavian Kaul
23277,Bobcat Goldthwait
23278,Norm MacDonald
23279,Daniel Middleton
23280,Jonny Rees
23281,Citra Prima
23282,Epy Kusnandar
23283,Anita Hara
23284,Derry Drajat
23285,Voke Victoria
23286,Afdhal Yusman
23287,Neil Maskell
23288,Maki Kawase
23289,Yukitoshi Tokumoto
23290,Justin Theroux
23291,Sally Field
23292,Sonoya Mizuno
23293,Jemima Kirke
23294,Rafinha Bastos
23295,Tony Danza
23296,Josh Groban
23297,Monica Barbaro
23298,Megumi Toyoguchi
23299,Elan Garfias
23300,Shannon McKain
23301,D.C. Douglas
23302,Imari Williams
23303,LeVar Burton
23304,Taim Hasan
23305,Abdo Chahine
23306,Oweiss Mkhallalati
23307,Mona Wassef
23308,Jimmy Tatro
23309,Camille Hyde
23310,Lou Wilson
23311,Jessica Juarez
23312,Karly Rothenberg
23313,Álvaro Guerrero
23314,Aida López
23315,Marianna Burelli
23316,Maria del Carmen Farías
23317,Tamara Mazarraza
23318,Marco Antonio Treviño
23319,Alicia Jaziz
23320,Harold Torres
23321,Alessio Valentini
23322,Mickey Leon
23323,Ori Pfeffer
23324,Slimane Dazi
23325,Ni Ni
23326,Zhao Lixin
23327,Ni Dahong
23328,Yuan Hong
23329,Wang Ou
23330,Bai Jinting
23331,Zhang Xiaochen
23332,Mei Ting
23333,Liu Mintao
23334,Yu Mingjia
23335,Hou Yansong
23336,Hai Yitian
23337,Shi An
23338,Shao Tong
23339,Ricki Stern
23340,Annie Sundberg
23341,Won Jin-ah
23342,Lee Kyu-hyung
23343,Moon So-ri
23344,Jasmine Trinca
23345,Milvia Marigliano
23346,Max Tortora
23347,Daniel Sloss
23348,Zachary Young
23349,Fleur Delahunty
23350,Barry Atsma
23351,Jacob Derwig
23352,Jaap Spijkers
23353,Fockeline Ouwerkerk
23354,Jochum ten Haaf
23355,Peter Jordan
23356,Götz Schubert
23357,Afdlin Shauki
23358,Patrick Teoh
23359,Soefira Jaafar
23360,Nell Ng
23361,Juliana Ibrahim
23362,Wandy She
23363,Peter Cullen
23364,Sumalee Montano
23365,Jeffrey Combs
23366,Tania Gunadi
23367,Will Friedle
23368,Mitchell Whitfield
23369,Stuart Allan
23370,Ted McGinley
23371,Shannon Purser
23372,RJ Cyler
23373,Giorgia Whigham
23374,Alice Lee
23375,Chrissy Metz
23376,Scott Menville
23377,Wil Wheaton
23378,Miguel Ferrer
23379,Nazneen Contractor
23380,Anna Mouglalis
23381,André Wilms
23382,Michel Fau
23383,Sissi Duparc
23384,Jean-Michel Balthazar
23385,Julie Recoing
23386,Eric Godon
23387,Maya Coline
23388,Constance Dollé
23389,Anuskha Sharma
23390,Rukhsar
23391,Rachel Brann
23392,Selina Lo
23393,Phakin Khamwilaisak
23394,Sumret Muengput
23395,Alisa Kunkwaeng
23396,Zozeen Panyanut Jirarottanakasem
23397,Akarat Nimitchai
23398,Warawut Poyim
23399,Vithaya Pansringarm
23400,Phutharit Prombandal
23401,Kazu Patrick Tang
23402,Josh Hopkins
23403,Jake McLaughlin
23404,Johanna Braddy
23405,Anabelle Acosta
23406,Russell Tovey
23407,Jeanine Yang
23408,Jason Tsou
23409,Nana Lee
23410,Nien Hsuan Wu
23411,Gringe
23412,Idir Chender
23413,Laura Smet
23414,Michaël Youn
23415,Dani
23416,Gérard Depardieu
23417,Tanmay Dhanania
23418,Satarupa Das
23419,Satchit Puranik
23420,Gitanjali Dang
23421,Shruti Viswan
23422,Nikhil Chopra
23423,Krish Moitra
23424,Geetanjali Thapa
23425,Shray Rai Tiwari
23426,Chandreyee Ghosh
23427,Saheb Bhattacharjee
23428,Shefali Chauhan
23429,Saharsh Kumar Shukla
23430,Taneea Rajawat
23431,Hima Singh
23432,Aparna Upadhyay
23433,Loknath Tiwari
23434,Sambhaji Sasane
23435,Antonia Prebble
23436,Dan Spielman
23437,Charlie Garber
23438,Lindsay Farris
23439,Zindzi Okenyo
23440,Catherine McClements
23441,Roy Billing
23442,Olivia Merilahti
23443,Souleymane M'Baye
23444,Billie Blain
23445,Malik Bine
23446,Zakariya Gouram
23447,Jolente De Keersmaeker
23448,Lyes Salem
23449,Ali Labidi
23450,David Saracino
23451,Óscar Hernández
23452,Lucía Díez
23453,Jorge Kent
23454,Ali El Aziz
23455,Julia Carnero
23456,David Venancio Muro
23457,Jonás Beramí
23458,Hugo Arbues
23459,Ian Karmel
23460,Phil Wang
23461,Sabrina Jalees
23462,Jak Knight
23463,Tim Dillon
23464,Vicky Luengo
23465,Irene Escolar
23466,Josep Maria Pou
23467,Daniel Sánchez Arévalo
23468,Tiki Barber
23469,Chris Distefano
23470,Francesco Facchinetti
23471,Bianca Balti
23472,BIn Gu
23473,Qinyi Du
23474,Paula Vázquez
23475,Saúl Craviotto
23476,Sandy Heribert
23477,Charissa Thompson
23478,Yuji Kondo
23479,Sayaka Akimoto
23480,Hans Sarpei
23481,Kyung-seok Seo
23482,Kyeong-rim Park
23483,Inés Sainz
23484,Anderson Silva
23485,Viña Machado
23486,Luna Baxter
23487,Tommy Vasquez
23488,Luis Mesa
23489,Juan Manuel Mendoza
23490,Virendra Saxenda
23491,Pushtii Shakti
23492,Bajrangbali Singh
23493,Mahesh Babu
23494,S.J. Surya
23495,Bharath Srinivasan
23496,Wayne Federman
23497,Jackie Kashian
23498,Mahesh Balraj
23499,Sun Qian
23500,Joseph Zeng
23501,Lv Xiao Yu
23502,Hu Yong Tao
23503,Wang Xu Dong
23504,Ma Bai Quan
23505,Harrison Holzer
23506,Wiz Khalifa
23507,Jordan Rock
23508,Amin Joseph
23509,Andy Buckley
23510,Jamie Choi
23511,Sorcha Groundsell
23512,Percelle Ascott
23513,Sam Hazeldine
23514,Jóhannes Haukur Jóhannesson
23515,Ingunn Beate Øyen
23516,Arthur Hughes
23517,Lise Risom Olsen
23518,Philip Wright
23519,Rohit Chaudhury
23520,Joseph Vijay
23521,Vadivelu
23522,Adnan Siddiqui
23523,Urmila Mahanta
23524,Sanjay Singh
23525,Rakesh Chaturvedi Om
23526,Mukesh S Bhatt
23527,Sudhir Pandey
23528,Derek Klena
23529,Aidy Bryant
23530,Genevieve Gorder
23531,Peter Lorimer
23532,María León
23533,Rafael Téllez
23534,Shreiya Sabharwal
23535,Pratap Phad
23536,Chinmayee Mandlekar
23537,Nishikant Kamat
23538,Melanie Chandra
23539,Amitosh Nagpal
23540,Samrat Chakrabarti
23541,Keith Stevenson
23542,Bob Brisbane
23543,Joseph Simmons
23544,Justine Simmons
23545,Kiana Ledé
23546,Nathan Anderson
23547,Leah Rose Randall
23548,Maceo Smedley
23549,DJ Ruckus
23550,Adain Bradley
23551,Daymond John
23552,Erick Chavarria
23553,Christopher Clarke
23554,Stephen Schneider
23555,Max Goudsmit
23556,Noah Gerry
23557,Jamie VanDyke
23558,Ashleigh Hairston
23559,Katherine Parkinson
23560,Daniel Doheny
23561,Geraldine Viswanathan
23562,Sadie Calvano
23563,Zion Clark
23564,Rafael Spregelburd
23565,Arancha Martí
23566,Carlos Alcántara
23567,María Onetto
23568,Joseph Morgan
23569,Daniel Gillies
23570,Charles Michael Davis
23571,Leah Pipes
23572,Danielle Campbell
23573,Steven Krueger
23574,Sierra Li
23575,Dylan Xiong
23576,Yu Yi Jie
23577,Zhao Yao Ke
23578,Chuan-Chen Yeh
23579,Frances Wu
23580,Su-Yun Ko
23581,Ivy Yin
23582,Gingle Wang
23583,Hsiu-Fu Liu
23584,Tzu-Chuan Liu
23585,Yu-Xuan Wang
23586,Aru Krishansh Verma
23587,Tiger Shroff
23588,Sudheer Babu
23589,Paras Arora
23590,Shaurya Bhardawaj
23591,Nidhi Singh
23592,Vijayant Kohli
23593,Taito Ban
23594,Ikumi Hasegawa
23595,Takayuki Nakatsukasa
23596,Isabel Naveira
23597,Eva Fernández
23598,Juan Pablo Shuk
23599,Andrew Francis
23600,Matt Hill
23601,Paul W. Downs
23602,Zach Appelman
23603,Leonard Ouzts
23604,Blaire Brooks
23605,Anthony Laciura
23606,Mary Looram
23607,Aleksandr Dyachenko
23608,Vivaan Shah
23609,Usha Uthup
23610,Irfan Khan
23611,Sanath Menon
23612,Rohan Grover
23613,Aarav Khanna
23614,Vishesh Tiwari
23615,Chinmai Chandranshuh
23616,Vedant Desai
23617,Shriya Sharma
23618,Divji Handa
23619,Aditya Roy Kapoor
23620,Rahul Bhatt
23621,Neha
23622,Asha Sachdev
23623,Bikram Saluja
23624,Monikangana Dutta
23625,Suhel Seth
23626,Ash Chandler
23627,Vijay Crishna
23628,Narendra Jha
23629,Durgesh Kumar
23630,Pradeep Nagar
23631,Bruna Abdullah
23632,Vrijesh Hirjee
23633,Bappi Lahiri
23634,Mahek Chahal
23635,Kabir Bedi
23636,Kishori Shahane
23637,Nitish Bharadwaj
23638,Sarah Thompson
23639,Alice Patten
23640,Gurdip Kohli
23641,Mushtaq Khan
23642,Amit Kumar Tiwari
23643,Piyush Mishra
23644,Nikhil Bhagat
23645,Faraaz Servaia
23646,Chitrashi Rawat
23647,Navin Prabhakar
23648,Shreya Sharma
23649,Rahul Kumar
23650,Paramjit Singh Kakran
23651,Piu Dutt
23652,Samrat Mukherjee
23653,Mark Schneider
23654,Frank Samson
23655,Mora Arenillas
23656,Mara Bestelli
23657,Daiki Shigeoka
23658,Tomohiro Kamiyama
23659,Kaya Kiyohara
23660,Miu Tomita
23661,Reika Kirishima
23662,Shinji Rokkaku
23663,Miu Suzuki
23664,Riko Hisada
23665,Megumi Seki
23666,Shoko Nakajima
23667,Jiro Sato
23668,Mai Shiraishi
23669,Tamotsu Kanshuji
23670,Yuka Kuramochi
23671,Rena Takeda
23672,Munenori Nagano
23673,Shiori Enatsu
23674,Toru Tezuka
23675,Akiyoshi Nakao
23676,Masato Yano
23677,Mari Yamachi
23678,Megumi
23679,Mayuko Fukuda
23680,Yuta Koseki
23681,Wilfred Benaïche
23682,Christophe Kourotchkine
23683,Karim Barras
23684,Bruno Paviot
23685,Jean-Édouard Bodziak
23686,Mathilde Warnier
23687,Marie-Julie Baup
23688,Julie Farenc
23689,Yuuka Aisaka
23690,Kohei Murakami
23691,Takaya Hashi
23692,Jane Turner
23693,Gina Riley
23694,Glenn Robbins
23695,Peter Rowsthorn
23696,Rob Sitch
23697,Barry Humphries
23698,Erin Mullally
23699,Jessica De Gouw
23700,Nathalie Odzierejko
23701,Marc Jarousseau
23702,Ludovik Day
23703,Yvick Letexier
23704,Vincent Tirel
23705,Vanessa Guide
23706,Delphine Baril
23707,Baptiste Lorber
23708,Coco Celis
23709,Raúl Meneses
23710,Marco de la O
23711,Luis Fernando Peña
23712,Juan Carlos Olivas
23713,Carlos Hernan Romo
23714,Héctor Holten
23715,Cristina Michaus
23716,Valentina Acosta
23717,Juliette Pardau
23718,Abril Schreiber
23719,Lex Shrapnel
23720,Lilly Aspell
23721,Kaito Yoshimura
23722,Ivan Massagué
23723,Yolanda Ramos
23724,Leïti Sène
23725,Nonna Cardoner
23726,Anuja Sathe
23727,Aditya Hitkari
23728,Ajay Shankar
23729,Darshan Pandya
23730,Mark Benington
23731,Lance Lim
23732,Greg Proops
23733,Joey Bragg
23734,Matt Shively
23735,Mary Gillis
23736,Rachel Crow
23737,Mark Whitten
23738,Ana Ortiz
23739,Hiroyuki Onoue
23740,Ikuji Nakamura
23741,Yasuhi Nakamura
23742,Mari Hamada
23743,Ciara Alexys
23744,Jonah Weinberg
23745,Stephanie Lynn Robinson
23746,André Gonçalves
23747,Raúl Fernández
23748,Fele Martínez
23749,Juanma Cifuentes
23750,Albert Ribalta
23751,Jordi Vilches
23752,Raquel Salvador
23753,Marta Brucart
23754,Betsy Turnez
23755,Camarón de la Isla
23756,Kelli Berglund
23757,Terry Rogers
23758,Jess Kuss
23759,Jo Stone
23760,Daisy Anderson
23761,Ruth Natalie Fallon
23762,Henry Turczynowicz
23763,Martha Lott
23764,Darren Chen
23765,Connor Liang
23766,Caesar Wu
23767,Mark O'Brien
23768,Grace Dove
23769,Francisca Lozano
23770,Oliver Nava
23771,Claudia Zepeda
23772,Walter Bercht
23773,Roberto Beck
23774,Victor Bonilla
23775,Eduardo Negrete
23776,Yehuda Levi
23777,Yehoram Gaon
23778,Liron Vaisman
23779,Aki Avni
23780,Itay Tiran
23781,Hana Laszlo
23782,Warren Bullock
23783,Jane Bullock
23784,Kim Min-jung
23785,Luciano Mellera
23786,Montana Jordan
23787,Carrie Coon
23788,Eddie Spears
23789,David Boat
23790,Sean Kenin
23791,Raquel Antonia
23792,Daniel Hagen
23793,William Calvert
23794,Jason Grasl
23795,Armando Riesco
23796,Joan Rivers
23797,Zhao Jun
23798,Wang Naixun
23799,Han Qing
23800,Si Chao
23801,Geng Bowen
23802,Yi Long
23803,Ravi Baswani
23804,Rajiv Verma
23805,Jayshree T.
23806,Kader Khan
23807,Lindsay Burdge
23808,Jenny O'Hara
23809,Harsh Mayar
23810,Hussan Saad
23811,Beatrice Ordeix
23812,Sanjay Chauhan
23813,Nora Fatehi
23814,Suparna Krishna
23815,Elena Kazan
23816,Nina Wadia
23817,Clive Standen
23818,Tiffany Mulheron
23819,Mark Harmon
23820,Michael Weatherly
23821,Pauley Perrette
23822,David McCallum
23823,Sean Murray
23824,Cote de Pablo
23825,Brian Dietzen
23826,Rocky Carroll
23827,Joe Spano
23828,Emily Wickersham
23829,Pancho Demmings
23830,Natasha Dupeyron
23831,Ana Sofía Durán
23832,Javier Escobar
23833,Luis Gatica
23834,Juan Ángel Esparza
23835,Arnulfo Reyes Sanchez
23836,Tizoc Arroyo
23837,José Enot
23838,Ricardo Dalmacci
23839,Harding Junior
23840,Claudine Sosa
23841,Pablo Valentín
23842,Vidya Malvade
23843,Rehan Khan
23844,Gopal K. Singh
23845,Yogesh Kurme
23846,Prince Daniel
23847,Paula Patton
23848,JR Bourne
23849,Catherine Barroll
23850,Samantha Ferris
23851,Imogen Tear
23852,Carmel Amit
23853,Noel Johansen
23854,Alma Terzic
23855,August Wittgenstein
23856,Aleksandar Seksan
23857,Sanin Milavic
23858,Diana Fernández Pérez
23859,Ella Jazz
23860,Jack Lowden
23861,Martin McCann
23862,Ian Pirie
23863,Jani Dueñas
23864,Tallulah Haddon
23865,Matthew Beard
23866,Matthew Aubrey
23867,Adrián Uribe
23868,Julieth Restrepo
23869,Mary Paz Mata
23870,Alicia Sandoval
23871,Teresa Monroy
23872,Eduardo Ibarrola
23873,Maika Monroe
23874,Bryn McAuley
23875,Evany Rosen
23876,Gage Munroe
23877,Dan Chameroy
23878,John McGrath
23879,W. Kamau Bell
23880,Antonio Pedro Tabet
23881,Karina Ramil
23882,Rafael Portugal
23883,Luis Lobianco
23884,Sarah Stern
23885,Jean-Christophe Folly
23886,Arié Elmaleh
23887,Clémentine Poidatz
23888,Stéphane Debac
23889,Richard Berry
23890,Catherine Jacob
23891,Simone Missick
23892,Erik LaRay Harvey
23893,Zhuangzhuang Tian
23894,Qu Zheming
23895,Zhang Zixian
23896,Renato Gutz
23897,Raúl Briones
23898,Markin López
23899,Sergio Mayer
23900,Paola Moreno
23901,Pedro Miguel Arce
23902,Akash Thosar
23903,Randeep Jha
23904,Guy Amir
23905,Hanan Savyon
23906,Nidia Bermejo
23907,Toño Vega
23908,Tommy Párraga
23909,Fausto Molina
23910,Katerina D'Onofrio
23911,Haysen Percovich
23912,Emilram Cossío
23913,Sandro Calderón
23914,Tony Dulzaidez
23915,Madeline Weinstein
23916,Antonio Marziale
23917,Daniel Zolghadri
23918,Annie Q.
23919,Kathryn Erbe
23920,Isabella Amara
23921,Sophie Faulkenberry
23922,Osamah Sami
23923,Don Hany
23924,Helana Sawires
23925,Frances Duca
23926,Majid Shokor
23927,Rodney Afif
23928,Ghazi Alkinani
23929,Jill Flint
23930,Brendan Fehr
23931,Jeananne Goossen
23932,J.R. Lemon
23933,Robert Bailey Jr.
23934,Daniella Alonso
23935,Catharine Pilafas
23936,Megumi Matsumoto
23937,Matsuri Mizuguchi
23938,Tomoko Kobashi
23939,Asuka Tanii
23940,Seiko Tamura
23941,Veronica Taylor
23942,Kether Donohue
23943,Kritika Sachdeva
23944,Sasho
23945,Shubhangi Latkar
23946,Sukhbir Kaur Lamba
23947,Arav Chowdharry
23948,Eisaya Hosuwan
23949,Sarinrat Thomas
23950,Ego Mikitas
23951,Pasin Kuansataporn
23952,Kanjana Vinaipanid
23953,Louis Hobson
23954,Alycia Delmore
23955,Matt Malloy
23956,Aaron Blakely
23957,Felix Starck
23958,Portia de Rossi
23959,Jessica Walter
23960,Iván Mendes
23961,Nick Devlin
23962,Fernando Sanjiao
23963,Vanessa Bayer
23964,Phoebe Robinson
23965,Tatsuomi Hamada
23966,Kazuki Namioka
23967,Yuki Yoda
23968,Ayumu Mochizuki
23969,Moro Morooka
23970,Akin Omotoso
23971,Andrew Buckland
23972,Ivan Sherry
23973,Tamala Jones
23974,Melanie Comarcho
23975,Red Grant
23976,Damaine Radcliff
23977,Pooja Chopra
23978,Juhi Babbar
23979,Yasuo Yamada
23980,Kiyoshi Kobayashi
23981,Eiko Masuyama
23982,Goro Naya
23983,Sumi Shimamoto
23984,Taro Ishida
23985,Ichiro Nagai
23986,Tomohiro Tsuboi
23987,Michael Bacall
23988,Maggie Lawson
23989,Robert Kazinsky
23990,Chloe Wepper
23991,Bill Nye
23992,Karlie Kloss
23993,Derek Muller
23994,Emily Calandrelli
23995,Joanna Hausmann
23996,Carlos Ballarta
23997,Lilla Crawford
23998,Bentley Green
23999,Zach Timson
24000,H. Jon Benjamin
24001,Hari Kondabolu
24002,Helge Schneider
24003,Ulrich Mühe
24004,Adriana Altaras
24005,Stefan Kurt
24006,Lambert Hamel
24007,Udo Kroschwald
24008,Torsten Michaelis
24009,Axel Werner
24010,Ajiona Alexus
24011,Jed Ress
24012,Denisse Ojeda
24013,Mark Cuban
24014,Derek Hough
24015,Sonya Walger
24016,Joe Pingue
24017,Rachel Roberts
24018,Ethan Tavares
24019,Marco Giallini
24020,Claudio Santamaria
24021,Jerzy Stuhr
24022,Flonja Kodheli
24023,Viv Leacock
24024,Marjorie De Sousa
24025,Daniela Wong
24026,Lalo Brito
24027,Eduardo Tanús
24028,Fernando Sarfati
24029,Lorena San Martín
24030,Consuelo Vega
24031,Qi Wei
24032,Ji-won Ha
24033,Angeles Woo
24034,Nanami Sakuraba
24035,José Troncoso
24036,José Burgos
24037,Ana López
24038,Pedro Miguel Martínez
24039,Nguyen Ngan Ha
24040,Jessica Sanjuan
24041,Dara Our
24042,Tharoth Sam
24043,Dara Phang
24044,Celine Tran
24045,Savin Phillip
24046,Sok Visal
24047,Sushama Deshpande
24048,Sharvani Suryavanshi
24049,Manuj Sharma
24050,Karthika Muraleedharan
24051,Chandini Sreedharan
24052,Jinu Joseph
24053,Sujith Shankar
24054,Alencier Ley Lopez
24055,Tony Schiena
24056,Sho Ikushima
24057,Vienna Hehir
24058,Tetsu Watanabe
24059,Grand Master John U. Kim
24060,Dawn Olivieri
24061,Darío Grandinetti
24062,Luis Luque
24063,Tomás Pozzi
24064,Valeria Alonso
24065,Christopher Russell
24066,Carys Doyle
24067,Montana Smedley
24068,Loti Bailey
24069,Hayden Connett
24070,Keith Faulkner
24071,Rudy Greatorex
24072,Luke Haliwell
24073,Jacob Preston
24074,Alex Starke
24075,Shreya Reddy
24076,Hiroyuki Ehara
24077,Miki Sumiyoshi
24078,Sato Kondo
24079,Kazuhiro Kiyohara
24080,Noriko Sakai
24081,Moe Oshikiri
24082,Homare Sawa
24083,Mariko Hayashi
24084,Mickey Gooch Jr.
24085,Adam Levine
24086,Alan Thicke
24087,Nuria Herrero
24088,Ana Rujas
24089,Rashed Al Shamrani
24090,Mohamad Al Ahmad
24091,Maram Al Bloushi
24092,Mahmoud Bu Shehri
24093,Mona Shaddad
24094,Azeez Khayoun
24095,Ayman Mabrouk
24096,Eisa Diab
24097,Dima Al Jundi
24098,Arsh Bajwa
24099,Neeta Mohindra
24100,Maïwenn Le Besco
24101,Grégoire Colin
24102,Sultan
24103,Camille Lellouche
24104,Saïda Bekkouche
24105,Meriem Serbah
24106,Salma Lahmer
24107,Robert F. Kennedy
24108,Chan Fong
24109,Z-Chen
24110,Melvin Sia
24111,Chris Tong
24112,Juan Manuel Montilla
24113,Joel Bosqued
24114,Guillermo Furiase
24115,Paco Sagarzazu
24116,Irene Santiago
24117,Gary Estrada
24118,Patrick Theo
24119,Louise Chong
24120,Jojo Struys
24121,Allison Strong
24122,Roland Buck III
24123,Katie Hartman
24124,Chloe Himmelman
24125,Jake Lippmann
24126,Jim Barone
24127,June Gable
24128,Annabelle Kong
24129,Amber Chia
24130,Carmen Soo
24131,Danny Wan
24132,Daniel Tan
24133,Li Nanxing
24134,Jesseca Liu
24135,Apple Hong
24136,Jeanette Aw
24137,Neil deGrasse Tyson
24138,Eugenie Scott
24139,Francis Collins
24140,Ann Druyan
24141,Fábio Lucindo
24142,Celso Alves
24143,Fernanda Bullara
24144,Shim Eun-kyung
24145,Jung-min Park
24146,Min-jae Kim
24147,Yu-mi Jung
24148,Alex Wolff
24149,Brooke Smith
24150,Jerry MacKinnon
24151,Ronen Rubenstein
24152,Satya Bhabha
24153,Sydney Lucas
24154,Johnny Massaro
24155,Regina Braga
24156,Maria Laura Nogueira
24157,Victor Mendes
24158,Thiago Amaral
24159,Rafael Primot
24160,Eduardo Mossri
24161,Rita Batata
24162,Larissa Ferrara
24163,Alicia von Rittberg
24164,Maximilian Meyer-Bretschneider
24165,Justus von Dohnányi
24166,Matthias Koeberlin
24167,Christoph Bach
24168,Klara Deutschmann
24169,Ramona Kunze-Libnow
24170,Daniel Sträßer
24171,Tanja Schleiff
24172,Monika Oschek
24173,Emilia Schüle
24174,Matthias Brenner
24175,Thomas Loibl
24176,Chloé Lambert
24177,Philippe Dusseau
24178,Emilie de Preissac
24179,Blanche Veisberg
24180,Eric Savin
24181,Nicolas Gob
24182,Catherine Vinatier
24183,Thierry Godard
24184,Bojana Novakovic
24185,Antonio Fargas
24186,Pamelyn Chee
24187,Jason Segel
24188,Condola Rashad
24189,Stacey Sargeant
24190,Marie-Sophie Ferdane
24191,Pierre Benezit
24192,Celine Menville
24193,Miles Koseleci-Vieira
24194,Matthew Mintz
24195,Natalia Reyes
24196,Emiliano Pernia
24197,Duban Prado
24198,Vince Rillon
24199,Allen Dizon
24200,Jane Kaczmarek
24201,Charlotte Carel
24202,Madeline Carel
24203,Maya Erskine
24204,Dawan Owens
24205,Jen Tullock
24206,Brian White
24207,Sharon Leal
24208,Ashlee Brian
24209,Corey Parker Robinson
24210,Alex Gonzalez
24211,Ram Dass
24212,Michael Che
24213,Jeff Goldblum
24214,Chris Hardwick
24215,Craig Robinson & The Nasty Delicious
24216,Lauren Miller Rogen
24217,Justin Roiland
24218,Xzibit
24219,Ed O'Neill
24220,Niko Nicotera
24221,Nicholas Massouh
24222,Alexander Wraith
24223,Tom Berninger
24224,Lucas Lauriente
24225,Louis Hunter
24226,Tom Weston-Jones
24227,Jonas Armstrong
24228,Fanny Bloc
24229,Patrick Béthune
24230,Hugo Chandor
24231,Thierry Mercier
24232,Matthew Géczy
24233,Benjamin Pascal
24234,Arthur Bostrom
24235,Geneviève Doang
24236,Jessica Bell
24237,Thomas Guitard
24238,Ross Grant
24239,Gérard Surugue
24240,Kier Stewart
24241,Benoît Allemane
24242,Marcus Vanco
24243,Jeff Gum
24244,Lillian Blankenship
24245,Ulyana Chan
24246,Shari Watson
24247,Atanas Srebrev
24248,Jonathan Frakes
24249,Michael Dorn
24250,Brent Spiner
24251,Gates McFadden
24252,Majel Barrett
24253,Claudio Tolcachir
24254,Paula Cohen
24255,Lisa Henni
24256,Tomas von Brömssen
24257,Lia Boysen
24258,Christoffer Nordenrot
24259,Stina Rautelin
24260,Erik Madsen
24261,Meliz Karlge
24262,Linda Nilarve
24263,Richenda Carey
24264,Dag Malmberg
24265,Jim Howick
24266,Jonny Sweet
24267,Nick Helm
24268,Lolly Adefope
24269,Shirish
24270,Kirron Kher
24271,Dilip Tahil
24272,Suranne Jones
24273,Bertie Carvel
24274,Cheryl Campbell
24275,Jodie Comer
24276,Martha Howe-Douglas
24277,Adam James
24278,Thusitha Jayasundera
24279,Neil Stuke
24280,Tom Taylor
24281,Robert Pugh
24282,Shazia Nicholls
24283,Megan Roberts
24284,Charlie Cunniffe
24285,Bérénice Marlohe
24286,Wandile Molebatsi
24287,Sekoati Sk Tsubane
24288,Welile Nzunza
24289,Patrick Bakoba
24290,Tom Fairfoot
24291,Elvire Emanuelle
24292,Kim Ramirez
24293,Jared Kemp
24294,Kristin Bauer van Straten
24295,David Walton
24296,Logic
24297,Nas
24298,Dave West
24299,G-Eazy
24300,2 Chainz
24301,Rapsody
24302,Just Blaze
24303,A Boogie Wit tha Hoodie
24304,Agyness Deyn
24305,Noah Jupe
24306,Aleksandar Jovanovic
24307,Patrick Roach
24308,Lucy Decoutere
24309,Barrie Dunn
24310,Michael Jackson
24311,Garry James
24312,Shelley Thompson
24313,Jonathan Torrens
24314,Lydia Lawson-Baird
24315,Gord Downie
24316,Alex Lifeson
24317,Gerry Dee
24318,Glen Grant
24319,Eugene Clark
24320,Donald Trump
24321,James Acaster
24322,Arnold Reyes
24323,Ku Aquino
24324,Dido Dela Paz
24325,Ronnie Quizon
24326,Rolando T. Inocencio
24327,Suzette Ranillo
24328,Angelica C. Ferro
24329,Adam DeVine
24330,Blake Anderson
24331,Jamie Demetriou
24332,Mac Brandt
24333,Geno Segers
24334,Roe Hartrampf
24335,Nora El Koussour
24336,Ilias Addab
24337,Mohammed Azaay
24338,Esma Abouzahra
24339,Bilal Wahib
24340,Nezha Karim
24341,Ayisha Siddiqi
24342,Aziz Akazim
24343,Hassan Akkouch
24344,Husam Chadat
24345,Neil Young
24346,Lukas Nelson
24347,Micah Nelson
24348,Corey McCormick
24349,Anthony Logerfo
24350,Tato
24351,Claire Rushbrook
24352,Joanna Scanlan
24353,Pippa Haywood
24354,Richard Harrington
24355,Sian Reese-Williams
24356,Chanté Adams
24357,Kevin Phillips
24358,Shenell Edmonds
24359,Tirth Sharma
24360,Beth Stelling
24361,Dan Soder
24362,Gabriel Bateman
24363,Kiele Sanchez
24364,Jerod Haynes
24365,Will Rothhaar
24366,Jim Gleason
24367,Brady Permenter
24368,Juana Viale
24369,Germán Palacios
24370,Juan Pablo Geretto
24371,Sofía Gala
24372,Daniel Pacheco
24373,Daniel Hendler
24374,Flavio Mendoza
24375,Yoo Byung-jae
24376,Non
24377,Natsuki Inaba
24378,Minori Omi
24379,Nanase Iwai
24380,Christine Meltzer
24381,Rodolfo Corsato
24382,Martina Haag
24383,Sven-Bertil Taube
24384,Anita Wall
24385,Nour El-Refai
24386,Anoushka
24387,Nada Mousa
24388,Veerle Baetens
24389,Stijn Van Opstal
24390,Gene Bervoets
24391,Peter Van den Begin
24392,Natali Broods
24393,Eryk Lubos
24394,Justyna Wasilewska
24395,Arkadiusz Jakubik
24396,Borys Szyc
24397,Katarzyna Kwiatkowska
24398,Artur Barciś
24399,Woo-sung Jung
24400,Do-won Kwak
24401,Kap-soo Kim
24402,Woo-jin Jo
24403,Eui-sung Kim
24404,Won-joong Jung
24405,Hyun-sung Jang
24406,Walter Koenig
24407,John Simm
24408,Billie Piper
24409,Nathaniel Martello-White
24410,Jeany Spark
24411,Hayley Squires
24412,Saskia Reeves
24413,Jared Leto
24414,Shioli Kutsuna
24415,Raymond Nicholson
24416,Rory Cochrane
24417,Nao Omori
24418,Joong-hoon Park
24419,Jin-mo Joo
24420,Yang Ik-june
24421,Moo-Yul Kim
24422,Young-chang Song
24423,Hong-Fa Kim
24424,Tae-ho Ryu
24425,Yu-seok Kim
24426,Soo-young Park
24427,Yoon-hee Lee
24428,Alexandra Dinu
24429,Owen Davis
24430,Deyan Petrov
24431,Ellen Dorrit Petersen
24432,Frode Winther
24433,Eivind Sander
24434,Thelma Farnes Ottersen
24435,Todd Bishop Monrad Vistven
24436,Ole Christoffer Ertvaag
24437,Marina Popovic
24438,Gine Cornelia Pedersen
24439,Ana Gil de Melo Nascimento
24440,Kim-Henning Nilsen
24441,Morten Svartveit
24442,Ellen Birgitte Winther
24443,Even Pedersen
24444,Monia Chokri
24445,Charlotte St-Martin
24446,Brigitte Poupart
24447,Marie-Ginette Guay
24448,Micheline Lanctôt
24449,Édouard Tremblay-Grenier
24450,Luc Proulx
24451,Didier Lucien
24452,Robert Brouillette
24453,Patrick Hivon
24454,Stephanie Bennett
24455,Emmanuel Kabongo
24456,RJ Fetherstonhaugh
24457,Andres Joseph
24458,Kevin Claydon
24459,Conrad Pla
24460,Ryan Pierce
24461,Eileen Li
24462,Susan Bain
24463,Cristina Rosato
24464,Jonathan Kim
24465,Daniel Southworth
24466,Richard Alan Reid
24467,Oleg Taktarov
24468,Natassia Malthe
24469,Jason Earles
24470,Dominique Swain
24471,Zohra Sehgal
24472,Krishnakant
24473,Roshan Seth
24474,Azealia Banks
24475,Olaf Schubert
24476,Mario Adorf
24477,Marie Leuenberger
24478,Jochen Barkas
24479,Bert Stephan
24480,Martina Hill
24481,Christoph Jungmann
24482,Hildegard Schroedter
24483,Imke Buchel
24484,Harsh Chhaya
24485,Bharat Chawda
24486,Deeksha Joshi
24487,Aarjav Trivedi
24488,Prashant Barot
24489,Harsha Bhavsar
24490,Berto Romero
24491,Carolina Bang
24492,Miguel Noguera
24493,Toni Sevilla
24494,Gayatri Joshi
24495,Smith Seth
24496,Leigh MacInnis
24497,Luke Gordon
24498,Doug Barron
24499,Paul Doucette
24500,Gareth Meagher
24501,Barun Sobti
24502,Maanvi Gagroo
24503,Nakul Bhalla
24504,Jay Upadhyay
24505,Sandra Escacena
24506,Bruna González
24507,Iván Chavero
24508,Ana Torrent
24509,Consuelo Trujillo
24510,Da-hae Lee
24511,Zhou Mi
24512,Wang Qiuzi
24513,Kwang-hyun Park
24514,Jia Zhengyu
24515,Jeong-hak Park
24516,Géraldine Pailhas
24517,Nadia Farès
24518,Jean-René Privat
24519,Pascal Elso
24520,Gérard Meylan
24521,Beau Knapp
24522,Michael Mosley
24523,Russell Hornsby
24524,Patrick Murney
24525,Alisdair Simpson
24526,Henrik Jørgensen
24527,James Lowe
24528,Blake Scott
24529,Peter Turnbull
24530,Ha-neul Kang
24531,Young-hee Na
24532,Seong-kun Mun
24533,Myung-Ryul Nam
24534,Eun-woo Lee
24535,Chan-bi Jung
24536,Go Choi
24537,Seong-il Bae
24538,Soon-won Lee
24539,Tom Ward
24540,Richie Campbell
24541,Elliot Cowan
24542,Eloise Smyth
24543,Ryosuke Yamada
24544,Tsubasa Honda
24545,Dean Fujioka
24546,Misako Renbutsu
24547,Kanata Hongo
24548,Shinji Uchiyama
24549,Ryuta Sato
24550,Fumiyo Kohinata
24551,Jahi Di'Allo Winston
24552,Peyton Kennedy
24553,Claudine Mboligikpelani Nako
24554,Quinn Liebling
24555,Sydney Sweeney
24556,Elijah Stevenson
24557,Abi Brittle
24558,Keyakizaka46
24559,Angira Dhar
24560,Alankrita Sahai
24561,Gloria Allred
24562,Arsher Ali
24563,Robert James-Collier
24564,Christina Ochoa
24565,Matt Barr
24566,Corbin Reid
24567,W. Tré Davis
24568,Aksel Hennie
24569,Elizabeth Debicki
24570,Roger Davies
24571,Clover Nee
24572,Kavin Jay
24573,Alexandra Borbély
24574,Géza Morcsányi
24575,Réka Tenki
24576,Zoltán Schneider
24577,Ervin Nagy
24578,Itala Bekes
24579,Éva Bata
24580,Pál Mácsai
24581,Zsuzsa Jaro
24582,Nóra Rainer-Micsinyei
24583,Dong-hwi Lee
24584,Dong-seok Ma
24585,Ha-Nui Lee
24586,Chang-wook Ji
24587,Man-seok Oh
24588,Ye-ji Seo
24589,Courtney Eaton
24590,Matthew Gray Gubler
24591,Albert Hammond Jr.
24592,Selima Taibi
24593,Adrian Edmondson
24594,Steve Evets
24595,Laura Fraser
24596,Julie Graham
24597,John Lynch
24598,Juliet Stevenson
24599,Joanna Vanderham
24600,Richard Collins-Moore
24601,Llum Barrera
24602,Víctor Elías
24603,Henry Méndez
24604,Esti Quesada
24605,Martin Mull
24606,Matt Lucas
24607,Thomas Lennon
24608,Elvy Yost
24609,Rick Glassman
24610,Camille Guaty
24611,Fakkah Fuzz
24612,Mau Nieto
24613,Sebastián Marcelo Wainraich
24614,Paul Rugg
24615,Joshua Rush
24616,Cristina Serafini
24617,Mark Rhino Smith
24618,Hae-soo Park
24619,Kyung-ho Jung
24620,Dong-il Sung
24621,Soo-jeong Ye
24622,Jae-sung Jung
24623,Hoon-jin Lee
24624,Kyoo-hyung Lee
24625,Ho-cheol Lee
24626,Chang-hwan Ahn
24627,Kyung-nam Kim
24628,Austin Butler
24629,Poppy Drayton
24630,Emilia Burns
24631,Brooke Williams
24632,Daniel MacPherson
24633,Jed Brophy
24634,Fumika Baba
24635,Moga Mogami
24636,Tomo Yanagishita
24637,Kaoru Nagata
24638,Megalyn Echikunwoke
24639,Eden Sher
24640,Lyndon Smith
24641,Alessandra Torresani
24642,Naturi Naughton
24643,Nia Jervier
24644,Robert Curtis Brown
24645,Piercey Dalton
24646,Patricia Bethune
24647,Edward Olson
24648,Katie Walder
24649,Paul Rae
24650,Nigel O'Neill
24651,Susan Lynch
24652,Józef Pawlowski
24653,Stuart Graham
24654,David Pearse
24655,Brian Milligan
24656,Anna Prochniak
24657,Stella McCusker
24658,Lalor Roddy
24659,Cristóbal Suárez
24660,Julián Arango
24661,Rolan Bykov
24662,Yakub Akhmedov
24663,Madan Puri
24664,Sofiko Chiaureli
24665,Jayapradha
24666,Simple Kapadia
24667,Krishan Dhawan
24668,Amrit Pal
24669,Lalita Pawar
24670,Genevieve Hegney
24671,Andrew Creer
24672,Naomi Sequeira
24673,Valerie Bader
24674,Danielle Carter
24675,Marcus Graham
24676,Aaron Moten
24677,Tone Bell
24678,Dougie Baldwin
24679,Elizabeth Alderfer
24680,Betsy Sodaro
24681,Robert Gant
24682,Vica Kerekes
24683,Aňa Geislerová
24684,Ivana Chýlková
24685,Vladimír Javorský
24686,Dagmar Bláhová
24687,Jaromír Dulava
24688,Martin Pechlát
24689,Brian Caspe
24690,Robert Capron
24691,Lew Schneider
24692,Alejandro Riaño
24693,Anisha Victor
24694,Suresh
24695,Hafidz Roshdi
24696,Alif Satar
24697,Mawar Rashid
24698,John Pankow
24699,Mircea Monroe
24700,Dash Mihok
24701,Jay Karnes
24702,Avu-chan
24703,KEN THE 390
24704,Hannya
24705,AFRA
24706,John Merriman
24707,Byron Brown
24708,Jason Newman
24709,Miyoko Aso
24710,Kenji Utsumi
24711,Yuko Sato
24712,Yasuhiro Takato
24713,Yasunori Matsumoto
24714,Takehiro Murozono
24715,Makoto Nagai
24716,Mayumi Yamaguchi
24717,Satomi Koorogi
24718,Megumi Takamoto
24719,Biichi Sato
24720,Ryuzaburo Otomo
24721,Antonia Thomas
24722,Hannah Britland
24723,Richard Thomson
24724,Jessica Ellerby
24725,Rica Matsumoto
24726,Mayumi Iizuka
24727,Charles Berling
24728,Pascal Greggory
24729,Nina Meurisse
24730,Robinson Stévenin
24731,Robert Plagnol
24732,Sophie Guillemin
24733,Paul Rust
24734,Carole Bouquet
24735,Pascal Demolon
24736,Frédérique Bel
24737,Élodie Navarre
24738,Jacques Weber
24739,Kevin Razy
24740,Nicolas Wanczycki
24741,Umesh Tamang
24742,Syafie Naswip
24743,Ardell Aryana
24744,Naim Daniel
24745,Shafieq Shazwan
24746,Fimie Don
24747,Afieq Syazwan
24748,Amyza Aznan
24749,Azhan Rani
24750,Ahmad Iswazir
24751,Lina Larissa Strahl
24752,Lisa-Marie Koroll
24753,Louis Held
24754,Lea van Acken
24755,Michael Maertens
24756,Martin Seifert
24757,Nick Thune
24758,Britt Lower
24759,Andre Hyland
24760,Armen Weitzman
24761,Sergio Cilli
24762,Hee-jeong Kim
24763,Seung-un Hwang
24764,Soo-hyun Lee
24765,Hyun-bin Kwon
24766,Young-deuk Kwon
24767,Kim Min-kyo
24768,Desiree Akhavan
24769,Happy Anderson
24770,Carolina Ardohain
24771,Guilherme Winter
24772,Juan Sorini
24773,Noah Dyer
24774,Clara Kushnir
24775,Matt Schichter
24776,Ethan Yang
24777,Adam Crew
24778,Jeremiah Tower
24779,Anthony Bourdain
24780,Mario Batali
24781,Ruth Reichl
24782,Russell Howard
24783,Meren Reddy
24784,Ye-ri Han
24785,Seung-Yeon Han
24786,Eun-bin Park
24787,Hwa-young Ryu
24788,Hye-soo Park
24789,Cheuk Wan Chi
24790,Michael Xavier
24791,Neil Crone
24792,Anthony Sherwood
24793,Joanna Douglas
24794,Chinmayi Sumit
24795,In-pyo Cha
24796,Justin Chon
24797,Jessika Van
24798,Esteban Ahn
24799,Teo Yoo
24800,Rosalina Leigh
24801,Kang Byul
24802,Dante Han
24803,Sue Son
24804,Albert Kong
24805,Byeol Kang
24806,David Lee McInnis
24807,Seung-hyeon Han
24808,Nathalia Ramos
24809,Seong-guk Choi
24810,Ji-a Park
24811,Christian Camargo
24812,Kerry Bishé
24813,Aleksa Palladino
24814,Morgan Hinkleman
24815,Judd Apatow
24816,Hanna Aqiela
24817,Tengku Putri Najuwa
24818,Emelie Hanif
24819,Zoey Rahman
24820,Faiez Affandi
24821,Wanny Mustahfah
24822,Sherie Merlis
24823,Mahmud Alibashah
24824,Zalfa Zin
24825,Kamal Ibrahim
24826,Amanda Hariz
24827,Alesha Hariz
24828,Fathimah Az Zahra
24829,Elya Miera Ismail
24830,Luke Grimes
24831,Kurtwood Smith
24832,Rekha
24833,Mandakini
24834,Vinod Mehra
24835,Irina Kushnareva
24836,Varsha Usgaonkar
24837,Anjana Mumtaz
24838,Achyut Potdar
24839,Lilliput
24840,Justin Timberlake
24841,Kunal Nayyar
24842,Aino Jawo
24843,Caroline Hjelt
24844,Walt Dohrn
24845,Evelyn Sharma
24846,Kavi Shastri
24847,Barbora Mudrochova
24848,Paula Donner
24849,Denis Dorokhov
24850,Martavious Gayles
24851,Logan Huffman
24852,Natalia Warner
24853,Brandon Sklenar
24854,Naoto Takenaka
24855,Asahi Uchida
24856,Mei Kurokawa
24857,Hisashi Miyazawa
24858,Miho Tamaki
24859,Seiki Chiba
24860,Yoshimi Tachi
24861,Nate Theis
24862,Henry Winkler
24863,India de Beaufort
24864,David Krumholtz
24865,Debra Wilson
24866,Sarah Thyre
24867,Amyra Rosli
24868,Maria Farida
24869,Sharifah Haslinda
24870,Syafiq Kyle
24871,Sasqia Dahuri
24872,Raja Ema
24873,Faye Kusairi
24874,Puteri Octovia
24875,Roy Azman
24876,Norlia Ghani
24877,Kelly Clarkson
24878,Matsuya Onoe
24879,Ren Ishikawa
24880,Sarutoki Minagawa
24881,Joey Camen
24882,Fiona Hardingham
24883,Katie Leigh
24884,Roger L. Jackson
24885,Phillip Vasquez
24886,Ia Shugliashvili
24887,Merab Ninidze
24888,Berta Khapava
24889,Tsisia Qumsishvili
24890,Giorgi Khurtsilava
24891,Giorgi Tabidze
24892,Goven Cheishvili
24893,Dimitri Oragvelidze
24894,Mariam Bokeria
24895,Don Michael Paul
24896,Tony Sampson
24897,Syazwan Zulkifli
24898,Sqikin Kamal
24899,Leez Rosli
24900,Bil Azali
24901,Shenthy Feliziana
24902,Aleza Shadan
24903,Nina Iskandar
24904,Mahmoud Al Atrash
24905,Rakeen Saad
24906,Habib Ghuloom
24907,Samer Ismail
24908,Salah Hanoun
24909,Mohammad Al Ibrahimi
24910,Nabeel Ahmad Alkoni
24911,Seth Numrich
24912,Heather Lind
24913,Meegan Warner
24914,Kevin McNally
24915,Gay Talese
24916,Roisin Conaty
24917,Gwyneth Powell
24918,Isy Suttie
24919,Michael Wozniak
24920,Elliot Levey
24921,Deirdre Mullins
24922,Stella Gonet
24923,Rik Mayall
24924,Ashley McGuire
24925,Stephanie Cole
24926,Andrew Buchan
24927,Carolyn Pickles
24928,Adam Wilson
24929,Simone McAullay
24930,Tanya Franks
24931,Pauline Quirke
24932,Phoebe Waller-Bridge
24933,Charlotte Rampling
24934,Eve Myles
24935,Susan Brown
24936,Vicky McClure
24937,Will Mellor
24938,Sunny Deol
24939,Samiksha Bhatnagar
24940,Lovely Singh
24941,Purnima Varma
24942,Lewis Rainer
24943,Josephine Berry
24944,Charlotte Atkinson
24945,Charles MacGechan
24946,Nozomi Sasaki
24947,Kaho
24948,Tomoya Nakamura
24949,Tom Mayhue
24950,Sebastian Bach
24951,Tony Hawk
24952,Riley Hawk
24953,Bastille
24954,X Ambassadors
24955,Rag’n’Bone Man
24956,Woo-hee Chun
24957,Joo-hyuk Kim
24958,Won-sang Park
24959,Jack O'Connell
24960,Robert Reich
24961,Cassidy Freeman
24962,Mary J. Blige
24963,Jason Mitchell
24964,Atsushi Tamaru
24965,Yuiko Tatsumi
24966,Saki Ogasawara
24967,Konstantin Khabenskiy
24968,Alexander Tsekalo
24969,Ivan Dobronravov
24970,Kirill Poluhin
24971,Patrick Huard
24972,Noam Jenkins
24973,Mariana Mazza
24974,Erik Knudsen
24975,Sarah-Jeanne Labrosse
24976,Lucie Laurier
24977,Catherine St-Laurent
24978,Akito Kiriyama
24979,Junta Nakama
24980,Ryusei Fujii
24981,Takahiro Hamada
24982,Nozomu Kotaki
24983,Umika Kawashima
24984,Takeshi Kaga
24985,Norio Wakamoto
24986,Lennon Parham
24987,Mo Collins
24988,Keith Lucas
24989,Kenny Lucas
24990,Jon Cryer
24991,Alexis de Anda
24992,Diogo Morgado
24993,Jonas Leite
24994,Paulo Gorgulho
24995,Will Roberts
24996,Allan Lima
24997,Igor Galvão
24998,Kei Shindou
24999,Rumi Okubo
25000,Orny Adams
25001,Bill Cosby
25002,Garry Shandling
25003,Kevin Nealon
25004,Mika Abdalla
25005,Victoria Vida
25006,Belle Shouse
25007,Alyssa Lynch
25008,Danica McKellar
25009,Sarah Desjardins
25010,Yusra Warsama
25011,Vineet Kumar Singh
25012,Puteri Balqis
25013,Aeril Zafrel
25014,Nabila Huda
25015,Nadia Brian
25016,Bella Dally
25017,Zachary Levi
25018,Kerr Logan
25019,David Cronenberg
25020,Uttam Kumar
25021,Sulakshana Pandit
25022,Utpal Dutt
25023,Amjad Khan
25024,Indrani Mukherjee
25025,Padma Khanna
25026,Alba Galocha
25027,Itziar Atienza
25028,Jaroslaw Bielski
25029,Peter Nikolas
25030,Yasser Al Jarraf
25031,Haleem Aljabri
25032,Anwar Aljabri
25033,Omar Aljabri
25034,Majed Aldheeb
25035,Yousef Almahmodi
25036,Reem Ali
25037,Marianne Sägebrecht
25038,Max Herbrechter
25039,Min-ho Lee
25040,Zhu Xuan
25041,Qi Yu Wu
25042,Yao Wenlong
25043,Eelyn Kok
25044,Hong Hui Fang
25045,Ann Kok
25046,Chen Liping
25047,Chew Chor Meng
25048,Joanne Peh
25049,Felicia Chin
25050,Huang Wenyong
25051,Alan Tern
25052,Pierre Png
25053,Dai Xiangyu
25054,Zen Chong
25055,Shaun Chen
25056,Rebecca Lim
25057,Zhu Houren
25058,Richard Low
25059,Elvin Ng
25060,Zheng Geping
25061,Aileen Tan
25062,Zhou Ying
25063,Zhang Zhenhuan
25064,Elsa Dorfman
25065,Carson Meyer
25066,Bianca Santos
25067,Jackson White
25068,Sean Russel Herman
25069,Pamela Anderson
25070,Obba Babatundé
25071,Lombardo Boyar
25072,Molly Burnett
25073,Chris Coppola
25074,Matty Finochio
25075,Josh Flitter
25076,Matt Duffer
25077,Ross Duffer
25078,Shawn Levy
25079,Randy Havens
25080,Linnea Berthelsen
25081,Joan Didion
25082,Shane Jacobsen
25083,Allene Quincy
25084,Glenne Headly
25085,Zoë Bell
25086,Alyssa Sutherland
25087,Gus Birney
25088,Okezie Morro
25089,Luke Cosgrove
25090,Russell Posner
25091,Dan Butler
25092,Monica Dolan
25093,Jessica Hynes
25094,Sarah Parish
25095,David Westhead
25096,Dylan Schmid
25097,Kaitlyn Bernard
25098,Erik Stocklin
25099,Matt Besser
25100,Caitlin Carmichael
25101,Wendy Moniz
25102,John Cenatiempo
25103,Reem Kherici
25104,Sylvie Testud
25105,François-Xavier Demaison
25106,Chantal Lauby
25107,Lionnel Astier
25108,Ève Saint-Louis
25109,Victoria Monfort
25110,Amelie Fonlupt
25111,Vidyut Jamwal
25112,Sharad Kelkar
25113,Kelvin Leong
25114,Remon Lim
25115,Loo Aye Keng
25116,Lawrence Wong
25117,Danielle Dai
25118,Joey Leong
25119,Wayne Chua
25120,Steve Yap
25121,Tiffany Leong
25122,Aenie Wong
25123,Kyo Chen
25124,Angie Seow
25125,Kura Forrester
25126,William Davis
25127,Tina Cook
25128,Leila Jolene
25129,Flavio Parenti
25130,Josefin Asplund
25131,Padmini
25132,Maria Menado
25133,Shashikala
25134,Agha
25135,K.N. Singh
25136,Ryan Friedlinghaus
25137,Hunter Clancey
25138,Ahmad Thaher
25139,Maher Khammash
25140,Odai Hijazi
25141,Nadeem Rimawi
25142,Mahmoud al Massad
25143,Nadim Mushahwar
25144,Ecem Uzun
25145,Mehmet Kurtulus
25146,Okan Yalabik
25147,Sema Poyraz
25148,Grace Van Patten
25149,Rebecca Miller
25150,Danny Flaherty
25151,Hisham Fageeh
25152,Fatima Al-Banawi
25153,Sami Hifny
25154,Khairia Nazmi
25155,Abdulmajeed Al-Ruhaidi
25156,Javier Cámara
25157,Miren Ibarguren
25158,Gorka Otxoa
25159,Tina Sáinz
25160,Minami Tsuda
25161,Dakota Basseri
25162,Jamie Simone
25163,Nicolas Roye
25164,Rodney Carrington
25165,Goo Jin
25166,Hye-jin Han
25167,Soo-bin Bae
25168,Seul-ong Im
25169,Gwang Jang
25170,Deok-jae Jo
25171,Seok-Hwan An
25172,Bok-gi Min
25173,Andrew Toth
25174,Ali Liebert
25175,Jose Coronado
25176,Carmen Ruiz
25177,Emily Lim
25178,Remus Kam
25179,Zhang Shui Fa
25180,Scott Bakula
25181,John Billingsley
25182,Jolene Blalock
25183,Dominic Keating
25184,Anthony Montgomery
25185,Linda Park
25186,Connor Trinneer
25187,Robert Beltran
25188,Roxann Dawson
25189,Jennifer Lien
25190,Robert Duncan McNeill
25191,Ethan Phillips
25192,Tim Russ
25193,Jeri Ryan
25194,Garrett Wang
25195,Tarik Ergin
25196,Rui En
25197,Romeo Tan
25198,Nat Ho
25199,Dawn Yeoh
25200,Paige Chua
25201,Rolf Lassgård
25202,Kjersti Tveterås
25203,Rolf Kristian Larsen
25204,Ole Johan Skjelbred-Knutsen
25205,Ida Ursin-Holm
25206,Lisa Loven Kongsli
25207,Mathilde Thomine Storm
25208,Olga Segura
25209,Sofía Garza
25210,Amber An
25211,Chang Yao-jen
25212,Wang Man-chiao
25213,Chris Lee
25214,Yan Yu-lin
25215,Kiki Chen
25216,Steven Chiang
25217,Carel Struycken
25218,Erma Fatima
25219,Umie Aida
25220,Iain Armitage
25221,Phyllis Somerville
25222,Patricia Schneider
25223,Jamie Lissow
25224,Miranda Scarlett Schneider
25225,Sara Ali
25226,Rita Rudaini
25227,Mirza Salihovic
25228,Miller Khan
25229,Asmaa Lazrak
25230,Halima Karaouane
25231,Sara El Mhamdi Elaaloui
25232,Abdellah Didane
25233,Danny Boushebel
25234,Carlo Brandt
25235,Camélia Montassere
25236,Eddie Griffin
25237,Joe Torry
25238,Kid Capri
25239,Sheryl Underwood
25240,Marc Bendavid
25241,Melissa O'Neil
25242,Alex Mallari Jr.
25243,Roger Cross
25244,Zoie Palmer
25245,Mishael Morgan
25246,Sarah Jurgens
25247,Shannon Leroux
25248,Dana Woods
25249,Howard Jerome
25250,Jaime Ordoñez
25251,Alejandro Awada
25252,Yolonda Ross
25253,Claire Corlett
25254,Ciana Swales
25255,Sreymoch Sareum
25256,Kompheak Phoeung
25257,Socheata Sveng
25258,Dara Heng
25259,Sothea Khoun
25260,Sreyneang Oun
25261,Kimhak Mun
25262,Chenda Run
25263,Nika Sarun
25264,Nita Sarun
25265,Phil Vischer
25266,Mike Nawrocki
25267,Antoine Fuqua
25268,Kat Stewart
25269,Linda Cropper
25270,Alicia Gardiner
25271,Lachy Hulme
25272,Eddie Perfect
25273,John Waters
25274,Jake Borelli
25275,Kid Ink
25276,Yousef Erakat
25277,Rebekah Graf
25278,Peter Gilroy
25279,Patrick Davis
25280,Alberto Ammann
25281,Lucía Jiménez
25282,Fabrizio Copano
25283,Joaquín Reyes
25284,William Moseley
25285,Joshua Sasse
25286,Tori Anderson
25287,Jonathan Langdon
25288,Jesse Rath
25289,Amy Pietz
25290,Torrance Coombs
25291,Toby Regbo
25292,Jenessa Grant
25293,Celina Sinden
25294,Caitlin Stasey
25295,Anna Popplewell
25296,Alan Van Sprang
25297,Rossif Sutherland
25298,Jonathan Keltz
25299,Sean Teale
25300,Craig Parker
25301,Riley Smith
25302,Devin Kelley
25303,Lenny Jacobson
25304,Daniel Bonjour
25305,Anthony Ruivivar
25306,Steven R. McQueen
25307,Crowd Lu
25308,Fan Chu-Mei
25309,Hsieh Ying-shiuan
25310,Cammy Chiang
25311,Chen Wan-ting
25312,Fan Chen-fei
25313,Figaro Tseng
25314,Winnie Chang
25315,Elten Ting
25316,Sonam
25317,Shafi Inamdar
25318,Roopesh Kumar
25319,Hiroaki Iwanaga
25320,Toa Yukinari
25321,Takahiro Fujiwara
25322,Yoshiro Matsumoto
25323,Nobuyuki Katsube
25324,Houchu Ohtsuka
25325,Scott Cohen
25326,Elliot Korte
25327,James Murtaugh
25328,Toby Poser
25329,Diane Kagan
25330,John Di Benedetto
25331,Jerry Matz
25332,Anand
25333,Rajiv Kapoor
25334,Divya Rana
25335,Kiran Vairale
25336,Monty Sharma
25337,Yudai Chiba
25338,Ren Osugi
25339,Yoshihiko Hakamada
25340,Hatsunori Hasegawa
25341,Mako Ishino
25342,Daiki Nakamura
25343,Rina Sato
25344,Yukari Fukui
25345,Kiyoyuki Yanada
25346,Akio Suyama
25347,Kiyoshi Kawakubo
25348,Andrea Kwan
25349,Brett Weaver
25350,Bridget Hoffman
25351,Dave Bridges
25352,David Lee Mckinney
25353,Hynden Walch
25354,Mahendra Sandhu
25355,Faryal
25356,Riley Murdock
25357,Owen Atlas
25358,Donald Faison
25359,Carla Gallo
25360,Sanjeev Kumar
25361,Dev Kumar
25362,Paintal
25363,Asit Kumar Sen
25364,Murad
25365,Shefali
25366,Pallavi Joshi
25367,Nutan
25368,Francisco Denis
25369,Pêpê Rapazote
25370,Matias Varela
25371,Michael Stahl-David
25372,Matt Whelan
25373,Paulina Gaitán
25374,Joanna Christie
25375,Taliana Vargas
25376,Andrea Londo
25377,Diego Cataño
25378,Bruno Bichir
25379,Stephanie Sigman
25380,Florencia Lozano
25381,Leynar Gomez
25382,Konstantin Melikhov
25383,Martina García
25384,Maurice Compte
25385,Mauricio Cujar
25386,Jorge Monterrosa
25387,Germán Jaramillo
25388,Julián Díaz
25389,Alejandro Buitrago
25390,Federico Rivera
25391,Moritz Jahn
25392,Ugur Ekeroglu
25393,Hannes Wegener
25394,Kida Khodr Ramadan
25395,Rocco Siffredi
25396,Dady Brieva
25397,Manuel Vicente
25398,Marcelo D'Andrea
25399,James Freeman
25400,Alián Devetac
25401,Pablo Cedrón
25402,Alejandra Flechner
25403,El Negro Álvarez
25404,Ryan Hamilton
25405,Kate Lyn Sheil
25406,Sukha Belle Potter
25407,Mark Kelly
25408,Bruce Bundy
25409,Teresa Yenque
25410,Sandra Ellis Lafferty
25411,Nicholas Pryor
25412,Matthias Habich
25413,Max Riemelt
25414,Lucie Aron
25415,Lynne Koplitz
25416,Montrail 'Money' Brown
25417,O.C. Brown
25418,Bill Courtney
25419,Chavis Daniels
25420,Christian Rubeck
25421,Pål Sverre Hagen
25422,Tomiwa Edun
25423,Clara Read
25424,Ilker Aksum
25425,Bülent Emin Yarar
25426,Müjde Uzman
25427,Firat Çelik
25428,Ayten Uncuoglu
25429,Brad Paisley
25430,John Heffron
25431,Jon Reep
25432,Sarah Tiana
25433,Mike E. Winfield
25434,Yojiro Noda
25435,Rila Fukushima
25436,Rena Matsui
25437,Miwako Wagatsuma
25438,Yuko Araki
25439,Yuya Endo
25440,Moeka Hoshi
25441,Juri Ihata
25442,Mariko Tsutsui
25443,Kanji Furutachi
25444,Tetsuhiro Ikeda
25445,Claudia Lee
25446,Jazmyn Richardson
25447,Darrin Dewitt Henson
25448,Ginuwine
25449,Gilbert Saldivar
25450,Keith Carlos
25451,Michael Bolwaire
25452,Willie Taylor
25453,Máximo Hollander
25454,Sebastián Aguirre
25455,Úrsula Pruneda
25456,Rodrigo Mendoza
25457,Germán Bracco
25458,Tomás Manterola
25459,Regina Soto
25460,José Egüez
25461,Pablo Cruz
25462,Regina Hall
25463,Scott Foley
25464,J.T. Jackson
25465,Brian McKnight
25466,David Sheridan
25467,Cody Horn
25468,Megan Park
25469,Scott Mechlowicz
25470,Aaron Yoo
25471,Alex Goode
25472,Terence Rosemore
25473,Jesse Steccato
25474,Adam Rayner
25475,Eliza Dushku
25476,Ian Ogilvy
25477,Roger Moore
25478,Beatrice Rosen
25479,Greg Grunberg
25480,Yani Gellman
25481,Bumper Robinson
25482,Francis Ng
25483,Bryan Fogel
25484,Grigory Rodchenkov
25485,Sibongile Mlambo
25486,John Early
25487,Nina Hellman
25488,Joe Lo Truglio
25489,Michael Showalter
25490,Elvira Mínguez
25491,Nene
25492,Colin McFarlane
25493,Jessica Hsuan
25494,Thomas Ong
25495,Jeffrey Xu
25496,Ya Hui
25497,Bryan Shu-Hao Chang
25498,Jian Man-shu
25499,Allen Chen
25500,Jake Hsu
25501,Chu Sheng-ping
25502,Margaret Wang
25503,Kate Pang
25504,Huang Qi Ming
25505,Rayson Tan
25506,Maksim Emelyanov
25507,Aleksey Vesyolkin
25508,Zoya Berber
25509,Fionn O'Shea
25510,Andrew Scott
25511,Ruairí O'Connor
25512,Jay Duffy
25513,Mark Lavery
25514,Jamie Hallahan
25515,Ardal O'Hanlon
25516,Lan Cheng-lung
25517,Esther Yeh
25518,He Yu-chen
25519,Chloe East
25520,Emma Rayne Lyle
25521,Jane Widdop
25522,Jane Sibbett
25523,Eric Lutes
25524,Blair Fowler
25525,Ashley Liao
25526,Eva Bella
25527,Kimrie Lewis-Davis
25528,Abraham Benrubi
25529,Rainie Yang
25530,Johnny Lu
25531,Chang Fu-chien
25532,Chen Chi-hsia
25533,Pyotr Fyodorov
25534,Dmitry Shevchenko
25535,Aleksey Gorbunov
25536,Evgeniya Dmitrieva
25537,Maksim Pinsker
25538,Chris Wu
25539,Chen Yu
25540,Yeh Chen-Ting
25541,Deng Yu-kai
25542,Maz Jobrani
25543,Alona Tal
25544,J.C. Chasez
25545,Lesli Margherita
25546,Lili Karamalikis
25547,Tess Fowler
25548,Peta Shannon
25549,Caetlyn Collins
25550,Jack Tomich
25551,Isabelle Andary-Geslin
25552,Rachel D'Sena
25553,Elkin Díaz
25554,Francisco Javier Rueda
25555,Lina Marcela Castrillón
25556,Camilo Sáenz
25557,Mijail Mulkay
25558,Natasha Klauss
25559,Michael Silva
25560,Bastián Inostroza
25561,Ana María Henríquez
25562,Mauricio Pinto
25563,Pedro Godoy
25564,Hermelinda Cayo
25565,Héctor Mella
25566,Gonzalo Villalobos
25567,Noelia Rubio
25568,Louise Lee
25569,Darren Lim
25570,Cynthia Koh
25571,Belinda Lee
25572,Elsa Zylberstein
25573,Alice Pol
25574,Abhishek Krishnan
25575,Venantino Venantini
25576,Amma
25577,Nick Dunning
25578,Ronny Jhutti
25579,Roger Griffiths
25580,Robert Powell
25581,Taliyah Whitaker
25582,Zabryna Guevara
25583,Will Stephen
25584,Megan Ketch
25585,Joe Mande
25586,Ari Shaffir
25587,Marcel Borràs
25588,Nuria Prims
25589,Oriol Pla
25590,Fernando Esteso
25591,Gustavo Salmerón
25592,Sonia Almarcha
25593,Marta Belenguer
25594,Brian Atkinson
25595,Ted Raimi
25596,Harry Chaskin
25597,Philip Maurice Hayes
25598,J.D. Ryznar
25599,Nick Shakoour
25600,Ryan Wiesbrock
25601,Clark Wiesbrock
25602,Dominic Catrambone
25603,Amanda Arcuri
25604,Soma Bhatia
25605,Jamie Bloch
25606,Stefan Brogren
25607,Chelsea Clark
25608,Reiya Downs
25609,Ana Golja
25610,Nikki Gould
25611,Ehren Kassam
25612,Andre Kim
25613,Lyle Lettau
25614,Eric Osborne
25615,Dante Scott
25616,Olivia Scriven
25617,Yao Yichen
25618,Chen Daoming
25619,Duan Yihong
25620,Li Yixiao
25621,Yang Lixin
25622,You Yong
25623,Yu Hewei
25624,Fu Dalong
25625,Ning Jing
25626,Yu Entai
25627,Zhou Bo
25628,Fu Miao
25629,Feihu Sun
25630,Lu Ying
25631,Qiu Yongli
25632,Pat Healy
25633,Brooke Dillman
25634,Alejandro Patiño
25635,Danny Chan
25636,Michelle Lang
25637,Ted Duran
25638,Hazen MacIntyre
25639,Luoyong Wang
25640,Natalia Dzyublo
25641,Traci Ann Wolfe
25642,Ke Gai
25643,Zhou Zhou
25644,Yu Chenghui
25645,Franck Dubosc
25646,Claude Rich
25647,Marie Kremer
25648,Mathis Touré
25649,Rufus
25650,Olivier Claverie
25651,Erdal Beşikçioğlu
25652,Yasemin Allen
25653,Berkan Şal
25654,Metin Belgin
25655,Ayça Eren
25656,Selin Uludoğan
25657,Özay Fecht
25658,Suna Yıldızoğlu
25659,Alanah Gilbert
25660,Hapi Murphy
25661,Lilly Blacker
25662,Julie Kay Lumasag
25663,Desmond Tan
25664,Xu Bin
25665,Carrie Wong
25666,Vyjayantimala
25667,Sunil Dutt
25668,Prem Nath
25669,Bipin Gupta
25670,Zul Vellani
25671,Randhir
25672,Sean Hankinson
25673,Paula Rhodes
25674,Charlie Bodin
25675,Laura Gerow
25676,Ashlyn Selich
25677,Guo Liang
25678,Hans Teeuwen
25679,İbrahim Çelikkol
25680,Serdar Yeğin
25681,Tülay Günal
25682,Gözde Cığacı
25683,Ferit Aktuğ
25684,Rojda Demirer
25685,Aybars Kartal Özson
25686,Dulari
25687,Chandramohan
25688,Sujata Bakshi
25689,Meena T.
25690,Manya Gupta
25691,Murari Kumar
25692,Sheila Sim
25693,Yuan Shuai
25694,Aloysius Pang
25695,Kalpana
25696,Parveen Choudhary
25697,Salim
25698,Pratima Devi
25699,Rashid Khan
25700,Bir Sakuja
25701,Bela Bose
25702,Ratnamala
25703,Sora Ma
25704,Hong Huifang
25705,Chen Shucheng
25706,David Selvas
25707,Chen Hanwei
25708,Yusuke Fukuchi
25709,Zoe Tay
25710,Fann Wong
25711,Jerry Yeo
25712,Andie Chen
25713,Joshua Ang
25714,Ha Yu
25715,Yvonne Lim
25716,Vivian Lai
25717,Ian Fang
25718,Somy Ali
25719,Puneet Issar
25720,Yunus Parvez
25721,Umesh Shukla
25722,Dennis Chew
25723,Kingone Wang
25724,Cavin Soh
25725,Teo Planell
25726,Toni Gómez
25727,Iria Castellano
25728,Máximo Pastor
25729,Ana Blanco de Córdova
25730,Fermí Reixach
25731,Goizalde Núñez
25732,Juan Codina
25733,Mandy Patinkin
25734,Thomas Gibson
25735,Shemar Moore
25736,Kirsten Vangsness
25737,A.J. Cook
25738,Paget Brewster
25739,Lola Glaudini
25740,Jeanne Tripplehorn
25741,Billy Crudup
25742,Brooke Bloom
25743,Melanie Liburd
25744,Maren Heary
25745,Blythe Danner
25746,Arisa Shida
25747,Rie Murakawa
25748,Ryosuke Kanemoto
25749,An Seo Hyun
25750,Byun Heebong
25751,Yoon Je Moon
25752,Shirley Henderson
25753,Woo Shik Choi
25754,Lesley Ann Warren
25755,Jefferson Mays
25756,Jan Maxwell
25757,Kathryn Morris
25758,Brigid Brannagh
25759,Tyler Hanson
25760,Sakshi Tanwar
25761,Suhani Bhatnagar
25762,Jesse McCartney
25763,Carla Jimenez
25764,Rory Scovel
25765,Grey Damon
25766,Emma Dumont
25767,David Meunier
25768,Whitney Rose Pynn
25769,Haven Paschall
25770,Alysha Deslorieux
25771,Eileen Stevens
25772,Saskia Maarleveld
25773,Brittany Pressley
25774,Jason Griffith
25775,Samara Naeymi
25776,Abe Goldfarb
25777,Jiya Anil Manne
25778,Arun Chidambaram
25779,T.P. Gajendran
25780,Gnanasambandam
25781,Mayilsamy
25782,Jonathan Kydd
25783,Jin-sung Yang
25784,Kyu-jong Kim
25785,Tae-hwan Kang
25786,Geummi
25787,Jin-woo Kim
25788,Min-ji Park
25789,In-jun Gwak
25790,Gi-du Kim
25791,Hae-Jin Park
25792,Sung-woong Park
25793,Min-jung Kim
25794,Jung-an Chae
25795,Jung-hoon Yeon
25796,Man-sik Jung
25797,Shin-il Kang
25798,Ho-jin Chun
25799,In-ho Tae
25800,Ji-ho Oh
25801,Soo-kyung Lee
25802,Ji-hyun Nam
25803,Joe Cheng
25804,Lulu Xu
25805,Viann Zhang
25806,Han Chengyu
25807,Tae-hyun Nam
25808,Soo-yeon Kim
25809,Seo-ra Kim
25810,Young-jo Yang
25811,Seung-yeon Gong
25812,Jong-hyun Lee
25813,Yeon-seo Kim
25814,Bo-hyun Ahn
25815,Jai-jin Lee
25816,Joo-hyung Park
25817,Rainn Wilson
25818,Mark Rendall
25819,Isabel Dove
25820,Angela Vint
25821,Harshpreet Kaur
25822,Aabhas Yadav
25823,Shivani Joshi
25824,Very Tri Yulisman
25825,David Hendrawan
25826,Adrian Scarborough
25827,Damien Molony
25828,Amit Shah
25829,David Sullivan
25830,Ruth Kearney
25831,George Basil
25832,Lina Esco
25833,Travis Mills
25834,Robert Wisdom
25835,Matthew Willig
25836,Kirstie Alley
25837,Sab Shimono
25838,Minerva Garcia
25839,Jeff Daniel Phillips
25840,Ko Soo
25841,Kyung-gu Seol
25842,Yu-chun Park
25843,Hye-jung Kang
25844,In-hwan Park
25845,Mamta Kulkarni
25846,Rachael Stirling
25847,Ariel Kavoussi
25848,Stephen Gevedon
25849,Giullian Yao Gioiello
25850,Cal Seville
25851,Aswathy Lal
25852,Melanie Lynskey
25853,Armani Jackson
25854,Nadia Dajani
25855,Veanne Cox
25856,Will Janowitz
25857,Julie Hays
25858,Isis Valverde
25859,Gil Coelho
25860,Joaquim Lopes
25861,Carol Portes
25862,Alexandra Richter
25863,Marcos Mion
25864,João Côrtes
25865,César Cardadeiro
25866,Deepa Sahi
25867,Farooq Shaikh
25868,Shreeram Lagoo
25869,Sudha Shivpuri
25870,Satyadev Dubey
25871,Zhang Yaodong
25872,Akit Tay
25873,Sang-hyun Um
25874,Jeong-hwa Yang
25875,Tae-yeol Jeon
25876,Yong-woo Shin
25877,So-yeong Lee
25878,Wan-kyung Sung
25879,Soyeon
25880,Jin-wook Hong
25881,Yeong-wung Jeong
25882,Sam Jones
25883,Rajendra Nath
25884,Ajit
25885,Sudhir
25886,Sunder
25887,Mukul Dev
25888,Enric Benavent
25889,Philippe Rebbot
25890,Tomás del Estal
25891,Sofie Gråbøl
25892,Harald Kaiser Hermann
25893,Albert Rudbeck Lindhardt
25894,Laurids Skovgaard Andersen
25895,Søren Sætter Lassen
25896,Sonja Richter
25897,Solbjørg Højfeldt
25898,Shriswara
25899,Satoru Kawaguchi
25900,Surendra Pal
25901,Sissy Spacek
25902,Norbert Leo Butz
25903,Taylor Rouviere
25904,Brandon Larracuente
25905,Mahira Khan
25906,Shubham Chintamani
25907,Shubham Tukaram
25908,John Magaro
25909,Anthony Michael Hall
25910,Ola Rapace
25911,Micha Lescot
25912,Thierry Hancisse
25913,Hélène Fillières
25914,Ruth Vega Fernandez
25915,Louis-Do de Lencquesaing
25916,Eva Lallier
25917,Emilie Gavois-Kahn
25918,Sebastian Perry
25919,Laerte Coutinho
25920,Malvika Tiwari
25921,Suchitra Krishnamoorthi
25922,Rita Bhaduri
25923,Goga Kapoor
25924,Amy Seimetz
25925,Cary Joji Fukunaga
25926,Marshall Chapman
25927,Vivek Mushran
25928,Tatiana Pauhofová
25929,Karl Markovics
25930,Gedeon Burkhard
25931,Simona Stasová
25932,Martin Huba
25933,Pavel Kríz
25934,Zdenka Procházková
25935,Lenka Vlasáková
25936,Jirí Mádl
25937,Howard Hesseman
25938,Jay Hayden
25939,Rebecca Da Costa
25940,Demi Moore
25941,Roger Stone
25942,Essie Davis
25943,Simon Farnaby
25944,David Schofield
25945,Robert Naylor
25946,Angela Galuppo
25947,Mark Hauser
25948,Andrew Shaver
25949,Mathew Mackay
25950,Richard Dumont
25951,Brady Moffatt
25952,Nadia Verrucci
25953,Brad Morris
25954,Ava Acres
25955,Reece Pockney
25956,Scott Langley
25957,Alex Babic
25958,Gemma Harvey
25959,Jessica Hann
25960,Michio Kaku
25961,Sivakumar Palakrishnan
25962,Udaya Soundari
25963,Nithiyia Rao
25964,Indra Chandran
25965,Rajeshwari
25966,Baba Brahmbhatt
25967,Ishita Haria
25968,Gulshan Bawra
25969,Aissa Maiga
25970,Zabou Breitman
25971,Michel Jonasz
25972,Marie-Philomène Nga
25973,Bass Dhem
25974,Delphine Théodore
25975,Romain Duris
25976,Sophie Verbeeck
25977,Hélène Barbry
25978,Sarah Fisher
25979,Luke Bilyk
25980,Chantal Kreviazuk
25981,Sergio Di Zio
25982,Denis Akiyama
25983,Julia Tomasone
25984,Brittany Bristow
25985,Zoë Belkin
25986,Lauren Esdale
25987,Naomi Snieckus
25988,Dhruv Ganesh
25989,Bruno Todeschini
25990,Igor Szpakowski
25991,Sílvia Bel
25992,Mikel Iglesias
25993,Luna
25994,U-kwon
25995,Ha-na Jung
25996,B-Bomb
25997,Ha-seong Park
25998,Su-jong Choi
25999,Hee-Ra Ha
26000,Jay Kim
26001,Ji-hye Wang
26002,Eun-mi Go
26003,Jaehyo
26004,Eun-Hyung Jo
26005,Ha-yeon Kim
26006,Shin Yi
26007,Kwang-sun Park
26008,Luis Fernández
26009,Nya de la Rubia
26010,Ira Dubey
26011,Gautmik
26012,Raj Bhansali
26013,Atul Kale
26014,Garion Dowds
26015,Marcel Van Heerden
26016,Lauren Steyn
26017,Robert Gustafsson
26018,Jens Hultén
26019,Caroline Boulton
26020,Cory Peterson
26021,Jay Simpson
26022,Taylor Abrahamse
26023,Colin Doyle
26024,Juan Chioran
26025,Kathleen Laskey
26026,Mike Kiss
26027,Ellie Reed
26028,Sammy Sheik
26029,Gonzalo Menendez
26030,Dieter Jansen
26031,Michal Vondel
26032,Margaret Colin
26033,Rachel Zeiger-Haag
26034,Dane Martinez
26035,Ruby O. Fee
26036,Charly Hübner
26037,Winnie Böwe
26038,Fabian Buch
26039,Emilio Moutaoukkil
26040,Tilman Pörzgen
26041,Philipp Laude
26042,Benjamin Lutzke
26043,Barbara Ramella
26044,Gianluca Broccatelli
26045,Pietro Ragusa
26046,Fiorenza Tessari
26047,Iretiola Doyle
26048,Guillaume Canet
26049,Damien Chapelle
26050,Xavier Beauvois
26051,Vincent Launay-Franceschini
26052,Jamie Gray Hyder
26053,Renato López
26054,Mario Iván Martínez
26055,Valeria Vera
26056,David Zorrilla
26057,Connor Lawrence
26058,Justin Mark
26059,Cathryn Dylan
26060,Tyler Weaks
26061,Max Sheldon
26062,Austin Ramsey
26063,Peter O'Connor
26064,Nicole Balsam
26065,Kaitlin Mesh
26066,Donghyun Kim
26067,Nahyun
26068,Yang Hak Jin
26069,Yoon Hwa Hong
26070,Skylan Brooks
26071,Tremaine Brown
26072,Jimmy Smits
26073,Stefanee Martin
26074,Shyrley Rodriguez
26075,Joaquín Rapalini
26076,Nicky Excitement
26077,Yavuz Bingöl
26078,Basak Köklükaya
26079,Çolpan Ilhan
26080,Mustafa Alabora
26081,Ayça İnci
26082,Tuncer Necmioğlu
26083,Serdar Özer
26084,Zezé Polessa
26085,Daniel Dantas
26086,Paulo Vilhena
26087,Juliana Mesquita
26088,Lance Gross
26089,Antonique Smith
26090,Rotimi
26091,Andra Fuller
26092,Brahm Bhardwaj
26093,Hani Furstenberg
26094,Bill Raymond
26095,Archit Deodhar
26096,Parth Bhalerao
26097,Gaurish Gawade
26098,Atharva Upasni
26099,Swandand Raikar
26100,Shivalati Bokil
26101,Jui Kahate
26102,Shashi Kapoor
26103,M. Rajan
26104,Ramesh Deo
26105,Itziar Castro
26106,Ana María Ayala
26107,Eloi Costa
26108,Julieta Zylberberg
26109,Usher Barilka
26110,Elvira Onetto
26111,Adrián Stoppelman
26112,Dan Breitman
26113,Elisa Carricajo
26114,Claudia Canal
26115,Luichi Macías
26116,Bridget Christie
26117,Steven Spielberg
26118,Lawrence Kasdan
26119,Francis Ford Coppola
26120,Paul Greengrass
26121,Fergus Craig
26122,Mark Quartley
26123,Ella Smith
26124,Jason Callender
26125,Akiya Henry
26126,Jeff Rawle
26127,Simone Craddock
26128,Felipe Neto
26129,Stephen Sondheim
26130,Harold Prince
26131,Lonny Price
26132,Kinna McInroe
26133,Myko Olivier
26134,Lance Gray
26135,Jennifer Barnhart
26136,Tyler Bunch
26137,Frankie Cordero
26138,Stephanie D'Abruzzo
26139,John Kennedy
26140,Nam-gil Kim
26141,Young-ae Kim
26142,Jeong-hee Moon
26143,Joo-hyun Kim
26144,Jin-young Jung
26145,Dae-Myung Kim
26146,Seung-mok Yoo
26147,Myung-min Kim
26148,Honami Suzuki
26149,James Wilby
26150,Jemma Redgrave
26151,Joseph Bennett
26152,Nicola Duffett
26153,Susie Lindeman
26154,Gerson Da Cunha
26155,Subhashini Ali
26156,Umesh Mehra
26157,Sooraj Balaji
26158,Sylvain Marcel
26159,Pierre Lebeau
26160,Ron Lea
26161,Sarain Boylan
26162,Dan Renton Skinner
26163,Nirmal Pandey
26164,Sahila Chaddha
26165,Suresh Chatwal
26166,Bharat Dabholkar
26167,Baby Gazala
26168,Bruno Bergonzini
26169,Ricardo Pereira
26170,Manuela Couto
26171,Marc Balaguer
26172,Justin Michael
26173,Trevor Jackson
26174,Serayah
26175,Malik Bazille
26176,Davyon St. Usaire
26177,Christian Robinson
26178,Raquel Bianca John
26179,L
26180,So-hui Yoon
26181,Chang-hwan Kim
26182,Ji Su
26183,Tae-im Lee
26184,Nam-gil Kang
26185,Mert Fırat
26186,Taner Birsel
26187,Selman Ünlüsoy
26188,Murat Ünalmış
26189,Birce Akalay
26190,Selen Soyder
26191,Erman Okay
26192,Kanbolat Gorkem Arslan
26193,Levent Yilmaz
26194,Aysegül Günay
26195,Selma Kutluğ
26196,Ulvi Alacakaptan
26197,İpek Erdem
26198,Yilmaz Calayir
26199,Isil Yücesoy
26200,Vicky R
26201,Ji-an Kim
26202,Jae-yoon Lee
26203,Heo Ji Won
26204,Choi Yeong Min
26205,Vikram Kapadia
26206,Patricia Hittler
26207,Genelia D'souza
26208,Freddy Daruwala
26209,Jesuíta Barbosa
26210,Laura Neiva
26211,Criolo
26212,Ana Cecília Costa
26213,João Fábio Cabral
26214,Ariclenes Barroso
26215,Chay Suede
26216,Luciana Souza
26217,Chris Couto
26218,Roberto Berindelli
26219,Cleo Pires
26220,Marcos Caruso
26221,Thiago Martins
26222,Fabrício Boliveira
26223,Fabiula Nascimento
26224,Analú Prestes
26225,Elijah Wood
26226,David Yow
26227,Devon Graye
26228,Robert Longstreet
26229,Benny Emmanuel
26230,Mayté Cordeiro
26231,Andrés Couturier
26232,Ricardo O'Farrill
26233,Alejandro Villeli
26234,Cydney J. Fam
26235,Lisa Grossman
26236,Kwang-soo Lee
26237,So-min Jung
26238,Byeong-ok Kim
26239,Mi-kyung Kim
26240,Alper Saldıran
26241,Zeynep Çamcı
26242,Burcu Altın
26243,Ozan Osmanpaşaoğlu
26244,Selen Uçer
26245,Blanca Portillo
26246,Marc Domènech
26247,Paco Manzanedo
26248,Sergi Subirà
26249,Martina Stoessel
26250,Jorge Blanco
26251,Adrián Salzedo
26252,Diego Ramos
26253,Clara Alonso
26254,Leonardo Cecchi
26255,Ridder van Kooten
26256,Beatrice Arnera
26257,Sung-yeol Lee
26258,Clara Lee
26259,Jin Won
26260,Diya Chalwad
26261,Nathalia Kaur
26262,Lena Lauzemis
26263,Edin Hasanovic
26264,Marko Dyrlich
26265,Peter Schneider
26266,Reiner Schöne
26267,So-hyun Kim
26268,Min-hyuk Lee
26269,Ki-joon Uhm
26270,Da-Ye Kim
26271,Seung-do Baek
26272,Shin-ae Seo
26273,Jong-chan Na
26274,Bo-ra Nam
26275,Da-young Joo
26276,Yeo One
26277,Ki-sung Bae
26278,Jin-joo Park
26279,Eun-soo Kwon
26280,Font García
26281,Pilar Gómez
26282,Alicia Rubio
26283,Néstor Cantillana
26284,Silvia Marty
26285,Etienne Bobenrieth
26286,Antonia Zegers
26287,Pablo Cerda
26288,Amber Tamblyn
26289,Alex Karpovsky
26290,Steven Michael Quezada
26291,Tucker Smallwood
26292,Nate Mooney
26293,Yo-Won Lee
26294,U-ie
26295,Hae-in Jung
26296,Gook-hwan Jeon
26297,Han-yong Jeong
26298,Keisuke Koumoto
26299,Kenji Nomura
26300,Mitsuaki Madono
26301,Setsuji Sato
26302,Haruki Ishiya
26303,Ryo Sugisaki
26304,Yuko Kaida
26305,Doc Brown
26306,Jo Hartley
26307,Andrew Brooke
26308,Andy Burrows
26309,Kevin Bishop
26310,Beppe Grillo
26311,Michael Bolton
26312,Kenny G
26313,Mary Sohn
26314,Matthew Kimbrough
26315,Louie Anderson
26316,Claudia O'Doherty
26317,Zachary Oyama
26318,Jimmy Graham
26319,Luka Jones
26320,Scott Aukerman
26321,Dave Ferguson
26322,Tim Kalpakis
26323,Mike Hanford
26324,Sal Stowers
26325,Glenn Plummer
26326,De'Aundre Bonds
26327,Keke Palmer
26328,Nora Zehetner
26329,Todd Louiso
26330,Mohd Samad
26331,Andoni Agirregomezkorta
26332,Juan Carlos Aduviri
26333,Sílvia Abril
26334,Candela Recio
26335,Pablo Hoyos
26336,Spencer Boldman
26337,Emilia McCarthy
26338,William Ainscough
26339,Lucia Walters
26340,Esteban Ávila
26341,David Thornton
26342,Jimena Cuarón
26343,Lakshmi Picazo
26344,Thomas Blanchard
26345,Thomas Scimeca
26346,François Chattot
26347,Ole Eliassen
26348,Adam Eskilden
26349,Miranda Richardson
26350,Jordan Bolger
26351,Charley Palmer Rothwell
26352,Aymen Hamdouchi
26353,Carolina Dieckmann
26354,Alvaro Armand Ugon
26355,Roberto Suárez
26356,Dylan Cortes
26357,Priscila Bellora
26358,Gabriela Freire
26359,María Mendive
26360,Cristela Alonzo
26361,Andrea Tariang
26362,Raashul Tandon
26363,Tushar Pandey
26364,Mamata Shankar
26365,Chester Tam
26366,Paul Kalkbrenner
26367,Rita Lengyel
26368,Araba Walton
26369,Rolf Peter Kahl
26370,Henriette Müller
26371,Megan Gay
26372,Max Mauff
26373,Florian Teichtmeister
26374,Heino Ferch
26375,Eugen Knecht
26376,Mateusz Dopieralski
26377,Dominik Warta
26378,Simon Hatzl
26379,Erwin Steinhauer
26380,Friedrich von Thun
26381,Juraj Kukura
26382,Jürgen Vogel
26383,Petra Schmidt-Schaller
26384,Mark Zak
26385,Helena Schönfelder
26386,Fabian Hinrichs
26387,Jonas Nay
26388,Trang Le Hong
26389,Devid Striesow
26390,Saskia Rosendahl
26391,Paul Gäbler
26392,Jakob Bieber
26393,Swantje Kohlhof
26394,Mai Duong Kieu
26395,Kevin Rahm
26396,William Atherton
26397,Aaron Stanford
26398,Sydney Tamiia Poitier
26399,Alain Saadeh
26400,Fouad Yammine
26401,Tarek Yaacoub
26402,Alexandra Kahwaji
26403,Wissam Fares
26404,Georges Hayeck
26405,Fadi Abi Samra
26406,Marcel Ghanem
26407,Mariee Devereux
26408,Jocelyne Loewen
26409,Narges Rashidi
26410,Avin Manshadi
26411,Bobby Naderi
26412,Ray Haratian
26413,Arash Marandi
26414,Hamidreza Djavdan
26415,Soussan Farrokhnia
26416,Bijan Daneshmand
26417,Sajjad Delafrooz
26418,Behi Djanati Atai
26419,Alex Saxon
26420,Mark Blum
26421,Michael Cyril Creighton
26422,Blanche Baker
26423,Connor Ratliff
26424,Will Denton
26425,Greg Cipes
26426,Chi McBride
26427,Barry Dennen
26428,Steve Baran
26429,Ryan McDonell
26430,Scott Patey
26431,Loretta Walsh
26432,Zain Meghji
26433,Jesse Burch
26434,Jon Olson
26435,Matthew Waterson
26436,Jen Kirkman
26437,Deepak Sampat
26438,Ronjini Chakroborty
26439,Vikrant Singh
26440,Jhanvi Dwivedi
26441,Ajay Mishra
26442,Rohit Mittal
26443,Sunny Banerjee
26444,Ravidev Singh
26445,Barry Levinson
26446,Larry King
26447,Isabelle Carré
26448,Ramzy Bédia
26449,Bouli Lanners
26450,Daniel Duval
26451,Aurore Clément
26452,Avery Brooks
26453,Nana Visitor
26454,Rene Auberjonois
26455,Cirroc Lofton
26456,Terry Farrell
26457,Prabhjyot Singh
26458,Harpreet Singh
26459,Taran Bajaj
26460,Angélica Aragón
26461,Gabriela Araujo
26462,Ji-yeon Park
26463,Dong-ho Kang
26464,Chul-woong Kang
26465,Hak Jin
26466,Se-jin Park
26467,Kisum
26468,Cameron Dallas
26469,Aaron Carpenter
26470,Taylor Caniff
26471,Willie Jones
26472,Trey Schafer
26473,Bart Bordelon
26474,Blake Gray
26475,Oscar Serrano
26476,Azalia Ortiz
26477,Octavio Michel
26478,Brian J. Smith
26479,Naveen Andrews
26480,Freema Agyeman
26481,Terrence Mann
26482,Jamie Clayton
26483,Tina Desae
26484,Toby Onwumere
26485,Ellar Coltrane
26486,Avi Nash
26487,Linus Roache
26488,Cara Theobold
26489,Riann Steele
26490,Lewis Reeves
26491,Troian Bellisario
26492,Stana Katic
26493,Michelle Trachtenberg
26494,Kaia Gerber
26495,Peter Jason
26496,Eko Fresh
26497,Sabrina Klüber
26498,Sami Nasser
26499,Kayla Rybicka
26500,Jytte-Merle Böhrnsen
26501,Emrah Erdogru
26502,Tim Grothe
26503,Jae Hee
26504,So-yi Yoon
26505,Ji-ho Shim
26506,Sang-Myeon Park
26507,Joo-young Kim
26508,Eddie Hall
26509,Soo-hyun Hong
26510,Si Won Ryu
26511,Ji-yoon Park
26512,Min-soo Kim
26513,Julien Kang
26514,Joo-eun Oh
26515,Seong-mo Jeong
26516,Hee-Jin Lee
26517,Hae-seong Kwon
26518,Paul Stafford
26519,Mi-ji Lee
26520,Ik-tae Kim
26521,Ki-hyeon Kim
26522,Bul-am Choi
26523,Ho-Jeong Yoo
26524,Sae-ron Kim
26525,Chan-hee Kang
26526,Woo-Sung Hyun
26527,Ho-Jin Kim
26528,Feng Shaofeng
26529,Victoria Song
26530,Ma Tianyu
26531,Zhang Meng
26532,Hee-seon Kim
26533,Gong Beibi
26534,Shao Bing
26535,Hu Bing
26536,Jae-suk Han
26537,Sun-Young Park
26538,Du-shim Ko
26539,Ye-jin Lim
26540,Jong-hwan Choi
26541,Yun-Hoo Ko
26542,Byeong-Ki Kim
26543,Sun-kyung Kim
26544,Yoon-Sik Baek
26545,Moneca Stori
26546,Kelly Sheridan
26547,Jung Eun Kim
26548,Yu-hwan Park
26549,Eun-ah Go
26550,Yong Hwan Kwak
26551,Jin Hyuk
26552,Angel Coulby
26553,Richard Wilson
26554,Dong-hae Lee
26555,Seung-ah Yoon
26556,Jin-hyuk Choi
26557,So-young Yoo
26558,Yeo-jin Hong
26559,Min-jin Jung
26560,Lamis Ammar
26561,Ruba Blal
26562,Haitham Omari
26563,Khadija Alakel
26564,Jalal Masarwa
26565,Marcel Hensema
26566,Paul Freeman
26567,Shinya Tsukamoto
26568,Chumel Torres
26569,"Marissa ""Chabe"" Lozano"
26570,Noah Britton
26571,Ethan Finlan
26572,Jack Hanke
26573,New Michael Ingemi
26574,Billy Gardell
26575,Fina Strazza
26576,Kenneth Edmonds
26577,Cameron Mathison
26578,Brennan Elliott
26579,Clayne Crawford
26580,Louis Ozawa Changchien
26581,Jimmy Akingbola
26582,Dylan Smith
26583,Philip Bulcock
26584,Tory Belleci
26585,Kari Byron
26586,Grant Imahara
26587,Esther Wu
26588,Dino Lee
26589,Gong Yi Teng
26590,Xi Wei Lun
26591,Vega Tsai
26592,Shen Chang Hung
26593,Maude Apatow
26594,Zach Woods
26595,Paul Dooley
26596,Clu Gulager
26597,Satnam Singh Bhamara
26598,Adam Silver
26599,Vivek Ranadivé
26600,Zane Holtz
26601,Eiza Gonzalez
26602,Jesse Garcia
26603,Madison Davenport
26604,Brandon Soo Hoo
26605,Samantha Esteban
26606,Toki Pilioko
26607,Iliana Zabeth
26608,Mikaele Tuugahala
26609,Laurent Pakihivatau
26610,Petelo Sealeu
26611,Maoni Talalua
26612,Teotola Maka
26613,Bessarion Udesiani
26614,Sarah Carmosino
26615,DeShaun Clarke
26616,Keara Graves
26617,Katrina Hachey
26618,Shane Harte
26619,Ali Milner
26620,Levi Randall
26621,Michael Torontow
26622,Alex Zaichkowski
26623,Matthew Bacik
26624,Alyssa Baker
26625,Ella Jonas Farlinger
26626,Ian Matthews
26627,Rakim Kelly
26628,Bailey Pelkman
26629,Olivia Solo
26630,Nichelle Nichols
26631,J.J. Abrams
26632,Morgan Saylor
26633,Brian 'Sene' Marc
26634,Adrian Martinez
26635,India Menuez
26636,Ralph Rodriguez
26637,Annabelle Dexter-Jones
26638,Ganesh Yadav
26639,Pooja Nayak
26640,Devendra Gaikwad
26641,Ben Hyland
26642,Marsha Mason
26643,Karina Smirnoff
26644,Colin Branca
26645,Tricia Paoluccio
26646,Emilia Drago
26647,Christian Meier
26648,Anahí de Cárdenas
26649,Rodrigo Sánchez Patiño
26650,Denisse Dibós
26651,Javier Delgiudice
26652,Ana Cecilia Natteri
26653,Marcus Chang
26654,Yorke Sun
26655,Chang Chieh
26656,Bii
26657,Katie Chen
26658,Sean Lee
26659,Dinesh Ravi
26660,Kishore Kumar
26661,Murugadoss
26662,Ajay Ghosh
26663,Linas Phillips
26664,Tobin Bell
26665,Lauren Weedman
26666,Artemis Pebdani
26667,Reagan Yates
26668,Austin Fryberger
26669,Joanne Tseng
26670,Lene Lai
26671,JR
26672,Richard Pryor
26673,Ritwick Chakraborty
26674,Nayani Dixit
26675,Sonam Stobgais
26676,Olga Breeskin
26677,Lyn May
26678,Rossy Mendoza
26679,Wanda Seux
26680,Princesa Yamal
26681,Matt Czuchry
26682,Milo Ventimiglia
26683,Rose Abdoo
26684,James Wolk
26685,Tom Lipinski
26686,Dan Ziskie
26687,Michael Godere
26688,Michael Donovan
26689,Dion Graham
26690,Constance Barron
26691,Rii
26692,Soumyak Kanti DeBiswas
26693,Anubrata Basu
26694,Maya Tideman
26695,Tinu Verghese
26696,Immaduddin Shah
26697,Déborah Lukumuena
26698,Jisca Kalvanda
26699,Majdouline Idrissi
26700,Yasin Houicha
26701,Sebastian Eslava
26702,Juan Sebastián Aragón
26703,Carlos Velazquez
26704,Melisa Caceres
26705,Michelle Orozco
26706,Alberto Cardeño
26707,Constanza Camelo
26708,Fernando Arévalo
26709,Dino Fetscher
26710,Dieter Nuhr
26711,Rahul Bairagi
26712,Tejas Parvatkar
26713,Dhanshree Jain
26714,Aftab Khan
26715,Kelen Coleman
26716,Leonard Earl Howze
26717,Daniel Zacapa
26718,Jeff Chase
26719,Paul Bandey
26720,Kathleen Madigan
26721,Steinunn Ólína Þorsteinsdóttir
26722,Magnús Jónsson
26723,Jóhanna Vigdís Arnardóttir
26724,Birna Rún Eiríksdóttir
26725,Elma Stefania Agustsdottir
26726,Bergur Þór Ingólfsson
26727,Halldóra Geirharðsdóttir
26728,Arnar Jónsson
26729,Davíð Freyr Þórunnarson
26730,Björn Stefánsson
26731,Hjortur Jóhann Jónsson
26732,Alexander Armstrong
26733,Kevin Eldon
26734,Ed Gaughan
26735,Shauna Macdonald
26736,Dave Lamb
26737,Dana Carvey
26738,Annie Chen
26739,Chris Wang
26740,Hsieh Kun Da
26741,Puff Kuo
26742,Jennifer Hong
26743,Katherine Wang
26744,Lyla Lin
26745,Lin Yu-pin
26746,Jian Chang
26747,Yin Fu
26748,Rabbit Yang
26749,Meng-sheng Shen
26750,K'ang-i Lee
26751,Bobby Dou
26752,Vivi Lee
26753,Harry Chang
26754,Esther Yang
26755,Norman Lear
26756,Bill Moyers
26757,John Amos
26758,Russell Simmons
26759,Louise Lasser
26760,Rob Reiner
26761,Jon Stewart
26762,Richard Newman
26763,Alberto López
26764,Josep Maria Riera
26765,Bonnie Somerville
26766,John Ratzenberger
26767,Ruth Wilson
26768,Paula Prentiss
26769,Marc Zinga
26770,Bayron Lebli
26771,Médina Diarra
26772,Jonathan Lambert
26773,Jean-Benoît Ugeux
26774,Charlotte Gainsbourg
26775,Valérie Bonneton
26776,Denis Podalydès
26777,Yamée Couture
26778,Rivka Michaeli
26779,Devi Couzigou
26780,Mathis Crusson
26781,Victor Le Blond
26782,Sullivan Loyez
26783,Pierre-François Martin-Laval
26784,Hugo Chalan-Marchio
26785,David Gyasi
26786,Christina Marie Moses
26787,Kristen Gutoskie
26788,Claudia Black
26789,George Young
26790,Medi Sadoun
26791,Barbara Cabrita
26792,Jean Dell
26793,Léa Lopez
26794,Masaaki Tsukada
26795,Kentarô Itô
26796,Mélanie Bernier
26797,Clovis Cornillac
26798,Lilou Fogli
26799,Philippe Duquesne
26800,Grégoire Oestermann
26801,Oscar Copp
26802,Boris Terral
26803,Brad Swaile
26804,Ai Satou
26805,Saffron Henderson
26806,Lisa Ann Beley
26807,Haruka Kudo
26808,Hideo Ishikawa
26809,Shido Nakamura
26810,Naoya Uchida
26811,Chris Britton
26812,Liam Garrigan
26813,Ciarán Owens
26814,Tanya Fear
26815,Naomi Radcliffe
26816,Lucy Akhurst
26817,Jemma Donovan
26818,Niall Hayes
26819,Ezra Weisz
26820,Vic Mignogna
26821,Steve Staley
26822,Cai Guo-Qiang
26823,Carrie Aizley
26824,Maria Blasucci
26825,Matt Griesser
26826,Michael Hitchcock
26827,Christopher Moynihan
26828,Harry Shearer
26829,Susan Yeagley
26830,Ronan Raftery
26831,Mike Noble
26832,Charlie Kelly
26833,Conor MacNeill
26834,Conor Quinlan
26835,Jordan Mifsud
26836,David Gunning
26837,Queen Wei
26838,Fabien Yang
26839,Tang Chen-Kang
26840,Peijia Huang
26841,Ande Cunningham
26842,Mark Mitchinson
26843,Mia Pistorius
26844,Nathan Lovejoy
26845,Colin Moy
26846,Jay Simon
26847,Coen Falke
26848,Greta Gregory
26849,Byron Coll
26850,Marco Ricca
26851,Andrea Beltrão
26852,Letícia Sabatella
26853,Leandra Leal
26854,Gabriel Braga Nunes
26855,Paulo Betti
26856,Marcos Oliveira
26857,Eliane Giardini
26858,Beatrice Fang
26859,Chen Bor Jeng
26860,Mohammad Amir Naji
26861,Shahnawaz Bhat
26862,Shamim Basharat
26863,Salma Ashai
26864,Mudessir Ahmed Khan
26865,Rayes Mohiuddin
26866,Phoebe Yuan
26867,Jay Shih
26868,Smile Weng
26869,Jet Chao
26870,Jessie Chang
26871,Agustín Silva
26872,Daniel Alcaíno
26873,Samuel Landea
26874,Dindi Jane
26875,Isabella Costa
26876,Augusto Schuster
26877,Pilar Ronderos
26878,Chia-ying Lee
26879,Wen-lin Fang
26880,Wei Lin
26881,Raphael
26882,Enid-Raye Adams
26883,Brian Doe
26884,Udo Kier
26885,Nicholas Ofczarek
26886,Manuel Rubey
26887,Nora von Waldstätten
26888,Thomas Stipsits
26889,Ursula Strauss
26890,Robert Palfrader
26891,Simon Schwarz
26892,Johannes Krisch
26893,Jeroen van Koningsbrugge
26894,Anna Raadsveld
26895,Sigrid ten Napel
26896,Peter Blok
26897,Bob Stoop
26898,Lisa Zweerman
26899,Kay Greidanus
26900,René Kortekaas
26901,Sieger Sloot
26902,Mark Rietman
26903,Nita Lei
26904,William Liao
26905,Suraj Sharma
26906,Pramod Pathak
26907,Sauraseni Maitra
26908,Claudio Bisio
26909,Kasia Smutniak
26910,Beppe Fiorello
26911,Remo Girone
26912,Massimo Popolizio
26913,Cesare Bocci
26914,Omero Antonutti
26915,Michele Alhaique
26916,Patrizio Rispo
26917,Piera Degli Esposti
26918,Gianni Cavina
26919,Tina Chou
26920,Kao Meng-Chieh
26921,Karol Modzelewski
26922,"Łukasz ""Lotek” Lodkowski"
26923,Katarzyna Piasecka
26924,Rafał Pacześ
26925,Mariusz Kałamaga
26926,Karol Kopiec
26927,Wiolka Walaszczyk
26928,Rafał Banaś
26929,Michał Leja
26930,Rafał Rutkowski
26931,Olka Szczęśniak
26932,Tomasz Jachimek
26933,Jacek Stramik
26934,Shaun Benson
26935,Gray Powell
26936,Jacob Neayem
26937,Adam Butcher
26938,Gene Simmons
26939,Jandino Asporaat
26940,Charles Adler
26941,Rolonda Watts
26942,Jaime Winstone
26943,Davina McCall
26944,Warren Brown
26945,Beth Cordingly
26946,Kathleen McDermott
26947,Raj Ghatak
26948,Peter Thomas
26949,Sonia Sui
26950,Amanda Chu
26951,Karen Ying-Chen Hu
26952,Li-li Pan
26953,Fu Lei
26954,Suzannah Lipscomb
26955,Colleen O'Shaughnessey
26956,Danielle Nicole
26957,Patrick Seitz
26958,Graham Phillips
26959,Brett DelBuono
26960,Ian Anthony Dale
26961,Ione Skye
26962,Colin Woodell
26963,Steve Aoki
26964,Nick Wallis
26965,Arthur Shawcross
26966,Nerea Camacho
26967,Orián Suárez
26968,Modesto Lacen
26969,Norma Martínez
26970,Andrés Suárez
26971,Miroslava Morales
26972,Forbes KB
26973,Nolan Balzer
26974,Paolo Bryant
26975,Jacqui Fox
26976,Quinn Greene
26977,Geoff Hughes
26978,Cory Hunter
26979,William Jordan
26980,Corny Rempel
26981,Michael Strickland
26982,David Zayas
26983,Fran Kranz
26984,Adam Goldberg
26985,Harry Hamlin
26986,Kat Foster
26987,Andrew J. West
26988,Eric Ladin
26989,Tony Robbins
26990,Cody Hackman
26991,Trish Stratus
26992,Saul Rubinek
26993,Richard Gunn
26994,James A. Woods
26995,Chaitanya Varad
26996,Vaishwath Shankar
26997,Sid Mallya
26998,Manami Sugihira
26999,Momo Asakura
27000,Kanako Tojo
27001,Hikaru Ueda
27002,Lorenzo Richelmy
27003,Chin Han
27004,Claudia Kim
27005,Remy Hii
27006,Tom Wu
27007,Mahesh Jadu
27008,Uli Latukefu
27009,Jacqueline Chan
27010,Leonard Wu
27011,Pooja Ruparel
27012,Drew Davis
27013,Jenna Warren
27014,Craig Roberts
27015,Frederick Weller
27016,Lynn Hung
27017,Patrick Tam
27018,Karena Ng
27019,Bryan Leung
27020,Babyjohn Choi
27021,Mugi Kadowaki
27022,Masao Yoshii
27023,Hideaki Murata
27024,Nahana
27025,Sayaka Yamamoto
27026,Shota Sometani
27027,Tomorowo Taguchi
27028,Mitch Ryan
27029,Charlotte Vandermeersch
27030,Hélène Devos
27031,Boris Van Severen
27032,Sara De Bosschere
27033,Dominique Van Malder
27034,Stefaan De Winter
27035,Silvanus Saow
27036,Emma Graves
27037,Takeshi Koyama
27038,Yu Mizushima
27039,Ayumu Okamura
27040,Christine Marie Cabanos
27041,Tony Azzolino
27042,Tara Macri
27043,Kate Greenhouse
27044,Jordan Todosey
27045,David Richmond-Peck
27046,James Cade
27047,Don Francks
27048,Steven Ogg
27049,Lotje Sodderland
27050,Jessica Pohly
27051,Hal Landon Jr.
27052,Diane Salinger
27053,Patrick Egan
27054,Tara Buck
27055,Richard Riehle
27056,Henry Zebrowski
27057,Natasha Rothwell
27058,Dr. Brown
27059,Roger Yuan
27060,Chris Pang
27061,Woon Young Park
27062,Darryl Quon
27063,Jane Singer
27064,Michael Pollan
27065,Michaela Dean
27066,Braeden Fox
27067,Nayo Wallace
27068,John Eric Bentley
27069,Amir Talai
27070,Michael Patrick Bell
27071,Louis Fan
27072,Lam Ka Tung
27073,Wong You-nam
27074,Chen Zhi Hui
27075,Hiroyuki Ikeuchi
27076,Huang Xiaoming
27077,Darren Shahlavi
27078,Calvin Ka-Sing Cheng
27079,Jorge Garcia
27080,Blake Shelton
27081,Vanilla Ice
27082,Saginaw Grant
27083,Miley Cyrus
27084,Paul Shaffer
27085,Jenny Lewis
27086,Phoenix
27087,Mirei Kiritani
27088,Mao Daichi
27089,Wakana Sakai
27090,Masako Chiba
27091,Maiko
27092,Ken Kaito
27093,Nicole Ishida
27094,Pierson Fode
27095,Matthew Daddario
27096,Ryan Ward
27097,Monique Coleman
27098,Brett Paesel
27099,Leonora Pitts
27100,Adam Chernick
27101,Davie-Blue
27102,Suzanne Ford
27103,Geoffrey Jones
27104,Carrie Harrington
27105,Tim Hodge
27106,David Murray
27107,Dave Foley
27108,Derek Richardson
27109,Mandy Moore
27110,Dougray Scott
27111,Joel de la Fuente
27112,Kaniehtiio Horn
27113,Madeleine Martin
27114,Michael Andreae
27115,Laurie Fortier
27116,Nicole Boivin
27117,Ted Dykstra
27118,Marty Adams
27119,Demore Barnes
27120,Tishuan Scott
27121,Abraham Attah
27122,Kurt Egyiawan
27123,Jude Akuwudike
27124,"Emmanuel ""King Kong"" Nii Adom Quaye"
27125,Francis Weddey
27126,Richard Pepple
27127,Julie Benz
27128,Mercy Malick
27129,Carter Jenkins
27130,Molly Jackson
27131,Michael Nardelli
27132,Sara Sanderson
27133,Kevin Sheridan
27134,Cesar Garcia
27135,Lisa Pelikan
27136,Zachary James Rukavina
27137,Jordi Vilasuso
27138,Kaiwi Lyman-Mersereau
27139,Michael McLafferty
27140,Allegra Masters
27141,Autumn Federici
27142,Matt Corboy
27143,Keith Richards
27144,Kip Andersen
27145,Joshua Leonard
27146,Jennifer Lafleur
27147,Molly McMichael
27148,John Slattery
27149,Kevin Sussman
27150,Thor Bishopric
27151,Patrick Brice
27152,Ralphie May
27153,Jacqueline Kim
27154,Freya Adams
27155,Samantha Kim
27156,Troi Zee
27157,Olivia Horton
27158,Mercedes Griffeth
27159,David Jason
27160,Terry Scott
27161,Edward Kelsey
27162,Brian Trueman
27163,Joaquín Cosio
27164,Saúl Lisazo
27165,Tony Dalton
27166,Bob Weir
27167,David Sampliner
27168,Adam Conover
27169,Steinar Sagen
27170,Robert Skjærstad
27171,Tommy Karlsen
27172,Fridtjov Såheim
27173,R.L. Stine
27174,Wyatt Cenac
27175,James Cameron
27176,Michael deGruy
27177,Sylvia Earle
27178,Bryce Groark
27179,Jeremy Jackson
27180,Carl Safina
27181,Todd Field
27182,Jeremy Irons
27183,Holliday Grainger
27184,Peter Sullivan
27185,Joanne Whalley
27186,Vernon Dobtcheff
27187,David Oakes
27188,Mitt Romney
27189,Ahmed Hassan
27190,Magdy Ashour
27191,Ramy Essam
27192,Bothaina Kamel
27193,Dina Abdullah
27194,Aida Elkashef
27195,Ragia Omran
27196,Pierre Seyoufr
27197,Dina Amer
27198,Sherif Boray
27199,Khaled Nagy
27200,Salma Saied
27201,Ahmed Saleh
27202,Alaa Seif
27203,Daniel Breaker
27204,Christopher Sieber
27205,Rozi Baker
27206,Ryan Duncan
27207,Leah Greenhaus
27208,Chris Hoch
27209,Marissa O'Donnell
27210,Denny Paschall
27211,Sky Sudberry
27212,Allan Kournikova
27213,Jed Dy
27214,Zamokuhle Nxasana
27215,Alexa Pano
27216,Amari Avery
27217,Augustin Valery
27218,Kuang Yang
27219,Jack Nicklaus
27220,Gary Player
27221,Joel Gretsch
27222,Patrick John Flueger
27223,Conchita Campbell
27224,Chad Faust
27225,Richard Kahan
27226,Billy Campbell
27227,Anna Gunn
27228,Betsy Brandt
27229,Ken Olin
27230,Jill Eikenberry
27231,Maureen Mueller
27232,Olivia Burnette
27233,Bill Allen
27234,Daniel J. Travanti
27235,JoBeth Williams
27236,Martha Scott
27237,Paul Regina
27238,Akosua Busia
27239,Michael Ontkean
27240,Jerry Orbach
27241,Pat Corley
27242,John Colicos
27243,Cynthia Sikes
27244,Johnny Galecki
27245,Pam Dawber
27246,Michael Nouri
27247,Bess Meyer
27248,Peter Berg
27249,James Handy
27250,Nancy McKeon
27251,Stephen Macht
27252,Tricia Leigh Fisher
27253,Millie Perkins
27254,Michael Bowen
27255,Nikki Cox
27256,George Dzundza
27257,Valerie Landsburg
27258,Mitchell Ryan
27259,Ricky Schroder
27260,Jon DeVries
27261,Debra Mooney
27262,Christopher Curry
27263,Rick Warner
27264,Tom Wood
27265,Susan Ruttan
27266,Lane R. Davis
27267,Adam Faraizl
27268,Polly Holliday
27269,Jay Pennison
27270,John Schuhmacher
27271,Brad Davis
27272,Sam Behrens
27273,Michele Abrams
27274,Linda Pierce
27275,J. Don Ferguson
27276,Butch Slade
27277,Joyce Bowden-Kirby
27278,Richard Herd
27279,Maureen McGovern
27280,Jodi Benson
27281,James Eckhouse
27282,Richard McGonagle
27283,David Campbell
27284,Ken Hudson Campbell
27285,Tom Virtue
27286,Milena Soliz
27287,Leónidas Chiri
27288,Pau Cólera
27289,Corey Feldman
27290,Tara Leigh
27291,Erin Way
27292,Mark Alan
27293,Stuart Pankin
27294,Anders W. Berthelsen
27295,Charlotte Fich
27296,Dejan Cukic
27297,Karsten Jansfort
27298,Flemming Enevold
27299,Bent Mejding
27300,Ewa Fröling
27301,Josephine Raahauge
27302,Timm Vladimir
27303,Ditte Hansen
27304,Barbara King
27305,Shaana Diya
27306,John Krisiukenas
27307,Yoriko Haraguchi
27308,David Crane
27309,Chad Thomas
27310,Christopher Plummer
27311,Martin Landau
27312,Jacob Pitts
27313,Jack McGee
27314,Sam Golzari
27315,Jack Gilpin
27316,Kelly Rowan
27317,Anupam Shyam
27318,Raayo S. Bakhirta
27319,Yashvit Sancheti
27320,Greeva Kansara
27321,Archan Trivedi
27322,Rajiv Pathak
27323,Rajneesh Duggal
27324,Anjori Alagh
27325,Shri Vallabh Vyas
27326,David Bailie
27327,Fabian Adeoye Lojede
27328,Nick Rhys
27329,Kunle Afolayan
27330,Colin David Reese
27331,Ibrahim Shatta
27332,Lawrence Stubbings
27333,Lee Dixon
27334,Ian Wright
27335,Paul Merson
27336,Bharath Seeni
27337,Vinoth
27338,Esakki Barath
27339,Krisha Kurup
27340,Subiksha
27341,Shakil Imtiaz
27342,Mahendra Rabha
27343,Sulakshana Baruah
27344,Rahul Gautam Sarma
27345,Kulada Bhattacharjya
27346,Indu Mohan Das
27347,Moumita Talukdar
27348,Prasenjit Chatterjee
27349,Indrani Haldar
27350,Sudipta Chakraborty
27351,Suman Banerjee
27352,Jake Short
27353,Pippa Mackie
27354,Jake Smith
27355,Patricia Zentilli
27356,Carter Thicke
27357,Sheranut Yusananda
27358,Thassapak Hsu
27359,Ágústa Eva Erlendsdóttir
27360,Thor Kristjansson
27361,Anna Gunndís Guðmundsdóttir
27362,Sara Dögg Ásgeirsdóttir
27363,Þröstur Leó Gunnarsson
27364,Jóhann Sigurðarson
27365,Sveinn Geirsson
27366,Arnar Páll Harðarson
27367,Ayça Erturan
27368,Aydan Taş
27369,Ayşegül Akdemir
27370,Burcu Gönder
27371,Emre Canpolat
27372,Eser Yenenler
27373,Gizem Tuğral
27374,Gülsüm Alkan
27375,Hamdi Kahraman
27376,Metin Keçeci
27377,Jonny Lee Miller
27378,Amelia Warner
27379,Paterson Joseph
27380,Yangzom Brauen
27381,Melisa Sözen
27382,Musa Uzunlar
27383,Tansu Biçer
27384,Ayhan Kavas
27385,Lexi Giovagnoli
27386,Justin Ray
27387,Rae Latt
27388,Poonam Basu
27389,Teresa Biter
27390,Kalilah Harris
27391,Alexia Dox
27392,Adam Powell
27393,Sean McBride
27394,Thomas Cocquerel
27395,Peter Coyote
27396,Steven Strait
27397,Camilla Belle
27398,Joel Virgel
27399,Mo Zinal
27400,Nathanael Baring
27401,Mona Hammond
27402,Daniel Palmer
27403,Melissa Sophia
27404,Karen Williams
27405,Grace Woodward
27406,Sam Upton
27407,Jared Abrahamson
27408,Laila Ali
27409,Kate Vernon
27410,Cassi Thomson
27411,Colby French
27412,Miguel Perez
27413,Jay Acovone
27414,So-yeon Lee
27415,Namkoong Min
27416,Won-keun Lee
27417,Hyo-young Ryu
27418,PJ McCabe
27419,Brianne Moncrief
27420,Sarah Baldwin
27421,Rutina Wesley
27422,Tom Bower
27423,Zhao Wei
27424,Wu Chun
27425,Yuwu Qi
27426,Wu Ma
27427,Damian Lau
27428,Xiang Dong Xu
27429,Brytnee Ratledge
27430,Hank Rogerson
27431,Chelsea Edmundson
27432,John-Paul Howard
27433,Lora Martinez-Cunningham
27434,Jenna Stern
27435,Cylk Cozart
27436,Casey Sander
27437,Robert Racki
27438,Sasha Roiz
27439,Sterling Knight
27440,Hunter Parrish
27441,Allison Miller
27442,Nicole Brydon Bloom
27443,Giles Matthey
27444,Taylor Nichols
27445,Alan Blumenfeld
27446,Celeste Sully
27447,Susan Davis
27448,Clayton Hoff
27449,Earnestine Phillips
27450,Hayley Lovitt
27451,Teddy Cole
27452,Brook Todd
27453,Ace Harney
27454,Jason Macdonald
27455,Merry Clayton
27456,Lisa Fischer
27457,Táta Vega
27458,Claudia Lennear
27459,Judith Hill
27460,Mick Jagger
27461,Stevie Wonder
27462,Sting
27463,Bette Midler
27464,Cissy Houston
27465,Sheryl Crow
27466,Tata Vega
27467,4Minute
27468,B1A4
27469,BtoB
27470,ELSIE
27471,EXID
27472,EXO
27473,Got7
27474,INFINITE
27475,KARA
27476,Shinee
27477,Sistar
27478,VIXX
27479,Nine Muses
27480,BTS
27481,Secret
27482,Topp Dogg
27483,Ray Fearon
27484,Julie Cox
27485,Steven Cree
27486,David Tse
27487,Joe David Walters
27488,Russell Mercado
27489,Josie Loren
27490,Dustin Ybarra
27491,Paul Sidhu
27492,Arielle Holmes
27493,Branden Coles
27494,Kelcey Watson
27495,Brad Potts
27496,Timothy Lee DePriest
27497,Fernando Argosino
27498,Duchess Dukes
27499,Harwood Gordon
27500,Stormi Henley
27501,Xu Qing
27502,Tyrone Keogh
27503,Diego Capusotto
27504,Willy Toledo
27505,El Polaco
27506,Paula Manzone
27507,Janis Joplin
27508,Jimi Hendrix
27509,Amy Winehouse
27510,Jim Morrison
27511,Kurt Cobain
27512,Diane Ladd
27513,Alan Tudyk
27514,Mike O'Malley
27515,Azura Skye
27516,Reni Santoni
27517,Nagesh Kukunoor
27518,Linda Emond
27519,Jordan Carlos
27520,Tessa Albertson
27521,Tara Basro
27522,Taher Farouz
27523,Sad Al-Saghir
27524,Ahmad Faloks
27525,Mahmood El-Laithi
27526,Nermin Maher
27527,Sofinar
27528,Dilshad Vadsaria
27529,Bianca Kajlich
27530,Fred Ward
27531,Krzysztof Stroiński
27532,Andrzej Mellin
27533,Adrianna Biedrzyńska
27534,Rafał Zimowski
27535,Kama Kowalewska
27536,Wiesław Komasa
27537,Aleksander Bednarz
27538,Jadwiga Jankowska-Cieslak
27539,Wojciech Klata
27540,Jake Bickelhaupt
27541,Evan Todd
27542,Chord Overstreet
27543,Jon Gabrus
27544,Kate Flannery
27545,Jennifer Damiano
27546,Jordan Lane Price
27547,Alex Rennie
27548,Jake Epstein
27549,Dwi Sasono
27550,Muhadkly Acho
27551,Tika Bravani
27552,Lambert Wilson
27553,Lusia Strus
27554,Allen Covert
27555,Blake Clark
27556,Serge Houde
27557,Andrew Airlie
27558,Saykoji
27559,Didi Petet
27560,Firrina Sinatrya
27561,Martin Shaw
27562,Ben Turner
27563,Robert Portal
27564,Colin Garlick
27565,Andrew Grainger
27566,Emun Elliott
27567,Prashantt Guptha
27568,Gaurav Paswala
27569,Gaurav Kothari
27570,Disha Kapoor
27571,Niharica Raizada
27572,Ashrut Jain
27573,Darshan Machamada
27574,AnnaLynne McCord
27575,Sam Eidson
27576,James Moses Black
27577,Ajay Mehta
27578,David Maldonado
27579,Hallie Grace Bradley
27580,Peter Jaymes Jr.
27581,Eric Podnar
27582,Lucy Faust
27583,Rahman
27584,Havish
27585,Nandita Swetha
27586,Tridha Choudhury
27587,Aditi Arya
27588,Sheheryar Munawar
27589,Hina Dilpazeer
27590,Amna Ilyas
27591,Mira Sethi
27592,Rimal Ali
27593,Salahuddin Tunio
27594,Aamir Qureshi
27595,Adnan Shah
27596,Demetri Goritsas
27597,Mila Kunis
27598,Justin Hartley
27599,Dhruva Padmakumar
27600,Gaurav Sharma
27601,Vasuki
27602,Julian Feder
27603,Kaitlin Doubleday
27604,Andrew Bowen
27605,Fay Masterson
27606,Dirk Bogarde
27607,Sean Connery
27608,Edward Fox
27609,Gene Hackman
27610,Hardy Krüger
27611,Laurence Olivier
27612,Ryan O'Neal
27613,Maximilian Schell
27614,Liv Ullmann
27615,Patrick Magee
27616,Michael Bates
27617,Warren Clarke
27618,Adrienne Corri
27619,Paul Farrell
27620,Miriam Karlin
27621,James Marcus
27622,John Terry
27623,Tom Fassaert
27624,Maxwell Jenkins
27625,Patricia Arquette
27626,Darren Chiu
27627,Shara Lin
27628,Blaire Chang
27629,Xi Man-Ning
27630,Chu De-Kang
27631,Laura Flannery
27632,James Cavlo
27633,Harry Hains
27634,Clemmie Dugdale
27635,Dendrie Taylor
27636,Bryan Chesters
27637,Jennifer Dorogi
27638,Adam Lazarre-White
27639,Nikita Ramsey
27640,Jordan Bridges
27641,Sam McMurray
27642,Haylie Duff
27643,Sam Horrigan
27644,Carrie Wiita
27645,Chris McKenna
27646,Jennifer Elise Cox
27647,Jon Osbeck
27648,Radek Lord
27649,Christine Dye
27650,Song Il-gook
27651,Han Chae-young
27652,Go Eun Han
27653,Jung Hoon Lee
27654,Nam Da-Reum
27655,Yoo In-young
27656,Fifi Abdo
27657,Madeleine Matar
27658,Ahmed Fathy
27659,Said Tarabeek
27660,Badriya Tolba
27661,Eman El-Sayed
27662,Elyes Gabel
27663,Peter Gerety
27664,Dan Hedaya
27665,Elisa Donovan
27666,Gigi Rice
27667,Dwayne Hickman
27668,Gijs Scholten van Aschat
27669,Juda Goslinga
27670,Zeb Troostwijk
27671,Elisabeth Hesemans
27672,Joosje Duk
27673,Conleth Hill
27674,Joelle Carter
27675,Katie Carr
27676,Renée Soutendijk
27677,Michael Pas
27678,Sir Roger Moore
27679,Leilah de Meza
27680,Miles Richardson
27681,Charlotte Salt
27682,Michael Bublé
27683,Scott Thompson
27684,Goapele
27685,Ted Lange
27686,Johnny Baweja
27687,Reeth Mazumder
27688,Tanvi Vyas
27689,Puru Chibber
27690,Vasundhara Kaul
27691,Niraj Sah
27692,Leila Hatami
27693,Peyman Moaadi
27694,Shahab Hosseini
27695,Sareh Bayat
27696,Sarina Farhadi
27697,Ali-Asghar Shahbazi
27698,Shirin Yazdanbakhsh
27699,Kimia Hosseini
27700,Merila Zare'i
27701,Sahabanu Zolghadr
27702,Richard Kind
27703,Sari Lennick
27704,Adam Arkin
27705,Alan Mandell
27706,Fyvush Finkel
27707,Peter Breitmayer
27708,Aaron Wolff
27709,Jessica McManus
27710,Brent Braunschweig
27711,Marcus Lyle Brown
27712,Shayne Topp
27713,Michelle Clunie
27714,Kathleen Wilhoite
27715,Gilad Kahana
27716,Amir Tessler
27717,Moni Moshonov
27718,Makram Khoury
27719,Alexander Peleg
27720,Bobby Brown
27721,Della Reese
27722,Daryl Mitchell
27723,Roger Mosley
27724,Malinda Williams
27725,Roger E. Mosley
27726,Simbi Khali
27727,Tangie Ambrose
27728,Wendy Raquel Robinson
27729,Stacii Jae Johnson
27730,Shane West
27731,Deepal Shaw
27732,Vijay Bhatia
27733,Deric McCabe
27734,Levi Miller
27735,Christopher Godwin
27736,Rosie Cavaliero
27737,Vicki Pepperdine
27738,Margaret Clunie
27739,Tim Steed
27740,Shaun Pye
27741,Emmett Scanlan
27742,Will Thorp
27743,Vincent Regan
27744,Chris Brazier
27745,Fraser Ayres
27746,Ken Bones
27747,Kenneth Collard
27748,Debs Howard
27749,Philip Granger
27750,Sam Robert Muik
27751,Havana Guppy
27752,Bonnie Hay
27753,Veronica Hampson
27754,Lori Triolo
27755,Andrew Coghlan
27756,Laura Mitchell
27757,Elinet Louicius
27758,Dominic Rains
27759,Lou Taylor Pucci
27760,Patricia De Leon
27761,Niko Guardado
27762,Marie-Françoise Theodore
27763,Eric Etebari
27764,Dorian Kingi
27765,Berna Konur
27766,Sunny Wayne
27767,Vijay Babu
27768,Vineeth Mohan
27769,Unni Rajan P. Dev
27770,Dharmajan Bolgatty
27771,Ashwini Bhave
27772,Sunil Tawde
27773,Pushkar Shrotri
27774,Anand Ingle
27775,Sonal Sehgal
27776,Ashwin Chitale
27777,Vikram Inamdar
27778,Vipin Bhali
27779,Poonam Chitale
27780,Bharat Jadhav
27781,Satish Phulekar
27782,Ashwini Apte
27783,Kanchan Mullick
27784,Biswanath Basu
27785,Bhaswar Chatterjee
27786,Swagata Basu
27787,Tuhin Mitra
27788,Chiranjit
27789,R.V. Udhaykumar
27790,Joy Mathew
27791,Hema
27792,Hyun-moo Jun
27793,Si-kyung Sung
27794,Se-yoon Yoo
27795,Isabella Acres
27796,Emilio Estevez
27797,Nolan Gould
27798,Victoria Smurfit
27799,Sharon Small
27800,Isabel Brook
27801,Nicholas Hutchison
27802,Eugenia Suárez
27803,Gloria Carrá
27804,Tomás Ottaviano
27805,Julieta Gullo
27806,Zoe Hochbaum
27807,Lucia Carolina Pecrul
27808,Patricio Castillo
27809,Sergio Bustamante
27810,Luz María Jerez
27811,Bob Isaacs
27812,Tere Monroy
27813,Simon Paul Mutuyimana
27814,Denis Theriault
27815,Jeremiah Sparks
27816,Steven Love
27817,Cara Ricketts
27818,Jim Codrington
27819,Stephan James
27820,Lanette Ware
27821,Hugh Thompson
27822,Evan Rachel Wood
27823,Dana Fuchs
27824,Martin Luther
27825,T.V. Carpio
27826,Spencer Liff
27827,Keo Woolford
27828,Drea Castro
27829,Emilio Rivera
27830,Rorke Denver
27831,Jason Cottle
27832,Ailsa Marshall
27833,Alex Veadov
27834,Dave
27835,Roselyn Sanchez
27836,Thomas Rosales Jr.
27837,Mustafa Sandal
27838,Gina Gershon
27839,Scott William Winters
27840,Ashton Holmes
27841,Melissa Bolona
27842,Sophia Bush
27843,Adam Lustick
27844,Antoine Bizet
27845,Jesse Richman
27846,Karsten Gefle
27847,Wille Lindberg
27848,Matahi Drollet
27849,Mathias Wyss
27850,Matt Annetts
27851,Xavier Samuel
27852,Jessica Tovey
27853,Sophie Lowe
27854,Gary Sweet
27855,Alyson Standen
27856,Skye Sutherland
27857,Sarah Henderson
27858,Ravi Kumar
27859,Ayesha Singh
27860,Nishat Mallick
27861,Archana Kotwal
27862,Nidhi Mahavan
27863,Abhijit Sinha
27864,Abdur Rehman
27865,Siobhan Williams
27866,Andrew McNee
27867,Andrew Herr
27868,Eva Day
27869,Josh Epstein
27870,Ezra Miller
27871,Dariusz M. Uczkowski
27872,Gary Wilmes
27873,Alexandra Neil
27874,Eli Roth
27875,Andrea Osvárt
27876,Natasha Yarovenko
27877,Paz Bascuñán
27878,Dean Andrews
27879,Bebe Cave
27880,Blake Harrison
27881,Tim McInnerny
27882,Fay Ripley
27883,Debbie Goh
27884,Leslie Chai
27885,Deepali Pansare
27886,Danish Pandor
27887,Jason Tham
27888,Reena Aggarwal
27889,Swati Rajput
27890,Murad Ali
27891,Natasha Sinha
27892,Ai Weiwei
27893,Lao Ai
27894,Ainsley Harriott
27895,Palash Sen
27896,Prisha Dabbas
27897,Kymsleen Kholie
27898,Satish Sharma
27899,Debra Messing
27900,Avery Arendes
27901,Castille Landon
27902,Alejandro Sanz
27903,Kris Kristofferson
27904,Billy Green Bush
27905,Lelia Goldoni
27906,Lane Bradbury
27907,Vic Tayback
27908,Jodie Foster
27909,Alfred Lutter
27910,J. Michael Long
27911,Sean McNamara
27912,Jay Mohr
27913,Clea DuVall
27914,Angelique Cabral
27915,Elizabeth Masucci
27916,Dom DeLuise
27917,Daryl Gilley
27918,Candy Devine
27919,Charles Nelson Reilly
27920,Melba Moore
27921,Rob Fuller
27922,Earleen Carey
27923,Anna Manahan
27924,Nigel Pegram
27925,Ken Page
27926,Godfrey Quigley
27927,Titus Welliver
27928,Ashley Argota
27929,John DeLuca
27930,Martin Klebba
27931,Tracey Gold
27932,Dee Wallace
27933,Pilot Paisley-Rose
27934,Daniel Cooksley
27935,Vincent Giovagnoli
27936,Dillon Cavitt
27937,Ashley Pereira
27938,Alexandra Harris
27939,Ted Welch
27940,Sam Jones III
27941,Sarah Butler
27942,Graham Outerbridge
27943,Michael James Thomas
27944,John Schuck
27945,Aaron Munoz
27946,Edwin Hodge
27947,Whitney Able
27948,Melissa Price
27949,Sylvia Hoeks
27950,Gbenga Akinnagbe
27951,William Fichtner
27952,Perry Fitzpatrick
27953,Warren Rusher
27954,Monique Chaumette
27955,Joachim Bissmeier
27956,Lars Rudolph
27957,Uwe Preuss
27958,Monica Potter
27959,Michael Wincott
27960,Mika Boorem
27961,Michael Moriarty
27962,Blackie Rose
27963,Lindsay Torrance
27964,Liza West
27965,Tracy Pfau
27966,Bill Lader
27967,Meryl Leigh
27968,Shaun Gerardo
27969,Larry Thomas
27970,Jordan Calloway
27971,Michelle Mitchenor
27972,Amber Chardae Robinson
27973,Jasmin Brown
27974,Rez Kempton
27975,Sam Vincenti
27976,Martin Delaney
27977,Karen David
27978,Laura Aikman
27979,Goldy Notay
27980,Tanveer Ghani
27981,Amrita Acharia
27982,Parveen Babi
27983,Nirupa Roy
27984,Ghadah Abdulrazeq
27985,Wafaa Amer
27986,Houria Farghally
27987,Sabry Fawwaz
27988,Jonathan Adams
27989,William Powell
27990,Dylan O'Brien
27991,Shiva Negar
27992,Trevor White
27993,Sydney Rae White
27994,Sam Robards
27995,Richard Cabral
27996,Brent Anderson
27997,Benito Martinez
27998,Johnny Ortiz
27999,Dave Hunt
28000,Bo Gritz
28001,Sara Weaver
28002,Oliver Dennis
28003,Paul Braunstein
28004,Paul Amato
28005,Matt Baram
28006,Dan Beirne
28007,Joanne Boland
28008,Jamie Jacqueline Burns
28009,Alexander Crowther
28010,Akon
28011,Beverly D'Angelo
28012,Fairuza Balk
28013,William Russ
28014,Guy Torry
28015,Sasha Lane
28016,McCaul Lombardi
28017,Ted Williams
28018,Jake Robinson
28019,Jim True-Frost
28020,Omar Ghazaoui
28021,Matt Ross
28022,Guinevere Turner
28023,Jerry G. Angelo
28024,Paul Logan
28025,Joshua Santana
28026,Carolina Castro
28027,David Robbins
28028,Tom Crisp
28029,Jennifer Marshall
28030,Victoria Clare
28031,Ryan Baumann
28032,Lauren Gilbert
28033,Erica Yohn
28034,Nehemiah Persoff
28035,Amy Green
28036,Phillip Glasser
28037,John Finnegan
28038,Will Ryan
28039,Hal Smith
28040,Madeline Kahn
28041,Philip Glasser
28042,James Stewart
28043,Amy Irving
28044,Thomas Dekker
28045,Susan Boyd
28046,Robert Hays
28047,Pat Musick
28048,Elaine Bilstad
28049,Sherman Howard
28050,Tony Jay
28051,Richard Karron
28052,John Kassir
28053,Fathy Abdel Wahab
28054,Tarek Abdel Aziz
28055,Somaya El Khashab
28056,Mathilde Lin
28057,Mo Tzu Yi
28058,Kelly Huang
28059,Joy Pan
28060,Charlbi Dean
28061,Randa El Behery
28062,Inas El Naggar
28063,Mayar El Gheity
28064,Alaa Zenhom
28065,Mohamed Soliman
28066,Robert Clotworthy
28067,Gloria Reuben
28068,Mickey Sumner
28069,Ben Konigsberg
28070,Victor Argo
28071,Lynne Thigpen
28072,Jonathan Loughran
28073,Krista Allen
28074,Pavleen Gujral
28075,Anushka Manchanda
28076,Anuj Choudhry
28077,Gashmeer Mahajani
28078,Heena Parmar
28079,Rachel Resheff
28080,Mavrick Moreno
28081,Whitney Goin
28082,Kevin B. McGlynn
28083,Jamison Stern
28084,Mia Matthews
28085,Bianca Matthews
28086,Daniela Escobar
28087,Peter Ketnath
28088,Barbara Scolaro
28089,David Dastmalchian
28090,Abby Ryder Fortson
28091,Rajesh Kawa
28092,Celeste Thornton
28093,Alyona Chekhova
28094,Thom Rivera
28095,Siddharth Koirala
28096,Lalit Tiwari
28097,Warren Christie
28098,Lloyd Owen
28099,Ryan Robbins
28100,Tony Robinow
28101,Tod Fennell
28102,John Roohinian
28103,Levon Sharafyan
28104,Sevak Hakoyan
28105,David Villada
28106,Mike Ghader
28107,Razmik Mansuryan
28108,Lorita Meg
28109,Amy Sanders
28110,Alla Tumanian
28111,Ahmed Eid
28112,Ayten Amer
28113,Mohsen Mansour
28114,Tora Sudiro
28115,Christina Jacquelyn Calph
28116,Murphy Guyer
28117,José Ramón Rosario
28118,Ramona Marquez
28119,Marc Wootton
28120,Deborah Findlay
28121,Rich Fulcher
28122,Sarah Smith
28123,Stewart Lee
28124,Bronagh Gallagher
28125,Kevin Cecil
28126,Kris Pearn
28127,Ian Ashpitel
28128,Rich Hall
28129,Seeta Indrani
28130,Jane Horrocks
28131,Peter Baynham
28132,Emma Kennedy
28133,Jerry Lambert
28134,Julia Davis
28135,Iain McKee
28136,Seamus Malone
28137,David Schneider
28138,Brian Cummings
28139,Ben Feldman
28140,Marion Lambert
28141,Cosme Castro
28142,Hamid Djavadan
28143,Théo Cholbi
28144,Emy Lévy
28145,Yeardley Smith
28146,Andi Matichak
28147,Mason McNulty
28148,Terry Dale Parks
28149,Vito Viscuso
28150,Jennifer Pierce Mathus
28151,Kevin Remington
28152,Jung-min Hwang
28153,Parker Jackson Cartwright
28154,Gabe York
28155,Theodore Pellerin
28156,Kate Burton
28157,Saïd Taghmaoui
28158,James Wotherspoon
28159,Chantavit Dhanasevi
28160,Preechaya Pongthananikorn
28161,Chaleumpol Tikumpornteerawong
28162,Sananthachat Thanapatpisal
28163,Pongkool Suebsung
28164,Puttachat Pongsuchat
28165,Gornpop Janjaroen
28166,Yanee Tramoth
28167,Pongsatorn Jongwilak
28168,Lisa Norton
28169,Carlos Díaz
28170,Heather Bambrick
28171,Rick Miller
28172,Kristina Nicoll
28173,Harold Evans
28174,Belén Soto
28175,Denise Rosenthal
28176,Constanza Piccoli
28177,Fabiola Alarcón
28178,Lucas Balmaceda
28179,Ingrid Cruz
28180,Elvis Fuentes
28181,Roy Marsden
28182,Melanie Griffith
28183,Christa Campbell
28184,Chris Pratt
28185,Vin Diesel
28186,Avicii
28187,Gautam Gulati
28188,Anikie Maguire
28189,Veerendra Saxena
28190,Vijay Kaushik
28191,Anula Navlekar
28192,Happy Ranjit
28193,Raveena Singh
28194,Padam Mishra
28195,Çetin Tekindor
28196,Fikret Kuşkan
28197,Hümeyra
28198,Ege Tanman
28199,Şerif Sezer
28200,Yetkin Dikinciler
28201,Mahmut Gökgöz
28202,Nergis Çorakçi
28203,Bilge Sen
28204,Rinko Kikuchi
28205,Said Tarchani
28206,Boubker Ait El Caid
28207,Mohamed Akhzam
28208,Ingrid Guimarães
28209,Fábio Assunção
28210,Rosanne Mulholland
28211,João Assunção
28212,Missy Peregrym
28213,Jeff Roop
28214,Black Deniro
28215,"Byron ""Squally"" Vinson"
28216,Dominic Costa
28217,Nick Ferraro
28218,Peter Ferriero
28219,Jowharah Jones
28220,Robin McLeavy
28221,Jenni Baird
28222,Chloe Bayliss
28223,Anna Lise Phillips
28224,George Shevtsov
28225,Theresa Randle
28226,Emmanuel Xuereb
28227,Julio Oscar Mechoso
28228,Jon Seda
28229,Sarah Solemani
28230,Nikki Runeckles
28231,Kae Alexander
28232,Ethan Lawrence
28233,Charlie Wernham
28234,Jack Binstead
28235,Jack Bence
28236,Jack Cutmore-Scott
28237,Lili Simmons
28238,Brandon Scott
28239,Chase Williamson
28240,Seth Morris
28241,Christine Donlon
28242,Trent Haaga
28243,Kahyun Kim
28244,Cynthia Rose Hall
28245,Zedrick Restauro
28246,Jonathan Park
28247,David Lee
28248,Richard Lee
28249,Additi Gupta
28250,Kiran Karmarkar
28251,Abhinav Shukla
28252,Tanushree Kaushal
28253,Rajesh More
28254,Devika Daftardar
28255,Renuka Daftardar
28256,Uttara Baokar
28257,Milind Shinde
28258,Sachin Mondkar
28259,Kevin Makely
28260,James Russo
28261,Amanda Wyss
28262,Trinidad González
28263,Ingrid Isensee
28264,Mario Horton
28265,Catalina Saavedra
28266,Pablo Schwarz
28267,Aline Küppenheim
28268,Víctor Quezada
28269,Hugo Medina
28270,Daniel Candia
28271,María Paz Grandjean
28272,Alejandro Sieveking
28273,Nicolás Durán
28274,Erto Pantoja
28275,Bob Hoskins
28276,Bridget Fonda
28277,Phil Collins
28278,Jack Angel
28279,Danny Mann
28280,Robbie Rist
28281,Charles Fleischer
28282,Peter MacNicol
28283,Nicolette Little
28284,Bill Fagerbakke
28285,Charity James
28286,Osman Khalid Butt
28287,Ainy Jaffri
28288,Sadaf Kanwal
28289,Khurram Patras
28290,Ali Sheikh
28291,Zeeshan Ali
28292,Durdana Butt
28293,Adeel Hashmi
28294,Hande Doğandemir
28295,Ercan Yazgan
28296,Sadi Celil Cengiz
28297,Gürkan Uygun
28298,Gökçe Bahadır
28299,Zoe Lister-Jones
28300,Susie Essman
28301,Ravi V. Patel
28302,Gillian Zinser
28303,Adam Nee
28304,Daniel Edward Mora
28305,Cooper Huckabee
28306,Lee Garlington
28307,Creed Bratton
28308,Puri Hiranyapluek
28309,Paradorn Srichaphan
28310,Chatchai Plengpanich
28311,Sean Jindachot
28312,Nutt Devahastin Na Ayudhya
28313,Patharamanop Isariy
28314,Manatsanun Phanlerdwongsakul
28315,Anchasa Mongkhonsama
28316,Keerati Mahapreukpong
28317,Pornchai Hongrattanaporn
28318,Kongsak Kaenmeepol
28319,Samart Saengsa-Ngiam
28320,Suthpong Kanithanon
28321,Theeradej Wongpuapan
28322,Sirin Horwang
28323,Ungsumalynn Sirapatsakmetha
28324,Panissara Phimpru
28325,Taksaorn Paksukcharern
28326,Charlie Trairat
28327,Kazuki Yano
28328,Johan Cruyff
28329,Gary Lineker
28330,Pau Gasol
28331,Benjamin Gilani
28332,Ashlyn Drummond
28333,Alex Kelly
28334,Peter Mel
28335,Emma Pierson
28336,Ciara Janson
28337,Britt Irvin
28338,Devyn Dalton
28339,Brynna Drummond
28340,Rachel Harrison
28341,Shaun Smyth
28342,Kimberly Woods
28343,Sarah Anne Williams
28344,Michael Chandler
28345,Dwight Schultz
28346,Ben Bledsoe
28347,Jonathan Lipow
28348,Laura Post
28349,Silvio Pollio
28350,Alexandra Carter
28351,Barbara Tyson
28352,Madeleine Peters
28353,Derek Waters
28354,Miranda Nolte
28355,Jenny Pellicer
28356,Elizabeth Irving
28357,Jennifer Waris
28358,Tiffany Kathryn
28359,Ellie King
28360,Allison Warnyca
28361,Christopher Gaze
28362,Lauren Lavoie
28363,Sienna Bohn
28364,Rebekah Asselstine
28365,Sophie Turner
28366,Toby Sebastian
28367,Finesse Mitchell
28368,Rodrigo Salinas
28369,Pedro Ruminot
28370,Sergio Freire
28371,Juanita Ringeling
28372,Alessandra Denegri
28373,Luis Dubó
28374,Felipe Avello
28375,Twinkle Khanna
28376,Mukesh Khanna
28377,Harish Patel
28378,Dian Bachar
28379,Yasmine Bleeth
28380,Jenny McCarthy
28381,Ernest Borgnine
28382,Robert Vaughn
28383,Denis Arndt
28384,Leilani Sarelle
28385,Bruce A. Young
28386,Chelcie Ross
28387,Dorothy Malone
28388,Wayne Knight
28389,Rosa Romay
28390,Alberto Escobal
28391,Jaime de Diego
28392,Josu Cubero
28393,Max Thieriot
28394,Olivia Cooke
28395,Nestor Carbonell
28396,Steve Young
28397,Aubrey Dollar
28398,Edward Fordham Jr.
28399,Janet McTeer
28400,Meredith Eaton
28401,Rajesh Khanna
28402,A.K. Hangal
28403,Durga Khote
28404,Kali Bannerjee
28405,Usha Kiran
28406,Smita Patil
28407,Bharat Kapoor
28408,Rita Rani Kaul
28409,Malika
28410,Andy Whitfield
28411,Matthew Espinosa
28412,Tava Smiley
28413,Caitlin Keats
28414,Mahaley Patel
28415,Mason McCulley
28416,Liana Ramirez
28417,Nataliya Medvedeva
28418,Polina Kutepova
28419,Rowan Atkinson
28420,John Mills
28421,Larry Drake
28422,Danny Goldring
28423,Andrew Lawrence
28424,Peter Egan
28425,June Brown
28426,Peter James
28427,Steve Leonard
28428,Francis Manapul
28429,Kathryn Denning
28430,Scott Edwards
28431,Mike Paixao
28432,So-yeon Kim
28433,Hyun-min Yoon
28434,Hyun-joo Gong
28435,Si-eon Lee
28436,Yeong-gyu Park
28437,Eun-ji Jo
28438,Kristin Kreuk
28439,Jay Ryan
28440,Max Brown
28441,Austin Basis
28442,Nina Lisandrello
28443,Methinee Kingpayome
28444,Son Songpaisarn
28445,Yingying Sarucha
28446,Pim Pimjira Jaroenlak
28447,Jespipat Tilapornputt
28448,Groupz Chutharut Anusin
28449,Aon Korakot Tunkaew
28450,Raviyanun Takerd
28451,Nat Thephussadin Na Ayutthaya
28452,Bam Pakakanya Charoenyos
28453,Eye Warapairin Laphatsanitirot
28454,Darin Hansen
28455,Hongyok Pornphan Rerkatakarn
28456,Rattanapond Klinkulabhiran
28457,Oliver Pupart
28458,Organ Wacharapolmek
28459,Patiparn Pataweekarn
28460,Yuthana Puengklarng
28461,Ak Akarat
28462,Point Cholawit Meetongcom
28463,Copter Phumin
28464,Koii Korakod
28465,Mila Thanapa
28466,Mild Anis Suwit
28467,Mike Judge
28468,Cloris Leachman
28469,Robert Stack
28470,Jacqueline Barba
28471,Pamela Blair
28472,Kristofor Brown
28473,Tony Darling
28474,Vanessa Bell Calloway
28475,Wayne Collins
28476,Jonell Green
28477,Tone-Loc
28478,Myra J.
28479,Nell Carter
28480,Winky Wiryawan
28481,Erly Ashy
28482,Laura Basuki
28483,Tarzan
28484,Aida Nurmala
28485,Otto Djauhari
28486,Indra Herlambang
28487,Nesreen Ameen
28488,Diaa El-Merghani
28489,Juditta Salem-Wolff
28490,Ian Richardson
28491,Courteney Cox
28492,Laura Ann Kesling
28493,Lorna Scott
28494,Dana Min Goodman
28495,Andrew Collins
28496,Jonathan Morgan Heit
28497,Tim Herlihy
28498,Billy Tyler
28499,Johntae Lipscomb
28500,Mikey Post
28501,Sebastian Saraceno
28502,Bill Romanowski
28503,Kathryn Joosten
28504,Julia Lea Wolov
28505,Sarah G. Buxton
28506,Todrick Hall
28507,Pok Piyatida Woramusik
28508,Willie Ruengrit McIntosh
28509,Charebelle Lanlalin
28510,Tono Pakin Kumwilaisuk
28511,Cee Hathaiphat
28512,Pitta Na Pattalung
28513,Ae Sasikarn Aphichartworasilp
28514,Louis Pongphan Petchbuntoon
28515,Sawitree Samipak
28516,İnanç Konukçu
28517,Berke Üzrek
28518,Canan Ergüder
28519,Ege Aydan
28520,Eray Eserol
28521,Hakan Hatipoğlu
28522,Daniel Weber
28523,Yuvraj Siddharth Singh
28524,Ziesha Nancy
28525,Tony McCoy
28526,Latarsha Rose
28527,Aaron D. Spears
28528,B.J. Britt
28529,Raven Goodwin
28530,Erika Linder
28531,Mayko Nguyen
28532,Melanie Leishman
28533,Andrea Stefancikova
28534,Daniela Barbosa
28535,Kristoffer Polaha
28536,Aaron Farb
28537,Christopher Backus
28538,Christopher Masterson
28539,Tommy Kijas
28540,Kee Seymore
28541,Marla Adams
28542,Nick Whitaker
28543,Chris Kendrick
28544,Randall Newsome
28545,Duane Stephens
28546,Lincoln Hoppe
28547,Christy Summerhays
28548,Scott Wilkinson
28549,Ron Moody
28550,Patsy Garrett
28551,Cynthia Smith
28552,Necati Bilgiç
28553,Özlem Türkad
28554,Nihal Yalçın
28555,Cemil Özbayer
28556,Orhan Güner
28557,Mert Aran
28558,Sameh Hussain
28559,Merna al-Mohandes
28560,William Ackman
28561,Shamita Shetty
28562,Raj Premi
28563,Supriya Karnik
28564,Shery Adel
28565,Yousef Fawzy
28566,Wael Sami
28567,Maryam Saleh
28568,Aki Kanada
28569,Kei Shindo
28570,Peter Cugno
28571,Lisette St. Louis
28572,Barbara Mamabolo
28573,Ishaan Khattar
28574,Malavika Mohanan
28575,Goutam Ghose
28576,Sharada
28577,Hema Singh
28578,Akash Gopal
28579,Deven Bhojani
28580,Suchita Trivedi
28581,Varun Khandelwal
28582,Bhavna Khatri
28583,Dushyant Wagh
28584,Atul Parchure
28585,Kanika Shivpuri
28586,Ved Thappar
28587,Nupur Alankar
28588,Tarun Mehta
28589,Priya Marathe
28590,Ankit Narang
28591,Arshima Thapar
28592,Tanushree Dutta
28593,Rasika Joshi
28594,Victor Banerjee
28595,Masha Paur
28596,Kunika Lall
28597,Wesley Barker
28598,Herbie Baez
28599,Elisabeth Lund
28600,Shannon Chandler
28601,Billy Forester
28602,Frank Addela
28603,Kyle Jordan
28604,Dave 'Foots' Footman
28605,Vivian Smallwood
28606,Joey Kern
28607,Heidi Heaslet
28608,Joey Lauren Adams
28609,Josh Mostel
28610,Monty Don
28611,Frankie Muniz
28612,Michael Bryan French
28613,Christine Tucci
28614,Lee Majors
28615,Christoph Sanders
28616,Clint Glenn Hummel
28617,Scott Martin
28618,Elizabeth McLaughlin
28619,Stephanie Beran
28620,K.C. Clyde
28621,Fiona Vroom
28622,Karen Holness
28623,Nick Broomfield
28624,Stuart Wells
28625,Billy Fane
28626,Colin MacLachlan
28627,Nicola Blackwell
28628,Carol McGuigan
28629,Joe Renton
28630,Janine Birkett
28631,Charlie Hardwick
28632,Mike Elliot
28633,Jean Heywood
28634,Jamie Draven
28635,Trevor Fox
28636,Adam Cooper
28637,Billy Graham
28638,Jeff Hoyt
28639,Tom Brokaw
28640,Greta Van Susteren
28641,Diane Sawyer
28642,George Bush Sr.
28643,George W. Bush
28644,Bill Clinton
28645,Franklin Graham
28646,Koneenica Banerjee
28647,Kanchana Moitra
28648,Pradip Mukherjee
28649,Kushal Badrike
28650,Spruha Joshi
28651,Mangesh Desai
28652,Veena Jamkar
28653,Sandeep Khare
28654,Megan O'Kelly
28655,Anton Gillis-Adelman
28656,Tyrone Benskin
28657,Vincent Hoss-Desmarais
28658,Marianna Palka
28659,Jason Maybaum
28660,Kingston Foster
28661,Arielle Kebbel
28662,Martin Starr
28663,Caroline Aaron
28664,Kate Nhung
28665,Thanh Pham
28666,Petey Majik Nguyen
28667,Suboi
28668,Jayvee Mai The Hiep
28669,Lam Thanh My
28670,Steve Lund
28671,Paul Greene
28672,María Mera
28673,Toni Salgado
28674,Miquel Insua
28675,Lucía Álvarez
28676,Sara Sanz
28677,Jimmy Núñez
28678,Paloma Saavedra
28679,Manuel Cortés
28680,Yelena Molina
28681,Ricardo de Barreiro
28682,Santiago Cuquejo
28683,Martina Stetson
28684,Carlos Villarino
28685,Ashok Pathak
28686,Tanvir Singh
28687,Amita Pathak
28688,Mohan Kapoor
28689,Dawnisha Halfkenny
28690,Simeon Henderson
28691,Corey Hendrix
28692,Malcom Banks
28693,Nadia Simms
28694,Cynda Williams
28695,Carl Anthony Payne II
28696,Gabriel Casseus
28697,Charlie Hofheimer
28698,Danny Hoch
28699,Glenn Morshower
28700,Barış Kılıç
28701,Serhat Tutumluer
28702,Kenan Bal
28703,Lupita Nyong'o
28704,John Kani
28705,David S. Lee
28706,Stan Lee
28707,Teri Reeves
28708,Michael Dale
28709,Dion Mucciacito
28710,Casey Hendershot
28711,Benjamin Charles Watson
28712,John Brodsky
28713,Arash Mokhtar
28714,John Cothran
28715,Kim Richards
28716,Neimus K. Williams
28717,Ricardo Darín
28718,Federico Luppi
28719,Steve Bacic
28720,Aaron Pearl
28721,Benjamin Dickey
28722,Charlie Sexton
28723,Richard Linklater
28724,David Kallaway
28725,Jordan Gelber
28726,Amanda Clayton
28727,Daniel Sauli
28728,Christine Evangelista
28729,Tina Casciani
28730,Ryan Kwanten
28731,Barry Otto
28732,Lionel Abelanski
28733,Tom Hygreck
28734,Sylvain Quimene
28735,Laura Boujenah
28736,Foed Amara
28737,Nawat Kulrattanarak
28738,Woranuch Wongsawan
28739,Daniel Moncada
28740,Ryan Dorsey
28741,Rachel Griffiths
28742,Aurélien Recoing
28743,Benjamin Siksou
28744,Mona Walravens
28745,Alma Jodorowsky
28746,Jérémie Laheurte
28747,Anne Loiret
28748,Benoît Pilot
28749,Sandor Funtek
28750,Fanny Maurin
28751,Sally Hawkins
28752,Andrew Dice Clay
28753,Darin Brooks
28754,Rob Ramsay
28755,Chris Romano
28756,Frankie Shaw
28757,Ed Marinaro
28758,Dhani Jones
28759,Kevin Kolack
28760,Eve Plumb
28761,David W. Thompson
28762,Brent Werzner
28763,Stacy Rock
28764,Sidné Anderson
28765,Sandy Barnett
28766,Bonnie Johnson
28767,Peter Greene
28768,Graham Beckel
28769,Olek Krupa
28770,Saverio Guerra
28771,Richard C. Sarafian
28772,Ryan Gosling
28773,Faith Wladyka
28774,Jen Jones
28775,Maryann Plunkett
28776,Marshall Johnson
28777,James Benatti
28778,Barbara Troy
28779,Carey Westbrook
28780,Enid Graham
28781,Robert Lazar
28782,Colin Murdock
28783,Gabe Khouth
28784,Bobbi Jene Smith
28785,Sonia Sahni
28786,Aruna Irani
28787,Bobby Robson
28788,Gunnar Helgason
28789,Berglind Rós Sigurðardóttir
28790,Mark Walton
28791,James Lipton
28792,J.P. Manoux
28793,Dan Fogelman
28794,Randy Savage
28795,Ronn Moss
28796,Todd Cummings
28797,Hedy Lamarr
28798,Liliana de Vries
28799,Teun Kuilboer
28800,Sergio IJssel
28801,Alpha Oumar Barry
28802,Phi Nguyen
28803,Andrew Günsberg
28804,Dean Gladstone
28805,Bruce Hopkins
28806,Trent 'Maxi' Maxwell
28807,Andrew Reid
28808,Ryan Clark
28809,Chris Chapman
28810,Anthony 'Harries' Caroll
28811,Warren Beatty
28812,Faye Dunaway
28813,Michael J. Pollard
28814,Estelle Parsons
28815,Denver Pyle
28816,Dub Taylor
28817,Evans Evans
28818,Gene Wilder
28819,Madhu Sapre
28820,Padma Lakshmi
28821,Timothy Balme
28822,David Avery
28823,Jackie Clune
28824,David Elms
28825,Liz Kingsman
28826,Jamie Michie
28827,Hafþór Júlíus Björnsson
28828,Brian Shaw
28829,Zydrunas Savickas
28830,Casting a light on the mistreatment of sea mammals
28831,this documentary follows the plight of 18 Beluga whales kept in captivity for years.
28832,Charlie Brooks
28833,Sue Johnston
28834,Douglas Smith
28835,Tamara Duarte
28836,Kelly Pendygraft
28837,Jon McLaren
28838,Vinícius Garcia
28839,Felipe Zilse
28840,Alê Abreu
28841,Lu Horta
28842,Marco Aurélio Campos
28843,Cassius Romero
28844,Alfredo Rollo
28845,Ross Fleming
28846,Shondrella Avery
28847,Tammy Townsend
28848,Omar Gooding
28849,Tracy Davis
28850,Veronika Bozeman
28851,Jason Silva
28852,Alex Russell
28853,Kevin Linehan
28854,Spencer Grammer
28855,Riley Voelkel
28856,John Getz
28857,Skyler Shaye
28858,Linor Abargil
28859,Erika Alexander
28860,Toni Braxton
28861,Trina Braxton
28862,Traci Braxton
28863,Towanda Braxton
28864,Tamar Braxton
28865,Sridhar Rangayan
28866,Samson Coulter
28867,Ben Spence
28868,Rachael Blake
28869,Noah Fleiss
28870,Emilie de Ravin
28871,Noah Segan
28872,Cristine Prosperi
28873,Gia Re
28874,Sophie Vavasseur
28875,Stephan Lee Benson
28876,Natalie Walsh
28877,Samantha Armstrong
28878,Shannon Kane
28879,Ellen Barkin
28880,Zhang Yi
28881,Xin Zhilei
28882,Shih Chieh King
28883,Rajeev Varma
28884,Kapil Bawa
28885,Remy Munasifi
28886,Sana Serrai
28887,Jonathan Horvath
28888,Akaash Singh
28889,Jonny Gray
28890,Callan Potter
28891,Joshua Kilimnik
28892,Drew Haytaoglu
28893,Isiah Lea
28894,Caroline Rhea
28895,Himanshu Soni
28896,Kajal Jain
28897,Sanket Choukse
28898,Jagat Singh
28899,Reshmi Ghosh
28900,Siddharth Vasudev
28901,Hemant Choudhary
28902,Yoshua Sudarso
28903,Reinout Bussemaker
28904,Mikha Tambayong
28905,Mike C. Nelson
28906,Jenni Melear
28907,David McCracken
28908,Napoleon Ryan
28909,Dorothy Lyman
28910,Christina Aguilera
28911,Kim Soo-kyung
28912,ChoI Seung-ho
28913,Iain Connell
28914,Robert Florence
28915,Kirsty Strain
28916,Allan Miller
28917,Louise Stewart
28918,Angelic Zambrana
28919,Elizabeth Taylor
28920,Laurence Harvey
28921,Eddie Fisher
28922,Dina Merrill
28923,Mildred Dunnock
28924,Betty Field
28925,Jeffrey Lynn
28926,Susan Oliver
28927,Guillaume Gallienne
28928,Sabine Azéma
28929,Isabelle Candelier
28930,Laurent Stocker
28931,Samuel Davis
28932,Nadine Crocker
28933,Dustin Ingram
28934,Randy Schulman
28935,Dick Strawbridge
28936,William Hardie
28937,Jajang C. Noer
28938,Ridho Hafiedz
28939,Leo Maitimu
28940,Shafira Umm
28941,Aufa Assagaf
28942,Burhanuddin Ohorella
28943,Bebeto Leutually
28944,Muriel Santa Ana
28945,Peto Menahem
28946,Héctor Díaz
28947,Karina K.
28948,Hernán Jiménez
28949,Fabián Forte
28950,Verónica Intile
28951,So Ji-sub
28952,Shin Hyun-joon
28953,Chae Jung-an
28954,You-Mi Ha
28955,Yong Jang
28956,Aamina Sheikh
28957,Sanam Saeed
28958,Adnan Malik
28959,Mohammad Ahmad
28960,Beo Rana Zafar
28961,Faris Khalid
28962,Hira Hussain
28963,Mikaal Zulfiqar
28964,Akanksha Puri
28965,Avani Modi
28966,Kyra Dutt
28967,Ruhi Singh
28968,Satarupa Pyne
28969,Mita Vashisht
28970,Keith Sequeira
28971,Deepak Wadhwa
28972,Vikram Sakhalkar
28973,Georgie Fuller
28974,Jessica Hinds-Mingo
28975,Mayumi Kawai
28976,Sarah Sumeray
28977,Alix Macey
28978,Jenna Sharpe
28979,Maximilian Dirr
28980,Andres Gil
28981,Marco Di Tieri
28982,Sara Maldonado
28983,John Larroquette
28984,Laura Silverman
28985,Cheryl Ladd
28986,Justin Lieberman
28987,Maddie McCormick
28988,Connor Rosen
28989,Logan Shroyer
28990,Markie Post
28991,Juliocesar Chavez
28992,Tyree Brown
28993,Lane Garrison
28994,Joseph Julian Soria
28995,Sung Jun
28996,Sung-min Kim
28997,Ae-yeon Jeong
28998,Mi-sook Lee
28999,Eun-sook Sunwoo
29000,Seok-woo Kang
29001,Young-kwang Kim
29002,Han Groo
29003,Jin-soo Kim
29004,Charlie Korsmo
29005,Lauren Ambrose
29006,Michelle Brookhurst
29007,Alexander Martin
29008,Erik Palladino
29009,Channon Roe
29010,Sean Patrick Thomas
29011,DeJuan Guy
29012,Michael Culkin
29013,Jean-Michel Correia
29014,Christophe Paou
29015,Santi Pons
29016,Aneesh Menon
29017,Sunil Sukhada
29018,Anita Lukmance
29019,Kottayam Pradeep
29020,Natasha Doshi
29021,Hareesh Perumanna
29022,John Connors
29023,Fionn Walton
29024,Paul Alwright
29025,Ryan Lincoln
29026,Jimmy Smallhorne
29027,Toni O'Rourke
29028,Fionna Hewitt-Twamley
29029,Stephen Clinch
29030,Ciaran McCabe
29031,John Manalo
29032,Rica Peralejo
29033,Jhong Hilario
29034,Saul Reichlin
29035,Matthew Rutherford
29036,Claire Jeater
29037,Makisig Morales
29038,Mickey Ferriols
29039,Carrie Brownstein
29040,Kevin Crowley
29041,Nik Pajic
29042,Piper Laurie
29043,Nancy Allen
29044,Betty Buckley
29045,P.J. Soles
29046,Priscilla Pointer
29047,Sydney Lassick
29048,Stefan Gierasch
29049,Michael Talbott
29050,Doug Cox
29051,Harry Gold
29052,Noelle North
29053,Emily VanCamp
29054,Ron McClary
29055,Mark Moses
29056,Efren Ramirez
29057,Alison Retzloff
29058,Wakana Yamazaki
29059,Colleen Clinkenbeard
29060,Akira Kamiya
29061,R. Bruce Elliott
29062,Mark Stoddard
29063,Eva Green
29064,Giancarlo Giannini
29065,Wong Jing
29066,Dennis Chan
29067,Chaiyapol Pupart
29068,Jintanutda Lummakanon
29069,Worrawech Danuwong
29070,Ornjira Lamwilai
29071,Yong Armchair
29072,Kornpassorn Duaysianklao
29073,Nattapong Chartpong
29074,Paul Newman
29075,Burl Ives
29076,Jack Carson
29077,Judith Anderson
29078,Madeleine Sherwood
29079,Larry Gates
29080,Vaughn Taylor
29081,Chris O'Donnell
29082,Mads Sjogard Pettersen
29083,Ingar Helge Gimle
29084,P.K. Nair
29085,Amanda Schull
29086,Susan May Pratt
29087,Donna Murphy
29088,Debra Monk
29089,Ethan Stiefel
29090,Sascha Radetsky
29091,Julie Kent
29092,Ilia Kulik
29093,Nagesh Bhonsle
29094,Nagma
29095,Syra Shehroz
29096,Kent S. Leung
29097,Osama Tahir
29098,Mansha Pasha
29099,Zhalay Sharhadi
29100,Behroze Sabzwari
29101,K.G. Chandani Renuka Ratnayake
29102,Mary Beth Hurt
29103,Rachel Brosnahan
29104,David Kelly
29105,Deep Roy
29106,AnnaSophia Robb
29107,Julia Winter
29108,Jordan Fry
29109,Philip Wiegratz
29110,Paul Lynde
29111,Henry Gibson
29112,Rex Allen
29113,Danny Bonaduce
29114,Pamelyn Ferdin
29115,Don Messick
29116,Agnes Moorehead
29117,John Stephenson
29118,Herb Vigran
29119,Dave Madden
29120,Dwight Ewell
29121,Cyril Chauquet
29122,Ken Tong
29123,Yu Kang
29124,Ravi Coltrane
29125,Benny Golson
29126,Jimmy Heath
29127,Wynton Marsalis
29128,Sonny Rollins
29129,Carlos Santana
29130,Cornel West
29131,Suvinder Vikky
29132,Rajbir Kaur
29133,Gurpreet Kaur Bhangu
29134,Taranjit Singh
29135,Harleen Kaur
29136,Harnek Aulakh
29137,Tejpal Singh
29138,Gulshan Saggi
29139,Melanie Vallejo
29140,Nicholas Colasanto
29141,Seong-joo Kim​
29142,Jung-hwan Ahn
29143,Ingrid Bolsø Berdal
29144,Nathan Phillips
29145,Alex Feldman
29146,Kristof Konrad
29147,Pasha D. Lychnikoff
29148,Karen Dunbar
29149,John Macmillan
29150,Robert Lonsdale
29151,Danielle Walters
29152,Shola Adewusi
29153,Sarah Hoare
29154,Abby Rakic-Platt
29155,Olisa Odele
29156,SABINA MALIK
29157,Samriddhi Shuklaa
29158,Aditya Raj Sharma
29159,Anuranjan Premji
29160,Bijukuttan
29161,Neha Rathanakaran
29162,Prasanth
29163,Zach Braff
29164,Adam West
29165,Don Knotts
29166,Garry Marshall
29167,Falz The Bahd Guy
29168,Linda Ihuoma-Suleiman
29169,Rachael Oniga
29170,Patience Ozokwor
29171,Catherine Hicks
29172,Alex Vincent
29173,Dinah Manoff
29174,Tommy Swerdlow
29175,Jack Colvin
29176,Neil Giuntoli
29177,Juan Ramírez
29178,Alan Wilder
29179,Li Dong Xue
29180,Janicke Askevold
29181,Li Ai
29182,Clovis Fouin
29183,Wang Zijian
29184,Chingo Bling
29185,Barry John
29186,Vega Tamotia
29187,Dick Van Dyke
29188,Sally Ann Howes
29189,Lionel Jeffries
29190,Gert Fröbe
29191,Anna Quayle
29192,Benny Hill
29193,Robert Helpmann
29194,Heather Ripley
29195,Adrian Hall
29196,Barbara Windsor
29197,Davy Kaye
29198,Alexander Doré
29199,Bernard Spear
29200,Stanley Unwin
29201,Mishu Vellani
29202,Jonathan Patrick Moore
29203,Saidah Arrika Ekulona
29204,John O'Hurley
29205,David Keith
29206,Rachel Boston
29207,Jonathan Bennett
29208,Jon Prescott
29209,Sunny Mabrey
29210,Julia Voth
29211,Elizabeth Lauren Hoffman
29212,Eileen April Boylan
29213,Josh Crotty
29214,Sarah Lancaster
29215,Barry Corbin
29216,Alan Powell
29217,Danny Vinson
29218,Rebecca Koon
29219,Brett Rice
29220,Erik Per Sullivan
29221,Elizabeth Franz
29222,René Lavan
29223,Bronte Carmichael
29224,Mark Gatiss
29225,Brad Garrett
29226,Nick Mohammed
29227,Pablo Echarri
29228,Nazareno Casero
29229,Lautaro Delgado
29230,Matías Marmorato
29231,Martín Urruty
29232,César Albarracín
29233,Guillermo Fernandez
29234,Daniel Di Biase
29235,Ahsan Khan
29236,Neelam Muneer
29237,Faizan Khawaja
29238,Ali Rizvi
29239,Vajdaan Shah
29240,Zayed Sheikh
29241,Talat Hussain
29242,Om Prakash
29243,David Abraham
29244,Lily Chakravarty
29245,Keshto Mukherjee
29246,Chris Massoglia
29247,Ray Stevenson
29248,Patrick Fugit
29249,Orlando Jones
29250,Michael Cerveris
29251,Don McManus
29252,Jessica Carlson
29253,Alexandre Rodrigues
29254,Leandro Firmino
29255,Phellipe Haagensen
29256,Jefechander Suplino
29257,James Floyd
29258,Cush Jumbo
29259,Hannah Rae
29260,George Sargeant
29261,Barry Aird
29262,Clarence Clemons
29263,Tine Stapelfeldt
29264,Christien Anholt
29265,Andre Braugher
29266,Dan Futterman
29267,Sophie Ward
29268,Sue-Ann Leeds
29269,Nick Krause
29270,Kathleen Chalfant
29271,Peter Maloney
29272,Rod McLachlan
29273,Hawn Tran
29274,Danni Wang
29275,Javed Akhtar
29276,Tamara Dobson
29277,Bernie Casey
29278,BrendaSykes
29279,Esther Rolle
29280,Julie Kavner
29281,Joseph Castanon
29282,Jake Hoffman
29283,Donal MacIntyre
29284,Clive Davis
29285,Denis Moschitto
29286,Barbora Bobulova
29287,Jemma Powell
29288,Anjul Nigam
29289,Margot Farley
29290,Brian Klugman
29291,Puttichai Kasetsin
29292,Kongtoranin Lalana
29293,Sornram Tappituk
29294,Amy Amika Klinprathum
29295,Tanya Liyah
29296,Shaun Jindachote
29297,Four Sakolrat Wornurai
29298,Toomtam Yuthana Puengklarng
29299,Monchanok Saengchaipiangpen
29300,Nat Myria Benedetti
29301,Oil Thana Suttikamul
29302,Pimthong Washirakom
29303,Focus Jirakul
29304,Sattaphong Phiangphor
29305,Toni Rakkaen
29306,Paula Taylor
29307,Virithipa Phakdeeprasong
29308,Pakkaramai Potranan
29309,Golf Pichaya Nitipaisankul
29310,Lalana Kongtoranin
29311,Jirayu La-ongmanee
29312,Rob Brown
29313,Nana Gbewonyo
29314,Antwon Tanner
29315,Ashanti
29316,Denise Dowse
29317,Vinod Ramani
29318,Guru Singh
29319,Bill Kurtis
29320,Mir Afsar Ali
29321,Gaurav Chakrabarty
29322,Tanusree Chakraborty
29323,Anirban Bhattacharya
29324,Ritabhari Chakraborty
29325,Suchandra Vaaniya
29326,Arijit Dutt
29327,Jeanne Werner
29328,August Zirner
29329,Martin Wuttke
29330,Stefan Merki
29331,Nandana Sen
29332,Jim Boeven
29333,Gaurav Dwivedi
29334,Gopal Dutt
29335,Paritosh Tripathi
29336,Krishna Bhatt
29337,Jasmeet Bhatia
29338,Deepak Dutta
29339,Parvati Sehgal
29340,Surleen Kaur
29341,Antara Mali
29342,Madan Joshi
29343,Analeigh Tipton
29344,Jakob Cedergren
29345,Marta Gastini
29346,Valentin Merlet
29347,Robin Weigert
29348,Maggie Siff
29349,Johnathan Tchaikovsky
29350,Janel Moloney
29351,Phuong Mai
29352,Quang Su
29353,Hoang Phuc Nguyen
29354,Chi Pu
29355,Tien Pham
29356,Hoai An
29357,Conor McGregor
29358,Adhvik Mahajan
29359,Prasad Purandhare
29360,Sumeet Nijhawan
29361,Upyendra Limaye
29362,Maha Sabry
29363,Inas Ezz El Din
29364,Josh Leyva
29365,Ngaio Bealum
29366,George Kennedy
29367,J.D. Cannon
29368,Lou Antonio
29369,Robert Drivas
29370,Strother Martin
29371,Jo Van Fleet
29372,Dennis Hopper
29373,James Gammon
29374,Wayne Rogers
29375,Michael Coleman
29376,Gina Holden
29377,Jordyn Ashley Olson
29378,Teri Hatcher
29379,John Hodgman
29380,Dawn French
29381,Kayla Wallace
29382,Matthew MacCaull
29383,James Dean
29384,Alison Wandzura
29385,Bruce Blain
29386,Natalie Grace
29387,Phillip Mitchell
29388,Chris Bourke
29389,Israel Houghton
29390,Jennifer Esposito
29391,Nona Gaye
29392,Mrinmayee Godbole
29393,Saurabh Saraswat
29394,Isha Keskar
29395,Érico Brás
29396,Dionisio Neto
29397,Fernanda Vianna
29398,Georgina Castro
29399,Leo Miranda
29400,Marat Descartes
29401,Mauricio Tarcinalli Barros
29402,Sabrina Greve
29403,Chow Yun Fat
29404,Lung Hsiung
29405,Cheng Pei-pei
29406,Fa Zeng Li
29407,Xian Gao
29408,Yan Hai
29409,De Ming Wang
29410,Fiona Dourif
29411,Michael Therriault
29412,Jennifer Tilly
29413,Summer H. Howell
29414,Grace Lynn Kung
29415,Elisabeth Rosen
29416,Ali Tataryn
29417,Noriko Shinohara
29418,Ushio Shinohara
29419,Ankush Chaudhari
29420,Pooja Sawant
29421,Sanjay Khapre
29422,Sandeep Gaikwad
29423,Digvijay Rohidas
29424,Sema Şimşek
29425,Nilay Gök
29426,Volkan Ünal
29427,Fehmi Karaarslan
29428,Ömer Duran
29429,Aybike Turan
29430,Burak Çimen
29431,Jack Lemmon
29432,Zakes Mokae
29433,J.T. Walsh
29434,John Apicella
29435,Bill Morey
29436,Mary Fogarty
29437,Arthur Lowe
29438,John Le Mesurier
29439,Clive Dunn
29440,John Laurie
29441,Arnold Ridley
29442,Ian Lavender
29443,James Beck
29444,Bill Pertwee
29445,Jonathan Katz
29446,Laura Kightlinger
29447,Leila Arcieri
29448,Madison Lawlor
29449,Montana Manning
29450,Andrew Pifko
29451,Monte Markham
29452,Kamala Jones
29453,Jodi Carol Harrison
29454,Seth Cassell
29455,Ronnie Clark
29456,Lissa Danshaw
29457,J.J. Hawkins
29458,Walter Cornás
29459,Dany Casco
29460,Caro Angus
29461,Rocío Rodríguez Presedo
29462,Chucho Fernández
29463,Amanda Nara
29464,Maite Zumelzú
29465,Tini Tom
29466,Malavikka
29467,Sudheer Karamana
29468,Bhanu Uday
29469,Preeti Gupta
29470,Bhavani Lee
29471,Seema Rahmani
29472,Kevin Rankin
29473,Donna DuPlantier
29474,Xenia Goodwin
29475,Alicia Banit
29476,Dena Kaplan
29477,Thom Green
29478,Thomas Lacey
29479,Tim Pocock
29480,Tara Morice
29481,Hans-Heinrich Hardt
29482,Sebastian Fräsdorf
29483,Claudia Jacob
29484,Deleila Piasko
29485,Tobias Borchers
29486,Ruth Bickelhaupt
29487,Itahisa Machado
29488,Danny Perea
29489,Carlos Valencia
29490,Adrian Dunbar
29491,Charley Boorman
29492,Rhod Gilbert
29493,Ben Fogle
29494,Hugh Dennis
29495,Ed Byrne
29496,Andy Parsons
29497,Liza Tarbuck
29498,David Baddiel
29499,Danny Fields
29500,Alice Cooper
29501,Judy Collins
29502,Tommy Ramone
29503,Jac Holzman
29504,Lenny Kaye
29505,Wayne Kramer
29506,John Cameron Mitchell
29507,Jann Wenner
29508,Linda Hamilton
29509,Elizabeth Hoffman
29510,Jamie Renée Smith
29511,Jeremy Foley
29512,Charles Hallahan
29513,Kirk Trutner
29514,Arabella Field
29515,Mahima Chaudhry
29516,Indrasish Roy
29517,Sudip Mukherjee
29518,Shataf Figar
29519,Kati Outinen
29520,Zbigniew Zamachowski
29521,Danuta Kowalska
29522,Piotr Głowacki
29523,Andrea Roth
29524,Gurpreet Ghuggi
29525,Shavendra Mahal
29526,Pammi Bai
29527,Manpreet Saggu
29528,Cora Lee Day
29529,Alva Rogers
29530,Barbarao
29531,Trula Hoosier
29532,Adisa Anderson
29533,Kaycee Moore
29534,Bahni Turpin
29535,Cheryl Lynn Bruce
29536,Tommy Redmond Hicks
29537,Cornell Royal
29538,Pan Yueming
29539,Wang Longzheng
29540,Liang Yuen
29541,Lü Xiaolin
29542,Yin Shuyi
29543,Hou Xuelong
29544,Song Naigang
29545,Sean Huang
29546,Chang Chia-yu
29547,Yong Lea
29548,Shan Cheng-ju
29549,Iris Hu
29550,Devin Blackmon
29551,Dontrell Bright
29552,"Kordell ""KD"" Johnson"
29553,Lachion Buckingham
29554,Chasity Moore
29555,Marquell Manning
29556,Shavidee Trotter
29557,Maurice Everett
29558,Dylan Haegens
29559,Nick Golterman
29560,Marit Brugman
29561,Ilse Warringa
29562,Teun Peters
29563,Patrick Stoof
29564,Rick Vermeulen
29565,Rico Verhoeven
29566,Brian De Palma
29567,Aneurin Barnard
29568,Marion Bailey
29569,Velibor Topic
29570,Princey Shukla
29571,Kennedy Lea Slocum
29572,Corey Fogelmanis
29573,Alexa Mansour
29574,Peyton Clark
29575,Eric Stanton Betts
29576,Pedro Correa
29577,Alissa Latow
29578,Peter Scolari
29579,Himanshu Sharma
29580,Ekavali Khanna
29581,Aman Uppal
29582,Bhavika Bhasin
29583,Marion Ross
29584,Amy Acker
29585,David Haydn-Jones
29586,Patrick Creery
29587,James Dugan
29588,Margherita Donato
29589,Brooklynn Proulx
29590,James D. Hopkin
29591,Bob Irvine
29592,Regine Nehy
29593,Ron Glass
29594,Cody Longo
29595,Cortney Palm
29596,Adrienne Barbeau
29597,Michael Berryman
29598,Barbara Crampton
29599,Sid Haig
29600,Gunnar Hansen
29601,Lindsay Hartley
29602,Kane Hodder
29603,Lloyd Kaufman
29604,Camille Keaton
29605,Bill Moseley
29606,Vincent Ward
29607,Brendan Fairclough
29608,Olly Wilkins
29609,Kyle Jameson
29610,Andrew Neethling
29611,Ryan Howard
29612,Sam Hill
29613,Josh Bryceland
29614,Dave B. Mitchell
29615,Ben Oxenbould
29616,Craig McLachlan
29617,William McInnes
29618,Olivia McNamara
29619,John Brumpton
29620,Simon Burke
29621,Simon Elrahi
29622,Victoria Haralabidou
29623,Julian Maroun
29624,George Harrison Xanthis
29625,Vijayendra Ghatge
29626,Marina Goldman
29627,Robin Thomas
29628,Daisy McCrackin
29629,O'Shea Jackson Jr.
29630,50 Cent
29631,Meadow Williams
29632,Brian Van Holt
29633,Mo McRae
29634,Kaiwi Lyman
29635,Denis Leary
29636,Will Brittain
29637,Natasha Bassett
29638,Jonathan Rosenthal
29639,Juston Street
29640,Mark Kassen
29641,Takuya Iba
29642,Michael Rhys Kan
29643,Jack Conley
29644,Trieu Tran
29645,Jaimi Paige
29646,Alyshia Ochse
29647,Toby Nichols
29648,Claude Duhamel
29649,Walid Fawaz
29650,Eman El-Assy
29651,Stephen Moyer
29652,Emma Bell
29653,Nick Ballard
29654,Bradley Bundlie
29655,Gail O'Grady
29656,Corbin Timbrook
29657,Kate Lang Johnson
29658,Robert Adamson
29659,Caia Coley
29660,Alicia James
29661,Sotida Arpon
29662,Tuulia Eloranta
29663,Elin Petersdottir
29664,Kaija Pakarinen
29665,Antti Reini
29666,Lauri Tanskanen
29667,Johanna af Schultén
29668,Maria Sid
29669,Pirkko Hämäläinen
29670,Sonja Halla-aho
29671,Bridget Regan
29672,Sarah Constible
29673,Spencer Drever
29674,Devdutt Pattanaik
29675,Jennifer Carpenter
29676,Lauren Vélez
29677,Desmond Harrington
29678,Christina Robinson
29679,Kenny Lin
29680,Sandra Ma
29681,Vincent Lindon
29682,Mélodie Valemberg
29683,Vincent Lacoste
29684,Joséphine Derenne
29685,Dominique Reymond
29686,Kenneth Tsang
29687,Emilio Echevarría
29688,Mikhail Gorevoy
29689,Lawrence Makoare
29690,David Walliams
29691,Hou Hsiao
29692,Gordon Liu
29693,Lily Li
29694,Jason Pai Piao
29695,Chia-Liang Liu
29696,Todd Standing
29697,Kent Osborne
29698,Rae Gray
29699,Victoria Zeutzius
29700,Leslie Thurston
29701,Matthew J. Evans
29702,Jason Cope
29703,David James
29704,Vanessa Haywood
29705,Mandla Gaduka
29706,Kenneth Nkosi
29707,Eugene Khumbanyiwa
29708,Louis Minnaar
29709,Julie Christie
29710,Alec Guinness
29711,Siobhan McKenna
29712,Ralph Richardson
29713,Jeffrey Rockland
29714,Christopher Matthew Cook
29715,Omar J. Dorsey
29716,Louisa Krause
29717,Reynaldo Gallegos
29718,Axle McCoy
29719,Travis McCoy
29720,Tyler Jade Nixon
29721,Alexis Louder
29722,DeVaughn Gow
29723,LaVaughn Hamilton
29724,Maya Simmons
29725,Quddus Newton
29726,Jordan Padreira
29727,Derek Lee Nixon
29728,Harry Connick Jr.
29729,Austin Stowell
29730,Charles Martin Smith
29731,Austin Highsmith
29732,Cozi Zuehlsdorff
29733,Paprika Steen
29734,Helena Kaittani
29735,Carmen Argenziano
29736,Luis Guzman
29737,Vera Cherny
29738,Lorena McGregor
29739,Reinaldo Zavarce
29740,Jacquie Barnbrook
29741,Anthony Skordi
29742,Steve Park
29743,P.J. Boudousqué
29744,Yaniv Moyal
29745,Garry McDonald
29746,Julia Blake
29747,Edwina Ritchard
29748,Davide Carrera
29749,Loic Collomb-Patton
29750,Eric Duguil
29751,Richie Jackson
29752,Temarii Buillard
29753,Richard Mylan
29754,Pascale Wilson
29755,Pooneh Hajimohammadi
29756,Sarah Buckland
29757,Richard Branson
29758,Erin Darke
29759,Bruno Kirby
29760,Gerry Becker
29761,Robert Miano
29762,Deobia Oparei
29763,Razaaq Adoti
29764,Dexter Fletcher
29765,Al Weaver
29766,Brian Steele
29767,Michael Izquierdo
29768,Carol 'Do Do' Cheng
29769,Maggie Cheung
29770,Wilson Lam
29771,Chan Pak-cheung
29772,Charlie Cho
29773,Tom Poon
29774,Kwan Ming-yuk
29775,Hon Yee-Sang
29776,Sherman Wong
29777,Lo Fan
29778,Alice Drummond
29779,Audrie Neenan
29780,Susan Blommaert
29781,Lydia Jordan
29782,Lloyd Clay Brown
29783,Spencer Breslin
29784,Angela Lansbury
29785,Brian Thompson
29786,Julian Morris
29787,Jassa Ahluwalia
29788,Jonjo O'Neill
29789,Roger Ashton-Griffiths
29790,Jake Curran
29791,Duncan Preston
29792,Ozama Oancea
29793,Harry Van Gorkum
29794,Rona Figueroa
29795,Matt Hickey
29796,Henry O
29797,Robby Benson
29798,Ken Shorter
29799,John Woodnutt
29800,Lubomir Misak
29801,André Eriksen
29802,Delroy Brown
29803,Sean Dulake
29804,Noo-Ri Bae
29805,Sa-hee Kim
29806,Jimmy Shubert
29807,Dries Van Noten
29808,Kaitlyn Black
29809,Mike Secher
29810,Jorge Zabaleta
29811,José María Torre
29812,Ximena Duque
29813,Margarita Muñoz
29814,Miguel Varoni
29815,Ariel Texido
29816,María Luisa Flores
29817,Andrea López
29818,Jorge Hernández
29819,Alberto Mateo
29820,Sofía Lama
29821,Samiya Mumtaz
29822,Mohib Mirza
29823,Saleha Aref
29824,Asif Khan
29825,Ajab Gul
29826,Abdullah Jan
29827,Samina Ahmad
29828,Omair Rana
29829,Zeeshan Shafa
29830,Sheeba
29831,Rachel Nichols
29832,William Lee Scott
29833,Teo Halm
29834,Reese Hartwig
29835,Ella Wahlestedt
29836,Jason Gray-Stanford
29837,Cassius Willis
29838,Sonya Leslie
29839,Virginia Louise Smith
29840,Peter Mackenzie
29841,Valerie Wildman
29842,Angelina Carballo
29843,Raul-Gomez Pina
29844,Eric Anderson
29845,Diana Elizabeth Torres
29846,Yutaka Takeuchi
29847,Rodrigo Duarte Clark
29848,Kaya Jade Aguirre
29849,Roji Oyama
29850,Lane Nishikawa
29851,Miyoko Sakatani
29852,Thomas Haden Church
29853,Jocelyn Wang
29854,Chieh-kai Shiou
29855,Ting Chiang
29856,Javier Bardem
29857,Hadi Subiyanto
29858,Tuva Novotny
29859,Luca Argentero
29860,Shane Nigaam
29861,Manikandan R. Achari
29862,Sujith Sankar
29863,P. Balachandran
29864,Sudhanshu Aggarwal
29865,Arjuna Bhalla
29866,Avrinder Kaur
29867,Arvinder Bhatti
29868,Master Yuvraj
29869,Jai Bharti
29870,Gagandeep Singh
29871,Kamal Desai
29872,Sunil Sukthankar
29873,Shriram Ranade
29874,Padmanabh Bind
29875,Seema Adhikari
29876,Garrick Hagon
29877,Yassine Fadel
29878,Neil Napier
29879,David Bark-Jones
29880,Alexander Fehling
29881,Nick Alachiotis
29882,Jade Hassouné
29883,Juanjo Artero
29884,Irene Montalà
29885,Neus Sanz
29886,Marina Salas
29887,Bernabé Fernández
29888,Javier Hernández
29889,Patricia Arbúes
29890,David Seijo
29891,Giselle Calderón
29892,Karen Martínez
29893,Julian Arango
29894,Sandra Reyes
29895,Patricia Manterola
29896,Carolina Guerra
29897,Alejandro Martínez
29898,Víctor Mallarino
29899,Santiago Moure
29900,Carlos Echavarría
29901,John Gertz
29902,Roberto Gómez Bolaños
29903,María Antonieta de las Nieves
29904,Carlos Villagrán
29905,Florinda Meza García
29906,Angelines Fernández Abad
29907,Rubén Aguirre Fuentes
29908,Edgar Vivar
29909,Ramón Gómez Valdez de Castillo
29910,Roberto Moll
29911,Daniel Lugo
29912,El Dasa
29913,Cristina Rodlo
29914,Mauricio Martínez
29915,Horacio Castelo
29916,Giancarlo Vidrio
29917,Mauricio Isaac
29918,Aldo Gallardo
29919,Pablo Bracho
29920,Patricio Sebastián
29921,Cas Jansen
29922,Tygo Gernandt
29923,Abbey Lee
29924,Paul Blake
29925,Jeremy Bulloch
29926,John Chapman
29927,Anthony Forrest
29928,Laurie Goode
29929,Derek Lyons
29930,Angus MacInnes
29931,David Prowse
29932,Pam Rose
29933,Carly Adams
29934,Thomas Bair
29935,Susan Pourfar
29936,Chris Beetem
29937,Arman Dewarti
29938,Dimi Cindyastira
29939,Irmawati Jabbar
29940,Andreuw Parinussa
29941,Fanesa Kayla
29942,Benson Jack Anthony
29943,Jordan Hare
29944,Jon Prasida
29945,Lucy Barrett
29946,Ben Bennett
29947,Craig Hyde-Smith
29948,Kevin Clayette
29949,Bridie Carter
29950,Jessica Simpson
29951,Andy Dick
29952,Tim Bagley
29953,Marcello Thedford
29954,Danny Woodburn
29955,Luis Machín
29956,Maria Merlino
29957,Fabián Vena
29958,Ana Chalentano
29959,Nelly Prince
29960,Victor Laplace
29961,Silvia Pérez
29962,Pilar Gamboa
29963,Fabio Alberti
29964,Martin Slipak
29965,Martín Piroyansky
29966,Paula Ransenberg
29967,Tara Deshpande
29968,Cle Sloan
29969,Jaime FitzSimons
29970,America Ferrara
29971,Matias Novoa
29972,Guillermo Quintanilla
29973,Otto Sirgo
29974,Armando Hernández
29975,Elvira Monsell
29976,Isabella Rossellini
29977,Joshua Peace
29978,James Arthur Ray
29979,Randal Edwards
29980,Marilyn Norry
29981,Nicole LaPlaca
29982,Bruce Lee
29983,John Saxon
29984,Jim Kelly
29985,Ahna Capri
29986,Kien Shih
29987,Robert Wall
29988,Angela Mao
29989,Betty Chung
29990,Geoffrey Weeks
29991,Bolo Yeung
29992,Peter Archer
29993,Rebecca Hazlewood
29994,Kai Lennox
29995,Matthew Harbour
29996,Janusz Gajos
29997,Teresa Marczewska
29998,Władysław Kowalski
29999,Michał Bajor
30000,Jan Peszek
30001,Jerzy Bińczycki
30002,Gonzalo Garcia Vivanco
30003,Rubén González Garza
30004,Iliana de la Garza
30005,Ramanathan
30006,Rakesh
30007,Andrea Germani
30008,Marzia Ubaldi
30009,Iaia Forte
30010,Bar Refaeli
30011,Erez Tal
30012,Assi Azar
30013,Lucy Ayoub
30014,Jimmy Bennett
30015,Kathleen Quinlan
30016,Jack Noseworthy
30017,Drew Fonteiro
30018,Marc Menchaca
30019,Michelle Macedo
30020,Tyler Fleming
30021,Melissa Macedo
30022,Kenneth Moronta
30023,Frankie Hinton
30024,Carla Campra
30025,Mark Miodownik
30026,Michael Bower
30027,Pat Kilbane
30028,Claire Selby
30029,Symara Templeman
30030,Gana Bayarsaikhan
30031,Tiffany Pisani
30032,Evie Wray
30033,Deborah Rosan
30034,Jerry Huang
30035,Liao Yi Chiao
30036,Berg Lee
30037,Yise Loo
30038,Hady
30039,Monday Kang
30040,Ruobing
30041,Wymen Yang
30042,May June
30043,Ernest Chong
30044,Joe Morton
30045,Jameel Saleem
30046,Kimelia Weathers
30047,Quincy Harris
30048,Big Boy
30049,Misty Alli
30050,Noelle Balfour
30051,Sid Burston
30052,Carlos Castillo
30053,Liz Hernandez
30054,Nick Sinise
30055,Jill Hennessy
30056,Derek Davenport
30057,Amelia Haberman
30058,Shepsut Wilson
30059,Titus Covington
30060,Hayley Vrana
30061,Michael Alvarez
30062,Richard Lippert
30063,Alfoniso Lopez
30064,Stephen Merchant
30065,Shaun Williamson
30066,Tanju Tuncel
30067,Meray Ülgen
30068,Ayşenil Şamlıoğlu
30069,Kenan İmirzalıoğlu
30070,Cansu Dere
30071,Yiğit Özşener
30072,Barış Falay
30073,Burçin Terzioğlu
30074,Sarp Akkaya
30075,Tuncel Kurtiz
30076,Berrak Tüzünataç
30077,İsmail Filiz
30078,Cameron Palatas
30079,Richard Karn
30080,Daniela Bobadilla
30081,Daniel Amerman
30082,Kevin McCorkle
30083,Mary Gordon Murray
30084,Emily Jordan
30085,Karrie Cox
30086,Nicholas James Reilly
30087,Enspirit
30088,Sheldon A. Smith
30089,Michael Soulema
30090,Ryoko Ono
30091,Shinpachi Tsuji
30092,Tia Lynn Ballard
30093,Newton Pittman
30094,Jad Saxton
30095,Christopher R. Sabat
30096,Rick Keeling
30097,David Wald
30098,Brina Palencia
30099,Fiona Bruce
30100,Philip Mould
30101,Bendor Grosvenor
30102,Amara La Negra
30103,Joely Fisher
30104,Paris Phillips
30105,Erica Peeples
30106,Tami Roman
30107,Alfred Thomas II
30108,J-Boog
30109,Hunter Ives
30110,Dylan Mooney
30111,Michael J. Pagan
30112,Robert Joy
30113,Kubilay Sarikaya
30114,Arnel Taci
30115,Muhammed Kirtan
30116,Violetta Schurawlow
30117,Burak Yiğit
30118,Giwar Xatar Hajabi
30119,Ridvan Kirtan
30120,Ilhan Erdinc
30121,Michael Hanemann
30122,Sedat Kirtan
30123,Denyce Lawton
30124,Hosea Chanchez
30125,Darius McCrary
30126,Shawne Merriman
30127,Sticky Fingaz
30128,Masika Kalysha
30129,Zac Titus
30130,Somnath Awghade
30131,Suraj Pawar
30132,Rajeshwari Kharat
30133,Bhushan Manjule
30134,Nagraj Manjule
30135,Sohail Shaikh
30136,Sanjay Chaudhri
30137,Vikas Pandurang Patil
30138,Sami Maghouri
30139,Mohamed Salam
30140,Haya Ibrahim
30141,Arucha Tosawat
30142,Ratchawin Wongviriya
30143,Mark Williams
30144,Sorcha Cusack
30145,Nancy Carroll
30146,Alex Price
30147,Tom Chambers
30148,Keith Osborn
30149,Katherine Helmond
30150,Michael Jeter
30151,Craig Bierko
30152,Lyle Lovett
30153,Tim Thomerson
30154,Paul Wall
30155,Quincy Jones III
30156,Topol
30157,Norma Crane
30158,Leonard Frey
30159,Molly Picon
30160,Paul Mann
30161,Rosalind Harris
30162,Michele Marsh
30163,Neva Small
30164,Paul Michael Glaser
30165,Ray Lovelock
30166,Luke Jurevicius
30167,Onur Tuna
30168,Naz Elmas
30169,Kayra Şenocak
30170,Kamil Güler
30171,Ceyhun Ergin
30172,Burcu Çoban
30173,Umut Kırcalı
30174,Sencer Serta
30175,Leon Vitali
30176,Slamet Rahardjo
30177,Otig Pakis
30178,Arash Buana
30179,Hazel Raditya
30180,Dimas Harya
30181,Westny Dj
30182,Kristen Cloke
30183,Daniel Roebuck
30184,Chad Donella
30185,Terrence 'T.C.' Carson
30186,Jonathan Cherry
30187,Sarah Carter
30188,David Paetkau
30189,Ryan Merriman
30190,Kris Lemche
30191,Alexz Johnson
30192,Sam Easton
30193,Samuele Caruana
30194,Giuseppe Fragapane
30195,Shivani Ghai
30196,Aadya Bedi
30197,Lisa Arrindell Anderson
30198,Elise Neal
30199,Megan Leonard
30200,Shea Buckner
30201,William DeMeo
30202,Magi Avila
30203,Ty Shelton
30204,Thea Petrie
30205,Louise Roe
30206,Tien-chi Cheng
30207,Tien Hsiang Lung
30208,Michael Chan Wai-Man
30209,Pei Hsi Chen
30210,Li Wang
30211,Ke Chu
30212,Antonio Sabato Jr.
30213,Andrew Gillies
30214,Sabrine
30215,Jamila Adel Awad
30216,Bea
30217,Isaac Jay
30218,Uriah Shelton
30219,Dylan Riley Snyder
30220,Shane Harper
30221,Connor Paolo
30222,Gatlin Green
30223,Choi Da-in
30224,Yang Se-na
30225,Gim Chae-eun
30226,Esther
30227,Feng Ku
30228,Chung Wang
30229,Szu Shih
30230,Lung Ti
30231,Lo Lieh
30232,Szu-Chia Chen
30233,Asri Bendacha
30234,James Wong
30235,Yenn Teoh
30236,Elvis Chin
30237,Candy Ice
30238,Jacky Kam
30239,Kimberly Elise
30240,Tessa Thompson
30241,Eduardo Verástegui
30242,Santiago Cabrera
30243,Adrian Alonso
30244,Mauricio Kuri
30245,Rachel Hurd-Wood
30246,Ivan Kaye
30247,Tanya Reynolds
30248,Kathy Murphy
30249,Allen Fiuzat
30250,Ed Nelson
30251,Art Vasil
30252,Bridget Armstrong
30253,Mihalis Lambrinos
30254,Dean Goss
30255,Tony Alatis
30256,Brodie Smith
30257,Justin Fashanu
30258,Leslie Nielsen
30259,Walter Pidgeon
30260,Anne Francis
30261,Jack Kelly
30262,Warren Stevens
30263,James Drury
30264,Earl Holliman
30265,Robert Duvall
30266,Dwight Yoakam
30267,Tim McGraw
30268,Carlos Enrique Almirante
30269,Mario Guerra
30270,Luis Alberto García
30271,Laura Ramos
30272,James Fleet
30273,John Hannah
30274,David Bower
30275,Charlotte Coleman
30276,David Haig
30277,Corin Redgrave
30278,Charlotte d'Amboise
30279,Hannah Dunne
30280,Michael Esper
30281,Patrick Heusinger
30282,Cindy Katz
30283,Maya Kazan
30284,Justine Lupe
30285,Britta Phillips
30286,Juliet Rylance
30287,Dean Wareham
30288,Peri Gilpin
30289,Ian Nelson
30290,Daniel Bellomy
30291,Wally Dunn
30292,Marceline Hugot
30293,Jason James Richter
30294,Jayne Atkinson
30295,August Schellenberg
30296,Freeway Rick Ross
30297,Dareen Haddad
30298,Wade Allain-Marcus
30299,Melina Lizette
30300,Elsa Biedermann
30301,Katie Blake
30302,Santana Dempsey
30303,Diallo Thompson
30304,Natalia Dominguez
30305,Benjamin A. Onyango
30306,Desalene Jones
30307,Wynton Odd
30308,Ed Gonzalez Moreno
30309,Natasha Dee Davis
30310,Cameron Schaefer
30311,Joshua Flores-Q
30312,Travis Van Winkle
30313,Arlen Escarpeta
30314,Alycia Debnam-Carey
30315,Brit Morgan
30316,Sean Marquette
30317,Liesl Ahlers
30318,Shashawnee Hall
30319,Susan Danford
30320,Saki Tsukamoto
30321,Richard Durden
30322,Bing Yin
30323,François Bredon
30324,Chems Dahmani
30325,Sami Darr
30326,Didier Constant
30327,Rich Froning
30328,James Reilly
30329,John Canoe
30330,Dylan Carusona
30331,Michael Sky
30332,Art Hindle
30333,Ramona Milano
30334,Ngo Thanh Van
30335,Phan Thanh Nhien
30336,Thanh Hoa
30337,Pham Anh Khoa
30338,Forrest Fyre
30339,Paul Blott
30340,Travis Hammer
30341,Ryan Begay
30342,Vincent McDaniel
30343,Kelli Garner
30344,Tyler Patrick Jones
30345,Piper Mackenzie Harris
30346,Justin Mentell
30347,Alex Alembe
30348,Leonard Siampala
30349,Tony B. Lesika
30350,John Goodluck
30351,Rashidi Athuman
30352,Toney Montana
30353,George Ngandu
30354,Rhosinah Sekeleti
30355,Luke Mpata
30356,Lewis Gadson
30357,Manuela Pacq
30358,Harleen Sethi
30359,Priya Malik
30360,Pratik Dixit
30361,Yaroslav Zhalnin
30362,Mikhail Filippov
30363,Olga Ivanova
30364,Vadim Michman
30365,Vladimir Steklov
30366,Viktor Proskurin
30367,Nadezhda Markina
30368,Daniil Vorobyov
30369,Mallory Jansen
30370,Sheryl Sheinafia
30371,Ayu Dyah Pasha
30372,Hengky Tarnando
30373,Sari Koeswoyo
30374,Afalean Lu
30375,Leiya Gao
30376,Charlize Lin
30377,Mandira Bedi
30378,Tanishaa Mukerji
30379,Alan Lee
30380,Natalie Hoover
30381,Janice Kawaye
30382,Julie Ann Taylor
30383,Marc Diraison
30384,Emir Mahira
30385,Ikranagara
30386,Aldo Tansani
30387,Marsha Aruan
30388,Ari Sihasale
30389,Ramzi
30390,Monica Sayangbati
30391,Rendy Khrisna
30392,Eva Swan
30393,Simon Phillips
30394,Justin Gordon
30395,Lance Henriksen
30396,Matthew Edward Hegstrom
30397,Patrick Gorman
30398,Sean Sprawling
30399,Masashi Odate
30400,Jaspinder Cheema
30401,Gurjit Singh
30402,Dilawar Sidhu
30403,Aditya Sharma
30404,Raj Dhaliwal
30405,Esther Anil
30406,Sijoy Varghese
30407,Thanusree Ghosh
30408,Sasi Kalinga
30409,Kishore Sathya
30410,Sethu Lakshmi
30411,Rosin Jolly
30412,Katie Couric
30413,Bettany Hughes
30414,David Fukamachi Regnfors
30415,Sverrir Gudnason
30416,Andreas Kundler
30417,Boman Oscarsson
30418,Lars Green
30419,Sebastian Sporsén
30420,Amanda Ooms
30421,Peter Carlberg
30422,Peter Bergared
30423,Christopher Wagelin
30424,Lars Helander
30425,Emilie Jonsson
30426,Christopher Showerman
30427,Angus T. Jones
30428,Christina Pickles
30429,Kevin Greutert
30430,Keith Scott
30431,Sarah Edmondson
30432,Elisabeth Moss
30433,Warwick Davis
30434,Matt King
30435,Masi Oka
30436,Stacey Dash
30437,Dorian Gregory
30438,Joseph C. Phillips
30439,Larry B. Scott
30440,Earthquake
30441,Moushumi Chatterjee
30442,Shabbir Khan
30443,James Landry Hébert
30444,Michael S. New
30445,Russell Geoffrey Banks
30446,Rich Lee Gray
30447,Elana Krausz
30448,Kevin Ragsdale
30449,Wen-Chu Yang
30450,Katrina Grey
30451,Ikkyu Juku
30452,Kenichirou Matsuda
30453,Matt Long
30454,Raquel Alessi
30455,Laurence Breuls
30456,Shunsuke Sakuya
30457,Takuro Nakakuni
30458,Brit Eaton
30459,Scott Glaves
30460,Tomoyuki Dan
30461,Ikuya Sawaki
30462,Takako Fuji
30463,Sita Nursanti
30464,Lukman Sardi
30465,Indra Birowo
30466,Wulan Guritno
30467,Thomas Nawilis
30468,Robby Tumewu
30469,Jonathan Mulia
30470,Leslie Caron
30471,Maurice Chevalier
30472,Louis Jourdan
30473,Hermione Gingold
30474,Eva Gabor
30475,Jacques Bergerac
30476,Isabel Jeans
30477,John Abbott
30478,Edwin Jerome
30479,Corinne Marchand
30480,Alice Englert
30481,Timothy Spall
30482,Oliver Milburn
30483,Andrew Hawley
30484,JC de Vera
30485,Ejay Falcon
30486,Angelu De Leon
30487,Patrika Darbo
30488,Kim Delaney
30489,Andrew W. Walker
30490,Lindsay Pulsipher
30491,Gary Grubbs
30492,Robin Givens
30493,Arthur Cartwright
30494,Lori Singer
30495,Vincent Zhao
30496,Regina Wan
30497,Yasuaki Kurata
30498,Keisuke Koide
30499,Timmy Hung
30500,Michael Tong
30501,David A.R. White
30502,Paul Kwo
30503,Hadeel Sittu
30504,Trisha LaFache
30505,Cory Oliver
30506,Willie Robertson
30507,Korie Robertson
30508,Josh O'Connor
30509,Alec Secareanu
30510,Gemma Jones
30511,Amol Palekar
30512,Bindiya Goswami
30513,Dina Pathak
30514,Pushpa
30515,Izabella Scorupco
30516,Gottfried John
30517,Desmond Llewelyn
30518,Michael Kitchen
30519,Serena Gordon
30520,Slick Woods
30521,George Sample III
30522,Shaquila Angela Griszell
30523,Khris Davis
30524,Jazmyn Davis
30525,Alana Tyler-Tomkins
30526,Fran Jaye
30527,Natalie Lander
30528,Georgie Kidder
30529,Aaron Pedersen
30530,David Gulpilil
30531,Michelle Lim Davidson
30532,Tommy Caldwell
30533,Fortunato Cerlino
30534,Salvatore Esposito
30535,Fabio de Caro
30536,Christian Giroso
30537,Giovanni Buselli
30538,Carmine Monaco
30539,Marco Palvetti
30540,Vincenzo Fabricino
30541,Maria Pia Calzone
30542,Domenico Balsamo
30543,Emanuele Vicorito
30544,Carmine Battaglia
30545,Alessio Gallo
30546,Meg Steedle
30547,Onur Saylak
30548,Mateo Arias
30549,Dayo Okeniyi
30550,Zoë Kravitz
30551,Ryan Montano
30552,Dylan Kenin
30553,Stafford Douglas
30554,Kari Alison Hodge
30555,Rachel Paulson
30556,Julia Eringer
30557,May Kassab
30558,Ahmed Safwat
30559,Sayed Sadek
30560,Laila Gamal
30561,Thomas Arnold
30562,Diana Hardcastle
30563,Michael Jibson
30564,Lorraine Bracco
30565,Frank Sivero
30566,Tony Darrow
30567,Mike Starr
30568,Frank Vincent
30569,Chuck Low
30570,Simone Baker
30571,Curtiss Cook Jr.
30572,Sang Chon
30573,Ben Munoz
30574,Omono Okojie
30575,Isaiah Jarel
30576,Richard Clarkin
30577,Jeremy Ray Taylor
30578,Wendi McLendon-Covey
30579,Geraldine Somerville
30580,Leighton Meester
30581,Matthew Settle
30582,Taylor Momsen
30583,Jessica Szohr
30584,Zuzanna Szadkowski
30585,Charles S. Dutton
30586,Dorian Harewood
30587,Bee Vang
30588,Ahney Her
30589,Christopher Carley
30590,Brian Haley
30591,Dreama Walker
30592,Kevin McCloud
30593,Pep Anton Muñoz
30594,Luz Valdenebro
30595,Antonio Reyes
30596,Dion Córdoba
30597,Raquel Sierra
30598,Karishma Tanna
30599,Maryam Zakaria
30600,Pradeep Singh Rawat
30601,Emily Chang
30602,Pia Shah
30603,Anthony Ma
30604,Olivia Newton-John
30605,Stockard Channing
30606,Jeff Conaway
30607,Barry Pearl
30608,Michael Tucci
30609,Kelly Ward
30610,Didi Conn
30611,Jamie Donnelly
30612,Eve Arden
30613,Dody Goodman
30614,Sid Caesar
30615,Joan Blondell
30616,Frankie Avalon
30617,Tom Dyckhoff
30618,Daniel Hopwood
30619,Ifeanyi Dike Jr.
30620,Samuel Robinson
30621,Eric Didie
30622,Donatus Ekwuazi
30623,Omoye Uzamere
30624,Yuuka Nanri
30625,Kanako Mitsuhashi
30626,Hidenobu Kiuchi
30627,Norihiro Inoue
30628,Rie Nakagawa
30629,Masami Iwasaki
30630,Caitlin Glass
30631,Alese Johnson
30632,Jerry Jewell
30633,Stephanie Young
30634,Mike McFarland
30635,Guy Martin
30636,Kevin Stone
30637,Fernando Alarcón
30638,Delfina Guzmán
30639,Paty Cofré
30640,Andrés Rillón
30641,Julio Jung
30642,Nicolás Oyarzún
30643,Ayberk Attila
30644,Bülent Çolak
30645,Mine Şenhuy Teber
30646,Doğukan Polat
30647,Tuck Boriboon
30648,Ball Chernyim
30649,Na’Kom Chuanchuen
30650,Makarand Anaspure
30651,Madhura Velankar
30652,İdil Dizdar
30653,Hülya Gülsen Irmak
30654,Canan Özer
30655,Şenay Bozoklar
30656,Emrah Kaman
30657,Nikki Blonsky
30658,Elijah Kelley
30659,Andy McAvin
30660,John Swasey
30661,Jen Taylor
30662,Steve Downes
30663,Michelle Lukes
30664,John Bently
30665,Cole Jensen
30666,Puru Rajkumar
30667,Jaspal Bhatti
30668,Tanaaz Currim Irani
30669,Anthony Barille
30670,Michael Boatman
30671,Michael Dolan
30672,Don James
30673,Michael A. Nickles
30674,Harry O'Reilly
30675,Daniel O'Shea
30676,Tim Quill
30677,Tegan West
30678,Hamada Helal
30679,Mohamed Metwalli
30680,Inas al-Najjar
30681,Sloane Warren
30682,Chelle Ramos
30683,Michael Rose
30684,Henry Paulson
30685,Wendy Paulson
30686,Caroline Dhavernas
30687,Hettienne Park
30688,Lara Jean Chorostecki
30689,Hans Zimmer
30690,Chuang Kai-Hsun
30691,Martin Dingle-Wall
30692,Ken Lally
30693,Kenny Wormald
30694,Connor Williams
30695,Gary Sturm
30696,C.J. Baker
30697,Jeremy Lawson
30698,Liesel Hanson
30699,Kenneth Billings
30700,Michael Tipps
30701,Iván Arana
30702,George Costigan
30703,Shane Zaza
30704,Steve Pemberton
30705,Joe Armstrong
30706,Adam Long
30707,Rick Warden
30708,Rhys Connah
30709,Sawyer Shipman
30710,Nathanael Wiseman
30711,Alexandra Newick
30712,Kat Gellin
30713,Ralph Brown
30714,Beverly Hills
30715,Andrey Dementiev
30716,Dasha Charusha
30717,Svetlana Ustinova
30718,Ilya Naishuller
30719,Harlem Globetrotters
30720,Roger Bart
30721,Danneel Ackles
30722,Eric Winter
30723,Harold Michelson
30724,Lillian Michelson
30725,Harold Shipman
30726,Doug Murray
30727,Shauna MacDonald
30728,Jason Blicker
30729,Jayne Eastwood
30730,Harry DeLeyer
30731,Harry Benson
30732,Rachel Bilson
30733,Wilson Bethel
30734,Ross Philips
30735,Pooja Batra
30736,Aashif Sheikh
30737,Mahavir Shah
30738,Saharul Ridzwan
30739,Mia Ahmad
30740,Hafreez Adam
30741,Hafeez Mikhail
30742,Nadzmi Adhwa
30743,Bella Nazari
30744,Jacob Artist
30745,Jayson Blair
30746,Ashton Moio
30747,Cameron Moulene
30748,Molly Tarlov
30749,Chester Rushing
30750,Anthony Lister
30751,Emily Rose
30752,Richard Donat
30753,Maurice Dean Wint
30754,Adam Copeland
30755,Matt Lasky
30756,Jennifer Blanc
30757,Anthony Brandon Wong
30758,Anna Pniowsky
30759,Abigail Pniowsky
30760,Ryan McDonald
30761,Julian Bailey
30762,Ashleigh Morghan
30763,Bevin Bru
30764,Billy Meade
30765,Hunter Peterson
30766,Chelcie May
30767,Tory Freeth
30768,Michael Herman
30769,Amaka Obiechie
30770,Sam Marra
30771,Cooper Rowe
30772,Paul Capsis
30773,Julian Garner
30774,Tony Nikolakopoulos
30775,Elena Mandalis
30776,Eugenia Fragos
30777,Damien Fotiou
30778,Andrea Mandalis
30779,Maria Mercedes
30780,Dora Kaskanis
30781,Alex Papps
30782,Vassili Zappa
30783,Kelly Noonan
30784,Deepak Chopra
30785,Michael Beckwith
30786,Joe Dispenza
30787,Dr. Jeffrey Thompson
30788,Gregg Braden
30789,Joan Borysenko
30790,Marianne Williamson
30791,Anne Bancroft
30792,Felicity Price
30793,Taylor Dearden
30794,Dave Pettitt
30795,Anthony Padilla
30796,Ian Hecox
30797,Jenn McAllister
30798,Meegwun Fairbrother
30799,Jordan Hayes
30800,Severn Thompson
30801,Catherine Lemieux
30802,John Farley
30803,Dominique McElligott
30804,Ben Esler
30805,Phil Burke
30806,Tom Noonan
30807,Ben Foster
30808,Katy Mixon
30809,William Sterchi
30810,Karel Roden
30811,Ladislav Beran
30812,Biddy Hodson
30813,Kevin Trainor
30814,Portia Doubleday
30815,Denise Boutte
30816,Timon Kyle Durrett
30817,Tiffany Snow
30818,Keith Arthur Bolden
30819,Jeryl Prescott
30820,Saira Banu
30821,Pinchoo Kapoor
30822,P. Jairaj
30823,Lucy Walters
30824,Gina Piersanti
30825,Ryken A. Whitfield
30826,Abel McSurely Bradshaw
30827,Rebecca Spiro
30828,Takeshi Kaneshiro
30829,Yuen Biao
30830,Valerie Chow
30831,Jessica Hester Hsuan
30832,Tak Yuen
30833,Wah Yuen
30834,Corey Yuen
30835,Ann Eleonora Jorgensen
30836,Morten Hee Andersen
30837,Fanny Bernth
30838,Joen Højerslev
30839,Camilla Lau
30840,Maj-Britt Mathiesen
30841,Johanne Dal-Lewkovitch
30842,Cameron Richardson
30843,Hunter Fischer
30844,Robert Catrini
30845,Britain Simons
30846,Solbi
30847,Dong-hyuk Jang
30848,Young-hoon Joo
30849,Mrinalini Sharma
30850,Amruta Patki
30851,Prashant
30852,Amol Mhatre
30853,Qin Hailu
30854,Dong Zijian
30855,Li Yiqing
30856,Fan Qianhui
30857,Jamie Davis
30858,Adam Gazzola
30859,Kevin Ritchie
30860,Michael Landon
30861,Victor French
30862,Mali Harries
30863,Hannah Daniel
30864,Alex Harries
30865,Aneirin Hughes
30866,Daniel Rochford
30867,John Sessions
30868,Jeff Doucette
30869,Raman Trikha
30870,Mahmoud Babai
30871,Tony Ciccone
30872,Parvez Khan
30873,Tristán
30874,Rita Pauls
30875,Vishnu Vinay
30876,Vinay Forrt
30877,Saikumar
30878,Nobi
30879,Sreekumar
30880,Nandu
30881,Amber Valletta
30882,Nathan Lee Graham
30883,Adeel Hussain
30884,Sonya Jehan
30885,Bushra Ansari
30886,Nimra Bucha
30887,Arshad Mahmud
30888,Jamal Shah
30889,Mae Elliessa
30890,Özlem Tekin
30891,Kemal İnci
30892,Caner Alkaya
30893,Ayçe Abana
30894,Camilla Ah Kin
30895,Madeleine Coghlan
30896,Savannah Kennick
30897,Sophie Traub
30898,Jocelin Donahue
30899,Harley Morenstein
30900,Olivia Roush
30901,Clare Grant
30902,Apisit Opasaimlikit
30903,Suthep Po-ngam
30904,Phichet Iamchaonaa
30905,Note Chern-Yim
30906,Krissada Sukosol
30907,Natee Aekwijit
30908,Yoakyake Chernyim
30909,Der Doksadao
30910,Kohtee Aramboy
30911,Subbu Talabi
30912,Dhanu Gowda
30913,H.G. Dattatreya
30914,Suchendra Prasad
30915,Ambujakshi
30916,Neenasam Ashwath
30917,Ani Hovhannisyan
30918,Jonathan Dumontier
30919,Varzu
30920,Sylvie de Neef
30921,Prakashchandra Roy
30922,Nicolas Pierson
30923,Anahit Simonyan
30924,Audrina Patridge
30925,Randy Wayne
30926,Brandon Molale
30927,Melissa Molinaro
30928,Jossara Jinaro
30929,Lonette McKee
30930,Laurieann Gibson
30931,Christopher Shazar
30932,Sierra Aylina McClain
30933,Bryshere Gray
30934,Hayden Panettiere
30935,David Ogden Stiers
30936,Wayne Newton
30937,Amir Bashir
30938,Naveen Kasturia
30939,Virti Vaghani
30940,Mia Rose Frampton
30941,Beth Lacke
30942,Stony Blyden
30943,Juliette Angelo
30944,Lauren Giraldo
30945,Gift Ngoepe
30946,Pachara Chirathivat
30947,Sirachuch Chienthaworn
30948,Gunn Junhavat
30949,Supassra Thanachat
30950,Sedthawut Anusit
30951,Kemisara Paladesh
30952,Jill Halfpenny
30953,Nishant Malkani
30954,Hassan Zaidi
30955,Ravish Desai
30956,Radhika Menon
30957,Aparna Bajpai
30958,Nandini Vaid
30959,Bikramjeet Singh
30960,Q'orianka Kilcher
30961,Ryan Bingham
30962,Cynthia Kirchner
30963,Doug Haley
30964,David Shackelford
30965,John Robinson
30966,Sam Phillips
30967,Kate Bracken
30968,Inge Paulussen
30969,Jan Hammenecker
30970,Johan van Assche
30971,Katrin Lohmann
30972,Roel Vanderstukken
30973,Joren Seldeslachts
30974,Joke Emmers
30975,Guus Bullen
30976,Tiny Bertels
30977,Reinhilde Decleir
30978,Barbara Sarafian
30979,Marek Kondrat
30980,Roman Wilhelmi
30981,Roman Skamene
30982,Čestmír Řanda
30983,Michał Pawlicki
30984,Martin Hron
30985,Stanisława Celińska
30986,Joanna Kasperska
30987,Jaroslava Schallerová
30988,Fran Drescher
30989,James Thomas
30990,Eva Link
30991,Nolan Gerard Funk
30992,Allie MacDonald
30993,Krista Bridges
30994,Zac Posen
30995,Slavoj Zizek
30996,George Harrison
30997,Paul McCartney
30998,Brian Epstein
30999,Bill Irwin
31000,Clint Howard
31001,Josh Ryan Evans
31002,Raphael Alejandro
31003,Raquel Welch
31004,Linda Lavin
31005,Renée Taylor
31006,Natalie Desselle
31007,Mari Morrow
31008,Pierre Edwards
31009,Jermaine 'Huggy' Hopkins
31010,Max Julien
31011,Beverly Johnson
31012,Kate Nelligan
31013,Kaelynn Craddick
31014,Sara Craddick
31015,Kate Capshaw
31016,Adam Baldwin
31017,Rip Torn
31018,Joanna Going
31019,Jean Simmons
31020,Derrick O'Connor
31021,Aditya Pancholi
31022,Swarangi Maharte
31023,Ameya Hunaswadkar
31024,Matthew Wolf
31025,Bryce Johnson
31026,Janyse Jaud
31027,French Tickner
31028,Qayam Devji
31029,Mark Acheson
31030,Bhagyashree
31031,Vivek Shaq
31032,Atiqa Odho
31033,Naveen Waqar
31034,Sara Kashif
31035,Drew Casson
31036,Georgia Bradley
31037,Sam Carter
31038,Tom Scarlett
31039,Nigel Morgan
31040,Colin Stark
31041,Kitty Speed
31042,Steve Austin
31043,Gary Daniels
31044,Emilie Ullerup
31045,Michael Hogan
31046,Donnelly Rhodes
31047,Allen Leech
31048,Will Millard
31049,Drew Aaron
31050,Rebecca Soler
31051,Roy Haylock
31052,Bianca Leigh
31053,Denton Blane Everett
31054,Willam Belli
31055,"D.J. ""Shangela"" Pierce"
31056,Molly Ryman
31057,Ted Ferguson
31058,RuPaul
31059,Brian McCook
31060,Doug Plaut
31061,Heather McDonald
31062,Paula Jai Parker
31063,Isaac Hayes
31064,Hyo-ri Lee
31065,Sang-soon Lee
31066,Ji-eun Lee
31067,Candela Vetrano
31068,Florencia Torrente
31069,Fabiana Cantilo
31070,Usain Bolt
31071,Maris Degener
31072,Daniela Luque
31073,José Antonio Becerril
31074,Paula Serrano
31075,Héctor Loeza
31076,Edson Loyo
31077,Brandon Rosas
31078,Tiosha Bojórquez
31079,Da Peng
31080,Zhang Jiayi
31081,Yi Zhao
31082,Zonghan Li
31083,Tian Xiaojie
31084,Yin Yuanzhang
31085,Enhe Feng
31086,Xin Liu
31087,Jiang Yongbo
31088,Kevin Leslie
31089,Asante Jones
31090,Jordan Whalen
31091,Jane Curtin
31092,Sora Aoi
31093,Popetorn Soonthornyanakij
31094,Briana Shann
31095,Dylan McKiernan
31096,Kate Rutter
31097,Sharon Percy
31098,Kema Sikazwe
31099,Steven Richens
31100,Aarti Mann
31101,Ashley Spillers
31102,Ja Rule
31103,Adrienne Bailon
31104,Stephen Baldwin
31105,Vincent Pastore
31106,T-Bone
31107,Toby Mac
31108,Andrea Savage
31109,Olive Petrucci
31110,Dave Brown
31111,Brett Hull
31112,Rob Ray
31113,Jarome Iginla
31114,Wendel Clark
31115,Scott Parker
31116,Dave schultz
31117,Wang Baoqiang
31118,Shengyi Huang
31119,Mark Wu
31120,Bhargavi Chirmuley
31121,Mahesh Kothare
31122,Sachin
31123,Ashok Saraf
31124,Ben Gleib
31125,Stephen Rannazzisi
31126,Lise Danvers
31127,Fabrice Luchini
31128,Charlotte Alexandra
31129,Paloma Picasso
31130,Pascale Christophe
31131,Florence Bellamy
31132,Jacopo Berinizi
31133,Lorenzo Berinizi
31134,Fan Kuang-yao
31135,Ksenia Solo
31136,Enrico Oetiker
31137,Paolo Bernardini
31138,Beth Riesgraf
31139,David O'Donnell
31140,Nancy Cartwright
31141,Bruno Zanin
31142,Michael Wiseman
31143,Chris Johnson
31144,Halil Sezai Paracıkoğlu
31145,Şafak Pekdemir
31146,Ahmet Uz
31147,Mehmet Selim Akgül
31148,Sinan Çalışkanoğlu
31149,Tuğba Sarıünal
31150,Vahldin Prelic
31151,Lukas Loughran
31152,Michelle Lehane
31153,Milan Kovacevic
31154,Arkie Reece
31155,Vladimir Alenikov
31156,Dominic Power
31157,Swastika Mukherjee
31158,Bratya Basu
31159,Santu Mukherjee
31160,Anindya Bandopadhyay
31161,Poulomi Das
31162,Nigel Akkara
31163,Bhed Sinha
31164,Jonathan Baker
31165,James Van Patten
31166,Consuelo Duval
31167,Darío T. Pie
31168,Leyla Rangel
31169,Oliver Díaz Barba
31170,Dulce Guerrero
31171,Eli Fucile
31172,Martin Hernandez
31173,Ashwin Shukla
31174,Muskaan
31175,Aldan Shaikh
31176,Ayesha
31177,Liz Bonnin
31178,Jon Gupta
31179,Denholm Elliott
31180,Alison Doody
31181,Julian Glover
31182,River Phoenix
31183,Kevork Malikyan
31184,Robert Eddison
31185,Ronald Lacey
31186,Wolf Kahler
31187,Anthony Higgins
31188,Vic Tablian
31189,Philip Stone
31190,Roy Chiao
31191,Jonathan Ke Quan
31192,Ric Young
31193,Chua Kah Joo
31194,Lisa Gay Hamilton
31195,Buck Taylor
31196,Shane Callahan
31197,Til Schweiger
31198,Jacky Ido
31199,Sienna Guillory
31200,Eliza Bennett
31201,Rafi Gavron
31202,Laila
31203,Jessica Lindsey
31204,Daniel Raymont
31205,Alessandra Rosaldo
31206,Hugo Stiglitz
31207,Sammy Pérez
31208,Agustín Bernal
31209,Klea Scott
31210,John Cassini
31211,Alana Husband
31212,Kyla Wise
31213,Camille Sullivan
31214,Darcy Laurie
31215,Eugene Lipinski
31216,Shane Dawson
31217,Steve Greene
31218,Christian Delgrosso
31219,Wendy McColm
31220,Richard Ryan
31221,Tay Zonday
31222,Adam Busch
31223,Matt Stern
31224,Julian Lewis Jones
31225,Marguerite Wheatley
31226,Leleti Khumalo
31227,Patrick Lyster
31228,Penny Downie
31229,Nakhane Touré
31230,Bongile Mantsai
31231,Niza Jay
31232,Thobani Mseleni
31233,Gamelihle Bovana
31234,Halalisani Bradley Cebekhulu
31235,Inga Qwede
31236,Sibabalwe Ngqayana
31237,Siphosethu Ngcetane
31238,Zwelakhe Mtsaka
31239,Shweta Prasad
31240,Dilip Salgaonkar
31241,Gururaj Manepalli
31242,James Lawrence
31243,Kristie Marsden
31244,Mackenzie Gray
31245,Alistair Abell
31246,Catherine Lough Haggquist
31247,Fred Henderson
31248,Dong-yup Shin
31249,Ji-woong Heo
31250,Sam Hammington
31251,Prashant Narayanan
31252,Makarand Deshpande
31253,Sandeep Bose
31254,Steve Guttenberg
31255,Mary-Kate Olsen
31256,Ashley Olsen
31257,Philip Bosco
31258,Amar
31259,Kareem Mahmoud Abdel Aziz
31260,Aminaa Alfakharani
31261,Genna Amr
31262,Mahmoud Ellithy
31263,María Valverde
31264,Joaquín Núñez
31265,Anna Gras
31266,Melody
31267,Marta Pérez
31268,Safinaz
31269,Allen Iverson
31270,Lee So-young
31271,So-yeon
31272,Aman Verma
31273,Orlando Seale
31274,Harry Sadeghi
31275,Stephane Cornicard
31276,Sophia Ellis
31277,Richard Ridings
31278,Howard Samuels
31279,Nora-Jane Noone
31280,Tara Breathnach
31281,Frank O'Sullivan
31282,LisaGay Hamilton
31283,Hattie Winston
31284,Chi Tai
31285,Lan Ngoc
31286,Dustin Nguyen
31287,Thu Trang
31288,Manish Mehta
31289,Megan Richie
31290,Riley Thomas Stewart
31291,Jadon Sand
31292,David Arquette
31293,Corey Burton
31294,Adam Wylie
31295,Saidah Jules
31296,Ravi Gossain
31297,Lehar Khan
31298,Krishang Trivedi
31299,V.M. Badola
31300,Armeena Rana Khan
31301,Bilal Ashraf
31302,Ali Rehman Khan
31303,Hania Aamir
31304,Usman Mukhtar
31305,Takeo Chii
31306,Hisako Manda
31307,Takahiro Azuma
31308,Kazuya Masuda
31309,Brian O'Halloran
31310,Shannon Elizabeth
31311,Mariusz Dmochowski
31312,Ewa Krzyżewska
31313,Włodzimierz Boruński
31314,Andrzej Mrowiec
31315,Józef Rosiński
31316,Piotr Kąkolewski
31317,Beata Nowicka
31318,Edmund Fetting
31319,Grażyna Staniszewska
31320,Andrzej Łapicki
31321,Jeremy Scott
31322,Kenneth Mitchell
31323,Brad Beyer
31324,April Parker-Jones
31325,Alicia Coppola
31326,Clare Carey
31327,Richard Speight Jr.
31328,Shoshannah Stern
31329,Sprague Grayden
31330,John Lloyd Young
31331,Michael Lomenda
31332,Vincent Piazza
31333,Mike Doyle
31334,Renée Marino
31335,Erica Piccininni
31336,Joey Russo
31337,Donnie Kehr
31338,Katherine Narducci
31339,Jewel Thais-Williams
31340,Ulka Gupta
31341,Amit Pachori
31342,Shailesh Dattar
31343,Billy Cox
31344,Jiro Ono
31345,Raj Kapoor
31346,Chanchal
31347,Raj Mehra
31348,Tiwari
31349,Nana Palsikar
31350,Nayampally
31351,Sulochana Chatterjee
31352,Samantha Morton
31353,Art Malik
31354,Eileen Page
31355,Davood Ghadami
31356,Daniel O'Meara
31357,Jill Baker
31358,Josh Daugherty
31359,Oliver Boot
31360,Joe Billingiere
31361,Don Stark
31362,Darwin Shaw
31363,Figs Jackman
31364,Emma Clifford
31365,Christopher Goodman
31366,Cate Fowler
31367,Sean Carrigan
31368,Phil Cheadle
31369,Rupert Frazer
31370,Edmund Kente
31371,John Mellencamp
31372,Ansel Elgort
31373,Souleymane Sy Savane
31374,Joe Egender
31375,Edward Hogg
31376,Ariyon Bakare
31377,Deep Sidhu
31378,Aman Hundal
31379,Pali Sidhu
31380,Elisa Zulueta
31381,Gastón Salgado
31382,Nelson Brodt
31383,Emilia Noguera
31384,Daniel Guillón
31385,Ángela Lineros
31386,Margarita Sanz
31387,Yolanda Corrales
31388,Emilio Savinni
31389,Néstor Galván
31390,Alberto Collado
31391,Rocío García
31392,Luis Maya
31393,Jordana Beatty
31394,Parris Mosteller
31395,Preston Bailey
31396,Kristoffer Ryan Winters
31397,Taylar Hender
31398,Cameron Boyce
31399,Jenica Bergere
31400,Joan Juliet Buck
31401,Benjamin Israel
31402,Laz Alonso
31403,Tasha Smith
31404,Pooch Hall
31405,T.D. Jakes
31406,Romeo Miller
31407,El DeBarge
31408,Brian Stokes Mitchell
31409,Gary Dourdan
31410,Frank Hoyt Taylor
31411,Victoria Jackson
31412,Chuck Russell
31413,Chris Marquette
31414,Fred Ewanuick
31415,Amy Matysio
31416,Stephen Chow
31417,Anita Mui
31418,Carrie Ng
31419,Benjamin Chan
31420,Ka Sang Cheung
31421,Wing Cho
31422,Eddy Ko
31423,Chi Ming Lau
31424,Justin Bieber
31425,Usher Raymond
31426,Sean Kingston
31427,Boyz II Men
31428,Joss Ackland
31429,Peter Stebbings
31430,Sam Redford
31431,John Shrapnel
31432,Donald Sumpter
31433,Mustafa Avkıran
31434,Berk Hakman
31435,Begüm Birgören
31436,Özlem Yılmaz
31437,Yağmur Tanrısevsin
31438,Hasan Küçükçetin
31439,Selda Özer
31440,Yağız Atakan Savaş
31441,Burak Deniz
31442,Cengiz Sezici
31443,Tuğba Melis Türk
31444,Sahidur Rahaman
31445,Urmila Kanitkar
31446,Ashutosh Gaikwad
31447,Ashok Shinde
31448,Madhavi Juvekar
31449,Asha Parekh
31450,Meghanathan
31451,Balachandran Chullikadu
31452,Shivaji Guruvayoor
31453,Kottayam Purushan
31454,Nithin George
31455,Grace Antony
31456,Shalu
31457,Winston Chao
31458,Dhansika
31459,Nitu Pandher
31460,Deep Mandian
31461,Shreya Chawla
31462,Jagpal Singh Chahal
31463,Jyoti Sharma
31464,Janak Joshi
31465,Karan Vinayak
31466,Quvenzhané Wallis
31467,Himesh Reshammiya
31468,Sara Loren
31469,Gaurav Chanana
31470,Sinead Matthews
31471,Cecilia Noble
31472,Karl Johnson
31473,Frederick Schmidt
31474,Manjinder Virk
31475,Yasmin Ponnappa
31476,Mithraboomi Saravanan
31477,Sharad Ponkshe
31478,Smita Shewale
31479,Shweta Kumar
31480,Dino Morea
31481,Smita Bansal
31482,Breckin Meyer
31483,Paxton Whitehead
31484,Matthew Sussman
31485,Veeni Paranjape Joglekar
31486,Mallika Sarabhai
31487,Arun Joglekar
31488,Prakash Bare
31489,Kulappulli Leela
31490,Sangeetha Mohan
31491,Kochu Preman
31492,Akshay Pendse
31493,Umesh Kamat
31494,Sharvari Jamenis
31495,Arun Nalawade
31496,Sanjay Mone
31497,Amita Khopkar
31498,Julie Harris
31499,Paul Roebling
31500,Garrison Keillor
31501,George Black
31502,Arthur Miller
31503,Christopher Murney
31504,Charles McDowell
31505,Horton Foote
31506,George Plimpton
31507,Terry Courier
31508,Jody Powell
31509,Studs Terkel
31510,Kevyn Aucoin
31511,Cindy Crawford
31512,Naomi Campbell
31513,Paulina Porizkova
31514,Sana Javed
31515,Saman Ansari
31516,Salma Hasan
31517,Muhammad Mubarik Ali
31518,Pramod Moutho
31519,Gautami Kapoor
31520,Reema Shaikh
31521,Vinay Jain
31522,Helly Shah
31523,Tara Sharma
31524,Nitish Pandey
31525,Sukhmani Sadana
31526,Dilkhush
31527,Mark Farokh Parakh
31528,Rakesh Roshan
31529,Aradhana
31530,S.N. Banerjee
31531,Sakshi Shivanand
31532,Ritwika Pal
31533,Sara Malakul Lane
31534,Steven Swadling
31535,Georges St-Pierre
31536,Matthew Ziff
31537,T.J. Storm
31538,Fabricio Werdum
31539,Chris Eigeman
31540,Eric Stoltz
31541,Samuel Gould
31542,Cesar Montano
31543,Jake Macapagal
31544,Jomari Angeles
31545,Kokoy DeSantos
31546,Mark van Eeuwen
31547,Jemima West
31548,Igor Dmitriev
31549,Julie Dreyfus
31550,Chiaki Kuriyama
31551,Sonny Chiba
31552,Helen Kim
31553,Claire Smithies
31554,Clark Middleton
31555,Tom McKay
31556,Kelly Gough
31557,Osi Okerafor
31558,Damian Kell
31559,Tim Ahern
31560,Jean-Baptiste Marcenac
31561,Lacy Moore
31562,Brian McGuinness
31563,Luke Pierucci
31564,Grant Cramer
31565,John Allen Nelson
31566,Michael S. Siegel
31567,Peter Licassi
31568,Royal Dano
31569,Christopher Titus
31570,Irene Michaels
31571,Karla Sue Krull
31572,Szabolcs Thuróczy
31573,Zoltán Fenyvesi
31574,Adám Fekete
31575,Dusan Vitanovic
31576,Mónika Balsai
31577,Lidia Danis
31578,Zoltán Mucsi
31579,David Elliot
31580,Scott Kyle
31581,Benjamin O'Mahony
31582,Bryan Parry
31583,Liam Ainsworth
31584,Andy Gibbins
31585,John Doughty
31586,Thomas Davison
31587,Grant Kilburn
31588,Robert Mitchell
31589,Jon-Paul Bell
31590,Ali Cook
31591,Cory Nichols
31592,Christian Madsen
31593,Erin Davie
31594,Chloe Levine
31595,Vanessa Angel
31596,Kaalan Walker
31597,Rachel Hilson
31598,Issac Ryan Brown
31599,Callan Farris
31600,Serenity Reign Brown
31601,Reece Cody
31602,Aiden Akpan
31603,Kapil Sharma
31604,Elli Avram
31605,Jamie Lever
31606,Alex McArthur
31607,Brian Cox
31608,Mook Worranit Thawornwong
31609,Jirakit Thawornwong
31610,Jo Brand
31611,Zizan Razak
31612,Siti Saleha
31613,Izara Aishah
31614,Fadzli Daniel Ali
31615,Usop Wilcha
31616,Dan Baily
31617,Megan Baily
31618,Antonio Quercia
31619,Walter Huston
31620,Dana Andrews
31621,Chandler Canterbury
31622,Lara Robinson
31623,D.G. Maloney
31624,Nadia Townsend
31625,Anders Baasmo Christiansen
31626,Odd Magnus Williamson
31627,Agnes Kittelsen
31628,Peter Wight
31629,Amund Hellum Noraker
31630,Eilif Hellum Noraker
31631,Seema
31632,Hildegun Riise
31633,Peter Andersson
31634,Gard B. Eidsvold
31635,Kristofer Hivju
31636,Birgitte Hjort Sorensen
31637,Stellan Skarsgard
31638,Damandeep Singh Baggan
31639,Smita Malhotra
31640,Baba Sehgal
31641,Deepak Chachra
31642,Tarun Ratnani
31643,Rishi Gambhir
31644,Krisha Fairchild
31645,Alex Dobrenko
31646,Robyn Fairchild
31647,Chris Doubek
31648,Victoria Fairchild
31649,Bryan Casserly
31650,Chase Joliet
31651,Atheena Frizzell
31652,Augustine Frizzell
31653,Bill Wise
31654,Olivia Grace Applegate
31655,Trey Edward Shults
31656,Sharda Agnihotri
31657,Ashok Sonawane
31658,Joy Mukherjee
31659,Al Vicente
31660,Wayne Pére
31661,Jon Arthur
31662,Nick Robinson
31663,Rick Fox
31664,Amy Parrish
31665,Priyanka Setia
31666,Lam Chi-chung
31667,Dong Zhihua
31668,Chiu Chi-ling
31669,Leung Siu-lung
31670,Alyson Stoner
31671,Maile Flanagan
31672,Aarif Rahman
31673,Miya Muqi
31674,Zhang Yixing
31675,Eric Tsang
31676,Jayakrishnan
31677,Mohan Ayroor
31678,M.R. Gopakumar
31679,Shanawas
31680,Adoor Ajayan
31681,Dinesh Panicker
31682,Fahriye Evcen
31683,Asuman Dabak
31684,Ayten Soykök
31685,Mete Horozoğlu
31686,Hüseyin Soysalan
31687,Tolga Karaçelik
31688,Chandrachur Singh
31689,Kygo
31690,Nicolás Vázquez
31691,Julian Kartun
31692,Paula Carruega
31693,Luciano Rossi
31694,Ezequiel Campa
31695,Rosanna DeSoto
31696,Elizabeth Peña
31697,Danielle von Zerneck
31698,Rick Dees
31699,Marshall Crenshaw
31700,Howard Huntsberry
31701,Brian Setzer
31702,Massimiliano Tortora
31703,Anna Maria Barbera
31704,Massimo Ceccherini
31705,Flora Canto
31706,Luis Manuel Ávila
31707,Barbara Torres
31708,Dalilah Polanco
31709,Pierre Angelo
31710,Desmond Sim
31711,Livia Brito
31712,Juan Eduardo Colucho
31713,Arap Bethke
31714,María Fernanda Yépes
31715,María De La Fuente
31716,Verónica Montes
31717,Natasha Domínguez
31718,María Fernanda García
31719,Stephanie Salas
31720,Macarena Achaga
31721,Milia Nader
31722,Francisco Avendaño
31723,Diego Lara
31724,Sandra Itzel
31725,Marisol del Olmo
31726,Gerardo Murguía
31727,Roxana Saucedo
31728,Emmanuel Orenday
31729,Maru Dueñas
31730,Ana Serradilla
31731,Ramiro Meneses
31732,Eileen Moreno
31733,Alexander Gil
31734,Jaihind Kumar
31735,Ashutosh Kaushik
31736,Meenakshi Dixit
31737,Shreya Narayan
31738,Saharat Sangkapreecha
31739,Athipich Chutiwatkajornchai
31740,Deuntem Salitul
31741,Amy Johnston
31742,Muriel Hofmann
31743,Jenny Wu
31744,Kathy Wu
31745,Jet Tranter
31746,Sarita Choudhury
31747,Cindy Cheung
31748,M. Night Shyamalan
31749,Allie Gallerani
31750,Olivia Luccardi
31751,Stephanie Simbari
31752,Nick Clark
31753,Brian Wiles
31754,Carlos Mariño
31755,Fabio Restrepo
31756,Maria Jose Vargas
31757,Karan Patel
31758,Kashmira Shah
31759,Becci Gemmell
31760,Susan Cookson
31761,Mark Benton
31762,Mykola Allen
31763,Jo Woodcock
31764,Seline Hizli
31765,Liam Boyle
31766,Nicholas Shaw
31767,Summer Strallen
31768,Jocelyn Osorio
31769,Eddie J. Fernandez
31770,David Fernandez Jr.
31771,Mauricio Mendoza
31772,Steven Dell
31773,Kye-sang Yoon
31774,Beom-su Lee
31775,Ye-jin Park
31776,Hyung-jin Gong
31777,Jong-jun Jeong
31778,Se-ha Ahn
31779,Jae-yee Goo
31780,Yong-woo Lee
31781,Ramón O. Torres
31782,Sheldon Best
31783,Myles Clohessy
31784,Larry Owens
31785,Gabriel Sloyer
31786,Tsuyoshi Ihara
31787,Ahn Sung-kee
31788,Stephanie Romanov
31789,Daniel Eric Gold
31790,Karim Benzema
31791,Noel O'Donovan
31792,Tony Rohr
31793,Pat Laffan
31794,Alan Devlin
31795,Marie Danielle
31796,Mark Cacciatore
31797,Jeannie Elias
31798,Kat Feller
31799,Richard Rosenblatt
31800,Saskia Portway
31801,Parvathy Ratheesh
31802,Biju Sopanam
31803,Sethulekshmi Amma
31804,Molly Angamaly
31805,Zhang Tianai
31806,Sheng Guansen
31807,Wang Xun
31808,Zhao Jian
31809,He Sui
31810,Luxia Jiang
31811,Chia Yung Liu
31812,Tiet Wo Chu
31813,Sheng Fu
31814,Eugen Sandow
31815,Apollon
31816,Lucas Black
31817,Jeanette Miller
31818,Cameron Harlow
31819,Yancey Arias
31820,Elisa Schnebelie
31821,Raquel Christiana
31822,Lucia Vecchio
31823,Jasmine St. Clair
31824,Allegra Clark
31825,Rosamund Marks
31826,Faye Mata
31827,Bradley Venable
31828,Agniya Kuznetsova
31829,Alexandra Ursulyak
31830,Dmitriy Nazarov
31831,Diomid Vinogradov
31832,Elena Shulman
31833,Kseniya Kutepova
31834,John Cygan
31835,Amanda Allan
31836,Porter Hansen
31837,Mari Devon
31838,Eileen Galindo
31839,Köksal Engür
31840,Jenna Laurenzo
31841,Deirdre O'Connell
31842,Brandon Michael Hall
31843,Elaine Hendrix
31844,Paul Weitz
31845,Lora Burke
31846,Jack Foley
31847,Elitsa Bako
31848,Sam James White
31849,Rachel Vanduzer
31850,Steve Kasan
31851,Carman Lee
31852,Ruby Wong
31853,Raymond Wong Ho-Yin
31854,Kenneth Chan
31855,Micah Lynn Hanson
31856,Elizabeth Becka
31857,Garry Nation
31858,Joseph Callender
31859,Anisa Nyell Johnson
31860,Aowyn Grace Peoples
31861,John Jackson Hunter
31862,Alex Kendrick
31863,Lumi Cavazos
31864,Regina Torné
31865,Ada Carrasco
31866,Yareli Arizmendi
31867,Pilar Aranda
31868,Julius Tennon
31869,Brian Limond
31870,Debbie Welsh
31871,Tom Brogan
31872,Raymond Mearns
31873,Kirstin McLean
31874,Horeya Farghaly
31875,Omar Mustafa Metwally
31876,Riham Ayman
31877,Afaf Rashad
31878,Maher Essam
31879,Hamdy Heykal
31880,Sabry Abdel Moniem
31881,Ray Charles
31882,Sheila E.
31883,Ella Fitzgerald
31884,Flavor Flav
31885,Aretha Franklin
31886,Dizzy Gillespie
31887,Lesley Gore
31888,Herbie Hancock
31889,Jesse Jackson
31890,Frank Sinatra
31891,Leslie Cheung
31892,Jing-Jing Yung
31893,Chen Kuan-tai
31894,Leanne Liu
31895,Tanny Tien Ni
31896,Flynn Curry
31897,Olivia Deeble
31898,Madison Lu
31899,Oisín O'Leary
31900,Faith Seci
31901,Joshua Sitch
31902,Heidi Arena
31903,Wayne Hope
31904,Michael Barbieri
31905,Theo Taplitz
31906,Anthony A. Flamminio
31907,Madison Wright
31908,John Procaccino
31909,Quentin Tarantino
31910,Jitendra Dasadiva
31911,Meena Nahta
31912,Ally Sheedy
31913,Keith Poulson
31914,Peter Hedges
31915,Kristin Slaysman
31916,Molly Plunk
31917,Tenzing Norgay Trainor
31918,Kali Rocha
31919,Benjamin King
31920,Shawn Doyle
31921,Sara Botsford
31922,Andrea Runge
31923,Jennifer Kydd
31924,Kirstin Howell
31925,John Maclaren
31926,Angelique Boyer
31927,Daniela Castro
31928,Ana Bertha Espín
31929,Gabriela Rivero
31930,Alejandra García
31931,Carlos de la Mota
31932,Sergio Sendel
31933,Ferdinando Valencia
31934,Grettell Valdez
31935,Verónica Jaspeado
31936,Margarita Magaña
31937,Alexis Ayala
31938,Alejandra Procuna
31939,Juan Carlos Barreto
31940,Nicholas Rowe
31941,Nick Marcq
31942,Charles Forbes
31943,Lenny McLean
31944,Silas Carson
31945,Maggie Grace
31946,Joseph Gilgun
31947,Tim Plester
31948,Mark Tankersley
31949,Evan Deverian
31950,Melany Bennet
31951,Jordan T. Wilson
31952,Adan Martín Rocha
31953,Richard Jordan
31954,Farrah Fawcett
31955,Peter Ustinov
31956,Roscoe Lee Browne
31957,Randolph Roberts
31958,Gary Morgan
31959,Greg Lewis
31960,Matt Ellis
31961,James Kirk
31962,James Mason
31963,Peter Sellers
31964,Sue Lyon
31965,Gary Cockrell
31966,Jerry Stovin
31967,Diana Decker
31968,Lois Maxwell
31969,Cec Linder
31970,Samantha Spiro
31971,Paul Langlois
31972,Gord Sinclair
31973,Rob Baker
31974,Johnny Fay
31975,Justin Trudeau
31976,Bill Tung
31977,Stanley Sui-Fan Fung
31978,Vivian Chan
31979,Indra Leech
31980,Amy Yip
31981,Fabian Busch
31982,Christoph Maria Herbst
31983,Katja Riemann
31984,Franziska Wulf
31985,Michael Kessler
31986,Thomas Thieme
31987,Payel Sarkar
31988,Deepankar De
31989,Biswajit Chakraborty
31990,Bharat Kaul
31991,Rajat Ganguly
31992,Ivana Acosta
31993,Anna Silk
31994,Richard Howland
31995,K.C. Collins
31996,Duncan Chow
31997,Hank Wu
31998,Calvin Lee
31999,Brave Williams
32000,Tobias Truvillion
32001,LisaRaye McCoy
32002,Charles Malik Whitfield
32003,W. Ellington Felton
32004,Christopher Williams
32005,Angus Whinfield
32006,Jamie Moreen
32007,Raheem Devaughn
32008,Yat Ning Chan
32009,Malhar Thakar
32010,Pratik Gandhi
32011,Aarohi Patel
32012,Maulik Jagdish Nayak
32013,Diana Raval
32014,Roopa Divatia
32015,Aarti Patel
32016,Christy Chung
32017,Keun-suk Jang
32018,Yoon-ah Im
32019,Shi-hoo Kim
32020,Eun-seo Son
32021,In-guk Seo
32022,Bo-ra Hwang
32023,Udom Taephanit
32024,Dakota Loesch
32025,Amy Tsang
32026,John Kapelos
32027,Cruz Kim
32028,Victor J. Ho
32029,Clint Jung
32030,Daniel Phai
32031,Cindy Chu
32032,Brian Kurtis
32033,Pete Herron
32034,Sherif Salama
32035,Mona Hala
32036,Edward Fouad
32037,Ashraf Hamdy
32038,Hamish Daud
32039,R.R. Melati Pinaring
32040,Fico Fachriza
32041,Reynold Hamzah
32042,Rizka Dwi Septiana
32043,Arkanda Saezario Wicaksono
32044,Alan Titchmarsh
32045,David Domoney
32046,Frances Tophill
32047,Katie Rushworth
32048,Jamie Beamish
32049,Tamsin Egerton
32050,Lorcan Cranitch
32051,Erin Kelly
32052,Diane Gaidry
32053,Laura Breckenridge
32054,Michelle Horn
32055,Gustine Fudickar
32056,Ilene Graff
32057,Kevin McCarthy
32058,Markus Flanagan
32059,Tsung-Hua To
32060,Chung-wai Lee
32061,Luciana Aymar
32062,Ma Nien-hsien
32063,Sneha Ullal
32064,Karan Aanand
32065,Rishina Kandhari
32066,Kiearra Soni
32067,Pablo Granados
32068,Felipe Izquierdo
32069,Marcela Guerty
32070,Claudio Torres
32071,Janani Iyer
32072,Kaya Blocksage
32073,Arjun Chakrabarty
32074,Teairra Mari
32075,Derek Kane
32076,Luenell
32077,Teni Panosian
32078,Paul Iacono
32079,Andy Milonakis
32080,Mystikal
32081,Reema Debnath
32082,Hemant Pandey
32083,Sakha Kalyani
32084,Joanne Samuel
32085,Hugh Keays-Byrne
32086,Steve Bisley
32087,Tim Burns
32088,Lisa Aldenhoven
32089,Bertrand Cadart
32090,Aaron Staton
32091,Robert Morse
32092,Christopher Stanley
32093,Jessica Paré
32094,Jay R. Ferguson
32095,Alexa Alemanni
32096,Julie McNiven
32097,Adam Rothenberg
32098,Meagen Fay
32099,Nick Pawlow
32100,Jordu Schell
32101,Jay Kushwara
32102,Michael Townsend Wright
32103,Anthony Kelly
32104,Happy Goldsplatt
32105,Ron Roccia
32106,Fred Pomerleau
32107,Joe Amodei
32108,Nicholas Kitsopoulos
32109,Elaine Jin
32110,Vishesh Bansal
32111,Steve Madden
32112,Daniela Ramírez
32113,Cristobal Tapia Montt
32114,Aida
32115,Matías Bassi
32116,Emanuela Rei
32117,Giorgia Boni
32118,Luca Murphy
32119,Federica Corti
32120,Federico Pedroni
32121,Tiffany Zhou
32122,Sergio Melone
32123,Nathan Simony
32124,Vincent Grass
32125,Jean-Claude Donda
32126,Pascal Sellem
32127,Evelyne Grandjean
32128,Alice Révérend
32129,Kylian Trouillard
32130,Céline Melloul
32131,Tom Barrer
32132,Liam Whaley
32133,Sam Favret
32134,Fabian Bodet
32135,Jamie Lee
32136,Lorenzo Avvenenti
32137,Ross Clarke-Jones
32138,Magnus Carlsen
32139,Umang Jain
32140,Rohit Bakshi
32141,Karan Suchak
32142,Shresth Kumar
32143,Ankit Gera
32144,Rushiraj Pawar
32145,Nikita Sharma
32146,Varun Kapoor
32147,Kamalika Guha Thakurta
32148,Sahil Uppal
32149,Charu Asopa
32150,Aakarshan Singh
32151,Khalid Siddiqui
32152,Abigail Jain
32153,Rishabh Jain
32154,Viraf Patel
32155,Siddhant Karnick
32156,Monica Khanna
32157,Amrita Raichand
32158,Suparna Marwah
32159,Mark Farokh Parekh
32160,Patrick Tse
32161,Betty Ting Pei
32162,Hua Yueh
32163,Chin Siu Ho
32164,Lau Hak-Suen
32165,Kwan Hoi-san
32166,Eva Dedova
32167,Fahreddin Manafov
32168,Melahat Abbasova
32169,Polat Bilgin
32170,Mehmet Çevik
32171,Shamil Suleimanov
32172,Şafak Başkaya
32173,İlker Kızmaz
32174,Kristina Krepela
32175,Ufuk Şen
32176,Beena Kak
32177,Ajit Vachani
32178,Pervin Dastur
32179,Mangal Kenkre
32180,Seema Deshmukh
32181,Josh Stewart
32182,Yvette Yates
32183,Luke Edwards
32184,Jaqueline Fleming
32185,Ben VanderMey
32186,Presley Richardson
32187,Joy Kate Lawson
32188,Karen Mok
32189,Qing Ye
32190,Hai Yu
32191,Sharon Horgan
32192,Dean-Charles Chapman
32193,Sreela Mazumdar
32194,Parambrata Chattopadhyay
32195,Harmony Korine
32196,Skylar Gasper
32197,Brian D. Mays
32198,Herculano Trevino
32199,Angela Woods
32200,Ram Gopal Bajaj
32201,Tom O'Brien
32202,Gaby Hoffmann
32203,Manolo Blahnik
32204,Anna Wintour
32205,André Leon Talley
32206,Candace Bushnell
32207,Isaac Mizrahi
32208,Sofia Coppola
32209,John Galliano
32210,Harold Pinter
32211,Sheila Gish
32212,Aaditya Pratap Singh
32213,Rahat Kazmi
32214,Raina Bassnet
32215,Sakshi Bhat
32216,Lushin Dubey
32217,Maya Krishna Rao
32218,Mitch Eakins
32219,Rosie Fellner
32220,Mackenzie Imsand
32221,Dandy Barrett
32222,Craig Conway
32223,Lydia Hull
32224,Christopher Rob Bowen
32225,Richie Chance
32226,Una Stubbs
32227,Rupert Graves
32228,Steven Moffat
32229,Andy Kindler
32230,Devyani Cm
32231,Saurabh Sachdeva
32232,Viviana Coles
32233,Calvin Roberson
32234,Pepper Schwartz
32235,Jihae
32236,Anamaria Marinca
32237,Nicholas Wittman
32238,Cosima Shaw
32239,Jianqiang Hu
32240,Qiuyan Huang
32241,Qingfu Pan
32242,Yu Hai
32243,Jianwen Zhang
32244,Manny Pacquiao
32245,Michael Smith
32246,Esther Howard
32247,Alex Morgan
32248,Danica Patrick
32249,Russell Wilson
32250,Carmelo Anthony
32251,Dwight Howard
32252,Joe Quesada
32253,Albert Pujols
32254,Brandi Chastain
32255,Cal Ripken Jr.
32256,Lynda Baron
32257,Pixie Davies
32258,Joel Dawson
32259,Mary Portas
32260,Jugal Hansraj
32261,Aradhana Srivastav
32262,Byung-hun Lee
32263,Dong-won Gang
32264,Woo-bin Kim
32265,Ji-won Uhm
32266,Dal-su Oh
32267,Kyung Jin
32268,Lautaro Perotti
32269,Tamara Kiper
32270,Inda Lavalle
32271,Araceli Dvoskin
32272,Gonzalo Ruiz
32273,Patricio Aranguren
32274,Marina Bellati
32275,Luciana Fuks
32276,Sudhir Joshi
32277,Anand Abhyankar
32278,Jerry Lewis
32279,Illeana Douglas
32280,Rance Howard
32281,Mort Sahl
32282,Lee Weaver
32283,Claire Bloom
32284,Irene Wan
32285,Peter Mak
32286,Rainky Wai
32287,Heidi Lee
32288,Kabby Hui
32289,Paulyn Sun
32290,Dominic Ho
32291,Au Cheuk-Man
32292,Ahmed Rizk
32293,Bosy
32294,Hayatem
32295,Tamer Shaltout
32296,John Singleton
32297,Suhas Bhalekar
32298,Manchindra Kamble
32299,Jairam Kulkarni
32300,Nilu Phule
32301,Ines De Tavira
32302,Juan Pablo Campa
32303,Paco de la Fuente
32304,Juan Ugarte
32305,Carlos Aragón
32306,Gloria Toba
32307,Jessy Bulbo
32308,Fabiola Guajardo
32309,Arturo Carmona
32310,Josh Wiggins
32311,Vickie Papavs
32312,Joe Cobden
32313,Ryan Blakely
32314,George Buza
32315,David Proval
32316,Amy Robinson
32317,Richard Romanus
32318,Cesare Danova
32319,George Memmoli
32320,Don McKellar
32321,Liane Balaban
32322,Alannah Ong
32323,Lillian Lim
32324,Jemmy Chen
32325,Jerzy Zelnik
32326,Jerzy Nowak
32327,Ewa Dałkowska
32328,Piotr Machalica
32329,Zygmunt Zintel
32330,Henryk Bista
32331,Amith Chakalakkal
32332,Thanuja Karthik
32333,Krishna Prabha
32334,Ambika Mohan
32335,Illikkett Namboothiri
32336,Michael Blieden
32337,Annabelle Gurwitch
32338,Matt Price
32339,Maura Tierney
32340,Kathleen Roll
32341,Jenna Fischer
32342,Seol-hyun Kim
32343,Seok-jeong Hwang
32344,In-Gum Jung
32345,Ki-jun Shin
32346,Jin-young Jang
32347,Rina Shin
32348,Hye-yoon Kim
32349,Linda Fiorentino
32350,Tony Shalhoub
32351,Mike Nussbaum
32352,Sergio Calderón
32353,Lara Flynn Boyle
32354,Jack Kehler
32355,Tammy Gillis
32356,Sheila Campbell
32357,Dorothy Carroll
32358,Logan Creran
32359,Jason Wishnowski
32360,Aaron Merke
32361,Krystle Snow
32362,Michael O'Sullivan
32363,Sisca Jessica
32364,Mads Koudal
32365,Yusuf Aulia
32366,Laurent Buson
32367,Ratna Galih
32368,Sarwar Ahuja
32369,Candela Antón
32370,Albert Baró
32371,Adrian Grösser
32372,Marcos Franz
32373,Pau Poch
32374,Júlia Creus
32375,Elisabet Casanovas
32376,Iñaki Mur
32377,Pau Durà
32378,Mar del Hoyo
32379,Rubén de Eguia
32380,Patrícia Bargalló
32381,Assun Planas
32382,Pep Jové
32383,Anna Maria Barbany
32384,Marta Marco
32385,Jordi Martínez
32386,Victòria Pagès
32387,Marta Domingo
32388,Anna Ycobalzeta
32389,Pepa López
32390,Francis Duru
32391,Suchitra Bandekar
32392,Siddharth Jadhav
32393,Priya Bapat
32394,Abhijit Kelkar
32395,Vidyadhar Joshi
32396,Peter Firth
32397,Eleanor Matsuura
32398,Thomas Barbusca
32399,Alexa Nisenson
32400,Jacob Hopkins
32401,Scott Haze
32402,Julia Jordan
32403,Matthew Sakimoto
32404,Michael O'Laskey II
32405,Michael R. Gotto
32406,Justin Timsit
32407,Rajia Baroudi
32408,David Bacon
32409,Jim Gray
32410,Karim Prince
32411,Alan Palmer
32412,Tom Wyner
32413,Robert Axelrod
32414,Kerrigan Mahan
32415,Stephen Spinella
32416,Brandon Boyce
32417,Krishnan Balakrishnan
32418,Rebecca Santhosh
32419,Archana Padmini
32420,Apolo Anton Ohno
32421,Sean McCann
32422,Kenneth Welsh
32423,Eddie Cahill
32424,Patrick O'Brien Demsey
32425,Michael Mantenuto
32426,Nathan West
32427,Sam Skoryna
32428,Billy Schneider
32429,Beverley Breuer
32430,Lisa Marie Caruk
32431,Ryan Walter
32432,Nate Miller
32433,Joseph Cure
32434,Scott Johnson
32435,Eric Peter-Kaiser
32436,Bobby Hanson
32437,Robert Emms
32438,Jordan Prentice
32439,Mark Povinelli
32440,Joe Gnoffo
32441,Ronald Lee Clark
32442,Mara Cuevas
32443,Alejandro Durán
32444,Anilú Pardo
32445,Camila Selser
32446,Anne Watanabe
32447,Gaku Hamada
32448,Kengo Kora
32449,Jun Miho
32450,Shion Shimizu
32451,Michitaka Tsutsui
32452,Kevin T. Collins
32453,Richard Epcar
32454,Nora McMenamy
32455,Eva Marcille
32456,Redaric Williams
32457,Paul Hsu
32458,Chunya Chao
32459,Sharon Jones
32460,Anthony Quintal
32461,Marcin Dorociński
32462,Krystof Hádek
32463,Christopher Jaciow
32464,Azad Jazmin
32465,Dira Abu Zahar
32466,Zarina Zainuddin
32467,Devendra Chowhan
32468,Vidushi Mehra
32469,Anant Raina
32470,Justin Rain
32471,Ezra Buzzington
32472,Ian Colletti
32473,Jon Huber
32474,Jack Gwaltney
32475,Sheri Foster
32476,David La Haye
32477,Louise Bourgoin
32478,Tooni Afolayan
32479,Ayo Ogunshina
32480,Dayo Akinpelu
32481,Simi Ogunleye
32482,Lateef Adedimeji
32483,Rasaq Olayiwola
32484,Ayo Adesanya
32485,Wale Akorede
32486,Toyosi Benjamin
32487,Hamzat Sherifdeen
32488,Samuel Olasehinde
32489,Justin Kirk
32490,Brian d’Arcy James
32491,Lizzy
32492,Sang-hee Lee
32493,Lucía Guerrero
32494,Heather Locklear
32495,Gérard Ismaël
32496,Veronica Cartwright
32497,George McGavin
32498,Jonathan Mangum
32499,Erin Allin O'Reilly
32500,Kayden Magnuson
32501,David Milchard
32502,Catherine Tate
32503,Missi Hale
32504,Marcus Griffin
32505,Celeste Henderson
32506,TJ Smith
32507,Rachel Staman
32508,Sue Swan
32509,Josey Montana McCoy
32510,James Horan
32511,Yeni Alvarez
32512,Hank Banks
32513,Dee Dee Green
32514,Andrew Duncan
32515,Larissa Galagher
32516,Lyndsy Kail
32517,Dustin McKenzie
32518,Stephen Dunham
32519,Rosie Shaw
32520,Adrienne Shaw
32521,Malcolm Stewart
32522,Robin Chalk
32523,Alex Hibbert
32524,Jaden Piner
32525,Robert Sheehan
32526,Eric Lampaert
32527,Erika Sainte
32528,Shaz Khan
32529,Abdul Qadir
32530,Shabbir Rana
32531,Sultan Hussain
32532,Ayaz Samoo
32533,Sonia Hussain
32534,Markees Christmas
32535,Lina Keller
32536,Carla Juri
32537,Jakub Gierszal
32538,Levin Henning
32539,Eva Loebau
32540,Chinmay Mandlekar
32541,Pari Telang
32542,S. Joshi
32543,Seth MacFarlane
32544,Kieran Culkin
32545,Cathy Cliften
32546,Phil Crowley
32547,Natalie Coughlin
32548,Thom Barry
32549,Peter Dante
32550,Ohad Naharin
32551,Alfred Cheung
32552,Hu Chin
32553,Chung Ping Geung
32554,Anglie Leung
32555,Melissa Sagemiller
32556,Bill Macy
32557,Matreya Fedor
32558,Gig Morton
32559,Kurt Ostlund
32560,Milo Shandel
32561,Entessar
32562,Ghassan Mattar
32563,Shashi Kala
32564,Nicole Provost
32565,Jonathan Love
32566,Davey Grant
32567,Kermit the Frog
32568,Miss Piggy
32569,Fozzie Bear
32570,Gonzo
32571,Muppets
32572,Steve Whitmire
32573,Eric Jacobson
32574,David Rudman
32575,Matt Vogel
32576,Peter Linz
32577,Alex Barnett
32578,Paul Goldblatt
32579,William Lacey
32580,Beau Sia
32581,Skei Saulnier
32582,Chris Sharp
32583,Molly Malcolm
32584,Benjamin Nathan-Serio
32585,Alex Wagner
32586,Joshua Zamrycki
32587,Marlon Brando
32588,Trevor Howard
32589,Hugh Griffith
32590,Richard Haydn
32591,Tarita
32592,Joe Dinicol
32593,Hrant Alianak
32594,Gautam Kapoor
32595,Jenn Gotzon Chandler
32596,Lorenzo Lamas
32597,Jake Jacobson
32598,Lee Benton
32599,Riley St. John
32600,Cricket St. John
32601,Hasan Abdulfattah
32602,Sulayman Id
32603,Lena Dunham
32604,Thomas Jay Ryan
32605,Matthew Maher
32606,André Bharti
32607,Ray Galletti
32608,Alastair Forbes
32609,Leone Frisa
32610,Paolo Vaccarino
32611,Francesco Migliore
32612,Albrecht Weimer
32613,Giulia Dichiaro
32614,Alessandra Oriti Niosi
32615,Andreas Segeritz
32616,Melvin Odoom
32617,Gaspard Schlatter
32618,Sixtine Murat
32619,Paulin Jaccoud
32620,Michel Vuillermoz
32621,Raul Ribera
32622,Estelle Hennard
32623,Elliot Sanchez
32624,Lou Wick
32625,Brigitte Rosset
32626,Natacha Koutchoumov
32627,Monica Budde
32628,Adrien Barazzone
32629,RJ Anmol
32630,Iris Quinn
32631,Marvin Agustin
32632,Heart Evangelista
32633,Serena Dalrymple
32634,Jiro Manio
32635,Stephen Fung
32636,Joey Yung
32637,Samuel Pang
32638,Serena Po
32639,Ken Chung
32640,Hyper BB
32641,Ka Ho Yu
32642,Frankie Chi-Hung Ng
32643,Lai Hing Chan
32644,Louis Theroux
32645,Sofia Vassilieva
32646,Heather Wahlquist
32647,Evan Ellingson
32648,Mario Maurer
32649,Natcha Juntapan
32650,Nawapaiboon Wuthinanon
32651,Kamolned Ruengsri
32652,Sirapop Daongern
32653,Rakchawan Maroukasonti
32654,Poom Rungsrithananon
32655,Patsomtat Sudprasert
32656,Ranee Campen
32657,Kenneth Branagh
32658,Philip Jackson
32659,Julia Ormond
32660,Joel Hodgson
32661,Michael J. Nelson
32662,Kevin Murphy
32663,Trace Beaulieu
32664,Jim Mallon
32665,Frank Conniff
32666,Mary Jo Pehl
32667,Bill Corbett
32668,Patrick Brantseg
32669,J. Elvis Weinstein
32670,Udhay
32671,Kiran Raj
32672,I.M. Vijayan
32673,Sandhanam
32674,Shivani Bhai
32675,Sangeetha Balan
32676,Darius Rose
32677,Moises Arias
32678,Diego Eduardo Gomez
32679,Carlos Maycotte
32680,Richard Montoya
32681,Cesar Gonzalez
32682,Rafael Montalvo
32683,Leah McNamara
32684,Steve Wall
32685,Ross Noble
32686,Charlotte Bradley
32687,Richard Foster-King
32688,Dennis Bartok
32689,Robert O'Mahoney
32690,Muireann D'Arcy
32691,Karim Saleh
32692,Nicole Haddad
32693,Wedad Abdel Aziz Abdou
32694,Lavrenti Lopes
32695,Jessica Lu
32696,Amin El Gamal
32697,Tom Lenk
32698,Terry Walters
32699,Kathy Ireland
32700,Frank McRae
32701,Dhiru Shah
32702,Gokul
32703,Thomas Bruggemann
32704,Medha Manjrekar
32705,Mrinmayee Deshpande
32706,Neha Pendse
32707,Roman Atwood
32708,Vitaly Zdorovetskiy
32709,Dennis Roady
32710,Ryan Munzert
32711,Amy Carlson
32712,Tyler Elliot Burke
32713,Esther Zynn
32714,Ryan Boudreau
32715,Gordon Buchanan
32716,Kevin Draine
32717,Chris Packham
32718,Diego Muñoz
32719,Marcelo Alonso
32720,Karrueche Tran
32721,Karen Abercrombie
32722,Kandi Burruss
32723,Mary Bond Davis
32724,Jack Osbourne
32725,José Zúñiga
32726,Arjun
32727,Suhasini
32728,Krishna Sekhar
32729,Tatum Marilyn Hall
32730,Nastashia Fuller
32731,Angel Bismark Curiel
32732,John Earl Jelks
32733,James McDaniel
32734,Cymbal Byrd
32735,Michael Hyatt
32736,Marco Rodriguez
32737,Michael Papajohn
32738,Kent Shocknek
32739,James Huang
32740,Wendi Peters
32741,Linda Molloy
32742,Junko Hori
32743,Masako Sugaya
32744,Yuko Mita
32745,Kaneta Kimotsuki
32746,Eiko Yamada
32747,Yuzuru Fujimoto
32748,Yuri Nashiwa
32749,Runa Akiyama
32750,Jarred Blancard
32751,Mitchell A. Lee Yuen
32752,Dean Choe
32753,Richard Yee
32754,Nicole Parker
32755,Lalainia Lindbjerg
32756,Shishir Inocalla
32757,Fiona Scott
32758,Stephen Mendel
32759,Larry Lam
32760,Geoff Wong
32761,Carolina Paulsen
32762,Gabriela Hernandez
32763,Luis Pablo Román
32764,Loreto Aravena
32765,Jenny Wade
32766,Mattis Herman Nyquist
32767,Hallvard Holmen
32768,Atheer Adel
32769,Mohammad-Ali Behboudi
32770,Ayesha Wolasmal
32771,Ramin Yazdani
32772,Jennifer Cameron
32773,Maya Kay
32774,Alan Marriott
32775,Daniela Denby-Ashe
32776,Jo Joyner
32777,Kay Lyon
32778,Craig Sechler
32779,Janna Levin
32780,Eric Meyers
32781,Doug Averill
32782,Lance Lewman
32783,Philip Ettinger
32784,Victor Williams
32785,Rosie O'Donnell
32786,Ashleigh Aston Moore
32787,Chicago
32788,David Morrissey
32789,Sam Bell
32790,Sebastian Urzendowsky
32791,Almila Bagriacik
32792,André Hennicke
32793,Florian Lukas
32794,Florian Stetter
32795,Jonas Leonhardi
32796,Ben Münchow
32797,Maximilian Jaenisch
32798,Cassandra Lee
32799,Stephen Wallem
32800,Dominic Fumusa
32801,Ruby Jerins
32802,Anna Deavere Smith
32803,Stacy Martin
32804,Mia Goth
32805,Violette Wautier
32806,Oasis
32807,Alan McGee
32808,Paul McGuigan
32809,Liam Gallagher
32810,Noel Gallagher
32811,Gabe Liedman
32812,Polly Draper
32813,Paul Briganti
32814,Stephen Singer
32815,Jennifer Kim
32816,Cyrus McQueen
32817,Emily Tremaine
32818,Ernest Mingione
32819,Jacques Perrin
32820,Rie Miyazawa
32821,Lancelot Perrin
32822,Daniel Ewing
32823,Temuera Morrison
32824,Stephanie Jacobsen
32825,Rhiannon Fish
32826,Zachary Garred
32827,Izzy Stephens
32828,Charles Terrier
32829,Felix Williamson
32830,Dean Martin
32831,Sammy Davis Jr.
32832,Peter Lawford
32833,Angie Dickinson
32834,Richard Conte
32835,Cesar Romero
32836,Patrice Wymore
32837,Joey Bishop
32838,Kwok-Kwan Chan
32839,Ken Wong
32840,Rose Chan
32841,Chen Yating
32842,Michael Wai-Man Chan
32843,Philip Chan
32844,Ben Ng
32845,Malena Alterio
32846,Younes Bachir
32847,Bruno Gunn
32848,Tracy Vilar
32849,Sona Eyambe
32850,Corey Taylor
32851,Apaporn Nakornsawan
32852,Pharanyu Rojanawuthitham
32853,Wiradit Srimalai
32854,Ekkachai Srivichai
32855,Chaiwat Thongsaeng
32856,Kachapa Toncharoen
32857,Waraphat Phatsathit
32858,Varuth Waratham
32859,Butsarin Yokpraipan
32860,Al Mukadam
32861,Ryan Cooley
32862,Brianna Daguanno
32863,Oliver Stone
32864,Mai Ezzidine
32865,Lamitta Frangieh
32866,Yim Chau-wah
32867,Wai Yee Chan
32868,Prudence Liew
32869,Poon Wang Ban
32870,Wong Kung-miu
32871,Michael O’Neill
32872,Sweety Pala
32873,Merlvin Mukhim
32874,Richard Kharpuri
32875,Enshon Lamare
32876,Mary Nonghuloo
32877,Destina Mawrie
32878,Anvil Laloo
32879,Tashneem Lyngdoh
32880,Moby
32881,Alex Cohen
32882,Nile Rodgers
32883,Terry Stone
32884,Kate Braithwaite
32885,Holly Earl
32886,Joe Egan
32887,Nadia Forde
32888,Henry Fonda
32889,Charles Bronson
32890,Gabriele Ferzetti
32891,Paolo Stoppa
32892,Woody Strode
32893,Jack Elam
32894,Keenan Wynn
32895,Frank Wolff
32896,Lionel Stander
32897,Nittha Jirayungyurn
32898,Theerapat Sajakul
32899,Prim Bulakul
32900,Kris Srepoomseth
32901,Rermthon Kemapech
32902,Kaz Sawamura
32903,Harry Styles
32904,Niall Horan
32905,Zayn Malik
32906,Louis Tomlinson
32907,Liam Payne
32908,A.R. Rahman
32909,Jurnee Smollett-Bell
32910,April Billingsley
32911,Elizabeth Ludlow
32912,David Kronawitter
32913,Adora Dei
32914,Eric Mendenhall
32915,Kate Kovach
32916,Tanuj Virwani
32917,Narendra Jetley
32918,Aamir Ahmed
32919,Kapil Punjabi
32920,Madhurima Banerjee
32921,Geeta Bisht
32922,Yayaying Rhatha Phongam
32923,Pitchawat Petchayahon
32924,Charlie Ruedpokanon
32925,Kowit Wattanakul
32926,Wannisa Peungpa
32927,Narucha Chaimareung
32928,Michael Ware
32929,Gordon Tootoosis
32930,Jung-jae Lee
32931,Se-yeon Jin
32932,Jun-ho Jeong
32933,Cheol-min Park
32934,Dan Snow
32935,Felicity Ashton
32936,Kevin Fong
32937,Eddie Peng
32938,Carl Ng
32939,Ken Lo
32940,Pawarith Monkolpisit
32941,Jonathan Wu
32942,Chris van Tulleken
32943,Xand van Tulleken
32944,Seung-ho Yoo
32945,Kyung-pyo Go
32946,Ye-won Kim
32947,Hyun Jin Lee
32948,Hai Qing
32949,Du Jiang
32950,Henry Prince Mak
32951,Guo Jiahao
32952,Kate Cobb
32953,Kristopher Lofton
32954,Tim Hopper
32955,Trevor Dawkins
32956,Te-Lo Mai
32957,Kuan Tai Chen
32958,Phillip Ko
32959,Kuan-chung Ku
32960,Kwok Kuen Chan
32961,Hoi Sang Lee
32962,Tau Wan Yue
32963,Chia Tang
32964,Shen Chan
32965,V.K. Sriraman
32966,Lena
32967,Bhagath Baby Manuel
32968,Liam Graham
32969,Clarence John Ryan
32970,Maggie Meyer
32971,Priscilla-Anne Forder
32972,Adriane Daff
32973,Ian Toyne
32974,Ashanth K. Shah
32975,Kumarakom Vasudevan
32976,Sabitha Jayaraj
32977,Thomas J. Kannampuzha
32978,Tommaso Buscetta
32979,Kate Moyer
32980,Carlyn Burchell
32981,John Ralston
32982,Christine Horne
32983,Marcia Bennett
32984,Yuchang Peng
32985,Mingjie Luo
32986,Yongxi Liu
32987,Zhongyu Han
32988,Zhaohua Lu
32989,Adam Collins
32990,Jessica Norris
32991,Ian Hitchens
32992,Steven Blades
32993,Zara Phythian
32994,Anthony Burrows
32995,Andy Calderwood
32996,Emmeline Kellie
32997,Andre Squire
32998,Ollie Christie
32999,Suangporn Jaturaphut
33000,Opal
33001,Dor Yodrak
33002,Pisamai Pakdeevijit
33003,Manthana Wannarod
33004,Supatra Roongsawang
33005,Narisara Sairatanee
33006,Amy Siriya
33007,Indrajeet Soni
33008,Aanand Kale
33009,Benjie Randall
33010,James Marsters
33011,Nellie McKay
33012,Kalabhavan Shajohn
33013,Santhosh Keezhattoor
33014,Valsala Menon
33015,Seema G. Nair
33016,Santo Cilauro
33017,Tom Gleisner
33018,Rebecca Massey
33019,Lucia Mastrantone
33020,Nattanun Jantarawetch
33021,David Bueno
33022,Peerawat Herabat
33023,Andrew Koji
33024,Nahatai Lekbumrung
33025,Lex Luther
33026,Tim Man
33027,Micky Nowacki
33028,Sura Sankum
33029,Amornrit Sriphung
33030,Wood Harris
33031,Cam'ron
33032,Remo Greene
33033,Cynthia Martells
33034,Joyce Walker
33035,Rhys Wakefield
33036,Emily Rios
33037,Nancy Kwan
33038,John Roberts
33039,Annabelle Attanasio
33040,Ching-Ying Lam
33041,Paul Currie
33042,Michael Winsor
33043,Josh Elwell
33044,Sarah Lyle
33045,Ann Magnuson
33046,Ian Buchanan
33047,Patrick Bauchau
33048,Krishan Kumar
33049,Satya Prakash
33050,Master Bobby
33051,Laxmikant Berde
33052,Katie Featherston
33053,Randy McDowell
33054,Amber Armstrong
33055,Mark Fredrichs
33056,Micah Sloat
33057,Ashley Palmer
33058,James Piper
33059,Apoorva Agnihotri
33060,Madhuri Bhatia
33061,Benu Kalsi
33062,Anand Balraj
33063,Ajay Nagrath
33064,Deepak Qazir
33065,Shashi Sharma
33066,Aditya Narayan
33067,Subhash Ghai
33068,Sajitha Madathil
33069,Ansiba
33070,Danna García
33071,Mario Cimarro
33072,Paola Rey
33073,Jorge Cao
33074,Michel Brown
33075,Gloria Gómez
33076,Zharick León
33077,Lorena Meritano
33078,Bruce Payne
33079,Alex Datcher
33080,Michael Horse
33081,Marc Macaulay
33082,Ernie Lively
33083,Jeneva Talwar
33084,J.E. Freeman
33085,Murat Başoğlu
33086,Mustafa Uzunyılmaz
33087,Nusret Çetinel
33088,Ayşenur Yazıcı
33089,Adam Ferrara
33090,Adhir Kalyan
33091,Gary Valentine
33092,Amal Unnithan
33093,Manasa Radhakrishnan
33094,Corey Harrison
33095,Richard Harrison
33096,Rick Harrison
33097,"Austin ""Chumlee"" Russell"
33098,Sayali Bhagat
33099,Davika Hoorne
33100,Wiwat Kongrasri
33101,Kantapat Permpoonpatcharasuk
33102,Annette Funicello
33103,Grace Jones
33104,k.d. lang
33105,Dinah Shore
33106,Eadie del Rubio
33107,Magic Johnson
33108,Elena del Rubio
33109,Zsa Zsa Gabor
33110,Milly del Rubio
33111,Zaidi Omar
33112,Joe Flizzow
33113,Chew Kin-Wah
33114,Simon Woods
33115,Reeve Carney
33116,Harry Treadaway
33117,Sean Maher
33118,Andrea Grano
33119,Mark Cirillo
33120,Nacho San José
33121,Curt Hansen
33122,Trey McCurley
33123,Jimmy Shaw
33124,Theodore Slauson
33125,Richard Portnow
33126,Nicki Aycox
33127,Gordon MacDonald
33128,Daniella Van Graas
33129,Sigrid Bouaziz
33130,Ty Olwin
33131,Hammou Graïa
33132,Audrey Bonnet
33133,Pascal Rambert
33134,Peter Dunning
33135,Vauxhall Jermaine
33136,Colin Moody
33137,Marcus D'Angelo
33138,Brian T. Delaney
33139,Melissa Disney
33140,Bill Lobley
33141,Amanda Céline Miller
33142,Ron Vawter
33143,Robert Ridgely
33144,Lisa Summerour
33145,Kunal Kohli
33146,Jennifer Winget
33147,Sumona Chakravarti
33148,Kanwaljit Singh
33149,Marsha Wattanapanich
33150,Chumphorn Thepphithak
33151,Gacha Plienwithi
33152,Suteerush Channukool
33153,Peeratchai Roompol
33154,Chika Okpala
33155,Sharib Hashmi
33156,Nutan Surya
33157,Jyotii Sethi
33158,Trisha Kale
33159,Namya Saxena
33160,Shivam Pradhan
33161,Kimti Anand
33162,Paras Raj Gandhi
33163,Trae Ireland
33164,Chrystee Pharris
33165,Ebony Byrd Wesley
33166,Marquita Goings
33167,Lew Collins
33168,Kendra Gilliams
33169,Caneil Oliver
33170,Vrinda Gajendra
33171,Alok Rajwade
33172,Sakhi Gokhale
33173,Dinesh Anand
33174,Mink Singh
33175,Héctor Anglada
33176,Jorge Sesán
33177,Pamela Jordán
33178,Adrián Yospe
33179,Walter Díaz
33180,Martín Adjemián
33181,Elena Cánepa
33182,Rubén Rodríguez
33183,Tony Lestingi
33184,Alejandro Pous
33185,Adèle Wismes
33186,Thomas Gonzalez
33187,Clement Metayer
33188,Quentin Thébault
33189,Tristan Farge
33190,Sophie Letourneur
33191,Rick D. Wasserman
33192,Advah Soudack
33193,Marc Worden
33194,Emmanuel Salinger
33195,Pierre Salvadori
33196,Francesco Quinn
33197,Reggie Johnson
33198,Jane Alexander
33199,Maud Adams
33200,Donna Haley
33201,Marisa Berenson
33202,Will Lee
33203,Verna Bloom
33204,Lenore Harris
33205,Pope Francis
33206,Shelley Duvall
33207,Ray Walston
33208,Paul L. Smith
33209,Richard Libertini
33210,Roberta Maxwell
33211,Donovan Scott
33212,Lucie Lucas
33213,Françoise Lebrun
33214,Paulo Calatré
33215,Harris Dickinson
33216,Jonah Hauer-King
33217,Alessandro Cimadamore
33218,Leonardo Salerni
33219,Raphael Desprez
33220,Jerome Holder
33221,Leemore Marrett Jr.
33222,Stephen Boxer
33223,Leo Hatton
33224,Hye-won Jeong
33225,Jin-hong Bae
33226,Do-hyeong Nam
33227,Min-kyu Lee
33228,Brennan Mejia
33229,Yoshi Sudarso
33230,Michael Taber
33231,James Davies
33232,Claire Blackwelder
33233,James Napier
33234,Kevin Duhaney
33235,Emma Lahana
33236,Jeffrey Parazzo
33237,Katrina Devine
33238,Tom Hern
33239,Miriama Smith
33240,Latham Gaines
33241,James Gaylyn
33242,Tracy Lynn Cruz
33243,Patricia Ja Lee
33244,Christopher Khayman Lee
33245,Justin Nimmo
33246,Roger Velasco
33247,Selwyn Ward
33248,Melody Perkins
33249,Mioko Fujiwara
33250,Yuji Kishimoto
33251,Tsuyoshi Takishita
33252,Lex Lang
33253,Jason Smith
33254,Aljin Abella
33255,Anna Hutchison
33256,David de Lautour
33257,Sarah Thomson
33258,Bede Skinner
33259,Holly Shanahan
33260,Richard Simpson
33261,Cameron Rhodes
33262,Elisabeth Easther
33263,Mark Wright
33264,Derek Judge
33265,Michael Chaturantabut
33266,Sean CW Johnson
33267,Alison MacInnis
33268,Sasha Craig
33269,Monica Louwerens
33270,Rhett Fisher
33271,Ron Roggé
33272,Jennifer L. Yen
33273,Kim Strauss
33274,Reggie Rolle
33275,Danny Slavin
33276,Valerie Vernon
33277,Russell Lawrence
33278,Amy Miller
33279,Kazuki Maehara
33280,Eri Tanaka
33281,Terence J. Rotolo
33282,Hiroshi Tsuchida
33283,Tom Whyte
33284,Bob Papenbrook
33285,Mari Maruta
33286,Firass Dirani
33287,Angie Diaz
33288,Richard Brancatisano
33289,Nic Sampson
33290,John Tui
33291,Peta Rutter
33292,Barnie Duncan
33293,Donogh Rees
33294,Geoff Dolan
33295,Pua Magasiva
33296,Sally Martin
33297,Glenn McMillan
33298,Jorgito Vargas Jr.
33299,Jason Chan
33300,Katrina Browne
33301,Grant McFarland
33302,Peter Rowley
33303,Megan Nicol
33304,James Maclurcan
33305,Caitlin Murphy
33306,Samuell Benta
33307,Rhoda Montemayor
33308,Gareth Yuen
33309,Dwayne Cameron
33310,Rod Lousich
33311,David Weatherley
33312,Gerald Urquhart
33313,Ria Vandervis
33314,Mark Ferguson
33315,Ari Boyland
33316,Milo Cawthorne
33317,Mike Ginn
33318,Li Ming Hu
33319,Olivia Tennet
33320,Andrew Laing
33321,Chris Violette
33322,Matt Austin
33323,Monica May
33324,Alycia Purrott
33325,Rene Naufahu
33326,Michelle Langstone
33327,Jim McLarty
33328,Olivia James-Baird
33329,Josephine Davison
33330,Alex Heartman
33331,Erika Fong
33332,Hector David Jr.
33333,Najee De-Tiege
33334,Brittany Anne Pirtle
33335,Jeff Szusterman
33336,Felix Ryan
33337,Steven Skyler
33338,Ricardo Medina Jr.
33339,Andrew M. Gray
33340,Ciara Hanna
33341,John Mark Loudermilk
33342,Azim Rizk
33343,Shailesh Prajapati
33344,Ian Harcourt
33345,Estevez Gillespie
33346,Cameron Jebo
33347,Kate Elliott
33348,Stig Alred
33349,Kate Elliot
33350,Jason Faunt
33351,Erin Cahill
33352,Kevin Kleinberg
33353,Deborah Estelle Phillips
33354,Michael Copon
33355,Kate Sheldon
33356,Edward Lawrence Albert
33357,Brianne Siddall
33358,Eddie Frierson
33359,Blake Foster
33360,Carol Hoyt
33361,Gregg Bullock
33362,Hilary Shepard
33363,Donene Kistler
33364,Alyson Kiperman
33365,Phillip Jeanmarie
33366,Jessica Rey
33367,Jack Guzman
33368,Phillip Andrew
33369,Ann Marie Crouch
33370,Ilia Volok
33371,Sin Wong
33372,Danny Wayne
33373,Namihei Koshige
33374,Akira Madden
33375,David Stenstrom
33376,Tadahiro Nakamura
33377,Kumar Mayank
33378,Sonia Bindra
33379,Arfi Lamba
33380,Sagarika Ghatge
33381,Sulekha Talvalkar
33382,Meera Welankar
33383,Satish Rajwade
33384,Chris Bell
33385,Steven Bauer
33386,Kenneth Tigar
33387,Stanley Anderson
33388,Cherie Chung
33389,Rosamund Kwan
33390,Rebecca Spence
33391,James Vincent Meredith
33392,Lisa Wu
33393,Christopher Nolen
33394,Larry Biela
33395,Jackie Christie
33396,Katharin 'Ladie K' Mraz
33397,Ben Ferencz
33398,Gabriel Goity
33399,Verónica Llinás
33400,Emilio Disi
33401,Namrata Shirodkar
33402,Amanda Plummer
33403,Ving Rhames
33404,Vansh Bhardwaj
33405,Bronson Webb
33406,Zlatko Buric
33407,Bill Thomas
33408,Daisy Lewis
33409,Meiyang Chang
33410,Surbhi Jyoti
33411,Andrea Velasco
33412,Lucy Cominetti
33413,Claudia Celedón
33414,Sylvia Yang
33415,Jay Abdo
33416,Christopher Fulford
33417,Nick Waring
33418,Sophie Linfield
33419,Anu Menon
33420,Rahul Subramanian
33421,Siddharth Dudeja
33422,Utsav Chakraborty
33423,Saadiya Ali
33424,Kavya Bector
33425,Kumar Varun
33426,Sterling Beaumon
33427,Adam Hicks
33428,Ali Lohan
33429,Sabrina Bryan
33430,Rachel Winfree
33431,Diego Acuña
33432,Ekta Kaul
33433,Ashish Sharma
33434,Kanan Malhotra
33435,Sukirti Kandpal
33436,Christine Lakin
33437,Tom Woodruff Jr.
33438,John Duff
33439,Ted Hartley
33440,Dave Engfer
33441,Bob Clendenin
33442,Robert Torti
33443,Brandon Miller
33444,Paul Darnell
33445,Omar Dorsey
33446,Dennis Hayden
33447,Suzanne Krull
33448,Steve Rosenbaum
33449,Andrew Shaifer
33450,Bob Koherr
33451,Sam Wolfson
33452,Beth Kennedy
33453,Corri English
33454,Jonathan Slavin
33455,Kevin Christy
33456,Meredith Salenger
33457,Tunde Adebimpe
33458,Mather Zickel
33459,Anisa George
33460,Robyn Hitchcock
33461,Sister Carol East
33462,Lakshmanan
33463,TVV Ramanujam
33464,Indhumathi
33465,Baby Maya
33466,Master Rohan
33467,Cathy Moriarty
33468,Theresa Saldana
33469,Mario Gallo
33470,Frank Adonis
33471,Joseph Bono
33472,Bikramjeet Kanwarpal
33473,Kunal Sharma
33474,Nimai Bali
33475,Zitao Huang
33476,Sang Ping
33477,Alan Ng
33478,Xu Fan
33479,Veeru Krishnan
33480,Dinesh Thakur
33481,Ranjita Thakur
33482,Veena Gaud
33483,Manju Maini
33484,Susan Lucci
33485,Rebecca Wisocky
33486,Paige O'Hara
33487,Linda Larkin
33488,Mariana Klaveno
33489,Daria Ramirez
33490,Tom Irwin
33491,Edy Ganem
33492,Irene Bedard
33493,Anthony Daniels
33494,Trilok Kapoor
33495,Gagan Malik
33496,Neha Sargam
33497,Neil Bhatt
33498,Seiko Matsuda
33499,Tetsuya Bessho
33500,Beatrice Chien
33501,Samita Bangargi
33502,Shikha Shalu Varma
33503,Jeong Man-sik
33504,Lee Sun-bin
33505,Kim Joo-hyuk
33506,Vinay Apte
33507,Tejaswini Pandit
33508,Saii Ranade
33509,Daksha Mahendra
33510,Urwa Hocane
33511,Gohar Rasheed
33512,Ghana Ali
33513,Shahid Naqvi
33514,Pankhuri Awasthy
33515,Saurabh Pandey
33516,Rohit Purohit
33517,Sooraj Tapar
33518,Mohit Abrol
33519,Seema Kapoor
33520,Donia El Masry
33521,Raouf Mustafa
33522,Asin
33523,Anuradha Patel
33524,Attaporn Teemakorn
33525,Rath Rattasin Nalintanapat
33526,Geng Wayo Assawarungruang
33527,Natalie Wood
33528,Sal Mineo
33529,Jim Backus
33530,Ann Doran
33531,Corey Allen
33532,William Hopper
33533,Rochelle Hudson
33534,Edward Platt
33535,Anahí
33536,Dulce María
33537,Juan Ferrara
33538,Ninel Conde
33539,Leticia Perdigón
33540,Enrique Rocha
33541,Michael James Regan
33542,Tommy James Murphy
33543,Louis Di Bianco
33544,Stefano DiMatteo
33545,Juan Carlos Velis
33546,Katriina Isberg
33547,Danny Bruzzi
33548,Ronnie Rowe Jr.
33549,Brendee Green
33550,A.C. Peterson
33551,Luke Kirby
33552,Adelaide Clemens
33553,Jake Austin Walker
33554,Bruce McKinnon
33555,J.D. Evermore
33556,Johnny Ray Gill
33557,Sharon Conley
33558,Sarah Bishop
33559,Janis McGavin
33560,Bjorn Stewart
33561,Gerard O'Dwyer
33562,Deelia Meriel
33563,Sam Campbell
33564,Anthony Jensen
33565,Robert Anderson
33566,Patrick Swayze
33567,C. Thomas Howell
33568,Darren Dalton
33569,Brad Savage
33570,Doug Toby
33571,Ben Johnson
33572,Rahul
33573,Debdut Ghosh
33574,Anindya Banerjee
33575,Amitabha Bhattacharjee
33576,Usashi Chakraborty
33577,Dipankar Dey
33578,Tim Piggott-Smith
33579,Burnie Burns
33580,Jason Saldaña
33581,Gustavo Sorola
33582,Geoff Lazer Ramsey
33583,Joel Heyman
33584,Matt Hullum
33585,Dan Godwin
33586,Kathleen Zuelch
33587,Yomary Cruz
33588,Nathan Zellner
33589,Lynsey Addario
33590,Omar Victor Diop
33591,Graciela Iturbide
33592,Martin Schoeller
33593,Tom Stoddart
33594,Ilham Shaheen
33595,Rania Yousef
33596,Reggie Yates
33597,Bunny Wailer
33598,Shaheizy Sam
33599,Aniu
33600,Zara Zya
33601,Arja Lee
33602,Heinz Lieven
33603,Gregory Jbara
33604,Meghan Markle
33605,Evelyne Brochu
33606,Chad Krowchuk
33607,Gracyn Shinyei
33608,Krystin Pellerin
33609,Marthe Bernard
33610,Sean McGinley
33611,Bob Cole
33612,Steve O'Connell
33613,Sean Panting
33614,Shawn Roberts
33615,Boris Kodjoe
33616,René Pérez Joglar
33617,Peter Martins
33618,Sean Suozzi
33619,Gretchen Smith
33620,Ashley Laracey
33621,Tiler Peck
33622,Damian Woetzel
33623,Albert Evans
33624,Sterling Hyltin
33625,Craig Hall
33626,Peter Boal
33627,Jock Soto
33628,Adam Barrett
33629,Lung Wei Wang
33630,Lun Hua
33631,Yeong-mun Kwon
33632,Tsui Ling Yu
33633,Wei Hao Teng
33634,Gong Shih
33635,Chetan
33636,Anantharam Karthik
33637,Arpita Banerjee
33638,Lalita Panyopas
33639,Tao Somchai Khemklad
33640,Tack Parunyu Rojanawuttitum
33641,Pongsatorn Jongwilas
33642,Kanthi Pitithan
33643,Plerng Pollapakk Vacharaponghiran
33644,Kritteera Inpornwijit
33645,Kevin Wu
33646,Jin Auyeung
33647,Jon Kit Lee
33648,Shuya Chang
33649,Gemma Chan
33650,Isaac Hempstead Wright
33651,Richard Easton
33652,Rezeta Veliu
33653,Roger Mendoza
33654,Emiliano Becerríl
33655,Sebastián Cordova
33656,Donnie Wahlberg
33657,Trilby Glover
33658,Sahil Joshi
33659,Suhas Sirsat
33660,Vijay Salve
33661,Vitthal Patil
33662,Ketan Pawar
33663,Amanda Hale
33664,Charlene McKenna
33665,Jonathan Barnwell
33666,Ashwin Mushran
33667,Saadhika Randhawa
33668,Ritisha Vijayvargya
33669,Manoj Biddvai
33670,Sayaji Shinde
33671,Swati Chitnis
33672,Sudhir Nema
33673,Rakesh Srivastava
33674,Oris Erhuero
33675,Pierfrancesco Diliberto
33676,Ben Freeman
33677,Marie Everett
33678,Jamie Kenna
33679,James Groom
33680,James G. Nunn
33681,Martyn Ford
33682,Gareth David-Lloyd
33683,Brian Blessed
33684,Kristian Nairn
33685,Jean-Claude Ballard
33686,Gregory Snegoff
33687,Melissa Newman
33688,Tony Oliver
33689,Larry Abraham
33690,Robert V. Barron
33691,Talia Shire
33692,Carl Weathers
33693,Burgess Meredith
33694,Thayer David
33695,Joe Spinell
33696,Jimmy Gambina
33697,Bill Baldwin
33698,Tony Burton
33699,Leonard Gaines
33700,John Pleshette
33701,Sylvia Meals
33702,Hulk Hogan
33703,Ian Fried
33704,Brigitte Nielsen
33705,Michael Pataki
33706,Tommy Morrison
33707,Sage Stallone
33708,Marci Miller
33709,Folake Olowofoyeku
33710,Ramsey Moore
33711,Yancy Butler
33712,Charlie Farrell
33713,Shanna Olson
33714,Nagua Fouad
33715,Ahlam Al-Gritly
33716,Karim El Abnoudi
33717,Hakim
33718,Usha
33719,Jazzy B
33720,Garry Sandhu
33721,Monica Bedi
33722,Sanga Jagir
33723,Tom McCamus
33724,Sandy McMaster
33725,Stephnie Weir
33726,Patrick J. Adams
33727,Mark McKinney
33728,Martin Clunes
33729,Korapat Kirdpan
33730,Mia Farrow
33731,John Cassavetes
33732,Ruth Gordon
33733,Sidney Blackmer
33734,Maurice Evans
33735,Ralph Bellamy
33736,Patsy Kelly
33737,Elisha Cook Jr.
33738,Emmaline Henry
33739,Tom Aldredge
33740,Dieter Riesle
33741,Bárbara Mori
33742,Eduardo Santamarina
33743,Jacqueline Bracamontes
33744,Ana Martín
33745,Yadhira Carrillo
33746,Miguel Pizarro
33747,Manuel Landeta
33748,Antonio Medellin
33749,José Elías Moreno
33750,Olivia Bucio
33751,Sissi Fleitas
33752,Fabián López
33753,Justin Nesbitt
33754,Pedro Rodman Rodriguez
33755,Françoise Yip
33756,Marc Akerstream
33757,Garvin Cross
33758,Morgan Lam
33759,Ailen Sit
33760,Steve Sandvoss
33761,Ayesha Jhulka
33762,Mukul Agarwal
33763,Shweta Menon
33764,Reg Rogers
33765,Lisa Roberts
33766,Kathleen Marshall
33767,Jean Schertler
33768,Tom Hines
33769,Olivia Ritchie
33770,Juliet Mills
33771,Nick Boraine
33772,Rumi Oyama
33773,Sydney Elise Johnson
33774,Sean Dominic
33775,Dustin Harnish
33776,Kearia Schroeder
33777,Michael Toland
33778,Anton Peeples
33779,Mayo Suzukaze
33780,Miki Fujitani
33781,Miina Tominaga
33782,Mika Doi
33783,Yoshito Yasuhara
33784,Tomo Sakurai
33785,John Hennigan
33786,Charles Robinson
33787,Kate Reinders
33788,Usha Nadkarni
33789,Olivier Martinez
33790,Larry Poindexter
33791,James DuMont
33792,Kerem Can
33793,Necmi Yapıcı
33794,Levent Sülün
33795,Erol Gedik
33796,Morgan Taylor Campbell
33797,Munro Chambers
33798,Helene Joy
33799,George Stroumboulopoulos
33800,Silk Smitha
33801,Arvind Deshpande
33802,Rehan Sheikh
33803,Sanya Shamshad
33804,Saeed Akhtar Mirza
33805,Anjan Dutt
33806,Bikram Chatterjee
33807,Sohag Sen
33808,Sumanta Mukherjee
33809,Arun Mukhopadhyay
33810,Arbaz Shaikh
33811,Tanaji Galgunde
33812,Suresh Vishwakarma
33813,Raghavendra Kadkol
33814,Lokesh Gupte
33815,Kishor Mahabole
33816,Mohamed Al Shakankeery
33817,Reem Al Baroudi
33818,Aliaa Al-Husseini
33819,Aparajita Adhya
33820,Kushal Chakraborty
33821,Surangana Banerjee
33822,Virginia Rodriguez
33823,Gopalan
33824,Nicole Saba
33825,Hussien El Imam
33826,Taylor James
33827,Lindsay Wagner
33828,Caitlin Leahy
33829,Frances Sholto-Douglas
33830,Greg Kriek
33831,Bharti Aacharekar
33832,Vyjayanthimala
33833,Rajendra Kumar
33834,Achala Sachdev
33835,Hari Shivdasani
33836,Nicola Lambo
33837,Evan Boymel
33838,John P. Fowler
33839,Erica Duke
33840,Ezra James Colbert
33841,Julie Gayet
33842,Lorànt Deutsch
33843,Bruno Salomone
33844,Didier Brice
33845,Daniela Duspara
33846,Max Cullen
33847,Frédéric Pierrot
33848,Michel Duchaussoy
33849,Dominique Frot
33850,Mélusine Mayance
33851,Gisèle Casadesus
33852,Natasha Mashkevich
33853,Anita Kailey
33854,Daman Singh
33855,Sanju Salonki
33856,Jatinder Lall
33857,Avy Randhawa
33858,Manasi Salvi
33859,Milind Gunaji
33860,Balu Varghese
33861,Anu Sithara
33862,Chali Pala
33863,Kimi Verma
33864,Manpreet Singh
33865,Dolly Minhas
33866,Pooja Tandon
33867,Sterling Magee
33868,Adam Gussow
33869,Deepali Sahay
33870,Ranjeeta Kaur
33871,Luka Kain
33872,Alexia Garcia
33873,Kate Bornstein
33874,Marko Zaror
33875,Charles Fathy
33876,Luke Massy
33877,Riham Hagag
33878,Rocky Kanaka
33879,Rob North
33880,Annie Buckley
33881,Melanie Paxson
33882,Andy McPhee
33883,Jerry Hauck
33884,Mia Serafino
33885,Michelle Arthur
33886,Steven Cabral
33887,David Ross Paterson
33888,Laura Waddell
33889,Paul Tassone
33890,Vanessa Marano
33891,Christopher Tavarez
33892,Nathaniel Buzolic
33893,Evan Castelloe
33894,Jason Davis
33895,Daniel Zovatto
33896,Kevin Seal
33897,Ernie Joseph
33898,Mari Nelson
33899,Sean Nelson
33900,Omar Silva
33901,Aaron Washington
33902,Sara Coates
33903,Basil Harris
33904,Emmy Perry
33905,Elisabeth Röhm
33906,Nikki Hahn
33907,Jack Dylan Grazer
33908,Stephen Snedden
33909,Sterling Sulieman
33910,Katie Lowes
33911,Joshua Malina
33912,Vittorio De Sica
33913,Lea Padovani
33914,Antonio Cifariello
33915,Tina Pica
33916,Mario Carotenuto
33917,Yoka Berretty
33918,Virgilio Riento
33919,Clara Crispo
33920,Pasquale Misiano
33921,Shawn Wayans
33922,Keenen Ivory Wayans
33923,Dan Joffre
33924,Simon Rex
33925,Gracie Whitton
33926,Ava Kolker
33927,Jonathan Sagall
33928,Małgorzata Gebel
33929,Shmulik Levy
33930,Beatrice Macola
33931,Kyme
33932,Joe Seneca
33933,Ellen Holly
33934,Art Evans
33935,James Bond III
33936,Scott Innes
33937,Mary Kay Bergman
33938,B.J. Ward
33939,Jamie Kennedy
33940,Lewis Arquette
33941,Duane Martin
33942,Rebecca Gayheart
33943,Tori Spelling
33944,Matt Keeslar
33945,Kenneth Miller
33946,Jenny Gabrielle
33947,Mo Gallini
33948,Max Pomeranc
33949,Michael Nirenberg
33950,Robert Stephens
33951,Rodriguez
33952,Ulrich Thomsen
33953,Kevin Rees
33954,Lun-Mei Kwai
33955,Kai-xuan Tseng
33956,Devon Song
33957,Jun Lang Huang
33958,Zhan Yuhao
33959,Hee-ae Kim
33960,Ah-in Yoo
33961,Hye-jin Shim
33962,Hyuk-kwon Park
33963,Hye-eun Kim
33964,Soo-jin Kyung
33965,Yong-gun Kim
33966,Chang-wan Kim
33967,Tae-hwan Choi
33968,Kan-hie Lee
33969,Zoe Graham
33970,Pelin Körmükçü
33971,Zeynep Özder
33972,Ayrton Senna
33973,Alain Prost
33974,Frank Williams
33975,Kim Cattrall
33976,Nicolas Wright
33977,Joanna Gleason
33978,Bob Martin
33979,Juan Pablo Olyslager
33980,Costanza Andrade
33981,Vladimir Zelenskiy
33982,Natalya Sumskaya
33983,Viktor Saraykin
33984,Stanislav Boklan
33985,Ekaterina Kisten
33986,Anna Koshmal
33987,Yelena Kravets
33988,Aleksandr Pikalov
33989,Evgeniy Koshevoy
33990,Yuri Krapov
33991,Brett Granstaff
33992,Ron Turner
33993,David Eigenberg
33994,Jason Lewis
33995,Ash Stymest
33996,Ira Max
33997,Lindsay Karamoh
33998,Myriam Djeljeli
33999,Susana Zabaleta
34000,Jorge Salinas
34001,Victor Huggo Martin
34002,Laura Almela
34003,Luis Bordonada
34004,Leo Martini
34005,Manava Naik
34006,Fiona Fullerton
34007,Henry Cele
34008,Dudu Mkhize
34009,Roy Dotrice
34010,Gordon Jackson
34011,Kenneth Griffith
34012,Conrad Magwaza
34013,Patrick Ndlovu
34014,Roland Mqwebu
34015,Gugu Nxumalo
34016,Tu Nokwe
34017,Arvind Goswami
34018,Daisy Irani
34019,Viju Khote
34020,Danny Lee
34021,Hui Siu-Hung
34022,Brian Ireland
34023,Lai Suk-Yin
34024,Yeung Tin-King
34025,Fung Hak-On
34026,Jamie Luk
34027,Sara Paxton
34028,Chris Carmack
34029,Joel David Moore
34030,Rosa Catalano
34031,Priyesh Kaushik
34032,Luvvie Ajayi
34033,Renae Bluitt
34034,Melissa Butler
34035,Lisa Price
34036,Tonya Rapley
34037,Jeffrey DeMunn
34038,Nate Corddry
34039,Brian Anthony Wilson
34040,Joyce Feurring
34041,Steven Rishard
34042,Charles Techman
34043,William Houston
34044,Hans Matheson
34045,Amala
34046,Raghuvaran
34047,J.D. Chakravarthi
34048,Tanikella Bharani
34049,Kayli Mills
34050,Brianna Plantano
34051,Brianna Knickerbocker
34052,Suha Gezen
34053,Kevin Hernandez
34054,Lydia Du Veaux
34055,Alex Calloway
34056,Trevor Gagnon
34057,Devon Gearhart
34058,Jolie Vanier
34059,Rebel Rodriguez
34060,Mick Rock
34061,Lauren Spartano
34062,Niveditha
34063,Amrutha Karagada
34064,Shashank Purushotham
34065,Sidhartha Maadhyamika
34066,Veena Sundar
34067,Ananda Everingham
34068,Natthaweeranuch Thongmee
34069,Achita Sikamana
34070,Unnop Chanpaibool
34071,Titikarn Tongprasearth
34072,Sivagorn Muttamara
34073,Chachchaya Chalemphol
34074,Kachormsak Naruepatr
34075,Julia Jedlikowska
34076,Gaetano Fernandez
34077,Corinne Musallari
34078,Lorenzo Curcio
34079,Andrea Falzone
34080,Federico Finocchiaro
34081,Sabine Timoteo
34082,Julianne Buescher
34083,Kristin Charney
34084,Sarang Sathaye
34085,Madhavi Soman
34086,Neha Mahajan
34087,Tito Ortiz
34088,Nikki Leigh
34089,Kai Scarlett Williams
34090,Marlene Marquez
34091,Pavel Priluchnyy
34092,Karina Razumovskaya
34093,Denis Shvedov
34094,Alexander Oblasov
34095,Igor Zhizhikin
34096,Bogdan Stypka
34097,Alexander Dyachenko
34098,María Fernanda Yépez
34099,Juan Diego Sánchez
34100,Aylín Mujica
34101,Jairo Ordoñez
34102,Urvashi Rautela
34103,Anjali Abrol
34104,Annisa Rawles
34105,Babe Cabita
34106,Elvira Devinamira
34107,Tinna Harahap
34108,Rinna Hassim
34109,Dede Yusuf
34110,Dewi Hughes
34111,Julian Schaffner
34112,Jeannine Wacker
34113,Eileen Grubba
34114,Pavlo Bubryak
34115,Milene Vázquez
34116,Matías Raygada
34117,Claudia Dammert
34118,Marcello Rivera
34119,Atilia Boschetti
34120,Hernán Romero
34121,Ismael Contreras
34122,Leslie Shaw
34123,Hannah Fierman
34124,Justin Welborn
34125,Hayes Mercure
34126,Michael Aaron Milligan
34127,Brittany S. Hall
34128,Lindsey Garrett
34129,William Mark McCullough
34130,Patrick Wood
34131,Drew Sidora
34132,Amber Rose
34133,Brooklyn McLinn
34134,Don Hale Jr.
34135,Anne-Marie Johnson
34136,Peter Weller
34137,Mike Dopud
34138,Rebecca Romijn
34139,Robin Slonina
34140,Craig Tracy
34141,Eve Torres
34142,Amber Kuo
34143,Zhang Jingchu
34144,Ruoyun Zhang
34145,Scottie Thompson
34146,Brittany Daniel
34147,Neil Hopkins
34148,Robin Gammell
34149,Tanya Newbould
34150,J. Paul Boehmer
34151,Katija Pevec
34152,John Ritter
34153,Natalie Canerday
34154,Rick Dial
34155,Brent Briscoe
34156,Amanda Foreman
34157,CCH Pounder
34158,Nina Foch
34159,Keene Curtis
34160,Robert Hall
34161,Caren Pistorius
34162,Rory McCann
34163,Andrew Robertt
34164,Kalani Queypo
34165,Phil Hartman
34166,Kevin Dunn
34167,Camille Mana
34168,Don Wadsworth
34169,Robert Haley
34170,Jenna Marbles
34171,Grace Helbig
34172,Jillian Nelson
34173,Brittany Ross
34174,Rob Van Dam
34175,Charlene Amoia
34176,Jason-Shane Scott
34177,Anthony Batarse
34178,Gerald Webb
34179,Ayesha Takia
34180,Apoorva Jha
34181,Sujiwo Tedjo
34182,Matias Muchus
34183,Dobrina Liubomirova
34184,Isabel Benet
34185,Claudia Fernandez
34186,Astrid Hadad
34187,Toshiro Hisaki
34188,Carlos Nakasone
34189,Nevil Wilton
34190,John Keyser
34191,Raúl Valerio
34192,Monserrat Ontiveros
34193,Daniel Gimenez Cacho
34194,Emilia Clarke
34195,Joonas Suotamo
34196,Patrick Hurd-Wood
34197,Lily Mae Harrington
34198,Ely Henry
34199,Lachlan Buchanan
34200,John Thorsen
34201,Stephen Thorne
34202,Shannon Hartman
34203,Tom Budge
34204,Eddie Baroo
34205,Nash Edgerton
34206,Sangpotirat Perawat
34207,Ruangroj Prachaya
34208,Carrie Underwood
34209,Ross Thomas
34210,Chris Brochu
34211,Lorraine Nicholson
34212,Jeremy Sumpter
34213,Sonya Balmores
34214,Craig T. Nelson
34215,Mark Kubr
34216,Kim Morgan Greene
34217,Titus Kinimaka
34218,Sonya Balmores Chung
34219,Kimberly-Rose Wolter
34220,John Philbin
34221,David Chokachi
34222,Wesley Mann
34223,Sandra Mae Frank
34224,Aurora Heimbach
34225,Craig Fogel
34226,Tony Spitz
34227,Jordan Theodore
34228,Kate Rose Reynolds
34229,Jessie Jordan
34230,Derek Long
34231,Sophia Getz
34232,Amelia Sheeler
34233,Meyer DeLeeuw
34234,Phil Lollar
34235,Alicyn Packard
34236,Joseph J. Terry
34237,Danny Katiana
34238,Tony King
34239,Mary Alice
34240,Irene Cara
34241,Paul Lambert
34242,Beatrice Winde
34243,Dustin Clare
34244,Nick E. Tarabay
34245,Viva Bianca
34246,Daniel Feuerriegel
34247,Sarah Steele
34248,Austin McKenzie
34249,Edgar Arreola
34250,Rosemary Harris
34251,Theresa Russell
34252,Leslie Carrara-Rudolph
34253,Raymond Carr
34254,Aymee Garcia
34255,Jamey Sheridan
34256,Rachel Korine
34257,Jeff Jarrett
34258,Gucci Mane
34259,Ash Lendzion
34260,Emma Holzer
34261,Dale Elliott
34262,Kadeem Wilson
34263,Dennis Titus
34264,Shantol Jackson
34265,Quera South
34266,Aiden Moodie
34267,Ricardo Montalban
34268,Eduardo Gómez
34269,Dani El Rojo
34270,Sabrina Kern
34271,Shaun Fletcher
34272,Lindsay Seim
34273,Trin Miller
34274,Seth Michaels
34275,Justin Miles
34276,Chrishell Hartley
34277,Jason Dolley
34278,Nicole Bilderback
34279,Charlie O'Connell
34280,Chasty Ballesteros
34281,Lyman Chen
34282,Declan Joyce
34283,Frank Rossi
34284,Josh Nuncio
34285,John Tench
34286,Ella Ballentine
34287,Carrie Fisher
34288,Gwendoline Christie
34289,Kelly Marie Tran
34290,Jimmy Vee
34291,Tim Rose
34292,Paul Kasey
34293,Matthew Sharp
34294,Malese Jow
34295,Titus Makin Jr.
34296,Chelsea Gilligan
34297,Gershwyn Eustache Jnr
34298,Ashley Chin
34299,Raphael Sowole
34300,Gilly Gilchrist
34301,Tommy McDonnell
34302,Bernard Yerlès
34303,Roland Vouilloz
34304,Gaspard Boesch
34305,Alexandra Vandernoot
34306,Marie Fontannaz
34307,Lavinia Longhi
34308,Baptiste Gilliéron
34309,Nicolas Hope
34310,Lurie Poston
34311,Elizabeth Yozamp
34312,Logan Manus
34313,Malak Koura
34314,Ashraf Abdel Baqi
34315,Shree Cooks
34316,Suman Mukhopadhyay
34317,Mai Charoenpura
34318,Akara Amarttayakul
34319,Supakson Chaimongkol
34320,Vasana Chalakorn
34321,Arisara Thongborisut
34322,Jeffrey Hollender
34323,Terry McGurrin
34324,Mazin Elsadig
34325,Anastasia Phillips
34326,Jamie Spilchuk
34327,Lauren Lipson
34328,Fiona Reid
34329,Jeff Geddis
34330,Samantha Moon
34331,Jacqueline Youn
34332,Mike Yantzi
34333,Anna Paik
34334,Matt Anipen
34335,Josh Schwartzentruber
34336,Ursula Stolf
34337,Paul Kenny
34338,Bogart Kenny
34339,Roy Dirnbeck
34340,Don Reinhart
34341,Rick Coffill
34342,Cindy Hayden
34343,Raj B. Shetty
34344,Usha Bhandary
34345,Shailashree
34346,Prakash Tuminadu
34347,Amrutha Naik
34348,Shreya Anchan
34349,VJ Vineeth
34350,Rahul Amin
34351,Deepak Rai Panaje
34352,Ramdas
34353,James Sweeney
34354,Hillary Anne Matthews
34355,James Scully
34356,Tom Hulce
34357,Linda Hunt
34358,Paul Mercurio
34359,Bill Hunter
34360,Pat Thomson
34361,Gia Carides
34362,Peter Whitford
34363,John Hannan
34364,Harold Ramis
34365,Warren Oates
34366,John Candy
34367,John Voldstad
34368,Lance LeGault
34369,Judge Reinhold
34370,Jerry Grayson
34371,Rumer Willis
34372,Park Hyung-sik
34373,José Loreto
34374,Milhem Cortaz
34375,Jackson Antunes
34376,Claudia Ohana
34377,Rômulo Arantes Neto
34378,Felipe Titto
34379,Scott Pryor
34380,John Gray
34381,Sara McMann
34382,Ovince Saint Preux
34383,Claudio Amendola
34384,Giulia Gorietti
34385,Antonello Fassari
34386,Nattasha Nauljam
34387,Savithri Sredharan
34388,Mali Levi
34389,Dror Keren
34390,Jin Hee-kyung
34391,Choi Guy-hwa
34392,Kim Young-ho
34393,Melina Vidler
34394,Ella Hunt
34395,Henning Jensen
34396,Cyron Melville
34397,Esben Smed Jensen
34398,Gustav Dyekjaer Giese
34399,Jon Lange
34400,Allan Hyde
34401,Johannes Lassen
34402,Gulnaaz Ansari
34403,Komal Gupta
34404,Esha Amlani
34405,Ashalata Wabgaonkar
34406,Hridaynath Jadhav
34407,Chinmay Kambli
34408,Nandini Bora
34409,Komal Gawade
34410,Owen Campbell
34411,Elizabeth Cappuccino
34412,Max Talisman
34413,Sawyer Barth
34414,Adea Lennox
34415,Ethan Botwick
34416,Rajesh Kumar
34417,Evan Smolin
34418,Junah Jang
34419,Aviva Baumann
34420,Ron O'Neal
34421,Carl Lee
34422,Sheila Frazier
34423,Julius Harris
34424,Charles McGregor
34425,Nate Adams
34426,Polly Niles
34427,Yvonne Delaine
34428,Eva Marie Saint
34429,Glynis Johns
34430,Gerry Bamman
34431,Emmy Laybourne
34432,Jennifer Irwin
34433,Susanne Bartsch
34434,Dheeraj Kumar
34435,Preeti Ganguli
34436,Kranti Prakash Jha
34437,Tej Sapru
34438,Hitesh Bhardwaj
34439,Sadhil Kapoor
34440,Jamie Campbell Bower
34441,Laura Michelle Kelly
34442,Jayne Wisener
34443,Ed Sanders
34444,Odessa Young
34445,Joseph Lyle Taylor
34446,Jonathan Tucker
34447,Gabrielle Rose
34448,Antonia Ribero
34449,Timothy Eulich
34450,Richard Gross
34451,Marika Casteel
34452,Andy Hull
34453,Aaron Marshall
34454,Shane Carruth
34455,Jiang Yiyan
34456,Paw Hee Ching
34457,Sheng Chiang
34458,Siu-Ho Chin
34459,Feng Lu
34460,Chien Sun
34461,Hsueh-erh Wen
34462,Tai-Ping Yu
34463,Kevin Thoms
34464,Don Leslie
34465,Mita Vasisht
34466,Ankush Dubey
34467,Sana Shaikh
34468,Dheirya Sonecha
34469,Michael Biehn
34470,Jeanie Hackett
34471,Brooklyn Sudano
34472,Monique Gabriela Curnen
34473,Michael Irby
34474,James Landry Hebert
34475,Marcus D'Amico
34476,Richa Chadha
34477,Vijay Pande
34478,Talib Mehdi
34479,Tushar Phulke
34480,Mahesh Gupta
34481,Prasad Labhe
34482,Jonathan Demurger
34483,Fanny Valette
34484,Jess Liaudin
34485,Minnie Driver
34486,Nigel Hawthorne
34487,Alex D. Linz
34488,Harrison Chad
34489,George Carlin
34490,Estelle Harris
34491,Brenda Grate
34492,Harrison Fahn
34493,Dolly Shahin
34494,Marwa
34495,Moon Nam-sook
34496,Jeong Hye-ok
34497,Choe Hana
34498,Siddharth Kher
34499,Vaibhav Talwar
34500,Nichole Bloom
34501,Fabianne Therese
34502,Michelle Borth
34503,AJ Bowen
34504,David Warner
34505,Mark Caso
34506,Michelan Sisti
34507,Leif Tilden
34508,Kenn Scott
34509,Ernie Reyes Jr.
34510,Kevin Nash
34511,Judith Hoag
34512,David Forman
34513,Michael Turney
34514,Jay Patterson
34515,Raymond Serra
34516,Raghu Ram
34517,Dharampal
34518,Ali Asghar
34519,Lautaro Bettoni
34520,Boy Olmi
34521,Pilar Benitez Vibart
34522,Diana Szeinblum
34523,Lau Ho-Chi
34524,Leung Kin-Ping
34525,Aarón Díaz
34526,Cynthia Klitbo
34527,Ana Brenda Contreras
34528,Daniel Arenas
34529,Felicia Mercado
34530,Silvia Mariscal
34531,Nick Stahl
34532,Kristanna Loken
34533,David Andrews
34534,Earl Boen
34535,Moira Sinise
34536,Chopper Bernet
34537,Christopher Lawford
34538,Moon Bloodgood
34539,Jadagrace
34540,Vanessa Paradis
34541,Jenna Kanell
34542,Samantha Scaffidi
34543,David Howard Thornton
34544,Catherine Corcoran
34545,Pooya Mohseni
34546,Matt McAllister
34547,Katie Maguire
34548,Gino Cafarelli
34549,Cory DuVal
34550,Michael Leavy
34551,Diljott
34552,Harinder Bhullar
34553,Virast Sandhu
34554,Simran Sehajpal
34555,Kangna Ranaut
34556,Avika Gor
34557,Sanjay Keni
34558,Priya Raina
34559,Debra Jo Rupp
34560,Tanya Roberts
34561,Lisa Robin Kelly
34562,Adrian Ladron
34563,Andoni Gracia
34564,Adam LeFevre
34565,Rynn Lim
34566,Aric Ho
34567,Jakob Davies
34568,Robin Dunne
34569,Gabrielle Miller
34570,Josh McDonald
34571,Glenn Paradis
34572,Craig Behenna
34573,Stavroula Mountzouris
34574,Aletheia Burney
34575,Cayden Boyd
34576,Jacob Davich
34577,Rico Torres
34578,Joe Starr
34579,Sol Moreno
34580,Jonathan Sandor
34581,Alejandro Urdapilleta
34582,Julieta Cardinali
34583,Raúl Hochman
34584,Ricardo Merkin
34585,Carlos Piñeyro
34586,Kang-ho Song
34587,Gong Yoo
34588,Ji-min Han
34589,Tae-goo Eom
34590,Sung-rok Shin
34591,Hee-soon Park
34592,Young-ju Seo
34593,Nina Siemaszko
34594,Shawna Waldron
34595,Jesse James
34596,Isabel Conner
34597,Brendan Donaldson
34598,Annabel Armour
34599,Andy Griffith
34600,Frances Bavier
34601,Howard McNear
34602,Hope Summers
34603,Hesham Al-Meligy
34604,Farida Al-Gready
34605,Mohamed Abo El Hassan
34606,Amr Sakr
34607,Ahmed Gamal Saeed
34608,Jamie Durie
34609,Laurence Llewelyn-Bowen
34610,Álvaro Ogalla
34611,Vicky Peña
34612,Juan Calot
34613,Kaiet Rodriguez
34614,Tino Martinez
34615,Mercedes Hoyos
34616,Marie Matiko
34617,Liliana Komorowska
34618,Brent Langdon
34619,Adrian Hough
34620,Ken Kirzinger
34621,Caroline Chan
34622,Jane Perry
34623,Olwen Catherine Kelly
34624,Kimberly Crandall
34625,Jean Louisa Kelly
34626,Charlie DePew
34627,Tom Amandes
34628,Spencer List
34629,Jacqueline Mazarella
34630,Vanessa Howard
34631,Aaron Kwok
34632,Chien-lien Wu
34633,Mischa Barton
34634,Jackson Davis
34635,Cayleb Long
34636,Bailey Anne Borders
34637,Jane Darwell
34638,Issac Dang
34639,Christy Yow
34640,Francesca Stavrakopoulou
34641,Tommy Avallone
34642,Peter Farrelly
34643,Lukas Hassel
34644,Augie Duke
34645,Caleb Scott
34646,James Duval
34647,Tiffany Shepis
34648,Greg Ellwand
34649,Heather Tod Mitchell
34650,Peter James Haworth
34651,Christa Théret
34652,Olivier Loustau
34653,Stéphane Rideau
34654,Pierre Berriau
34655,Deborah Grall
34656,Vincent Martinez
34657,Holmes Osborne
34658,Sam Oz Stone
34659,Deborah Rush
34660,Ben Robson
34661,James Russell
34662,Jett Klyne
34663,Jack Scanlon
34664,Amber Beattie
34665,Sheila Hancock
34666,Richard Johnson
34667,Nicky Katt
34668,Lenny Venito
34669,Nick Loeb
34670,Soma Chhaya
34671,Ali Badshah
34672,Shaista Latif
34673,Kawa Ada
34674,Noorin Gulamgaus
34675,Ivan Sergei
34676,Vernon Vaughn
34677,Chidinma Ekile
34678,Ayo Akinwale
34679,Akim Mogaji
34680,Heath Ledger
34681,Julian Bleach
34682,Tomás Hanák
34683,Laura Greenwood
34684,Alfonso Freeman
34685,Rob Morrow
34686,Rowena King
34687,Christopher Stapleton
34688,Dina
34689,Cressida Bonas
34690,Shawn Hatosy
34691,Sydney Schafer
34692,Tokala Black Elk
34693,Mike McColl
34694,Jacob Ming-Trent
34695,Sarah Adler
34696,Tim Kalkhof
34697,Roy Miller
34698,Sandra Sade
34699,Tamir Ben-Yehuda
34700,Stephanie Stremler
34701,Tagel Eliyahu
34702,Alexia Fast
34703,Arsinée Khanjian
34704,Aidan Shipley
34705,Kathleen Lloyd
34706,John Marley
34707,R.G. Armstrong
34708,Elizabeth Thompson
34709,Roy Jenson
34710,Kyle Richards
34711,Vince Carter
34712,Erika Christensen
34713,Ahmed Ezz
34714,Ahmed Salah Hosny
34715,Aïcha Ben Ahmed
34716,Rania Elkhatib
34717,Nico Panagio
34718,Aurélie Eliam
34719,Peter King Nzioki Mwania
34720,Fatym Layachi
34721,Angélique Kidjo
34722,Callum Blue
34723,Nadine Velazquez
34724,Danielle Lauder
34725,Kate Linder
34726,Neil Thackaberry
34727,Alden Tab
34728,Dan Hong
34729,Mark Olive
34730,Melissa Leong
34731,Maeve O'Meara
34732,Mostafa Shaban
34733,Ahmed Salah Al-Saadany
34734,Ashraf Zaki
34735,Fatma Nasser
34736,Ali Hassanein
34737,Majed Abdulazim
34738,Henry Goodman
34739,Frances Barber
34740,Luis Rosales
34741,Nancy Talamantes
34742,Óscar Torres
34743,Leidi Gutiérrez
34744,José Santillán Cabuto
34745,Edward Coward
34746,Alicia Quiñonez
34747,Raquel Presa
34748,Susana Pérez
34749,Gisela Madrigal
34750,Jorge Calderon
34751,Felipe Tututi
34752,Sylvester McCoy
34753,Susan Boyle
34754,Barbara Flynn
34755,Jacob Buster
34756,Anson Bagley
34757,Grace Hallows
34758,Josh Reid
34759,Cooper Daniel Johnson
34760,Alison Akin Clark
34761,Brian Neal Clark
34762,Evan Clark
34763,Caitlin E.J. Meyer
34764,Gabe White
34765,Steve McQueen
34766,Edward G. Robinson
34767,Karl Malden
34768,Cab Calloway
34769,Jeff Corey
34770,Theo Marcuse
34771,Marcus du Sautoy
34772,Tonye Patano
34773,Cady Huffman
34774,Claire Coffee
34775,David Blue
34776,Kelsey Tucker
34777,Michael Draper
34778,Jason Tobias
34779,Gabrielle Stone
34780,Catherine Johnson
34781,Jaeden Lieberher
34782,Khaled Saleh
34783,Ahmed el-Sakka
34784,Khaled Sarhan
34785,Mustafa Haridi
34786,Robin Tunney
34787,Nathaniel Marston
34788,Cliff De Young
34789,Assumpta Serna
34790,Park Hee-bon
34791,Phillip Choi
34792,Hong Wan-pyo
34793,Choi Bae-yeong
34794,Yang Hyeon-min
34795,Chris Sanders
34796,Randy Thom
34797,Brandon Lee
34798,Rochelle Davis
34799,Bai Ling
34800,Sofia Shinas
34801,Anna Levine
34802,Angel David
34803,Laurence Mason
34804,Michael Massee
34805,Jon Polito
34806,Jan Himilsbach
34807,Stanislaw Tym
34808,Jerzy Dobrowolski
34809,Zdzislaw Maklakiewicz
34810,Andrzej Dobosz
34811,Feridun Erol
34812,Jolanta Lothe
34813,Wanda Stanisławska-Lothe
34814,Breffini McKenna
34815,Joe Savino
34816,Birdie Sweeney
34817,Andree Bernard
34818,Aman Attar
34819,Prisia Nasution
34820,Jim Henson
34821,Kathryn Mullen
34822,Stephen Garlick
34823,Lisa Maxwell
34824,Billie Whitelaw
34825,Percy Edwards
34826,Joseph O'Conor
34827,Mahesh Bhatt
34828,Avii
34829,Nikhil Ratnaparkhi
34830,Neha Khan
34831,Alisha Khan
34832,Irfan Hussein
34833,Jyoti Malshe
34834,Sayed Gul
34835,Ewen Leslie
34836,Kevin Jorgeson
34837,Mac Heywood
34838,Kedar Brown
34839,Mark Edwards
34840,Alex Frnka
34841,Sarah Davenport
34842,Jennifer Robyn Jacobs
34843,Gillian Vigman
34844,Kevin Blake
34845,Simon Quarterman
34846,Evan Helmuth
34847,Ionut Grama
34848,Suzan Crowley
34849,Bonnie Morgan
34850,Brian Johnson
34851,Josh Grelle
34852,Felecia Angelle
34853,Anthony Bowling
34854,Aaron Dismuke
34855,Max Rose
34856,Merrin Dungey
34857,Chloe Perrin
34858,Kurt Carley
34859,Vikri Septiawan
34860,Rendy Ahmad
34861,Azwir Fitrianto
34862,Maudy Ayunda
34863,Leo Fitzpatrick
34864,Mike Houston
34865,Jasper Newell
34866,Kevin Heffernan
34867,James Roday
34868,Michael Roof
34869,Willie Nelson
34870,April Scott
34871,Hal Williams
34872,Sherilyn Fenn
34873,Rebecca Front
34874,Ben Addis
34875,Caroline Bartleet
34876,Ed Birch
34877,Dylan Edwards
34878,Nathaniel Gleed
34879,Vaidotas Martinaitis
34880,Zora Bishop
34881,Aaron Moorhead
34882,Justin Benson
34883,Ellen Sandweiss
34884,Richard DeManincor
34885,Betsy Baker
34886,Theresa Tilly
34887,Bill Vincent
34888,Scott Spiegel
34889,Ivan Raimi
34890,David Horton
34891,John Cameron
34892,Mark Dexter
34893,Kika Magalhães
34894,Paul Nazak
34895,Clara Wong
34896,Diana Agostini
34897,Paul Nicholls
34898,Demosthenes Chrysan
34899,Shaban Arifi
34900,Julia Ragnarsson
34901,Osy Ikhile
34902,Sidney Kean
34903,Lisa McAllister
34904,Catherine Winter
34905,Amarildo Kola
34906,Julius Peter Wells
34907,Jenée LaMarque
34908,Angela Trimbur
34909,Josh Fadem
34910,Ever Mainard
34911,Melissa McMeekin
34912,Bianca Hunter
34913,Erica McDermott
34914,Jill Quigg
34915,Kate B. O'Brien
34916,Sugar Ray Leonard
34917,Tosin Sido
34918,David J. Oserwe
34919,Kate Adepegba
34920,Muraina Oyelami
34921,Wale Adebayo
34922,Ombo Gogo Ombo
34923,Andrew Fiscella
34924,Stephanie Honoré
34925,Pantelis Kodogiannis
34926,Kassandra Voyagis
34927,Georges Corraface
34928,Yorgo Voyagis
34929,Kelly Eleftheriou
34930,Gregorio Duvivier
34931,Fábio Porchat
34932,Antonio Tabet
34933,Robson Nunes
34934,João Vicente de Castro
34935,Estevam Nabote
34936,Sura Berditchevsky
34937,Fábio de Luca
34938,Stephen Collins
34939,Jennie Dundas
34940,Eileen Heckart
34941,O.T. Fagbenle
34942,Michael Maloney
34943,Jonathan Kerrigan
34944,Don Warrington
34945,Sophia La Porta
34946,Philip Kwok
34947,Pai Wei
34948,Shu Pei Sun
34949,Sun Chien
34950,Dann Florek
34951,Sam Raimi
34952,Harvey Korman
34953,Mark Addy
34954,Joan Collins
34955,Hung Wei
34956,Wu Chi Liu
34957,Yang Chiang
34958,Liu Yifei
34959,Li Bingbing
34960,Morgan Benoit
34961,Juana Collignon
34962,Wang Deshun
34963,Thomas McDonell
34964,Katie Leung
34965,Dermot Crowley
34966,Rory Fleck Byrne
34967,Liu Tao
34968,Clem Tibber
34969,Elarica Johnson
34970,James Doherty
34971,Shaun Dingwall
34972,Lyndsey Marshal
34973,Hayden Byerly
34974,David Lambert
34975,Danny Nucci
34976,Cierra Ramirez
34977,Ric Reitz
34978,John Carroll
34979,Wilbur Fitzgerald
34980,Jossi Wells
34981,Olga Valentina
34982,Michael McGrady
34983,Sarah Burgess
34984,Ryan Dillon
34985,Louise Gold
34986,Andrew Spooner
34987,Mak Wilson
34988,Rachel Maryam Sayidina
34989,Trey Gondokusumo
34990,Lili Harahap
34991,Aurora Yahya
34992,Wilza Lubis
34993,Nico Siahaan
34994,Garland Scott
34995,Frank Mosley
34996,Alexia Rasmussen
34997,Gil Darnell
34998,Dasha Nekrasova
34999,Nattalyee Randall
35000,Linda Kennedy
35001,Peter Mayer
35002,Curtis York
35003,Dennis Lebby
35004,Yorick van Wageningen
35005,Kirill Cernyakov
35006,Brynie Furstenberg
35007,Lenny Ravitz
35008,Alexey Tritenko
35009,Adi Kvetner
35010,Mariya Khomutova
35011,Veronika Shostak
35012,Konstantin Anikienko
35013,Zachary Spicer
35014,Wrenn Schmidt
35015,Laura Innes
35016,Anne Dudek
35017,Bailey Noble
35018,Selva Rasalingam
35019,Mourad Zaoui
35020,El Mahmoudi M'Barek
35021,Abdelilah Wahbi
35022,Abdelaziz N'Mila
35023,Ait Youssef Youssef
35024,Karima Gouit
35025,Mohamed El Korchi
35026,Ramdane Aala
35027,Sujit Kumar
35028,Motoki Kobayashi
35029,Robert Mammone
35030,Natalie Mendoza
35031,James Carpinello
35032,Martin Compston
35033,Jack Roth
35034,Jack Gordon
35035,Nicholas Murchie
35036,Del Synnott
35037,Richard Hope
35038,John Salthouse
35039,Jamie Harris
35040,Chad L. Coleman
35041,Jeff Lewis
35042,Robin Thorsen
35043,Vincent Caso
35044,Andrew Divoff
35045,Gabrielle Bourne
35046,Bayley Corman
35047,Shae Smolik
35048,David Naughton
35049,Darby Walker
35050,Shanna Collins
35051,Marin Hinkle
35052,Jessica Lowndes
35053,Camilla Luddington
35054,Carol Sutton
35055,Dana Ivey
35056,Amy Beckwith
35057,Kelsey Scott
35058,Lauren Miller
35059,Tarra Riggs
35060,Wes Chatham
35061,Roslyn Ruff
35062,Brian Kerwin
35063,Shane McRae
35064,Charles Cooper
35065,Leslie Jordan
35066,La Chanze
35067,Elizabeth Smith
35068,Tiffany Brouwer
35069,Nina Kiri
35070,Ry Barrett
35071,Jorja Cadence
35072,Will King
35073,Nina Richmond
35074,Beatriz Medina
35075,Olivia Baglivi
35076,Paula Soldevila
35077,Nacho Coronado
35078,Beatriz Olivares
35079,Rico Rodriguez
35080,Jacob Loeb
35081,Karli Hall
35082,David H. Stevens
35083,Derek Boone
35084,Pongsak Pongsuwan
35085,Sarawut Phumthong
35086,Petchtai Wongkamlao
35087,Tyler Rasch
35088,Guillaume Patry
35089,Nikolai Johnsen
35090,Vicellous Shannon
35091,Kurt Max Runte
35092,David Lovgren
35093,Farzana Dua Elahe
35094,Dillon Mitra
35095,Aria Pandya
35096,Jamie Andrew Cutler
35097,Andrew Garfield
35098,Lily Cole
35099,Simon Bird
35100,Emily Head
35101,Martin Trenaman
35102,Robin Weaver
35103,Nailea Norvind
35104,Fernando Álvarez Rebeil
35105,Gabriel Santoyo
35106,Paulina Montemayor
35107,Héctor Mendoza
35108,Leonel Tinajero
35109,Marcos Moreno
35110,Paul Tylak
35111,Susie Power
35112,Roger Gregg
35113,Dermot Magennis
35114,Marcus Lamb
35115,J. Drew Lucas
35116,Sarah Vowell
35117,Huck Milner
35118,Brad Bird
35119,Hal Scardino
35120,Litefoot
35121,Lindsay Crouse
35122,Rishi Bhat
35123,Eddie Jemison
35124,Dylan Duffus
35125,Scorcher
35126,Jade Asha
35127,Femi Oyeniran
35128,Nicky Slimting Walker
35129,Fekky
35130,Justin Clarke Samuel
35131,Adam Deacon
35132,Karen Bryson
35133,Jay Brown
35134,Donna Sorbello
35135,Stephanie March
35136,Mark Williams-Thomas
35137,Frances Millar
35138,Tanya Winsor
35139,Alice Harding
35140,David Bannerman
35141,Danielle Bird
35142,Eve Perry
35143,Polly Lewis
35144,Billy James Machin
35145,Aiden Lovekamp
35146,Michelle Krusiec
35147,Jay Larson
35148,Marieh Delfino
35149,Mickey Spillane
35150,Alexandra Roach
35151,Victoria Bewick
35152,Julian Wadham
35153,Angus Wright
35154,Michael Pennington
35155,Jaime Maussan
35156,Marc Blucas
35157,Lynn Redgrave
35158,Jimmy Hibbert
35159,Sam Gold
35160,Nyungsang Bungo
35161,Nadhira Suryadi
35162,Ines Somellera
35163,Sander Thomas
35164,Ray Baker
35165,Molly Hagan
35166,Christina Vidal
35167,Anna Diop
35168,Jane Daly
35169,Cliff Chamberlain
35170,Leon Logothetis
35171,Leisha Hailey
35172,Laurel Holloman
35173,Katherine Moennig
35174,Daniela Sea
35175,Erin Daniels
35176,Marlee Matlin
35177,Seon-a Kim
35178,Sang-hun Jeong
35179,Ki-woo Lee
35180,Willeke van Ammelrooy
35181,Sohrab Nazari
35182,Lisa Harrow
35183,Kiri Paramore
35184,Ashley Bell
35185,Iris Bahr
35186,Tony Bentley
35187,John Wright Jr.
35188,Shanna Forrestall
35189,Justin Shafer
35190,Gregório Duvivier
35191,Pedro Benevides
35192,Paulo Vieira
35193,Pedro Monteiro
35194,Camilo Borges
35195,Gabriel Totoro
35196,Victor Leal
35197,Rafael Logan
35198,Eugene Cernan
35199,Deanne Lauvin
35200,Les Miles
35201,Eric Nelsen
35202,Fred Tolliver Jr
35203,Tyler Perez
35204,Kayoze Irani
35205,Goh Wee Ping
35206,Sam Chong
35207,Armando Gutierrez
35208,Chris Yong
35209,Jo Marie Payton
35210,Riley Osborne
35211,Bud Cort
35212,Ulrich Tukur
35213,Volkmar Kleinert
35214,Dylan Taylor
35215,Olivia Llewellyn
35216,Jeff Wincott
35217,Jessy Schram
35218,Martha Irving
35219,Gabrielle Trudel
35220,Aggeliki Papoulia
35221,Charlotte Vega
35222,Eugene Simon
35223,Deirdre O'Kane
35224,Roisin Murphy
35225,Anthony Murphy
35226,Brendan O'Rourke
35227,Emmett Kelly
35228,Eddie Albert
35229,Charles Tyner
35230,Bernadette Peters
35231,Richard Kiel
35232,Joe Dorsey
35233,Joe Jackson
35234,Harry Caesar
35235,John Steadman
35236,Jim Nicholson
35237,Tony Cacciotti
35238,Ice Cube
35239,Miles Chandler
35240,Billy Boyd
35241,Dominic Monaghan
35242,Jerzy Radziwiłowicz
35243,Franciszek Pieczka
35244,Piotr Bajor
35245,Ryszarda Hanin
35246,Janusz Paluszkiewicz
35247,Henryk Machalica
35248,Hanna Mikuć
35249,Maria Klejdysz
35250,Kirk Wong
35251,Pete Evans
35252,Loren Cordain
35253,Jan Lewan
35254,Greg Korin
35255,Stuart Wilson
35256,William Marquez
35257,José Pérez
35258,Gloria Foster
35259,Marcus Chong
35260,Julian Arahanga
35261,Matt Doran
35262,Belinda McClory
35263,Min-sik Choi
35264,Eun-kyung Shim
35265,So-ri Moon
35266,Mi-ran Ra
35267,Hye-young Ryu
35268,Sun-gyu Jin
35269,Joo-yeon Lee
35270,Byeong-eun Park
35271,Tim Griffin
35272,Rebecca Mader
35273,JD Pardo
35274,Jon Fletcher
35275,Sofia Black D'Elia
35276,Craig Frank
35277,Sean Brock
35278,April Bloomfield
35279,Edward Lee
35280,Magnus Nilsson
35281,Gabrielle Hamilton
35282,David Kinch
35283,Ludo Lefebvre
35284,Cayetana Guillén Cuervo
35285,Juan Gea
35286,Jaime Blanch
35287,Natalia Millan
35288,Francesca Piñón
35289,Mar Saura
35290,Ramón Langa
35291,Maria Palm
35292,Yvonnick Muller
35293,Charlotte Tomaszewska
35294,Dominic Allburn
35295,Christine Ebadi
35296,Marc Hickox
35297,Chris Webb
35298,John Sumner
35299,Flynn Allen
35300,Harriet Beattie
35301,Laurie Dee
35302,Ruth Dudding
35303,Natasha Jayetileke
35304,Ennio Fantastichini
35305,Nadir Caselli
35306,Alessandro Sperduti
35307,Francesco Salvi
35308,Priscilla Presley
35309,O.J. Simpson
35310,Robert Goulet
35311,Jacqueline Brookes
35312,Raye Birk
35313,Susan Beaubian
35314,Nancy Marchand
35315,Kim Basinger
35316,Wilford Brimley
35317,Robert Prosky
35318,Richard Farnsworth
35319,Tom Sweet
35320,Misty Copeland
35321,Sergei Polunin
35322,Paul Lieberstein
35323,Eugene Domingo
35324,Yuki Kadooka
35325,Emma Gilmour
35326,Susan Jane Tanner
35327,Iain Mitchell
35328,James Smith
35329,Lisa McGrillis
35330,Nico Mirallegro
35331,Rory J. Saper
35332,Aleksandr Baluev
35333,Rene Medvesek
35334,Gary Werntz
35335,Randall Batinkoff
35336,Jim Haynie
35337,Alexander Strobele
35338,James Sikking
35339,Robert Culp
35340,Hume Cronyn
35341,Logan Lerman
35342,Victor McGuire
35343,Jennifer Ellison
35344,Emma Rigby
35345,Michael Marcus
35346,Roger Rees
35347,Philip Goodwin
35348,Henri Garcin
35349,William Abadie
35350,Angela Bartys
35351,Sabrina Hassan Abdulle
35352,Kiana Madani
35353,Abdi Sidow Farah
35354,Mohamed Barre
35355,Armaan Haggio
35356,Lenny Henry
35357,Peter Lord
35358,Kayvan Novak
35359,Mitchell Mullen
35360,Olga Merediz
35361,Koustubh Jayakumar
35362,Hemanth
35363,Shreeram
35364,Jay
35365,Sanath
35366,Pramod Shetty
35367,Harish Roy
35368,Samar Gaber
35369,Mai El-Kady
35370,Leslie Zemeckis
35371,Eddie Deezen
35372,Brendan King
35373,Andy Pellick
35374,Julene Renee
35375,Jae-eung Lee
35376,Yeong-jin Jo
35377,Byung-ho Son
35378,Yong-soo park
35379,Seung-soo Ryu
35380,Ju-sang Yun
35381,Gyu-su Jeong
35382,Gia Mantegna
35383,Luke Mably
35384,Alberta Watson
35385,John Bourgeois
35386,Bruno Campos
35387,Jennifer Cody
35388,Peter Bartlett
35389,Emeril Lagasse
35390,June Christopher
35391,Paul Briggs
35392,Rob Edwards
35393,Kimberly Russell
35394,Rif Hutton
35395,Randy Newman
35396,Joe Whyte
35397,Bruce Smith
35398,Terri Douglas
35399,Claudette Wells
35400,Roger Aaron Brown
35401,Mona Marshall
35402,Terence Blanchard
35403,Kwesi Boakye
35404,David Cowgill
35405,Peter Renaday
35406,John Musker
35407,Jerry Kernion
35408,Philip Proctor
35409,Suk-kyu Han
35410,Rae-won Kim
35411,Woong-in Jeong
35412,Jae-yun Jo
35413,Kwak Min-ho
35414,Arthur Brooks
35415,James Karen
35416,Takayo Fischer
35417,Grant Korgan
35418,Sally Jennings
35419,Teresa Wright
35420,Mickey Rourke
35421,Andrew Shue
35422,Danny Dyer
35423,Fumio Demura
35424,Orlando Carrillo
35425,Mario Moran
35426,Jeremie Phenom Thomas
35427,Ella Edwards
35428,Ola Ghanem
35429,Ayman Kandil
35430,Mohamed Farouk
35431,Anne Cosigny
35432,Céline Sallette
35433,Samir Guesmi
35434,Jean-Francois Sivadier
35435,Jenna Thiam
35436,Pierre Perrier
35437,Yara Pilartz
35438,Swann Nambotin
35439,Ana Girardot
35440,Brune Martin
35441,Bertrand Constant
35442,Matila Malliarakis
35443,Laetitia de Fombelle
35444,Simon Ehrlacher
35445,Vincent Trouilleux
35446,Jérôme Kircher
35447,Guillaume Marquet
35448,Alma Arnal
35449,Julien Bourdel
35450,François Briault
35451,Gilles Chabrier
35452,Aksel Ustun
35453,Alain Blazquez
35454,Claire Goose
35455,Katarina Čas
35456,Dragan Mićanović
35457,Denis Murić
35458,Miroljub Lešo
35459,Sonja Vukićević
35460,Ratko Turčinović
35461,Mick Garris
35462,Basma Ahmad
35463,Kinda Allouch
35464,Zizi El-Badrawy
35465,David Dorfman
35466,Lindsay Frost
35467,Rachael Bella
35468,Daveigh Chase
35469,Shannon Cochran
35470,Olly Alexander
35471,Tommy Cash
35472,Bas Rutten
35473,Raleigh Cain
35474,David Shannon
35475,Joseph Mazzello
35476,William Lucking
35477,Diane Delano
35478,Anna Chipovskaya
35479,Yulia Snigir
35480,Leonid Bichevin
35481,Pavel Trubiner
35482,Ronnie Wood
35483,Charlie Watts
35484,David Field
35485,Anthony Hayes
35486,Gillian Jones
35487,Susan Prior
35488,Douglas Henshall
35489,Nanna Øland Fabricius
35490,Jessica Mauboy
35491,Shari Sebbens
35492,Miranda Tapsell
35493,Tammy Anderson
35494,Lynette Narkle
35495,Kylie Belling
35496,Gary Farmer
35497,Paul Soles
35498,Jamie Harrold
35499,Jordan Gavaris
35500,Eric Stonestreet
35501,Franca Valeri
35502,Raf Vallone
35503,Lina Gennari
35504,Eloisa Cianni
35505,Leopoldo Trieste
35506,Maurizio Arena
35507,Franco Fantasia
35508,Peppino De Filippo
35509,Alberto Sordi
35510,María Elena Olivares
35511,Catalina Salas
35512,Alberto Estrella
35513,Pablo Guisa Koestinger
35514,Randy Nidji
35515,Gesya Shandy
35516,Kevin Andrean
35517,Arzetti Bilbina
35518,Ivan Oganesyan
35519,Mariya Anikanova
35520,Nina Gogaeva
35521,Nikolay Chindyaykin
35522,Anastasiya Makeeva
35523,Sergey Leskov
35524,Stanislav Moskvin
35525,Aleksey Zorin
35526,Taras Gotovtsev
35527,Josh Pence
35528,David Selby
35529,Janet Montgomery
35530,Masam Holden
35531,Maja Komorowska
35532,Zofia Kucówna
35533,Aleksander Bardini
35534,Jan Świderski
35535,Seweryna Broniszówna
35536,Piotr Garlicki
35537,Marian Glinka
35538,Billy Ray Cyrus
35539,Magnús Scheving
35540,Will Shadley
35541,Alina Foley
35542,Katherine Boecher
35543,Mia Stallard
35544,Alicia Leigh Willis
35545,Blake Michael
35546,Wolfgang Bodison
35547,Andrea Lynn Green
35548,Travaris Spears
35549,Captain Lou Albano
35550,Danny Wells
35551,John Stocker
35552,Harvey Atkin
35553,Robert Bockstael
35554,Cynthia Preston
35555,Jonathan Potts
35556,Colin Fox
35557,Victor Gojcaj
35558,Robert Vataj
35559,Alex Kaluzhsky
35560,Sergio Rubini
35561,Jim Siedow
35562,Marilyn Burns
35563,Edwin Neal
35564,Paul A. Partain
35565,Teri McMinn
35566,William Vail
35567,John Dugan
35568,John Henry Faulk
35569,Allen Danziger
35570,Iqbal Theba
35571,Michael McMillian
35572,Samantha Mumba
35573,Alan Young
35574,Omero Mumba
35575,Jane McLean
35576,Hailey McCann
35577,Tatum McCann
35578,Alex Ferris
35579,Nelufar Hedayat
35580,Cody Fern
35581,Noah Silver
35582,Stevie Lynn Jones
35583,Tori Kristiansen
35584,Tyra Kristiansen
35585,Marta Barrio
35586,Claire Keelan
35587,Margo Stilley
35588,Eric Heister
35589,Alexandria Lee
35590,Kenna James
35591,Carl Windom Carlito
35592,Javid Abdelmoneim
35593,James Frain
35594,Anthony Brophy
35595,Guy Carleton
35596,Rod Hallett
35597,Simon Ward
35598,Mia Cottet
35599,Daniel Kash
35600,Rod Serling
35601,Bree Turner
35602,Kevin Connolly
35603,Noah Matthews
35604,Somchai Kemglad
35605,Pitchanart Sakakorn
35606,Chinaradi Anupongphichart
35607,Peerawit Boonark
35608,Chudapha Chanthakhet
35609,Ganthida Chaang
35610,Emika Grant Emma
35611,Tantimedh Chisanusha
35612,Siribanchawan Jidapa
35613,Supanut Sudjinda
35614,Adèle Haenel
35615,Olivier Bonnaud
35616,Louka Minnella
35617,Christelle Cornil
35618,Olivier Gourmet
35619,Fabrizio Rongione
35620,Donald Rumsfeld
35621,Errol Morris
35622,Alex Sparrow
35623,James Fraser
35624,Ben O'Toole
35625,Steve Bastoni
35626,Alex Etel
35627,Priyanka Xi
35628,Marshall Napier
35629,Joel Tobeck
35630,Erroll Shand
35631,Jerry Reed
35632,Al Whiting
35633,Claudine Barretto
35634,Boots Anson-Roa
35635,Glaiza De Castro
35636,Bernard Palanca
35637,Wendell Ramos
35638,Maja Salvador
35639,Daniella Down
35640,Michael De Pinna
35641,Lynita Crofford
35642,John Spencer
35643,NiCole Robinson
35644,Melissa Fitzgerald
35645,Kim Webster
35646,Kris Murphy
35647,Timothy Davis-Reed
35648,Kate Dickie
35649,Harvey Scrimshaw
35650,Ellie Grainger
35651,Lucas Dawson
35652,Bathsheba Garnett
35653,Sarah Stephens
35654,Wahab Chaudhry
35655,Alice Ziolkoski
35656,Britt Flatmo
35657,Tara Robinson
35658,Adrienne Rose White
35659,Jared Boghosian
35660,William Bornkessel
35661,George Chang
35662,Evelin Hagoel
35663,Orna Banay
35664,Einat Sarouf
35665,Avraham Aviv Alush
35666,Yafit Asulin
35667,Sharona Elimelech
35668,Herzl Tobey
35669,Haim Znati
35670,Matthieu Lucci
35671,Warda Rammach
35672,Issam Talbi
35673,Florian Beaujean
35674,Mamadou Doumbia
35675,Julien Souve
35676,Mélissa Guilbert
35677,Olivier Thouret
35678,Lény Sellam
35679,Sophie Marceau
35680,Robert Carlyle
35681,Maria Grazia Cucinotta
35682,Maria Diekmann
35683,Daphne Zuniga
35684,Seann Gallagher
35685,Matt Bellefleur
35686,Ava Hughes
35687,Nien-Jen Wu
35688,Kay Huang
35689,Alex Murphy
35690,Chris Walley
35691,Hilary Rose
35692,Dominic MacHale
35693,P.J. Gallagher
35694,Shane Casey
35695,Pascal Scott
35696,Michael Sands
35697,Ciaran Bermingham
35698,Chia-Hui Liu
35699,Wong Yu
35700,Hoi-Shan Kwan
35701,San Nam Hung
35702,Kuo Hua Chang
35703,Feng Kuan
35704,Massimo Bottura
35705,Pranav Ratheesh
35706,Maria Yohannan
35707,Askar Ameer
35708,Anjali Nair
35709,Nandhan Unni
35710,Thelonious Monk
35711,Samuel E. Wright
35712,Thanapatpisal Sananthachat
35713,Panisara Montharat
35714,Teetatch Ratanasritai
35715,Fame Chawin Likitjareonpong
35716,Paladesh Kemisara
35717,Thiti Mahayotaruk
35718,Napat Chokejindachai
35719,Um Apasiri Nitibhon
35720,Narikun Ketprapakorn
35721,Sirinya Tantipongwatana
35722,Thanyanan Pipatchaisiri
35723,Jirayus Khawbaimai
35724,Natthida Trichaiya
35725,Claudine Craig
35726,Sarit Trilertvichien
35727,Atthaphan Poonsawas
35728,Sa-rang Kim
35729,Junior
35730,Ja-in Lee
35731,Sung-hyun Baek
35732,Sun Yizhou
35733,Ming Xi
35734,Lin Chi-ling
35735,Thammegowda S.
35736,Channegowda
35737,Abhishek H.N.
35738,Pooja
35739,Singri Gowda
35740,Buakaw Banchamek
35741,Sornsin Maneewan
35742,Nantawut Boonrubsub
35743,Vannapoom Songsuparp
35744,Chutirada Junthit
35745,Jaran Ngamdee
35746,Kochakorn Nimakorn
35747,Rapeepat Ekpankul
35748,Manop Aswathep
35749,Rick Gomez
35750,Brent Chapman
35751,Ron Halder
35752,Tom Brooke
35753,Joe Absolom
35754,O. T. Fagbenle
35755,Sara Lloyd-Gregory
35756,Aisling Loftus
35757,Joshua Close
35758,Brian McCardie
35759,Wallace Chung
35760,Eddie Cheung
35761,Michael Tse
35762,Rania Mallah
35763,Madlyn Tabar
35764,Mimi Gamal
35765,Grant Harvey
35766,Jazzy De Lisser
35767,Lloyd Bridges
35768,Zhang Ming En
35769,Wang Zixuan
35770,Chen Yumi
35771,Tang Yinuo
35772,Wei Qing
35773,Yang Shuming
35774,Chen Jian
35775,Kang Enhe
35776,Dong Xiangrong
35777,Lang Yueting
35778,Chae-yeong Lee
35779,Divya Unny
35780,Kamil Shaikh
35781,Chen Ke Mei
35782,Hishiko Woo
35783,Jiang Pei Pei
35784,Santiwithi Phrombut
35785,Jamorn Kijsawapak
35786,Orrawan Phuakthaisong
35787,Jeff Corwin
35788,Peter Michael
35789,Colt Crawford
35790,Randy Smith
35791,Wendy Baron
35792,Lennie Crawford
35793,Chalet Lizette Brannan
35794,Dave Wills
35795,Serra Hirsch
35796,Julie Newmar
35797,Robert Bathurst
35798,Shazad Latif
35799,Harry Peacock
35800,Tracy Ann Oberman
35801,Valin Shinyei
35802,Sunni Westbrook
35803,Jeff Evans Todd
35804,Dana Hill
35805,Anndi McAfee
35806,Rip Taylor
35807,Götz Otto
35808,Vincent Schiavelli
35809,Sudipto Chattopadhyay
35810,Kajal Kumari
35811,Ananya Chatterjee
35812,Malobika Banerjee
35813,Pawan Kanodia
35814,Jacqueline Obradors
35815,Tamara Mello
35816,Joel Joan
35817,Justin Deeley
35818,Alex House
35819,Steven Yaffee
35820,Rebecca Dalton
35821,Ann Pirvu
35822,Nick Bateman
35823,Jamie Johnston
35824,Luciano Acuna Jr.
35825,Johnny M. Wu
35826,Josh Yadon
35827,Christian Steel
35828,Sudhir Mishra
35829,Kett Thantup
35830,Sura Theerakon
35831,Yarichada Wattanawongsri
35832,Phoomjai Tangsanga
35833,Warot Pitakanonda
35834,Saowaluck Siriaran
35835,Soo-an Kim
35836,Sohee
35837,Eileen Nicholas
35838,Susan Vidler
35839,Pauline Lynch
35840,Archie Panjabi
35841,Lorena Gale
35842,Simon Reynolds
35843,Jonathan Walker
35844,Tom Barnett
35845,Scali Delpeyrat
35846,Nelson Xavier
35847,Eduardo Luis
35848,Gabriel Weinstein
35849,Rickson Tevez
35850,Finn Carter
35851,Reba McEntire
35852,Robert Jayne
35853,Charlotte Stewart
35854,Tony Genaro
35855,Ariana Richards
35856,Richard Marcus
35857,Bibi Besch
35858,Chris Gartin
35859,Helen Shaver
35860,Marcelo Tubert
35861,Marco Hernandez
35862,Shawn Christian
35863,Susan Chuang
35864,Barry Livingston
35865,John Pappas
35866,Jason Hopkins
35867,Billy Drago
35868,Brent Roam
35869,Ming Lo
35870,Sam Ly
35871,Neil Kopit
35872,Ernest Ndhlovu
35873,Lawrence Joffe
35874,Zak Hendrikz
35875,Natalie Becker
35876,Emmanuel Castis
35877,Daniel Janks
35878,Jamie-Lee Money
35879,Stephanie Schildknecht
35880,Jenna Upton
35881,Jay Anstey
35882,Christie Peruso
35883,Georgie Smith
35884,Kingsley Ben-Adir
35885,Kacie Anderson
35886,Leela Naidu
35887,Anita Kanwar
35888,Gautami
35889,Anirudh Agarwal
35890,Priya Tendulkar
35891,Anjali Jathar
35892,Suzanna Mukherjee
35893,Piyush Raina
35894,Rachit Behl
35895,Vikram Kochhar
35896,Brian Firkus
35897,Max Matveev
35898,Evgeniy Stychkin
35899,Orkhan Abulov
35900,Dylan Vox
35901,Lara Heller
35902,Hachem Hicham
35903,David Gray
35904,Daniel Whyte
35905,Eoin O'Brien
35906,John Wayne
35907,Glen Campbell
35908,Kim Darby
35909,Jeremy Slate
35910,Alfred Ryder
35911,Jamaar Simon
35912,Starletta DuPois
35913,Draya Michele
35914,Jennifer Freeman
35915,Lisa Renee Pitts
35916,Dean O'Gorman
35917,Travis Nelson
35918,Alex Arsenault
35919,Vrishasen Dabholkar
35920,Ralph Garman
35921,Stuart Varnam-Atkin
35922,Richard Beymer
35923,Warren Frost
35924,Peggy Lipton
35925,James Marshall
35926,Everett McGill
35927,Jack Nance
35928,Kimmy Robertson
35929,Harry Goaz
35930,Eric DaRe
35931,Wendy Robie
35932,Russ Tamblyn
35933,Gary Hershberger
35934,Karissa Strain
35935,Katie Strain
35936,Yves Bright
35937,Angie Everhart
35938,Thaddeus Shafer
35939,Mary O'Neil
35940,Prarthana Behere
35941,Aditi Keskar
35942,Cathy Tyson
35943,Katie Jarvis
35944,Josh Herdman
35945,Danielle Harold
35946,Neal Ward
35947,Gordon Pinsent
35948,Trevor Berbick
35949,Rahul Bhat
35950,Tejaswini Kolhapure
35951,Surveen Chawla
35952,Abir Goswami
35953,Madhavi Singh
35954,Anshikaa Shrivastava
35955,Sandesh Jadhav
35956,Neen Suwanamas
35957,Esther Supreeleela
35958,Chatchawit Techarukpong
35959,Natasha Little
35960,Tyler James Williams
35961,Dyllan Christopher
35962,Brett Kelly
35963,Dominique Saldaña
35964,Chris Burkard
35965,Sam Hammer
35966,Heidar Logi
35967,Elli Thor Magnusson
35968,Ingo Olsen
35969,Timmy Reyes
35970,Justin Quintal
35971,Steve Hawk
35972,Sigurdur Jonsson
35973,Mark Renneker
35974,Jeremy McWilliams
35975,Joe Szula
35976,Lynsey Taylor Mackay
35977,Dougie McConnell
35978,Kevin McAlinden
35979,Andrew Gorman
35980,Roy Armstrong
35981,Alison Chand
35982,Paul Brannigan
35983,Lawrence Dane
35984,Elizabeth Counsell
35985,Ram John Holder
35986,Orla Hill
35987,Haresh Dagiya
35988,Jayesh More
35989,Vivek Ghamande
35990,Jay Vithlani
35991,Mehul Buch
35992,Nadia Fahmi
35993,Menha Zaytoon
35994,Mostafa Abd Elsalam
35995,Amy Morton
35996,Shweta Pandit
35997,Achyuth Kumar
35998,Madhukar Niyogi
35999,Prabhu Mundkur
36000,Bhavani Prakash
36001,Ananya Bhat
36002,Brian Presley
36003,Johnny Wactor
36004,Adam Scott Miller
36005,Cody Walker
36006,Callard Harris
36007,Natasha Wightman
36008,Gardner Baldwin
36009,Mike Reynolds
36010,Richard Rabago
36011,Brad Hawkins
36012,Michael Bacon
36013,Sarah Brown
36014,Julian Combs
36015,David Carr
36016,Farrand Thompson
36017,Zeb
36018,Aaron Pruner
36019,Matthew Fox
36020,Sandeep Bharadwaj
36021,Sachiin Joshi
36022,Nissar Khan
36023,Krishna Shrikanth Iyengar
36024,Kriti Kharbanda
36025,Lily Travers
36026,Matt Angel
36027,J. Michael Trautmann
36028,Lobo Sebastian
36029,Anna Demetriou
36030,Timo Nieminen
36031,Andrew Whipp
36032,Ian Beattie
36033,Victoria Broom
36034,Taylor Frost
36035,Scott Mescudi
36036,Joey Bicicchi
36037,Anubhav Saha
36038,Asha Sarath
36039,Leona Lishoy
36040,Ashok Samarth
36041,Nishant Bhavsar
36042,Vikas Kadam
36043,Utpal Sawant
36044,Ravindra Mankani
36045,Shubhankar Atre
36046,Charudatta Bhagwat
36047,Tarık Akan
36048,Rishi Bhutani
36049,Vaishnavi Dhanraj
36050,Joon-seok Song
36051,So-yeong Hong
36052,Fola Evans-Akingbola
36053,Ruth Sheen
36054,Emily Taaffe
36055,Shotty Horroh
36056,Paige Meade
36057,Elliot Barnes-Worrell
36058,Joivan Wade
36059,Youssef Berouain
36060,Jurell Carter
36061,Ellie James
36062,Shaan Shahid
36063,Shamoon Abbasi
36064,Ayesha Khan
36065,Meesha Shafi
36066,Ali Azmat
36067,Hamza Abbasi
36068,Kamran Lashari
36069,Lucy Pinder
36070,Ron Smoorenburg
36071,KaramVeer Chaudhary
36072,Rajeev Ravindranathan
36073,John Francis Daley
36074,Rob Benedict
36075,Jag Huang
36076,Tiffany Hsu
36077,Michael Huang
36078,Lego Li
36079,Isaac Leyva
36080,Victoria Bruno
36081,Ellery Sprayberry
36082,Tracey Walter
36083,Thich Nhat Hanh
36084,Lily Gladstone
36085,John Lone
36086,Devon Aoki
36087,Mathew St. Patrick
36088,Kane Kosugi
36089,Steph Song
36090,Vivek Rana
36091,Nicolas Bro
36092,Patrick Kennedy
36093,Malcolm Barrett
36094,Nada Al Alfi
36095,Bassel El Kadi
36096,Samira Maqroun
36097,Tareq Abdalla
36098,Ahmed Awni
36099,Emad Ghoniem
36100,Abeer Mansour
36101,Youssef Mohamed
36102,Hoze Meléndez
36103,Alex Shaffer
36104,Wiley M. Pickett
36105,Cassidey Fralin
36106,Gary Anthony Sturgis
36107,Jessica Vanessa DeLeon
36108,Ernesto Sevilla
36109,Óscar Ladoire
36110,Ilay Kurelovic
36111,Luis Jaspe
36112,José Luis Marín
36113,Evan Rosado
36114,Josiah Gabriel
36115,Isaiah Kristian
36116,Giovanni Pacciarelli
36117,Terry Holland
36118,Moe Isaac
36119,Mickey Anthony
36120,Tom Malley
36121,Paul Hipp
36122,Kevin Morris
36123,Alejandro Agresti
36124,Mario Alarcón
36125,Lucila Solá
36126,Pablo Bossi
36127,Leticia Brédice
36128,Halina Buyno-Łoza
36129,Zofia Cegiełkowa
36130,Barbara Chojecka
36131,Eugenia Horecka
36132,Henryka Janikowska
36133,Lena Wilczyńska
36134,Jerzy Block
36135,Alexander Gould
36136,Allie Grant
36137,Liu Kai Chi
36138,Tony Tsz-Tung Wu
36139,Poon Chan-leung
36140,Sun Li Man
36141,Tam Sin Yin
36142,Wang Simin
36143,Jan Lamb
36144,Jacky Bhagnani
36145,Ayub Khoso
36146,Jacqueline Bisset
36147,Marie Mouté
36148,Paul Calderon
36149,Pamela Afesi
36150,Chris Zois
36151,Shanyn Leigh
36152,Drena De Niro
36153,Amy Ferguson
36154,Aurelie Claudel
36155,Nikki James
36156,Sabina Gadecki
36157,Keelin Woodell
36158,Shad Gaspard
36159,Zygmunt Hübner
36160,Arkadiusz Bazak
36161,Tadeusz Schmidt
36162,Józef Nowak
36163,Tadeusz Pluciński
36164,Bogusz Bilewski
36165,Louie Simmons
36166,Huang Lei
36167,Lee Li-Chun
36168,Zhang Weixin
36169,Wei Daxun
36170,Lei Huang
36171,Berna Koraltürk
36172,Melis Tüzüngüç
36173,Özgün Karaman
36174,Tülay Bursa
36175,Tolga Pancaroğlu
36176,Ertunç Tuncer
36177,Cansu Gültekin
36178,Jade Chou
36179,Duncan Lai
36180,King Chin
36181,Kimi Hsia
36182,Gina Lim
36183,Diana Scarwid
36184,Micole Mercurio
36185,Sloane Shelton
36186,Lulu Antariksa
36187,Jeff Kober
36188,Siena Goines
36189,Tobias Jelinek
36190,Ladya Cheryll
36191,Titi Kamal
36192,Sissy Priscillia
36193,Erin Krakow
36194,Daniel Lissing
36195,Jack Wagner
36196,Mitchell Kummen
36197,Erica Carroll
36198,Darius Zaviceanu
36199,Charlotte Hegele
36200,Susan Barnes
36201,Anne Pitoniak
36202,Bruce MacVittie
36203,Irma St. Paule
36204,Dorothy Gordon
36205,Rita Tuckett
36206,Logan Paul
36207,Adam Horovitz
36208,Dree Hemingway
36209,Candis Nergaard
36210,Marcus Griffiths
36211,Adrianna Edwards
36212,Sumit Chakravarti
36213,Lisa Reynolds
36214,Lyndon Ogbourne
36215,Elliot Gleave
36216,Gala Gordon
36217,Darren Day
36218,Owain Arthur
36219,Craig Gazey
36220,Michael Alago
36221,Zina Bethune
36222,Anne Collette
36223,Lennard Kuras
36224,Michael Scala
36225,Harry Northup
36226,Susan Wood
36227,Marissa Mathes
36228,Catherine Scorsese
36229,Pink Yang
36230,Xiu Qin
36231,Giles Yeo
36232,Frederique Van Der Wal
36233,Musetta Vander
36234,Sofia Eng
36235,Mollie Milligan
36236,Darryl Cox
36237,Jack Albertson
36238,Peter Ostrum
36239,Roy Kinnear
36240,Julie Dawn Cole
36241,Leonard Stone
36242,Denise Nickerson
36243,Dodo Denney
36244,Paris Themmen
36245,Ursula Reit
36246,Bryan Brown
36247,Cathy Downes
36248,Baz Luhrmann
36249,Peter Mochrie
36250,Mervyn Drake
36251,Margie McCrae
36252,Aslı Enver
36253,Şenay Gürler
36254,Başak Parlak
36255,Mahir Günşiray
36256,Hakan Boyav
36257,Hakan Gerçek
36258,Berrak Kuş
36259,Gamze Süner Atay
36260,Mehmet Esen
36261,Kevin Breznahan
36262,Lauren Sweetser
36263,Tate Taylor
36264,Michael Weston
36265,Andrew Steel
36266,Robert Pine
36267,Bruce Davison
36268,Kenny Roberts
36269,Colin Edwards
36270,Casey Stoner
36271,Freddie Spencer
36272,Aaron Keogh
36273,Molly Reisman
36274,Dean Tardioli
36275,Greg Wasylyszn
36276,Adrian Murray
36277,Kelly Paoli
36278,Earl Oliveros
36279,Hallie Burt
36280,John Douglas Thompson
36281,Wayne Duvall
36282,Christopher Meyer
36283,Morgan Flynn
36284,William Mapother
36285,Anita Rani
36286,Ade Adepitan
36287,Charlie Luxton
36288,Sasha Grey
36289,Danish Taimoor
36290,Janita Asma
36291,Sohai Ali Abro
36292,Nadeem Jafri
36293,Kimberley Louisa McBeath
36294,Hetal Puniwala
36295,Ragi Jani
36296,Makarand Shukla
36297,Alok Gagdekar
36298,Siddharth Randeria
36299,Natalie Brown
36300,Jonathan Watton
36301,Casey Adams
36302,Breeda Wool
36303,Christina Kirk
36304,Kyle Allen
36305,Asia Argento
36306,Richy Müller
36307,William Hope
36308,Werner Daehn
36309,John Gleeson Connolly
36310,Ana López Mercado
36311,Nathan Grinberg
36312,Giselle Audirac
36313,Diana Bracho
36314,Aakash Pandey
36315,Smiley Suri
36316,Kiran Rathod
36317,Tulip Joshi
36318,Gulzar Chahal
36319,Jonita
36320,Gurpreet Grewal
36321,Neena Cheema
36322,Kristina Akheeva
36323,Ankush Choudhary
36324,Atmaram Bhende
36325,Asha Bhende
36326,Rady Gamal
36327,Ahmed Abdelhafiz
36328,Shahira Fahmy
36329,Shehab Ibrahim
36330,Osama Abdullah
36331,Khaled Raafat
36332,Mohamed Qishta
36333,Shoq Emara
36334,Ahan Nirban
36335,Ruhi Khan
36336,Prasad Reddy
36337,Supanart Jittaleela
36338,Soranut Yupanun
36339,Inthira Yeunyong
36340,Nisa Boonsantear
36341,Apittha Khlaiudom
36342,Apapattra Meesang
36343,Pimpakan Bangchawong
36344,Chansakorn Kittiwattanakorn
36345,Sunanta Yoonniyom
36346,J.W. Terry
36347,Pierre Holloway
36348,Brent Pendergrass
36349,Joey D'Auria
36350,Paul Greenberg
36351,H.D. Quinn
36352,Sairaj
36353,Devyani Dagaonkar
36354,Ketan Singh
36355,Lily O'Regan
36356,Jeannettsy Enriquez Borges
36357,Joeley Gibson
36358,Zahra Hassan Malik
36359,Cleo Badcock
36360,Stuart Manning
36361,Ali Bastian
36362,Amanda Holt
36363,Travis Winfrey
36364,Nathan Davis Jr.
36365,Dedrick Bonner
36366,Matthew Jones
36367,Lana Baric
36368,Vojislav Brajovic
36369,Natasa Janjic
36370,Goran Hajdukovic
36371,Helena Beljan
36372,Juraj Dabic
36373,Natasa Dorcic
36374,Sebastian Cavazza
36375,Ana Begic
36376,Krunoslav Saric
36377,Rayver Cruz
36378,Lainie Kazan
36379,Ido Mosseri
36380,Dave Matthews
36381,Michael Buffer
36382,Charlotte Rae
36383,Collette Wolfe
36384,Richard Bekins
36385,Kate Nowlin
36386,Qiu Yuen
36387,Charlie Chin
36388,Nan Chiang
36389,Dean Collins
36390,Brecken Palmer
36391,Bridger Palmer
36392,Ty Panitz
36393,Ahmed Dash
36394,Husni Sheta
36395,Aly Eltayeb
36396,Amr El Kady
36397,Gameel Barsoum
36398,Mike Liscio
36399,Emily Bauer
36400,Michael Crouch
36401,Gökhan Atalay
36402,Payidar Tüfekçioglu
36403,Baran Akbulut
36404,Mehmet Çepiç
36405,Seda Tosun
36406,Mehmet Ali Tuncer
36407,Asuman Çakır
36408,Müge Uyar
36409,Rüzgar Aksoy
36410,Ergun Taş
36411,Sedat Erdiş
36412,Ahmet Talay
36413,Umut Tanyolu
36414,Murat Ercanlı
36415,Birand Tunca
36416,Atilla Kiliç
36417,Saygin Asan
36418,Emrah Girgin
36419,Michael Johnston
36420,Jessica Gee-George
36421,Christopher Smith
36422,Anil Rastogi
36423,Vinod Acharya
36424,Siddharth Chandekar
36425,Sachit Patil
36426,Tejashree Pradhan
36427,Neha Joshi
36428,Ayesha Omer
36429,Samina Peerzada
36430,Waseem Abbas
36431,Hina Khawaja Bayat
36432,Yasa
36433,Ali Al-Jabri
36434,Mansoor Alfeeli
36435,Derek Graf
36436,Ryan Newman
36437,Raaghav Chanana
36438,Malkeet Rauni
36439,Anita Shabdish
36440,Chittaranjan Tripathy
