show_id,listed_in_id
1,1
17,1
46,1
69,1
89,1
92,1
97,1
102,1
118,1
171,1
174,1
186,1
222,1
231,1
234,1
236,1
256,1
263,1
284,1
291,1
303,1
305,1
318,1
319,1
368,1
379,1
405,1
456,1
458,1
463,1
468,1
474,1
477,1
496,1
561,1
635,1
642,1
646,1
706,1
717,1
718,1
723,1
725,1
728,1
739,1
756,1
758,1
770,1
771,1
782,1
791,1
845,1
855,1
861,1
868,1
871,1
894,1
908,1
915,1
918,1
984,1
999,1
1012,1
1021,1
1040,1
1054,1
1055,1
1071,1
1093,1
1098,1
1118,1
1143,1
1148,1
1151,1
1156,1
1162,1
1172,1
1194,1
1196,1
1205,1
1208,1
1249,1
1251,1
1280,1
1281,1
1290,1
1293,1
1304,1
1328,1
1344,1
1375,1
1412,1
1421,1
1426,1
1437,1
1439,1
1455,1
1465,1
1467,1
1510,1
1519,1
1559,1
1576,1
1578,1
1637,1
1661,1
1691,1
1705,1
1720,1
1745,1
1746,1
1790,1
1793,1
1806,1
1813,1
1821,1
1824,1
1832,1
1854,1
1857,1
1858,1
1875,1
1883,1
1887,1
1888,1
1905,1
1912,1
1914,1
1917,1
1927,1
1933,1
1935,1
1938,1
1957,1
1961,1
1963,1
1985,1
2000,1
2036,1
2039,1
2042,1
2058,1
2076,1
2096,1
2098,1
2110,1
2120,1
2129,1
2155,1
2162,1
2164,1
2200,1
2201,1
2220,1
2229,1
2244,1
2249,1
2257,1
2258,1
2263,1
2297,1
2305,1
2311,1
2317,1
2326,1
2342,1
2356,1
2371,1
2373,1
2385,1
2432,1
2540,1
2548,1
2560,1
2578,1
2582,1
2605,1
2609,1
2633,1
2653,1
2690,1
2693,1
2712,1
2759,1
2770,1
2777,1
2779,1
2780,1
2787,1
2806,1
2836,1
2845,1
2866,1
2867,1
2902,1
2930,1
2947,1
2950,1
2976,1
3032,1
3092,1
3119,1
3182,1
3195,1
3203,1
3206,1
3235,1
3245,1
3251,1
3254,1
3266,1
3279,1
3293,1
3312,1
3336,1
3350,1
3354,1
3365,1
3366,1
3367,1
3375,1
3384,1
3387,1
3389,1
3409,1
3418,1
3419,1
3423,1
3448,1
3461,1
3469,1
3480,1
3491,1
3514,1
3515,1
3518,1
3519,1
3530,1
3536,1
3539,1
3558,1
3568,1
3574,1
3596,1
3597,1
3622,1
3624,1
3629,1
3644,1
3677,1
3679,1
3682,1
3684,1
3698,1
3704,1
3715,1
3733,1
3739,1
3757,1
3760,1
3772,1
3796,1
3804,1
3810,1
3811,1
3812,1
3815,1
3829,1
3831,1
3858,1
3860,1
3872,1
3873,1
3892,1
3896,1
3897,1
3908,1
3913,1
3968,1
3984,1
3988,1
3996,1
4012,1
4051,1
4052,1
4053,1
4094,1
4097,1
4100,1
4118,1
4124,1
4136,1
4157,1
4177,1
4181,1
4182,1
4186,1
4204,1
4231,1
4237,1
4241,1
4259,1
4276,1
4299,1
4300,1
4301,1
4302,1
4303,1
4314,1
4323,1
4325,1
4332,1
4348,1
4379,1
4394,1
4417,1
4420,1
4463,1
4476,1
4481,1
4514,1
4517,1
4544,1
4546,1
4547,1
4549,1
4556,1
4607,1
4621,1
4626,1
4631,1
4645,1
4654,1
4708,1
4740,1
4754,1
4769,1
4802,1
4812,1
4828,1
4844,1
4860,1
4878,1
4888,1
4912,1
4917,1
4923,1
4938,1
4980,1
4996,1
5000,1
5042,1
5044,1
5053,1
5056,1
5069,1
5086,1
5095,1
5117,1
5133,1
5149,1
5153,1
5163,1
5165,1
5180,1
5183,1
5198,1
5202,1
5210,1
5219,1
5226,1
5234,1
5240,1
5241,1
5254,1
5257,1
5267,1
5272,1
5274,1
5276,1
5292,1
5308,1
5309,1
5313,1
5315,1
5323,1
5344,1
5371,1
5377,1
5419,1
5427,1
5428,1
5432,1
5449,1
5451,1
5452,1
5457,1
5467,1
5468,1
5472,1
5479,1
5490,1
5497,1
5504,1
5507,1
5509,1
5549,1
5561,1
5565,1
5574,1
5597,1
5603,1
5613,1
5637,1
5667,1
5680,1
5689,1
5694,1
5696,1
5707,1
5726,1
5727,1
5734,1
5739,1
5755,1
5758,1
5780,1
5783,1
5784,1
5796,1
5797,1
5798,1
5805,1
5811,1
5815,1
5822,1
5825,1
5827,1
5832,1
5850,1
5855,1
5861,1
5894,1
5897,1
5898,1
5902,1
5907,1
5911,1
5913,1
5917,1
5919,1
5926,1
5927,1
5930,1
5931,1
5932,1
5933,1
5935,1
5936,1
5938,1
5942,1
5972,1
5973,1
5983,1
5984,1
5997,1
6006,1
6011,1
6015,1
6034,1
6039,1
6044,1
6048,1
6049,1
6065,1
6091,1
6096,1
6097,1
6105,1
6111,1
6113,1
6115,1
6128,1
6134,1
6137,1
6139,1
6141,1
6146,1
6150,1
6151,1
6179,1
6180,1
6192,1
6196,1
6198,1
6202,1
6207,1
6216,1
6232,1
6234,1
6252,1
6257,1
6260,1
6262,1
6273,1
6274,1
6275,1
6279,1
6289,1
6293,1
6308,1
6310,1
6313,1
6325,1
6330,1
6346,1
6347,1
6350,1
6352,1
6353,1
6356,1
6363,1
6364,1
6375,1
6388,1
6392,1
6418,1
6433,1
6435,1
6437,1
6443,1
6454,1
6476,1
6492,1
6500,1
6522,1
6526,1
6529,1
6536,1
6540,1
6546,1
6562,1
6576,1
6590,1
6592,1
6607,1
6608,1
6616,1
6628,1
6629,1
6630,1
6632,1
6639,1
6648,1
6649,1
6650,1
6657,1
6676,1
6678,1
6680,1
6682,1
6684,1
6685,1
6686,1
6687,1
6692,1
6700,1
6721,1
6738,1
6746,1
6750,1
6752,1
6757,1
6762,1
6763,1
6765,1
6773,1
6776,1
6778,1
6781,1
6784,1
6787,1
6788,1
6790,1
6800,1
6810,1
6816,1
6834,1
6857,1
6860,1
6899,1
6900,1
6901,1
6903,1
6917,1
6927,1
6930,1
6934,1
6935,1
6939,1
6941,1
6945,1
6949,1
6969,1
6973,1
6979,1
6980,1
6986,1
6996,1
7001,1
7002,1
7011,1
7013,1
7017,1
7020,1
7037,1
7038,1
7039,1
7042,1
7046,1
7052,1
7067,1
7076,1
7077,1
7093,1
7097,1
7108,1
7112,1
7125,1
7128,1
7129,1
7131,1
7133,1
7135,1
7136,1
7139,1
7147,1
7155,1
7182,1
7201,1
7220,1
7222,1
7245,1
7252,1
7273,1
7274,1
7290,1
7294,1
7295,1
7300,1
7311,1
7324,1
7335,1
7340,1
7342,1
7356,1
7359,1
7374,1
7379,1
7380,1
7399,1
7413,1
7414,1
7415,1
7427,1
7428,1
7435,1
7442,1
7468,1
7470,1
7472,1
7512,1
7515,1
7519,1
7546,1
7555,1
7557,1
7562,1
7564,1
7571,1
7576,1
7581,1
7599,1
7600,1
7601,1
7602,1
7603,1
7604,1
7605,1
7606,1
7607,1
7608,1
7609,1
7610,1
7611,1
7612,1
7613,1
7614,1
7615,1
7616,1
7617,1
7618,1
7622,1
7626,1
7627,1
7634,1
7636,1
7648,1
7653,1
7655,1
7656,1
7657,1
7658,1
7662,1
7663,1
7665,1
7669,1
7674,1
7684,1
7693,1
7700,1
7709,1
7714,1
7728,1
7732,1
7741,1
7754,1
7755,1
7791,1
7793,1
7800,1
7808,1
7819,1
7823,1
7835,1
7847,1
7849,1
7852,1
7859,1
7860,1
7877,1
7887,1
7888,1
7894,1
7912,1
7915,1
7920,1
7931,1
7942,1
7966,1
7971,1
7972,1
7973,1
7974,1
7975,1
7976,1
7977,1
7978,1
7979,1
7980,1
7982,1
8001,1
8012,1
8020,1
8035,1
8045,1
8049,1
8058,1
8062,1
8067,1
8070,1
8082,1
8087,1
8093,1
8097,1
8105,1
8134,1
8135,1
8136,1
8156,1
8169,1
8177,1
8179,1
8192,1
8203,1
8206,1
8211,1
8216,1
8239,1
8271,1
8276,1
8279,1
8295,1
8309,1
8314,1
8319,1
8341,1
8349,1
8351,1
8356,1
8371,1
8383,1
8388,1
8389,1
8391,1
8401,1
8404,1
8408,1
8411,1
8413,1
8418,1
8420,1
8437,1
8441,1
8451,1
8463,1
8469,1
8471,1
8476,1
8478,1
8479,1
8480,1
8492,1
8501,1
8503,1
8517,1
8522,1
8525,1
8531,1
8539,1
8548,1
8562,1
8566,1
8571,1
8573,1
8574,1
8578,1
8588,1
8598,1
8602,1
8620,1
8621,1
8632,1
8633,1
8641,1
8644,1
8651,1
8652,1
8657,1
8658,1
8661,1
8674,1
8678,1
8693,1
8702,1
8703,1
8708,1
8719,1
8724,1
8728,1
8729,1
8735,1
8738,1
8739,1
8740,1
8745,1
8747,1
8757,1
8764,1
2,2
3,2
5,2
11,2
12,2
20,2
21,2
22,2
26,2
33,2
34,2
48,2
50,2
51,2
67,2
70,2
71,2
73,2
77,2
93,2
110,2
111,2
122,2
133,2
155,2
166,2
187,2
188,2
194,2
195,2
199,2
213,2
214,2
220,2
224,2
225,2
226,2
227,2
243,2
244,2
246,2
261,2
266,2
267,2
274,2
276,2
277,2
278,2
288,2
289,2
290,2
292,2
312,2
314,2
317,2
320,2
322,2
323,2
332,2
339,2
367,2
369,2
382,2
386,2
392,2
398,2
402,2
431,2
432,2
435,2
436,2
454,2
457,2
479,2
488,2
491,2
504,2
505,2
511,2
515,2
516,2
517,2
518,2
522,2
524,2
525,2
534,2
537,2
538,2
539,2
544,2
545,2
547,2
550,2
554,2
566,2
572,2
578,2
588,2
618,2
622,2
626,2
628,2
632,2
638,2
640,2
641,2
643,2
648,2
654,2
659,2
660,2
662,2
664,2
666,2
667,2
670,2
674,2
676,2
680,2
683,2
685,2
687,2
692,2
693,2
698,2
700,2
701,2
704,2
707,2
708,2
710,2
715,2
716,2
726,2
732,2
735,2
745,2
754,2
768,2
773,2
779,2
790,2
806,2
821,2
832,2
833,2
834,2
836,2
838,2
844,2
848,2
858,2
870,2
877,2
885,2
887,2
898,2
903,2
961,2
964,2
966,2
969,2
973,2
989,2
998,2
1004,2
1013,2
1033,2
1039,2
1041,2
1045,2
1048,2
1057,2
1059,2
1063,2
1065,2
1068,2
1083,2
1085,2
1092,2
1094,2
1117,2
1124,2
1130,2
1147,2
1164,2
1167,2
1174,2
1175,2
1187,2
1197,2
1202,2
1211,2
1218,2
1224,2
1227,2
1228,2
1230,2
1235,2
1247,2
1258,2
1269,2
1271,2
1272,2
1273,2
1283,2
1286,2
1294,2
1295,2
1297,2
1299,2
1300,2
1302,2
1318,2
1321,2
1339,2
1340,2
1350,2
1361,2
1374,2
1384,2
1385,2
1386,2
1393,2
1433,2
1441,2
1443,2
1461,2
1479,2
1480,2
1481,2
1484,2
1488,2
1490,2
1504,2
1515,2
1517,2
1521,2
1529,2
1533,2
1536,2
1539,2
1540,2
1555,2
1560,2
1563,2
1565,2
1570,2
1571,2
1579,2
1584,2
1587,2
1588,2
1590,2
1594,2
1604,2
1606,2
1626,2
1635,2
1639,2
1640,2
1641,2
1650,2
1655,2
1659,2
1662,2
1668,2
1669,2
1671,2
1699,2
1707,2
1709,2
1712,2
1716,2
1731,2
1734,2
1738,2
1741,2
1747,2
1767,2
1770,2
1772,2
1774,2
1783,2
1795,2
1800,2
1801,2
1804,2
1835,2
1840,2
1841,2
1876,2
1878,2
1881,2
1886,2
1908,2
1909,2
1911,2
1915,2
1916,2
1918,2
1919,2
1926,2
1929,2
1949,2
1952,2
1956,2
1984,2
1989,2
1990,2
1992,2
1994,2
1999,2
2003,2
2009,2
2013,2
2014,2
2034,2
2038,2
2054,2
2063,2
2065,2
2067,2
2070,2
2079,2
2087,2
2090,2
2094,2
2103,2
2107,2
2109,2
2123,2
2124,2
2125,2
2126,2
2128,2
2135,2
2146,2
2149,2
2152,2
2154,2
2163,2
2166,2
2169,2
2181,2
2185,2
2195,2
2213,2
2219,2
2231,2
2236,2
2246,2
2252,2
2254,2
2255,2
2256,2
2259,2
2276,2
2294,2
2298,2
2307,2
2321,2
2323,2
2328,2
2330,2
2338,2
2344,2
2350,2
2360,2
2379,2
2397,2
2401,2
2402,2
2405,2
2409,2
2410,2
2427,2
2445,2
2448,2
2450,2
2451,2
2453,2
2454,2
2463,2
2473,2
2477,2
2487,2
2496,2
2500,2
2515,2
2518,2
2519,2
2523,2
2526,2
2528,2
2529,2
2531,2
2547,2
2553,2
2554,2
2558,2
2566,2
2586,2
2599,2
2600,2
2603,2
2604,2
2607,2
2610,2
2612,2
2629,2
2632,2
2640,2
2641,2
2644,2
2646,2
2649,2
2658,2
2659,2
2661,2
2666,2
2670,2
2671,2
2676,2
2677,2
2697,2
2699,2
2700,2
2709,2
2737,2
2743,2
2747,2
2749,2
2762,2
2766,2
2773,2
2775,2
2778,2
2784,2
2785,2
2793,2
2794,2
2795,2
2798,2
2803,2
2805,2
2819,2
2822,2
2825,2
2828,2
2847,2
2855,2
2856,2
2869,2
2871,2
2872,2
2873,2
2876,2
2889,2
2893,2
2894,2
2895,2
2901,2
2907,2
2918,2
2923,2
2924,2
2939,2
2943,2
2946,2
2959,2
2960,2
2966,2
2967,2
2972,2
2975,2
2977,2
2978,2
2980,2
2981,2
2983,2
2985,2
2993,2
2999,2
3000,2
3002,2
3011,2
3012,2
3013,2
3016,2
3021,2
3035,2
3037,2
3041,2
3046,2
3048,2
3051,2
3053,2
3054,2
3064,2
3068,2
3072,2
3075,2
3077,2
3080,2
3083,2
3088,2
3089,2
3096,2
3104,2
3112,2
3118,2
3120,2
3121,2
3128,2
3130,2
3131,2
3138,2
3174,2
3175,2
3177,2
3178,2
3185,2
3186,2
3205,2
3213,2
3217,2
3220,2
3221,2
3223,2
3231,2
3233,2
3237,2
3244,2
3246,2
3250,2
3253,2
3256,2
3258,2
3259,2
3264,2
3271,2
3275,2
3277,2
3278,2
3280,2
3282,2
3284,2
3285,2
3287,2
3289,2
3292,2
3294,2
3295,2
3299,2
3302,2
3307,2
3311,2
3328,2
3329,2
3331,2
3337,2
3342,2
3343,2
3352,2
3353,2
3356,2
3357,2
3358,2
3359,2
3361,2
3362,2
3368,2
3369,2
3371,2
3374,2
3376,2
3378,2
3379,2
3382,2
3401,2
3411,2
3415,2
3417,2
3421,2
3424,2
3427,2
3434,2
3438,2
3446,2
3453,2
3462,2
3463,2
3464,2
3465,2
3467,2
3468,2
3474,2
3475,2
3482,2
3484,2
3489,2
3492,2
3500,2
3502,2
3503,2
3504,2
3507,2
3511,2
3520,2
3522,2
3525,2
3535,2
3542,2
3553,2
3559,2
3563,2
3576,2
3577,2
3578,2
3580,2
3586,2
3588,2
3589,2
3590,2
3591,2
3605,2
3607,2
3608,2
3610,2
3611,2
3612,2
3613,2
3614,2
3615,2
3633,2
3634,2
3641,2
3643,2
3652,2
3656,2
3657,2
3661,2
3664,2
3665,2
3666,2
3667,2
3670,2
3672,2
3674,2
3675,2
3683,2
3685,2
3688,2
3689,2
3690,2
3691,2
3697,2
3706,2
3709,2
3711,2
3717,2
3720,2
3724,2
3725,2
3727,2
3737,2
3738,2
3742,2
3743,2
3744,2
3745,2
3747,2
3749,2
3751,2
3755,2
3756,2
3775,2
3781,2
3783,2
3785,2
3790,2
3797,2
3808,2
3809,2
3818,2
3825,2
3827,2
3832,2
3839,2
3840,2
3844,2
3845,2
3846,2
3847,2
3848,2
3849,2
3850,2
3851,2
3852,2
3853,2
3854,2
3855,2
3856,2
3857,2
3861,2
3871,2
3877,2
3879,2
3880,2
3881,2
3882,2
3883,2
3884,2
3887,2
3898,2
3899,2
3901,2
3902,2
3903,2
3929,2
3937,2
3938,2
3941,2
3945,2
3947,2
3950,2
3957,2
3959,2
3965,2
3969,2
3970,2
3971,2
3972,2
3977,2
3981,2
3982,2
3985,2
3990,2
3997,2
3999,2
4002,2
4007,2
4013,2
4017,2
4023,2
4024,2
4027,2
4028,2
4030,2
4031,2
4033,2
4036,2
4044,2
4045,2
4055,2
4064,2
4090,2
4105,2
4110,2
4112,2
4117,2
4119,2
4120,2
4126,2
4127,2
4128,2
4130,2
4131,2
4132,2
4133,2
4144,2
4145,2
4163,2
4167,2
4168,2
4169,2
4172,2
4175,2
4180,2
4184,2
4190,2
4197,2
4200,2
4208,2
4216,2
4217,2
4227,2
4252,2
4255,2
4258,2
4262,2
4263,2
4264,2
4266,2
4270,2
4271,2
4272,2
4273,2
4274,2
4275,2
4277,2
4280,2
4289,2
4297,2
4305,2
4310,2
4311,2
4313,2
4317,2
4322,2
4327,2
4328,2
4351,2
4357,2
4366,2
4367,2
4368,2
4380,2
4388,2
4400,2
4401,2
4406,2
4407,2
4410,2
4414,2
4470,2
4477,2
4484,2
4488,2
4489,2
4499,2
4502,2
4505,2
4509,2
4521,2
4524,2
4532,2
4536,2
4537,2
4551,2
4552,2
4609,2
4622,2
4629,2
4634,2
4636,2
4638,2
4639,2
4644,2
4646,2
4651,2
4663,2
4665,2
4671,2
4673,2
4674,2
4679,2
4686,2
4688,2
4690,2
4703,2
4711,2
4712,2
4717,2
4739,2
4742,2
4743,2
4744,2
4745,2
4753,2
4755,2
4759,2
4760,2
4764,2
4768,2
4773,2
4777,2
4778,2
4780,2
4781,2
4808,2
4810,2
4816,2
4825,2
4842,2
4849,2
4854,2
4863,2
4901,2
4904,2
4909,2
4911,2
4914,2
4915,2
4925,2
4926,2
4934,2
4942,2
4950,2
4952,2
4958,2
4965,2
4969,2
4974,2
4979,2
4985,2
4986,2
4989,2
4992,2
4993,2
4995,2
4998,2
5005,2
5027,2
5028,2
5031,2
5033,2
5039,2
5055,2
5058,2
5066,2
5071,2
5076,2
5090,2
5093,2
5096,2
5097,2
5098,2
5100,2
5104,2
5106,2
5110,2
5113,2
5119,2
5120,2
5121,2
5129,2
5140,2
5142,2
5146,2
5150,2
5151,2
5155,2
5156,2
5158,2
5170,2
5171,2
5174,2
5179,2
5185,2
5186,2
5192,2
5193,2
5194,2
5195,2
5196,2
5211,2
5216,2
5217,2
5232,2
5243,2
5247,2
5248,2
5251,2
5252,2
5255,2
5258,2
5260,2
5263,2
5279,2
5289,2
5290,2
5298,2
5299,2
5325,2
5328,2
5348,2
5349,2
5350,2
5351,2
5353,2
5355,2
5356,2
5357,2
5361,2
5363,2
5364,2
5366,2
5367,2
5382,2
5383,2
5384,2
5385,2
5387,2
5389,2
5391,2
5394,2
5396,2
5400,2
5402,2
5404,2
5405,2
5406,2
5407,2
5408,2
5410,2
5411,2
5415,2
5434,2
5435,2
5436,2
5437,2
5438,2
5439,2
5440,2
5445,2
5458,2
5465,2
5466,2
5478,2
5510,2
5511,2
5514,2
5515,2
5538,2
5543,2
5564,2
5570,2
5581,2
5584,2
5586,2
5593,2
5594,2
5599,2
5602,2
5604,2
5609,2
5610,2
5654,2
5655,2
5663,2
5666,2
5668,2
5669,2
5670,2
5671,2
5672,2
5673,2
5674,2
5675,2
5676,2
5678,2
5684,2
5685,2
5687,2
5700,2
5701,2
5704,2
5716,2
5717,2
5721,2
5723,2
5728,2
5729,2
5730,2
5731,2
5732,2
5733,2
5742,2
5752,2
5753,2
5754,2
5763,2
5764,2
5767,2
5769,2
5772,2
5775,2
5778,2
5782,2
5806,2
5826,2
5835,2
5844,2
5845,2
5846,2
5854,2
5857,2
5864,2
5883,2
5965,2
5975,2
5979,2
5985,2
5987,2
6002,2
6038,2
6045,2
6080,2
6095,2
6102,2
6103,2
6106,2
6157,2
6167,2
6168,2
6199,2
6217,2
6220,2
6229,2
6264,2
6266,2
6276,2
6277,2
6295,2
6296,2
6305,2
6319,2
6320,2
6324,2
6336,2
6365,2
6379,2
6386,2
6399,2
6402,2
6408,2
6414,2
6417,2
6431,2
6456,2
6458,2
6461,2
6496,2
6505,2
6506,2
6507,2
6508,2
6509,2
6510,2
6521,2
6539,2
6543,2
6557,2
6560,2
6569,2
6572,2
6573,2
6588,2
6602,2
6653,2
6664,2
6672,2
6673,2
6674,2
6679,2
6694,2
6710,2
6715,2
6718,2
6719,2
6729,2
6732,2
6742,2
6745,2
6751,2
6764,2
6775,2
6789,2
6792,2
6811,2
6821,2
6825,2
6826,2
6828,2
6835,2
6836,2
6837,2
6858,2
6872,2
6874,2
6890,2
6891,2
6895,2
6907,2
6920,2
6923,2
6938,2
6952,2
6964,2
6966,2
6972,2
6975,2
6997,2
6999,2
7007,2
7018,2
7025,2
7034,2
7040,2
7060,2
7081,2
7083,2
7101,2
7102,2
7113,2
7121,2
7130,2
7143,2
7144,2
7156,2
7158,2
7183,2
7185,2
7186,2
7188,2
7215,2
7216,2
7218,2
7223,2
7246,2
7255,2
7256,2
7257,2
7258,2
7259,2
7265,2
7267,2
7269,2
7296,2
7325,2
7326,2
7334,2
7339,2
7341,2
7344,2
7349,2
7350,2
7354,2
7360,2
7377,2
7382,2
7383,2
7384,2
7386,2
7393,2
7419,2
7436,2
7439,2
7447,2
7448,2
7450,2
7454,2
7464,2
7469,2
7481,2
7484,2
7505,2
7506,2
7539,2
7541,2
7587,2
7594,2
7624,2
7625,2
7633,2
7641,2
7676,2
7711,2
7749,2
7760,2
7801,2
7807,2
7809,2
7811,2
7813,2
7816,2
7829,2
7836,2
7839,2
7841,2
7851,2
7863,2
7868,2
7873,2
7893,2
7898,2
7907,2
7919,2
7943,2
7969,2
7985,2
7992,2
8003,2
8021,2
8022,2
8023,2
8059,2
8086,2
8098,2
8108,2
8110,2
8118,2
8138,2
8166,2
8181,2
8194,2
8207,2
8208,2
8215,2
8236,2
8244,2
8251,2
8258,2
8283,2
8317,2
8322,2
8335,2
8348,2
8350,2
8372,2
8380,2
8393,2
8425,2
8430,2
8477,2
8483,2
8491,2
8511,2
8545,2
8561,2
8568,2
8575,2
8576,2
8589,2
8593,2
8594,2
8610,2
8634,2
8654,2
8691,2
8701,2
8721,2
8722,2
8737,2
8750,2
8776,2
8797,2
8801,2
2,3
6,3
16,3
18,3
22,3
34,3
50,3
51,3
70,3
83,3
93,3
100,3
109,3
194,3
195,3
199,3
213,3
223,3
226,3
227,3
242,3
249,3
261,3
272,3
274,3
275,3
278,3
290,3
297,3
312,3
314,3
337,3
362,3
371,3
383,3
391,3
392,3
426,3
460,3
478,3
479,3
489,3
504,3
511,3
514,3
517,3
525,3
527,3
534,3
539,3
547,3
549,3
554,3
588,3
618,3
638,3
639,3
641,3
643,3
659,3
660,3
661,3
662,3
664,3
666,3
668,3
669,3
675,3
677,3
679,3
680,3
693,3
697,3
700,3
704,3
707,3
726,3
732,3
759,3
764,3
773,3
790,3
806,3
821,3
826,3
831,3
833,3
834,3
838,3
849,3
880,3
885,3
903,3
921,3
922,3
969,3
973,3
994,3
1004,3
1013,3
1044,3
1048,3
1057,3
1059,3
1060,3
1063,3
1064,3
1068,3
1080,3
1175,3
1207,3
1228,3
1230,3
1271,3
1272,3
1276,3
1283,3
1286,3
1294,3
1295,3
1299,3
1302,3
1307,3
1321,3
1336,3
1340,3
1349,3
1355,3
1364,3
1374,3
1376,3
1378,3
1409,3
1420,3
1449,3
1458,3
1461,3
1478,3
1488,3
1493,3
1515,3
1521,3
1536,3
1553,3
1555,3
1560,3
1565,3
1571,3
1579,3
1584,3
1586,3
1588,3
1594,3
1606,3
1635,3
1640,3
1659,3
1662,3
1669,3
1699,3
1709,3
1712,3
1718,3
1723,3
1731,3
1738,3
1747,3
1751,3
1767,3
1783,3
1800,3
1805,3
1838,3
1840,3
1855,3
1874,3
1878,3
1879,3
1881,3
1895,3
1896,3
1907,3
1908,3
1916,3
1924,3
1934,3
1949,3
1956,3
1979,3
1981,3
1989,3
1990,3
1994,3
1999,3
2009,3
2013,3
2022,3
2038,3
2043,3
2045,3
2054,3
2065,3
2087,3
2094,3
2100,3
2124,3
2125,3
2126,3
2128,3
2134,3
2149,3
2163,3
2179,3
2204,3
2228,3
2230,3
2231,3
2252,3
2259,3
2300,3
2307,3
2323,3
2328,3
2347,3
2360,3
2363,3
2379,3
2391,3
2402,3
2405,3
2416,3
2418,3
2448,3
2451,3
2462,3
2474,3
2500,3
2509,3
2523,3
2524,3
2528,3
2547,3
2552,3
2554,3
2581,3
2586,3
2591,3
2601,3
2603,3
2604,3
2612,3
2640,3
2644,3
2697,3
2709,3
2711,3
2752,3
2768,3
2778,3
2784,3
2791,3
2792,3
2793,3
2794,3
2798,3
2803,3
2805,3
2825,3
2827,3
2856,3
2871,3
2873,3
2875,3
2876,3
2881,3
2892,3
2907,3
2922,3
2924,3
2932,3
2939,3
2942,3
2960,3
2975,3
2985,3
2993,3
2995,3
2998,3
3000,3
3011,3
3016,3
3031,3
3034,3
3037,3
3046,3
3048,3
3051,3
3066,3
3075,3
3076,3
3083,3
3088,3
3096,3
3097,3
3107,3
3109,3
3112,3
3118,3
3120,3
3121,3
3123,3
3131,3
3175,3
3177,3
3183,3
3185,3
3193,3
3223,3
3231,3
3239,3
3244,3
3250,3
3253,3
3259,3
3277,3
3282,3
3284,3
3289,3
3302,3
3329,3
3352,3
3353,3
3358,3
3362,3
3371,3
3424,3
3431,3
3454,3
3467,3
3478,3
3482,3
3492,3
3502,3
3507,3
3522,3
3526,3
3527,3
3535,3
3552,3
3578,3
3582,3
3586,3
3590,3
3591,3
3598,3
3601,3
3602,3
3605,3
3608,3
3609,3
3612,3
3625,3
3634,3
3652,3
3661,3
3670,3
3681,3
3683,3
3685,3
3687,3
3689,3
3690,3
3691,3
3726,3
3745,3
3747,3
3750,3
3751,3
3753,3
3756,3
3763,3
3771,3
3775,3
3783,3
3788,3
3793,3
3800,3
3802,3
3825,3
3832,3
3836,3
3839,3
3840,3
3841,3
3844,3
3846,3
3847,3
3848,3
3849,3
3851,3
3852,3
3854,3
3855,3
3856,3
3857,3
3879,3
3881,3
3883,3
3929,3
3941,3
3950,3
3965,3
3969,3
3970,3
3971,3
3982,3
3985,3
3987,3
3990,3
3997,3
3999,3
4007,3
4013,3
4023,3
4027,3
4028,3
4030,3
4031,3
4033,3
4036,3
4043,3
4044,3
4058,3
4080,3
4105,3
4119,3
4120,3
4127,3
4131,3
4143,3
4144,3
4163,3
4167,3
4175,3
4180,3
4190,3
4197,3
4208,3
4216,3
4217,3
4227,3
4252,3
4258,3
4264,3
4266,3
4273,3
4274,3
4277,3
4310,3
4311,3
4317,3
4322,3
4351,3
4357,3
4366,3
4380,3
4381,3
4385,3
4400,3
4404,3
4411,3
4484,3
4499,3
4519,3
4521,3
4524,3
4630,3
4633,3
4636,3
4646,3
4656,3
4664,3
4665,3
4671,3
4673,3
4686,3
4688,3
4710,3
4711,3
4712,3
4742,3
4743,3
4755,3
4764,3
4773,3
4777,3
4799,3
4805,3
4819,3
4822,3
4838,3
4904,3
4909,3
4911,3
4915,3
4925,3
4926,3
4934,3
4974,3
4979,3
4985,3
4986,3
4998,3
5005,3
5028,3
5030,3
5037,3
5039,3
5047,3
5070,3
5071,3
5100,3
5104,3
5106,3
5127,3
5129,3
5140,3
5146,3
5148,3
5155,3
5158,3
5160,3
5166,3
5171,3
5185,3
5186,3
5192,3
5193,3
5194,3
5196,3
5206,3
5216,3
5243,3
5247,3
5248,3
5251,3
5255,3
5260,3
5275,3
5285,3
5286,3
5287,3
5288,3
5289,3
5290,3
5298,3
5306,3
5322,3
5325,3
5328,3
5348,3
5349,3
5350,3
5351,3
5353,3
5355,3
5363,3
5382,3
5383,3
5384,3
5385,3
5387,3
5389,3
5391,3
5394,3
5396,3
5400,3
5402,3
5404,3
5405,3
5406,3
5407,3
5408,3
5410,3
5413,3
5414,3
5426,3
5438,3
5439,3
5446,3
5458,3
5465,3
5466,3
5471,3
5511,3
5538,3
5539,3
5543,3
5570,3
5584,3
5602,3
5609,3
5659,3
5669,3
5670,3
5672,3
5678,3
5693,3
5708,3
5723,3
5745,3
5753,3
5763,3
5764,3
5775,3
5778,3
5806,3
5826,3
5837,3
5844,3
5883,3
5923,3
5934,3
5940,3
5941,3
5965,3
5979,3
6002,3
6038,3
6067,3
6068,3
6102,3
6138,3
6147,3
6157,3
6217,3
6220,3
6251,3
6253,3
6265,3
6276,3
6277,3
6280,3
6296,3
6319,3
6320,3
6324,3
6336,3
6386,3
6408,3
6417,3
6505,3
6506,3
6508,3
6510,3
6557,3
6572,3
6573,3
6588,3
6604,3
6647,3
6677,3
6698,3
6719,3
6729,3
6743,3
6775,3
6789,3
6821,3
6825,3
6842,3
6858,3
6872,3
6874,3
6886,3
6924,3
6936,3
6938,3
6964,3
6971,3
6997,3
7007,3
7025,3
7086,3
7113,3
7126,3
7130,3
7141,3
7143,3
7144,3
7186,3
7188,3
7215,3
7246,3
7256,3
7265,3
7267,3
7343,3
7350,3
7369,3
7386,3
7410,3
7447,3
7448,3
7594,3
7598,3
7624,3
7629,3
7633,3
7641,3
7726,3
7730,3
7760,3
7807,3
7816,3
7829,3
7836,3
7839,3
7843,3
7857,3
7863,3
7871,3
7897,3
7919,3
7954,3
7994,3
8022,3
8023,3
8059,3
8065,3
8084,3
8086,3
8138,3
8149,3
8181,3
8207,3
8294,3
8303,3
8312,3
8379,3
8380,3
8393,3
8398,3
8422,3
8430,3
8483,3
8491,3
8511,3
8540,3
8545,3
8558,3
8589,3
8593,3
8634,3
8645,3
8654,3
8691,3
8711,3
8721,3
8727,3
8750,3
8797,3
8801,3
2,4
6,4
93,4
223,4
226,4
242,4
272,4
297,4
511,4
517,4
533,4
566,4
638,4
658,4
677,4
700,4
704,4
821,4
826,4
1066,4
1096,4
1336,4
1474,4
1479,4
1553,4
1563,4
1586,4
1626,4
1702,4
1795,4
1874,4
1881,4
1911,4
1956,4
1979,4
2109,4
2163,4
2191,4
2231,4
2298,4
2304,4
2391,4
2410,4
2418,4
2591,4
2819,4
2901,4
2942,4
3000,4
3175,4
3188,4
3353,4
3382,4
3582,4
3633,4
3656,4
3686,4
3756,4
3888,4
3965,4
3987,4
4023,4
4031,4
4044,4
4518,4
4519,4
4630,4
4664,4
4710,4
4712,4
4742,4
4799,4
4805,4
4837,4
4868,4
4986,4
5039,4
5201,4
5206,4
5287,4
5288,4
5389,4
5413,4
5471,4
5480,4
5659,4
5889,4
5940,4
6168,4
6604,4
6918,4
6942,4
6954,4
7343,4
7726,4
7843,4
8422,4
8575,4
3,5
11,5
12,5
15,5
18,5
21,5
83,5
110,5
126,5
166,5
199,5
223,5
224,5
261,5
274,5
276,5
289,5
311,5
370,5
381,5
382,5
386,5
435,5
436,5
466,5
491,5
504,5
520,5
524,5
533,5
544,5
554,5
622,5
626,5
627,5
666,5
669,5
670,5
677,5
679,5
680,5
685,5
715,5
735,5
738,5
750,5
826,5
834,5
870,5
920,5
922,5
961,5
1041,5
1062,5
1063,5
1065,5
1096,5
1126,5
1167,5
1187,5
1197,5
1202,5
1218,5
1224,5
1243,5
1247,5
1269,5
1307,5
1321,5
1322,5
1329,5
1336,5
1339,5
1340,5
1350,5
1385,5
1417,5
1428,5
1478,5
1480,5
1488,5
1515,5
1542,5
1565,5
1586,5
1587,5
1594,5
1650,5
1707,5
1712,5
1719,5
1734,5
1767,5
1770,5
1783,5
1804,5
1829,5
1841,5
1878,5
1911,5
1926,5
1934,5
1952,5
1981,5
1992,5
1994,5
2034,5
2054,5
2086,5
2123,5
2134,5
2135,5
2152,5
2166,5
2185,5
2218,5
2224,5
2230,5
2236,5
2252,5
2328,5
2391,5
2401,5
2402,5
2409,5
2416,5
2418,5
2523,5
2528,5
2531,5
2547,5
2549,5
2591,5
2600,5
2603,5
2604,5
2607,5
2646,5
2661,5
2666,5
2670,5
2671,5
2677,5
2685,5
2697,5
2728,5
2762,5
2765,5
2768,5
2784,5
2793,5
2796,5
2805,5
2825,5
2826,5
2855,5
2856,5
2872,5
2875,5
2884,5
2891,5
2895,5
2922,5
2924,5
2932,5
2945,5
2948,5
2949,5
2977,5
2980,5
3025,5
3035,5
3037,5
3038,5
3054,5
3068,5
3097,5
3121,5
3122,5
3176,5
3178,5
3213,5
3231,5
3243,5
3256,5
3280,5
3284,5
3299,5
3302,5
3314,5
3329,5
3357,5
3358,5
3362,5
3371,5
3374,5
3376,5
3415,5
3424,5
3427,5
3453,5
3458,5
3478,5
3484,5
3489,5
3502,5
3503,5
3504,5
3516,5
3525,5
3526,5
3544,5
3553,5
3562,5
3563,5
3577,5
3578,5
3580,5
3582,5
3590,5
3593,5
3605,5
3607,5
3703,5
3705,5
3711,5
3726,5
3728,5
3744,5
3745,5
3747,5
3749,5
3753,5
3755,5
3763,5
3788,5
3790,5
3793,5
3808,5
3809,5
3832,5
3839,5
3853,5
3856,5
3861,5
3880,5
3884,5
3887,5
3938,5
3941,5
3945,5
3947,5
3977,5
3981,5
3982,5
4016,5
4043,5
4080,5
4110,5
4120,5
4127,5
4128,5
4130,5
4144,5
4169,5
4173,5
4175,5
4179,5
4252,5
4255,5
4257,5
4264,5
4274,5
4306,5
4309,5
4310,5
4311,5
4317,5
4328,5
4351,5
4367,5
4400,5
4407,5
4410,5
4411,5
4477,5
4495,5
4496,5
4505,5
4512,5
4521,5
4524,5
4633,5
4636,5
4637,5
4639,5
4656,5
4663,5
4664,5
4665,5
4674,5
4679,5
4717,5
4751,5
4753,5
4779,5
4799,5
4805,5
4810,5
4822,5
4837,5
4842,5
4858,5
4868,5
4926,5
4950,5
4965,5
4981,5
4993,5
4995,5
4998,5
5005,5
5030,5
5033,5
5055,5
5058,5
5100,5
5104,5
5119,5
5126,5
5151,5
5166,5
5171,5
5186,5
5195,5
5211,5
5279,5
5287,5
5306,5
5322,5
5325,5
5328,5
5349,5
5351,5
5353,5
5356,5
5361,5
5366,5
5391,5
5405,5
5407,5
5413,5
5426,5
5436,5
5437,5
5458,5
5480,5
5515,5
5564,5
5659,5
5681,5
5716,5
5717,5
5723,5
5752,5
5753,5
5804,5
5807,5
5813,5
5823,5
5923,5
5941,5
5979,5
6045,5
6103,5
6138,5
6195,5
6251,5
6253,5
6265,5
6277,5
6320,5
6324,5
6372,5
6409,5
6417,5
6427,5
6499,5
6514,5
6515,5
6539,5
6543,5
6560,5
6572,5
6587,5
6588,5
6604,5
6652,5
6653,5
6673,5
6674,5
6696,5
6698,5
6729,5
6733,5
6742,5
6743,5
6751,5
6792,5
6837,5
6842,5
6872,5
6902,5
6923,5
6931,5
6956,5
6972,5
6975,5
7007,5
7082,5
7086,5
7113,5
7156,5
7158,5
7183,5
7185,5
7188,5
7257,5
7258,5
7259,5
7269,5
7325,5
7326,5
7334,5
7341,5
7464,5
7529,5
7624,5
7628,5
7630,5
7641,5
7694,5
7730,5
7760,5
7799,5
7843,5
7857,5
7863,5
7871,5
7954,5
7992,5
8003,5
8021,5
8108,5
8133,5
8148,5
8294,5
8303,5
8335,5
8367,5
8369,5
8393,5
8398,5
8432,5
8511,5
8534,5
8589,5
8594,5
8645,5
8756,5
3,6
12,6
20,6
22,6
126,6
133,6
297,6
371,6
381,6
391,6
392,6
400,6
402,6
514,6
540,6
544,6
658,6
661,6
697,6
735,6
750,6
764,6
833,6
838,6
856,6
884,6
909,6
994,6
1206,6
1224,6
1236,6
1295,6
1299,6
1322,6
1378,6
1403,6
1449,6
1563,6
1623,6
1635,6
1718,6
1780,6
1800,6
1840,6
1879,6
1949,6
2136,6
2157,6
2158,6
2191,6
2228,6
2250,6
2255,6
2304,6
2406,6
2416,6
2424,6
2471,6
2473,6
2519,6
2520,6
2527,6
2558,6
2629,6
2677,6
2765,6
2795,6
2822,6
2871,6
2875,6
2903,6
2922,6
2942,6
2948,6
2963,6
2972,6
2998,6
3006,6
3038,6
3051,6
3107,6
3118,6
3183,6
3247,6
3282,6
3285,6
3296,6
3357,6
3382,6
3383,6
3415,6
3446,6
3454,6
3478,6
3482,6
3500,6
3527,6
3552,6
3586,6
3588,6
3616,6
3643,6
3668,6
3675,6
3692,6
3726,6
3753,6
3780,6
3781,6
3877,6
3885,6
3898,6
3977,6
4029,6
4164,6
4179,6
4208,6
4219,6
4263,6
4277,6
4366,6
4496,6
4628,6
4644,6
4656,6
4663,6
4751,6
4753,6
4777,6
4822,6
4853,6
4854,6
4947,6
5036,6
5047,6
5070,6
5174,6
5195,6
5245,6
5246,6
5306,6
5322,6
5387,6
5489,6
5586,6
5651,6
5671,6
5675,6
5691,6
5837,6
6103,6
6543,6
6742,6
6751,6
6823,6
6956,6
7126,6
7158,6
7382,6
7383,6
7393,6
7647,6
7730,6
7848,6
8021,6
8065,6
8148,6
8425,6
4,7
11,7
15,7
21,7
26,7
67,7
73,7
103,7
111,7
182,7
214,7
224,7
246,7
267,7
311,7
321,7
370,7
404,7
441,7
445,7
466,7
483,7
491,7
498,7
500,7
520,7
537,7
627,7
654,7
681,7
682,7
711,7
762,7
832,7
843,7
877,7
901,7
920,7
968,7
998,7
1043,7
1062,7
1069,7
1076,7
1096,7
1117,7
1124,7
1126,7
1130,7
1144,7
1183,7
1197,7
1206,7
1225,7
1227,7
1235,7
1243,7
1273,7
1301,7
1303,7
1329,7
1372,7
1395,7
1417,7
1428,7
1431,7
1438,7
1440,7
1443,7
1444,7
1456,7
1480,7
1490,7
1533,7
1534,7
1542,7
1547,7
1575,7
1587,7
1604,7
1628,7
1668,7
1673,7
1689,7
1719,7
1734,7
1756,7
1772,7
1782,7
1801,7
1829,7
1869,7
1886,7
1915,7
1948,7
1952,7
1959,7
1962,7
1991,7
2003,7
2034,7
2055,7
2059,7
2086,7
2114,7
2157,7
2166,7
2169,7
2171,7
2202,7
2215,7
2218,7
2223,7
2224,7
2242,7
2247,7
2332,7
2353,7
2407,7
2477,7
2496,7
2549,7
2569,7
2575,7
2576,7
2628,7
2652,7
2685,7
2728,7
2743,7
2796,7
2809,7
2814,7
2817,7
2826,7
2839,7
2884,7
2891,7
2945,7
2949,7
2984,7
2992,7
3001,7
3012,7
3025,7
3043,7
3050,7
3068,7
3080,7
3093,7
3122,7
3176,7
3243,7
3256,7
3283,7
3288,7
3295,7
3314,7
3328,7
3364,7
3386,7
3455,7
3459,7
3490,7
3506,7
3516,7
3528,7
3541,7
3544,7
3562,7
3579,7
3593,7
3606,7
3628,7
3687,7
3703,7
3705,7
3722,7
3728,7
3744,7
3790,7
3797,7
3809,7
3838,7
3893,7
3935,7
3939,7
3943,7
4016,7
4055,7
4057,7
4085,7
4106,7
4110,7
4169,7
4173,7
4184,7
4185,7
4257,7
4267,7
4306,7
4309,7
4388,7
4401,7
4404,7
4437,7
4477,7
4489,7
4495,7
4515,7
4522,7
4531,7
4543,7
4550,7
4638,7
4649,7
4655,7
4674,7
4683,7
4703,7
4704,7
4739,7
4760,7
4768,7
4779,7
4781,7
4837,7
4842,7
4868,7
4907,7
4962,7
4968,7
4981,7
5001,7
5031,7
5049,7
5055,7
5112,7
5113,7
5126,7
5211,7
5222,7
5252,7
5258,7
5281,7
5300,7
5367,7
5368,7
5478,7
5480,7
5522,7
5555,7
5681,7
5684,7
5687,7
5721,7
5800,7
5802,7
5804,7
5807,7
5812,7
5813,7
5823,7
5824,7
5845,7
5846,7
5867,7
5872,7
6027,7
6095,7
6106,7
6133,7
6140,7
6162,7
6175,7
6199,7
6254,7
6263,7
6342,7
6365,7
6369,7
6372,7
6412,7
6452,7
6478,7
6488,7
6491,7
6496,7
6499,7
6514,7
6515,7
6525,7
6539,7
6561,7
6587,7
6614,7
6652,7
6660,7
6661,7
6696,7
6715,7
6733,7
6774,7
6786,7
6804,7
6811,7
6835,7
6836,7
6896,7
6931,7
6977,7
6999,7
7029,7
7070,7
7081,7
7082,7
7083,7
7101,7
7176,7
7177,7
7178,7
7210,7
7223,7
7286,7
7301,7
7302,7
7325,7
7341,7
7405,7
7410,7
7436,7
7486,7
7505,7
7506,7
7529,7
7548,7
7569,7
7570,7
7572,7
7573,7
7574,7
7575,7
7577,7
7625,7
7630,7
7649,7
7667,7
7680,7
7706,7
7748,7
7749,7
7799,7
7851,7
7909,7
7943,7
7992,7
8110,7
8130,7
8133,7
8176,7
8208,7
8209,7
8215,7
8217,7
8251,7
8263,7
8288,7
8317,7
8322,7
8354,7
8367,7
8369,7
8372,7
8412,7
8423,7
8429,7
8432,7
8440,7
8472,7
8477,7
8504,7
8519,7
8520,7
8534,7
8546,7
8550,7
8552,7
8594,7
8605,7
8701,7
8713,7
8741,7
8742,7
8756,7
8759,7
4,8
9,8
26,8
56,8
71,8
75,8
84,8
96,8
148,8
185,8
219,8
225,8
233,8
281,8
310,8
313,8
367,8
369,8
380,8
431,8
432,8
467,8
538,8
550,8
621,8
648,8
649,8
658,8
674,8
676,8
724,8
749,8
881,8
919,8
958,8
1046,8
1061,8
1083,8
1094,8
1095,8
1128,8
1144,8
1147,8
1164,8
1226,8
1275,8
1303,8
1314,8
1318,8
1384,8
1401,8
1438,8
1441,8
1450,8
1477,8
1544,8
1548,8
1549,8
1597,8
1612,8
1616,8
1624,8
1629,8
1639,8
1642,8
1673,8
1685,8
1689,8
1693,8
1698,8
1716,8
1727,8
1749,8
1755,8
1774,8
1782,8
1861,8
1980,8
1995,8
2003,8
2033,8
2055,8
2097,8
2102,8
2107,8
2113,8
2141,8
2146,8
2153,8
2154,8
2179,8
2190,8
2213,8
2227,8
2238,8
2246,8
2247,8
2299,8
2302,8
2306,8
2314,8
2338,8
2344,8
2358,8
2384,8
2395,8
2407,8
2423,8
2433,8
2515,8
2525,8
2553,8
2570,8
2610,8
2658,8
2662,8
2700,8
2773,8
2785,8
2828,8
2894,8
2921,8
2923,8
2978,8
2981,8
2994,8
3013,8
3014,8
3041,8
3043,8
3054,8
3242,8
3246,8
3270,8
3283,8
3331,8
3343,8
3345,8
3378,8
3379,8
3401,8
3441,8
3505,8
3551,8
3559,8
3572,8
3628,8
3672,8
3688,8
3701,8
3706,8
3722,8
3727,8
3746,8
3838,8
3865,8
3932,8
3972,8
4085,8
4090,8
4200,8
4228,8
4354,8
4377,8
4388,8
4409,8
4462,8
4509,8
4530,8
4605,8
4609,8
4622,8
4628,8
4677,8
4678,8
4697,8
4704,8
4759,8
4778,8
4808,8
5049,8
5169,8
5222,8
5263,8
5300,8
5568,8
5576,8
5656,8
5684,8
5857,8
5985,8
6101,8
6199,8
6254,8
6305,8
6358,8
6361,8
6374,8
6379,8
6399,8
6452,8
6456,8
6458,8
6533,8
6619,8
6636,8
6691,8
6764,8
6767,8
6783,8
6804,8
6850,8
6890,8
6895,8
6952,8
6966,8
6970,8
7018,8
7034,8
7055,8
7084,8
7124,8
7216,8
7298,8
7354,8
7393,8
7409,8
7419,8
7437,8
7450,8
7460,8
7484,8
7539,8
7587,8
7672,8
7719,8
7868,8
7949,8
8031,8
8032,8
8041,8
8098,8
8194,8
8200,8
8210,8
8236,8
8244,8
8332,8
8348,8
8350,8
8377,8
8475,8
8606,8
8610,8
8748,8
5,9
48,9
71,9
122,9
187,9
266,9
277,9
288,9
290,9
314,9
317,9
320,9
322,9
323,9
398,9
432,9
436,9
457,9
488,9
489,9
518,9
547,9
549,9
572,9
618,9
639,9
649,9
659,9
660,9
667,9
676,9
693,9
698,9
708,9
710,9
716,9
754,9
759,9
773,9
804,9
848,9
898,9
989,9
1039,9
1044,9
1061,9
1080,9
1085,9
1094,9
1095,9
1211,9
1226,9
1276,9
1297,9
1349,9
1356,9
1361,9
1364,9
1378,9
1420,9
1484,9
1493,9
1504,9
1517,9
1529,9
1571,9
1579,9
1584,9
1590,9
1624,9
1641,9
1655,9
1662,9
1671,9
1723,9
1741,9
1751,9
1795,9
1835,9
1876,9
1895,9
1908,9
1918,9
2038,9
2045,9
2102,9
2124,9
2176,9
2181,9
2195,9
2227,9
2246,9
2255,9
2256,9
2276,9
2294,9
2314,9
2330,9
2350,9
2360,9
2395,9
2453,9
2454,9
2509,9
2518,9
2587,9
2632,9
2699,9
2749,9
2827,9
2847,9
2889,9
2893,9
2918,9
2921,9
2939,9
2943,9
2975,9
2978,9
2981,9
2983,9
3002,9
3053,9
3064,9
3072,9
3077,9
3097,9
3120,9
3123,9
3128,9
3130,9
3174,9
3178,9
3186,9
3205,9
3217,9
3258,9
3264,9
3271,9
3275,9
3277,9
3278,9
3285,9
3287,9
3292,9
3294,9
3340,9
3341,9
3359,9
3361,9
3368,9
3369,9
3417,9
3421,9
3434,9
3462,9
3463,9
3464,9
3474,9
3475,9
3511,9
3576,9
3609,9
3610,9
3611,9
3613,9
3614,9
3615,9
3641,9
3652,9
3657,9
3661,9
3674,9
3683,9
3689,9
3690,9
3720,9
3743,9
3800,9
3825,9
3840,9
3846,9
3847,9
3848,9
3850,9
3884,9
3901,9
3921,9
3928,9
3950,9
3957,9
3972,9
3999,9
4002,9
4007,9
4027,9
4030,9
4045,9
4117,9
4119,9
4132,9
4133,9
4172,9
4180,9
4190,9
4200,9
4201,9
4216,9
4217,9
4262,9
4266,9
4270,9
4272,9
4273,9
4289,9
4305,9
4357,9
4380,9
4382,9
4484,9
4488,9
4502,9
4537,9
4571,9
4644,9
4690,9
4711,9
4743,9
4773,9
4780,9
4849,9
4914,9
4942,9
4958,9
4985,9
5027,9
5071,9
5076,9
5090,9
5098,9
5120,9
5146,9
5155,9
5216,9
5217,9
5247,9
5248,9
5285,9
5355,9
5356,9
5357,9
5383,9
5396,9
5402,9
5404,9
5411,9
5434,9
5435,9
5438,9
5440,9
5445,9
5510,9
5514,9
5581,9
5594,9
5599,9
5604,9
5654,9
5666,9
5668,9
5674,9
5676,9
5685,9
5700,9
5701,9
5704,9
5728,9
5729,9
5730,9
5731,9
5732,9
5733,9
5754,9
5763,9
5764,9
5767,9
5769,9
5772,9
5778,9
5782,9
5806,9
5864,9
5975,9
5987,9
6038,9
6101,9
6102,9
6157,9
6229,9
6264,9
6265,9
6266,9
6276,9
6280,9
6296,9
6402,9
6409,9
6414,9
6431,9
6461,9
6505,9
6506,9
6507,9
6508,9
6509,9
6510,9
6557,9
6647,9
6664,9
6672,9
6677,9
6718,9
6837,9
6891,9
6920,9
6938,9
6997,9
7025,9
7060,9
7183,9
7215,9
7246,9
7296,9
7326,9
7344,9
7349,9
7360,9
7386,9
7409,9
7439,9
7469,9
7481,9
7598,9
7633,9
7676,9
7711,9
7807,9
7809,9
7811,9
7816,9
7836,9
7839,9
7841,9
7873,9
7893,9
7898,9
7919,9
7969,9
8059,9
8084,9
8166,9
8200,9
8379,9
8561,9
8568,9
8576,9
8654,9
8722,9
8737,9
8801,9
5,10
16,10
32,10
33,10
38,10
48,10
68,10
83,10
98,10
100,10
107,10
121,10
122,10
126,10
133,10
161,10
187,10
188,10
190,10
198,10
221,10
227,10
235,10
243,10
244,10
249,10
275,10
288,10
317,10
320,10
322,10
323,10
324,10
365,10
386,10
389,10
398,10
443,10
457,10
460,10
478,10
505,10
512,10
515,10
516,10
518,10
521,10
522,10
523,10
527,10
531,10
536,10
545,10
572,10
578,10
588,10
662,10
663,10
667,10
668,10
678,10
683,10
687,10
692,10
708,10
714,10
750,10
752,10
759,10
768,10
796,10
806,10
831,10
848,10
849,10
858,10
863,10
897,10
898,10
912,10
964,10
969,10
989,10
1004,10
1039,10
1044,10
1058,10
1064,10
1080,10
1082,10
1128,10
1181,10
1182,10
1202,10
1214,10
1276,10
1286,10
1297,10
1307,10
1309,10
1311,10
1315,10
1333,10
1353,10
1357,10
1361,10
1363,10
1366,10
1376,10
1393,10
1403,10
1405,10
1430,10
1440,10
1449,10
1463,10
1466,10
1484,10
1504,10
1507,10
1517,10
1529,10
1531,10
1536,10
1546,10
1556,10
1570,10
1573,10
1574,10
1580,10
1590,10
1591,10
1606,10
1620,10
1641,10
1655,10
1659,10
1671,10
1688,10
1717,10
1723,10
1731,10
1741,10
1747,10
1761,10
1766,10
1835,10
1842,10
1849,10
1852,10
1855,10
1861,10
1865,10
1876,10
1894,10
1895,10
1923,10
1924,10
1930,10
1950,10
1953,10
1955,10
1974,10
1989,10
2009,10
2010,10
2014,10
2023,10
2069,10
2070,10
2074,10
2087,10
2103,10
2106,10
2125,10
2134,10
2145,10
2174,10
2195,10
2204,10
2219,10
2239,10
2250,10
2276,10
2293,10
2363,10
2389,10
2396,10
2460,10
2462,10
2467,10
2481,10
2487,10
2508,10
2516,10
2525,10
2552,10
2558,10
2566,10
2589,10
2641,10
2642,10
2649,10
2652,10
2660,10
2663,10
2667,10
2671,10
2676,10
2692,10
2719,10
2737,10
2744,10
2747,10
2749,10
2752,10
2765,10
2766,10
2788,10
2808,10
2827,10
2842,10
2869,10
2881,10
2892,10
2903,10
2911,10
2918,10
2927,10
2932,10
2938,10
2954,10
2983,10
2995,10
3031,10
3034,10
3036,10
3038,10
3040,10
3041,10
3087,10
3109,10
3147,10
3149,10
3166,10
3169,10
3184,10
3193,10
3200,10
3217,10
3221,10
3222,10
3223,10
3237,10
3244,10
3248,10
3250,10
3258,10
3287,10
3294,10
3296,10
3305,10
3307,10
3311,10
3317,10
3326,10
3331,10
3370,10
3383,10
3404,10
3411,10
3431,10
3434,10
3464,10
3465,10
3467,10
3468,10
3507,10
3601,10
3602,10
3609,10
3625,10
3634,10
3654,10
3655,10
3660,10
3692,10
3696,10
3701,10
3709,10
3711,10
3743,10
3750,10
3752,10
3779,10
3780,10
3795,10
3800,10
3807,10
3813,10
3818,10
3822,10
3836,10
3845,10
3850,10
3854,10
3862,10
3868,10
3877,10
3879,10
3881,10
3882,10
3883,10
3885,10
3898,10
3899,10
3903,10
3921,10
3926,10
3928,10
3937,10
3938,10
3954,10
3966,10
3990,10
4002,10
4017,10
4024,10
4056,10
4105,10
4106,10
4123,10
4126,10
4143,10
4164,10
4168,10
4172,10
4201,10
4202,10
4203,10
4219,10
4221,10
4255,10
4261,10
4262,10
4265,10
4270,10
4272,10
4285,10
4289,10
4291,10
4297,10
4308,10
4321,10
4327,10
4363,10
4368,10
4369,10
4373,10
4382,10
4406,10
4414,10
4479,10
4480,10
4488,10
4490,10
4504,10
4505,10
4518,10
4536,10
4543,10
4551,10
4554,10
4571,10
4624,10
4630,10
4633,10
4637,10
4640,10
4648,10
4651,10
4671,10
4675,10
4688,10
4705,10
4744,10
4748,10
4755,10
4763,10
4764,10
4772,10
4814,10
4816,10
4825,10
4845,10
4846,10
4847,10
4854,10
4858,10
4870,10
4875,10
4914,10
4927,10
4950,10
4952,10
4977,10
5027,10
5037,10
5064,10
5066,10
5083,10
5090,10
5091,10
5101,10
5110,10
5119,10
5121,10
5139,10
5142,10
5145,10
5150,10
5156,10
5174,10
5176,10
5207,10
5209,10
5217,10
5238,10
5255,10
5259,10
5275,10
5285,10
5289,10
5346,10
5357,10
5393,10
5411,10
5422,10
5423,10
5446,10
5489,10
5520,10
5521,10
5524,10
5556,10
5563,10
5579,10
5593,10
5594,10
5641,10
5663,10
5685,10
5693,10
5700,10
5701,10
5704,10
5708,10
5728,10
5729,10
5730,10
5731,10
5732,10
5733,10
5742,10
5767,10
5769,10
5772,10
5775,10
5782,10
5863,10
5878,10
5886,10
5901,10
5909,10
5923,10
5975,10
6067,10
6090,10
6195,10
6214,10
6229,10
6253,10
6266,10
6295,10
6302,10
6362,10
6382,10
6394,10
6431,10
6457,10
6460,10
6507,10
6509,10
6520,10
6521,10
6525,10
6550,10
6647,10
6664,10
6679,10
6694,10
6718,10
6725,10
6796,10
6807,10
6823,10
6825,10
6826,10
6839,10
6842,10
6907,10
6920,10
6924,10
6933,10
6936,10
7040,10
7051,10
7055,10
7060,10
7185,10
7255,10
7296,10
7308,10
7313,10
7322,10
7339,10
7344,10
7350,10
7360,10
7376,10
7384,10
7407,10
7439,10
7454,10
7469,10
7522,10
7530,10
7552,10
7590,10
7629,10
7675,10
7690,10
7694,10
7710,10
7722,10
7757,10
7796,10
7801,10
7811,10
7813,10
7814,10
7848,10
7857,10
7873,10
7897,10
7983,10
7985,10
8086,10
8118,10
8173,10
8175,10
8183,10
8190,10
8258,10
8272,10
8283,10
8337,10
8358,10
8424,10
8430,10
8438,10
8443,10
8561,10
8568,10
8600,10
8711,10
8721,10
8722,10
8737,10
8776,10
8804,10
6,11
272,11
494,11
533,11
697,11
738,11
881,11
884,11
887,11
891,11
1066,11
1128,11
1278,11
1362,11
1474,11
1588,11
1626,11
1702,11
1738,11
1874,11
1979,11
2109,11
2298,11
2379,11
2405,11
2410,11
2424,11
2473,11
2526,11
2529,11
2798,11
2819,11
2901,11
2998,11
3011,11
3183,11
3188,11
3383,11
3492,11
3520,11
3522,11
3602,11
3656,11
3686,11
3701,11
3885,11
3888,11
3966,11
4033,11
4112,11
4164,11
4519,11
4686,11
4710,11
4909,11
5093,11
5206,11
5290,11
5400,11
5691,11
5803,11
5889,11
6167,11
6168,11
6251,11
6319,11
6569,11
6745,11
6918,11
6942,11
6954,11
7343,11
7726,11
8483,11
8575,11
7,12
14,12
24,12
65,12
72,12
76,12
78,12
81,12
95,12
108,12
128,12
131,12
156,12
168,12
169,12
232,12
250,12
280,12
301,12
326,12
327,12
331,12
345,12
346,12
348,12
394,12
406,12
407,12
408,12
409,12
410,12
411,12
412,12
413,12
414,12
415,12
416,12
417,12
418,12
419,12
420,12
421,12
422,12
423,12
424,12
425,12
429,12
433,12
461,12
472,12
487,12
569,12
574,12
575,12
594,12
596,12
602,12
603,12
604,12
737,12
740,12
756,12
812,12
830,12
835,12
847,12
862,12
864,12
883,12
925,12
934,12
936,12
938,12
939,12
940,12
941,12
942,12
955,12
962,12
1006,12
1007,12
1008,12
1009,12
1010,12
1011,12
1025,12
1027,12
1031,12
1072,12
1073,12
1074,12
1075,12
1077,12
1078,12
1079,12
1097,12
1102,12
1105,12
1113,12
1152,12
1157,12
1171,12
1204,12
1219,12
1254,12
1259,12
1305,12
1308,12
1320,12
1365,12
1370,12
1373,12
1379,12
1404,12
1407,12
1408,12
1425,12
1435,12
1452,12
1454,12
1486,12
1491,12
1495,12
1497,12
1508,12
1520,12
1557,12
1558,12
1577,12
1581,12
1582,12
1589,12
1592,12
1598,12
1601,12
1610,12
1617,12
1633,12
1636,12
1637,12
1652,12
1656,12
1664,12
1667,12
1672,12
1682,12
1695,12
1700,12
1703,12
1704,12
1737,12
1750,12
1752,12
1753,12
1754,12
1762,12
1802,12
1816,12
1834,12
1845,12
1860,12
1872,12
1884,12
1893,12
1960,12
1986,12
2004,12
2005,12
2008,12
2011,12
2012,12
2021,12
2028,12
2039,12
2057,12
2062,12
2072,12
2077,12
2080,12
2082,12
2108,12
2115,12
2130,12
2132,12
2143,12
2156,12
2167,12
2168,12
2178,12
2186,12
2189,12
2208,12
2209,12
2216,12
2237,12
2261,12
2329,12
2357,12
2365,12
2378,12
2381,12
2386,12
2399,12
2432,12
2441,12
2452,12
2479,12
2534,12
2545,12
2563,12
2564,12
2573,12
2580,12
2583,12
2594,12
2595,12
2596,12
2597,12
2657,12
2679,12
2682,12
2696,12
2702,12
2718,12
2738,12
2745,12
2751,12
2755,12
2764,12
2771,12
2774,12
2779,12
2812,12
2813,12
2815,12
2820,12
2829,12
2831,12
2849,12
2859,12
2861,12
2877,12
2888,12
2902,12
2912,12
2920,12
2928,12
2964,12
3017,12
3020,12
3058,12
3059,12
3060,12
3063,12
3065,12
3070,12
3100,12
3106,12
3110,12
3139,12
3162,12
3173,12
3181,12
3189,12
3201,12
3219,12
3226,12
3230,12
3232,12
3249,12
3267,12
3274,12
3304,12
3316,12
3318,12
3319,12
3320,12
3321,12
3322,12
3323,12
3324,12
3325,12
3338,12
3339,12
3344,12
3351,12
3391,12
3395,12
3396,12
3397,12
3398,12
3443,12
3452,12
3457,12
3470,12
3473,12
3476,12
3509,12
3524,12
3545,12
3550,12
3581,12
3585,12
3604,12
3627,12
3748,12
3767,12
3768,12
3778,12
3819,12
3821,12
3830,12
3910,12
4037,12
4059,12
4061,12
4063,12
4066,12
4122,12
4138,12
4140,12
4141,12
4146,12
4224,12
4287,12
4290,12
4296,12
4319,12
4320,12
4324,12
4352,12
4353,12
4365,12
4370,12
4374,12
4387,12
4467,12
4493,12
4535,12
4558,12
4590,12
4591,12
4617,12
4657,12
4721,12
4738,12
4761,12
4771,12
4785,12
4796,12
4874,12
4908,12
4918,12
4978,12
4983,12
4991,12
5000,12
5082,12
5107,12
5116,12
5134,12
5138,12
5141,12
5143,12
5161,12
5164,12
5190,12
5200,12
5242,12
5270,12
5274,12
5312,12
5341,12
5354,12
5360,12
5376,12
5390,12
5412,12
5424,12
5442,12
5492,12
5497,12
5527,12
5528,12
5529,12
5597,12
5598,12
5622,12
5643,12
5644,12
5646,12
5649,12
5682,12
5737,12
5762,12
5774,12
5858,12
5862,12
5866,12
5888,12
5937,12
5938,12
5954,12
6042,12
6054,12
6066,12
6070,12
6081,12
6110,12
6114,12
6117,12
6119,12
6125,12
6126,12
6152,12
6153,12
6154,12
6155,12
6170,12
6174,12
6187,12
6221,12
6222,12
6223,12
6235,12
6236,12
6237,12
6238,12
6239,12
6240,12
6241,12
6242,12
6243,12
6244,12
6262,12
6272,12
6284,12
6285,12
6298,12
6306,12
6309,12
6334,12
6349,12
6355,12
6367,12
6371,12
6383,12
6384,12
6385,12
6406,12
6407,12
6411,12
6434,12
6447,12
6449,12
6463,12
6465,12
6467,12
6474,12
6480,12
6481,12
6482,12
6535,12
6537,12
6551,12
6582,12
6622,12
6623,12
6640,12
6641,12
6646,12
6658,12
6680,12
6711,12
6749,12
6782,12
6798,12
6799,12
6808,12
6815,12
6819,12
6829,12
6830,12
6838,12
6841,12
6859,12
6884,12
6910,12
6932,12
6953,12
6993,12
6994,12
7009,12
7014,12
7046,12
7056,12
7058,12
7068,12
7071,12
7072,12
7073,12
7074,12
7079,12
7098,12
7104,12
7109,12
7111,12
7146,12
7165,12
7227,12
7228,12
7229,12
7230,12
7231,12
7232,12
7233,12
7234,12
7241,12
7242,12
7276,12
7279,12
7283,12
7291,12
7293,12
7314,12
7315,12
7318,12
7319,12
7320,12
7378,12
7380,12
7417,12
7418,12
7453,12
7461,12
7462,12
7487,12
7489,12
7490,12
7491,12
7492,12
7493,12
7494,12
7495,12
7496,12
7497,12
7498,12
7499,12
7500,12
7501,12
7502,12
7514,12
7526,12
7527,12
7532,12
7542,12
7543,12
7565,12
7580,12
7595,12
7596,12
7597,12
7600,12
7670,12
7725,12
7733,12
7741,12
7756,12
7776,12
7781,12
7788,12
7789,12
7815,12
7817,12
7827,12
7892,12
7908,12
7930,12
7934,12
7935,12
7953,12
7960,12
7965,12
8011,12
8052,12
8053,12
8075,12
8076,12
8077,12
8083,12
8111,12
8123,12
8152,12
8153,12
8155,12
8159,12
8160,12
8163,12
8182,12
8184,12
8185,12
8191,12
8226,12
8249,12
8259,12
8267,12
8305,12
8306,12
8340,12
8360,12
8361,12
8362,12
8382,12
8395,12
8396,12
8431,12
8442,12
8455,12
8456,12
8458,12
8462,12
8467,12
8473,12
8502,12
8516,12
8554,12
8582,12
8595,12
8603,12
8642,12
8656,12
8660,12
8715,12
8746,12
8753,12
8777,12
8782,12
8785,12
8787,12
8794,12
8806,12
8,13
10,13
13,13
31,13
36,13
37,13
39,13
42,13
43,13
49,13
74,13
79,13
80,13
85,13
94,13
104,13
106,13
108,13
113,13
115,13
116,13
117,13
119,13
120,13
127,13
129,13
130,13
135,13
137,13
139,13
140,13
141,13
143,13
157,13
160,13
163,13
167,13
170,13
172,13
175,13
176,13
191,13
192,13
196,13
200,13
202,13
207,13
209,13
210,13
216,13
217,13
218,13
228,13
232,13
245,13
247,13
248,13
251,13
252,13
254,13
257,13
258,13
259,13
260,13
268,13
269,13
283,13
286,13
293,13
299,13
306,13
307,13
315,13
316,13
330,13
335,13
336,13
340,13
342,13
344,13
345,13
350,13
351,13
353,13
356,13
358,13
363,13
366,13
372,13
388,13
390,13
393,13
395,13
403,13
427,13
430,13
434,13
437,13
439,13
440,13
446,13
447,13
448,13
449,13
450,13
451,13
452,13
453,13
459,13
462,13
469,13
470,13
472,13
481,13
482,13
484,13
492,13
493,13
499,13
502,13
503,13
506,13
509,13
519,13
529,13
530,13
532,13
535,13
542,13
543,13
555,13
565,13
570,13
573,13
576,13
577,13
579,13
583,13
586,13
590,13
592,13
597,13
599,13
600,13
603,13
604,13
605,13
607,13
614,13
615,13
616,13
617,13
620,13
624,13
625,13
630,13
631,13
634,13
636,13
650,13
651,13
652,13
653,13
655,13
656,13
684,13
686,13
688,13
694,13
695,13
696,13
699,13
702,13
703,13
705,13
709,13
712,13
713,13
736,13
737,13
742,13
743,13
744,13
747,13
748,13
751,13
755,13
757,13
769,13
774,13
775,13
776,13
783,13
785,13
787,13
792,13
793,13
795,13
798,13
799,13
800,13
801,13
802,13
807,13
808,13
816,13
818,13
819,13
822,13
824,13
829,13
835,13
840,13
841,13
842,13
846,13
851,13
852,13
853,13
857,13
859,13
860,13
865,13
866,13
872,13
873,13
874,13
876,13
879,13
882,13
886,13
890,13
893,13
895,13
896,13
899,13
900,13
904,13
906,13
907,13
910,13
911,13
914,13
916,13
918,13
923,13
927,13
934,13
935,13
943,13
944,13
946,13
948,13
951,13
954,13
959,13
960,13
970,13
974,13
975,13
976,13
983,13
992,13
995,13
996,13
1000,13
1002,13
1016,13
1018,13
1020,13
1022,13
1023,13
1024,13
1030,13
1031,13
1032,13
1034,13
1036,13
1038,13
1051,13
1053,13
1056,13
1067,13
1070,13
1086,13
1087,13
1090,13
1091,13
1099,13
1100,13
1104,13
1105,13
1106,13
1108,13
1111,13
1115,13
1123,13
1131,13
1132,13
1133,13
1137,13
1139,13
1142,13
1146,13
1154,13
1155,13
1160,13
1161,13
1163,13
1166,13
1168,13
1176,13
1177,13
1193,13
1195,13
1198,13
1200,13
1203,13
1204,13
1210,13
1212,13
1213,13
1215,13
1220,13
1221,13
1222,13
1229,13
1231,13
1233,13
1237,13
1241,13
1242,13
1244,13
1248,13
1252,13
1255,13
1256,13
1260,13
1262,13
1263,13
1265,13
1267,13
1270,13
1277,13
1282,13
1287,13
1288,13
1289,13
1292,13
1296,13
1306,13
1308,13
1312,13
1313,13
1317,13
1323,13
1324,13
1325,13
1331,13
1334,13
1338,13
1341,13
1342,13
1343,13
1345,13
1347,13
1352,13
1358,13
1360,13
1367,13
1371,13
1373,13
1377,13
1379,13
1380,13
1383,13
1388,13
1389,13
1391,13
1392,13
1398,13
1400,13
1404,13
1411,13
1413,13
1414,13
1415,13
1416,13
1422,13
1423,13
1427,13
1429,13
1432,13
1434,13
1436,13
1452,13
1453,13
1457,13
1462,13
1470,13
1471,13
1473,13
1475,13
1476,13
1485,13
1489,13
1492,13
1496,13
1497,13
1498,13
1500,13
1501,13
1502,13
1514,13
1518,13
1520,13
1522,13
1523,13
1524,13
1526,13
1532,13
1535,13
1538,13
1541,13
1545,13
1550,13
1558,13
1562,13
1564,13
1567,13
1569,13
1572,13
1583,13
1585,13
1596,13
1598,13
1599,13
1600,13
1603,13
1607,13
1614,13
1631,13
1647,13
1657,13
1658,13
1670,13
1674,13
1677,13
1680,13
1681,13
1682,13
1683,13
1686,13
1690,13
1706,13
1710,13
1711,13
1713,13
1714,13
1721,13
1726,13
1728,13
1729,13
1732,13
1733,13
1736,13
1739,13
1740,13
1742,13
1744,13
1764,13
1765,13
1768,13
1769,13
1773,13
1775,13
1777,13
1781,13
1797,13
1798,13
1803,13
1808,13
1809,13
1810,13
1811,13
1812,13
1815,13
1818,13
1819,13
1820,13
1822,13
1823,13
1825,13
1826,13
1827,13
1828,13
1830,13
1833,13
1843,13
1850,13
1851,13
1862,13
1863,13
1867,13
1873,13
1877,13
1885,13
1889,13
1897,13
1898,13
1904,13
1906,13
1910,13
1913,13
1922,13
1925,13
1928,13
1931,13
1932,13
1939,13
1940,13
1945,13
1946,13
1951,13
1954,13
1960,13
1964,13
1975,13
1977,13
1978,13
1988,13
1996,13
1997,13
2002,13
2006,13
2008,13
2016,13
2017,13
2018,13
2019,13
2020,13
2021,13
2024,13
2026,13
2027,13
2029,13
2031,13
2032,13
2040,13
2044,13
2046,13
2047,13
2049,13
2052,13
2056,13
2060,13
2075,13
2078,13
2085,13
2091,13
2093,13
2095,13
2101,13
2104,13
2112,13
2117,13
2118,13
2121,13
2131,13
2138,13
2139,13
2140,13
2142,13
2147,13
2148,13
2172,13
2180,13
2187,13
2192,13
2194,13
2197,13
2198,13
2199,13
2203,13
2207,13
2210,13
2212,13
2217,13
2221,13
2225,13
2235,13
2240,13
2245,13
2266,13
2267,13
2268,13
2269,13
2270,13
2272,13
2273,13
2274,13
2277,13
2278,13
2279,13
2280,13
2282,13
2283,13
2284,13
2285,13
2287,13
2288,13
2289,13
2290,13
2291,13
2296,13
2301,13
2309,13
2324,13
2325,13
2327,13
2329,13
2334,13
2335,13
2336,13
2337,13
2340,13
2341,13
2345,13
2348,13
2351,13
2352,13
2354,13
2355,13
2357,13
2359,13
2361,13
2362,13
2364,13
2366,13
2367,13
2368,13
2369,13
2370,13
2374,13
2375,13
2376,13
2377,13
2381,13
2382,13
2387,13
2388,13
2390,13
2392,13
2393,13
2394,13
2403,13
2408,13
2412,13
2413,13
2415,13
2417,13
2419,13
2421,13
2425,13
2426,13
2428,13
2431,13
2435,13
2438,13
2439,13
2442,13
2446,13
2455,13
2456,13
2457,13
2458,13
2461,13
2466,13
2468,13
2472,13
2475,13
2476,13
2482,13
2483,13
2488,13
2489,13
2492,13
2494,13
2497,13
2498,13
2501,13
2512,13
2514,13
2521,13
2532,13
2533,13
2534,13
2536,13
2537,13
2539,13
2542,13
2550,13
2551,13
2559,13
2565,13
2567,13
2571,13
2573,13
2574,13
2577,13
2585,13
2592,13
2606,13
2608,13
2611,13
2613,13
2616,13
2618,13
2623,13
2626,13
2627,13
2631,13
2635,13
2637,13
2638,13
2639,13
2650,13
2655,13
2664,13
2669,13
2672,13
2673,13
2675,13
2679,13
2683,13
2684,13
2686,13
2688,13
2689,13
2695,13
2698,13
2701,13
2704,13
2705,13
2707,13
2713,13
2716,13
2717,13
2721,13
2722,13
2723,13
2724,13
2725,13
2726,13
2727,13
2731,13
2732,13
2733,13
2734,13
2735,13
2739,13
2742,13
2746,13
2748,13
2755,13
2756,13
2757,13
2761,13
2767,13
2772,13
2776,13
2781,13
2790,13
2797,13
2802,13
2818,13
2820,13
2821,13
2823,13
2824,13
2831,13
2833,13
2834,13
2835,13
2840,13
2841,13
2844,13
2846,13
2851,13
2852,13
2853,13
2857,13
2860,13
2861,13
2862,13
2863,13
2864,13
2865,13
2868,13
2874,13
2879,13
2880,13
2882,13
2883,13
2885,13
2888,13
2896,13
2898,13
2899,13
2904,13
2905,13
2908,13
2913,13
2914,13
2917,13
2929,13
2931,13
2933,13
2935,13
2936,13
2937,13
2940,13
2941,13
2944,13
2956,13
2957,13
2958,13
2970,13
2971,13
2973,13
2974,13
2982,13
2987,13
2989,13
2990,13
3003,13
3005,13
3007,13
3008,13
3009,13
3010,13
3018,13
3019,13
3022,13
3023,13
3024,13
3030,13
3033,13
3039,13
3044,13
3045,13
3049,13
3052,13
3069,13
3071,13
3079,13
3090,13
3095,13
3101,13
3113,13
3115,13
3116,13
3117,13
3125,13
3126,13
3127,13
3132,13
3133,13
3136,13
3140,13
3142,13
3143,13
3144,13
3145,13
3146,13
3148,13
3150,13
3151,13
3155,13
3159,13
3165,13
3168,13
3170,13
3172,13
3179,13
3180,13
3181,13
3191,13
3192,13
3196,13
3197,13
3198,13
3199,13
3201,13
3202,13
3204,13
3207,13
3208,13
3211,13
3212,13
3218,13
3219,13
3224,13
3227,13
3228,13
3234,13
3236,13
3238,13
3252,13
3255,13
3262,13
3265,13
3268,13
3291,13
3297,13
3298,13
3301,13
3303,13
3308,13
3309,13
3313,13
3330,13
3332,13
3338,13
3348,13
3349,13
3360,13
3372,13
3373,13
3381,13
3392,13
3400,13
3406,13
3408,13
3410,13
3412,13
3413,13
3414,13
3426,13
3429,13
3432,13
3433,13
3439,13
3440,13
3444,13
3447,13
3466,13
3477,13
3481,13
3485,13
3487,13
3488,13
3497,13
3499,13
3510,13
3523,13
3531,13
3532,13
3537,13
3538,13
3543,13
3550,13
3557,13
3564,13
3567,13
3594,13
3603,13
3619,13
3626,13
3631,13
3632,13
3635,13
3638,13
3642,13
3659,13
3662,13
3669,13
3671,13
3673,13
3700,13
3702,13
3710,13
3719,13
3731,13
3732,13
3736,13
3741,13
3762,13
3764,13
3768,13
3773,13
3776,13
3782,13
3784,13
3789,13
3791,13
3792,13
3798,13
3817,13
3819,13
3820,13
3823,13
3826,13
3833,13
3834,13
3835,13
3837,13
3843,13
3864,13
3866,13
3869,13
3875,13
3886,13
3890,13
3891,13
3895,13
3900,13
3905,13
3906,13
3909,13
3911,13
3914,13
3917,13
3918,13
3919,13
3922,13
3933,13
3934,13
3940,13
3946,13
3951,13
3952,13
3956,13
3961,13
3963,13
3964,13
3967,13
3974,13
3976,13
3983,13
3986,13
3993,13
3994,13
3998,13
4001,13
4003,13
4006,13
4014,13
4018,13
4019,13
4020,13
4022,13
4034,13
4035,13
4037,13
4038,13
4040,13
4041,13
4042,13
4047,13
4048,13
4049,13
4050,13
4062,13
4063,13
4067,13
4068,13
4069,13
4072,13
4073,13
4074,13
4076,13
4077,13
4078,13
4079,13
4082,13
4083,13
4086,13
4087,13
4088,13
4089,13
4092,13
4095,13
4096,13
4098,13
4099,13
4101,13
4102,13
4103,13
4104,13
4107,13
4109,13
4121,13
4125,13
4135,13
4137,13
4138,13
4147,13
4149,13
4151,13
4152,13
4153,13
4155,13
4156,13
4158,13
4159,13
4160,13
4161,13
4162,13
4165,13
4174,13
4178,13
4183,13
4187,13
4191,13
4198,13
4199,13
4205,13
4206,13
4210,13
4211,13
4213,13
4214,13
4215,13
4222,13
4226,13
4253,13
4254,13
4256,13
4260,13
4268,13
4269,13
4283,13
4284,13
4286,13
4288,13
4292,13
4293,13
4295,13
4298,13
4304,13
4307,13
4318,13
4319,13
4320,13
4330,13
4333,13
4336,13
4337,13
4340,13
4343,13
4347,13
4350,13
4352,13
4355,13
4356,13
4358,13
4359,13
4362,13
4384,13
4386,13
4387,13
4389,13
4392,13
4397,13
4405,13
4412,13
4418,13
4419,13
4423,13
4424,13
4425,13
4426,13
4427,13
4428,13
4430,13
4432,13
4438,13
4441,13
4442,13
4446,13
4449,13
4450,13
4452,13
4454,13
4455,13
4456,13
4457,13
4458,13
4460,13
4464,13
4465,13
4466,13
4467,13
4468,13
4469,13
4472,13
4473,13
4474,13
4478,13
4482,13
4497,13
4503,13
4507,13
4508,13
4510,13
4520,13
4523,13
4527,13
4534,13
4538,13
4557,13
4560,13
4561,13
4562,13
4563,13
4565,13
4567,13
4568,13
4570,13
4573,13
4574,13
4575,13
4576,13
4577,13
4579,13
4580,13
4582,13
4584,13
4585,13
4592,13
4593,13
4594,13
4596,13
4597,13
4603,13
4604,13
4610,13
4611,13
4614,13
4616,13
4617,13
4618,13
4620,13
4642,13
4643,13
4647,13
4650,13
4660,13
4661,13
4666,13
4667,13
4668,13
4669,13
4670,13
4672,13
4691,13
4692,13
4693,13
4694,13
4695,13
4698,13
4701,13
4702,13
4706,13
4709,13
4713,13
4715,13
4719,13
4720,13
4721,13
4722,13
4723,13
4724,13
4725,13
4726,13
4727,13
4731,13
4732,13
4733,13
4735,13
4738,13
4741,13
4752,13
4756,13
4766,13
4771,13
4783,13
4784,13
4785,13
4790,13
4791,13
4793,13
4794,13
4795,13
4796,13
4797,13
4798,13
4801,13
4803,13
4807,13
4811,13
4820,13
4823,13
4826,13
4830,13
4831,13
4834,13
4840,13
4841,13
4843,13
4848,13
4861,13
4876,13
4879,13
4883,13
4886,13
4887,13
4900,13
4902,13
4906,13
4908,13
4921,13
4922,13
4924,13
4929,13
4932,13
4935,13
4936,13
4937,13
4940,13
4946,13
4948,13
4949,13
4953,13
4954,13
4955,13
4956,13
4957,13
4960,13
4964,13
4970,13
4972,13
4973,13
4975,13
4976,13
4978,13
4984,13
4987,13
4988,13
4994,13
5008,13
5009,13
5011,13
5013,13
5015,13
5022,13
5023,13
5032,13
5034,13
5038,13
5051,13
5052,13
5054,13
5059,13
5081,13
5082,13
5084,13
5094,13
5105,13
5115,13
5122,13
5123,13
5125,13
5130,13
5132,13
5144,13
5154,13
5164,13
5168,13
5182,13
5184,13
5187,13
5189,13
5191,13
5199,13
5203,13
5208,13
5218,13
5221,13
5223,13
5224,13
5228,13
5236,13
5249,13
5250,13
5256,13
5261,13
5268,13
5271,13
5283,13
5295,13
5297,13
5305,13
5310,13
5311,13
5314,13
5330,13
5331,13
5335,13
5336,13
5337,13
5338,13
5339,13
5340,13
5352,13
5360,13
5362,13
5365,13
5374,13
5375,13
5378,13
5388,13
5390,13
5392,13
5397,13
5399,13
5401,13
5409,13
5416,13
5418,13
5420,13
5421,13
5430,13
5441,13
5442,13
5444,13
5448,13
5453,13
5454,13
5456,13
5462,13
5463,13
5464,13
5470,13
5473,13
5474,13
5483,13
5484,13
5486,13
5487,13
5499,13
5500,13
5501,13
5503,13
5505,13
5506,13
5508,13
5512,13
5513,13
5516,13
5517,13
5523,13
5525,13
5530,13
5531,13
5532,13
5533,13
5540,13
5544,13
5545,13
5547,13
5548,13
5551,13
5552,13
5553,13
5557,13
5562,13
5566,13
5569,13
5571,13
5572,13
5574,13
5575,13
5578,13
5580,13
5582,13
5585,13
5589,13
5591,13
5601,13
5606,13
5616,13
5617,13
5618,13
5619,13
5621,13
5624,13
5627,13
5630,13
5633,13
5634,13
5636,13
5639,13
5643,13
5648,13
5650,13
5652,13
5653,13
5657,13
5662,13
5664,13
5677,13
5686,13
5688,13
5692,13
5695,13
5697,13
5698,13
5702,13
5703,13
5706,13
5710,13
5711,13
5715,13
5719,13
5740,13
5743,13
5744,13
5761,13
5765,13
5766,13
5768,13
5771,13
5777,13
5779,13
5810,13
5829,13
5831,13
5838,13
5841,13
5842,13
5852,13
5874,13
5884,13
5887,13
5892,13
5893,13
5899,13
5908,13
5910,13
5943,13
5944,13
5945,13
5946,13
5947,13
5948,13
5949,13
5950,13
5951,13
5952,13
5953,13
5954,13
5955,13
5957,13
5958,13
5960,13
5961,13
5964,13
5966,13
5967,13
5969,13
5970,13
5971,13
5980,13
5981,13
5986,13
6000,13
6007,13
6008,13
6009,13
6010,13
6014,13
6018,13
6020,13
6021,13
6022,13
6029,13
6030,13
6031,13
6032,13
6033,13
6035,13
6047,13
6051,13
6052,13
6053,13
6054,13
6057,13
6059,13
6060,13
6063,13
6064,13
6071,13
6073,13
6074,13
6075,13
6076,13
6077,13
6078,13
6082,13
6083,13
6084,13
6085,13
6086,13
6092,13
6098,13
6100,13
6104,13
6107,13
6112,13
6116,13
6123,13
6130,13
6132,13
6136,13
6143,13
6144,13
6145,13
6148,13
6149,13
6156,13
6158,13
6159,13
6160,13
6161,13
6163,13
6164,13
6166,13
6169,13
6171,13
6177,13
6183,13
6184,13
6185,13
6191,13
6193,13
6203,13
6204,13
6205,13
6206,13
6208,13
6210,13
6211,13
6218,13
6219,13
6221,13
6226,13
6230,13
6233,13
6255,13
6256,13
6258,13
6269,13
6271,13
6278,13
6281,13
6284,13
6287,13
6290,13
6294,13
6299,13
6301,13
6312,13
6314,13
6315,13
6317,13
6321,13
6322,13
6323,13
6328,13
6329,13
6332,13
6333,13
6338,13
6339,13
6340,13
6345,13
6351,13
6354,13
6359,13
6360,13
6366,13
6370,13
6376,13
6380,13
6391,13
6393,13
6396,13
6397,13
6400,13
6403,13
6404,13
6410,13
6411,13
6413,13
6419,13
6420,13
6422,13
6423,13
6429,13
6430,13
6432,13
6438,13
6439,13
6440,13
6442,13
6444,13
6445,13
6446,13
6451,13
6453,13
6455,13
6468,13
6473,13
6480,13
6482,13
6483,13
6489,13
6490,13
6494,13
6501,13
6502,13
6503,13
6511,13
6516,13
6517,13
6518,13
6519,13
6523,13
6524,13
6527,13
6530,13
6531,13
6532,13
6534,13
6538,13
6541,13
6542,13
6547,13
6549,13
6552,13
6554,13
6555,13
6556,13
6558,13
6559,13
6564,13
6565,13
6566,13
6567,13
6570,13
6571,13
6574,13
6579,13
6580,13
6581,13
6595,13
6600,13
6603,13
6609,13
6611,13
6620,13
6621,13
6623,13
6633,13
6634,13
6638,13
6651,13
6654,13
6655,13
6662,13
6665,13
6667,13
6668,13
6669,13
6670,13
6683,13
6689,13
6690,13
6695,13
6701,13
6703,13
6704,13
6705,13
6707,13
6709,13
6713,13
6714,13
6717,13
6724,13
6731,13
6734,13
6737,13
6740,13
6744,13
6747,13
6748,13
6753,13
6758,13
6768,13
6770,13
6777,13
6779,13
6794,13
6795,13
6797,13
6799,13
6802,13
6803,13
6808,13
6814,13
6815,13
6817,13
6818,13
6820,13
6822,13
6824,13
6827,13
6829,13
6830,13
6832,13
6833,13
6845,13
6852,13
6853,13
6855,13
6859,13
6862,13
6863,13
6864,13
6868,13
6876,13
6877,13
6878,13
6879,13
6881,13
6882,13
6885,13
6888,13
6889,13
6908,13
6913,13
6914,13
6925,13
6937,13
6948,13
6957,13
6959,13
6960,13
6961,13
6976,13
6981,13
6983,13
6984,13
6989,13
6990,13
6991,13
6992,13
6994,13
6995,13
6998,13
7003,13
7008,13
7019,13
7021,13
7023,13
7033,13
7036,13
7041,13
7044,13
7048,13
7049,13
7050,13
7059,13
7061,13
7063,13
7065,13
7069,13
7075,13
7080,13
7085,13
7088,13
7092,13
7094,13
7095,13
7096,13
7100,13
7103,13
7110,13
7114,13
7115,13
7116,13
7118,13
7119,13
7120,13
7123,13
7127,13
7134,13
7140,13
7148,13
7151,13
7157,13
7159,13
7160,13
7161,13
7162,13
7163,13
7164,13
7165,13
7166,13
7168,13
7172,13
7174,13
7175,13
7184,13
7187,13
7189,13
7191,13
7195,13
7196,13
7203,13
7206,13
7207,13
7208,13
7212,13
7224,13
7235,13
7238,13
7239,13
7244,13
7247,13
7248,13
7253,13
7260,13
7266,13
7270,13
7272,13
7305,13
7306,13
7307,13
7309,13
7316,13
7321,13
7328,13
7330,13
7333,13
7338,13
7346,13
7351,13
7357,13
7358,13
7361,13
7365,13
7372,13
7373,13
7381,13
7388,13
7389,13
7391,13
7394,13
7395,13
7396,13
7397,13
7400,13
7401,13
7402,13
7408,13
7420,13
7422,13
7423,13
7424,13
7425,13
7430,13
7431,13
7432,13
7433,13
7438,13
7440,13
7441,13
7445,13
7446,13
7452,13
7457,13
7459,13
7461,13
7463,13
7466,13
7471,13
7473,13
7475,13
7476,13
7478,13
7479,13
7480,13
7482,13
7507,13
7508,13
7510,13
7511,13
7513,13
7517,13
7520,13
7524,13
7531,13
7533,13
7534,13
7538,13
7540,13
7544,13
7547,13
7549,13
7550,13
7559,13
7566,13
7568,13
7578,13
7579,13
7583,13
7584,13
7585,13
7586,13
7588,13
7592,13
7620,13
7621,13
7623,13
7631,13
7632,13
7635,13
7654,13
7659,13
7661,13
7664,13
7666,13
7671,13
7678,13
7681,13
7682,13
7683,13
7686,13
7691,13
7692,13
7696,13
7697,13
7698,13
7701,13
7703,13
7704,13
7707,13
7708,13
7713,13
7718,13
7724,13
7727,13
7731,13
7734,13
7735,13
7736,13
7740,13
7743,13
7745,13
7746,13
7747,13
7751,13
7752,13
7753,13
7758,13
7759,13
7790,13
7794,13
7797,13
7802,13
7803,13
7804,13
7806,13
7812,13
7818,13
7820,13
7821,13
7822,13
7825,13
7826,13
7828,13
7830,13
7831,13
7834,13
7837,13
7840,13
7842,13
7846,13
7850,13
7854,13
7855,13
7856,13
7862,13
7864,13
7866,13
7867,13
7869,13
7870,13
7874,13
7875,13
7876,13
7880,13
7881,13
7882,13
7883,13
7884,13
7886,13
7890,13
7896,13
7899,13
7905,13
7911,13
7914,13
7916,13
7918,13
7922,13
7923,13
7924,13
7925,13
7926,13
7927,13
7929,13
7932,13
7933,13
7936,13
7939,13
7940,13
7941,13
7944,13
7945,13
7946,13
7950,13
7951,13
7952,13
7958,13
7959,13
7965,13
7968,13
7970,13
7984,13
7987,13
7988,13
7989,13
7990,13
7991,13
7995,13
7996,13
7998,13
8000,13
8005,13
8009,13
8010,13
8013,13
8015,13
8017,13
8024,13
8026,13
8029,13
8037,13
8039,13
8042,13
8044,13
8047,13
8050,13
8055,13
8057,13
8060,13
8064,13
8066,13
8072,13
8073,13
8074,13
8085,13
8091,13
8101,13
8107,13
8109,13
8112,13
8113,13
8115,13
8117,13
8119,13
8120,13
8121,13
8124,13
8125,13
8128,13
8132,13
8137,13
8139,13
8140,13
8141,13
8142,13
8145,13
8146,13
8157,13
8158,13
8164,13
8165,13
8178,13
8180,13
8186,13
8187,13
8188,13
8193,13
8195,13
8201,13
8214,13
8219,13
8223,13
8224,13
8225,13
8226,13
8227,13
8228,13
8230,13
8232,13
8235,13
8237,13
8240,13
8241,13
8242,13
8245,13
8246,13
8247,13
8248,13
8250,13
8252,13
8254,13
8255,13
8265,13
8266,13
8268,13
8270,13
8273,13
8274,13
8281,13
8284,13
8287,13
8289,13
8292,13
8297,13
8300,13
8307,13
8313,13
8315,13
8318,13
8320,13
8321,13
8324,13
8325,13
8327,13
8328,13
8329,13
8330,13
8331,13
8334,13
8340,13
8342,13
8344,13
8345,13
8353,13
8362,13
8363,13
8364,13
8365,13
8370,13
8373,13
8375,13
8376,13
8378,13
8381,13
8384,13
8386,13
8390,13
8392,13
8395,13
8397,13
8403,13
8409,13
8419,13
8426,13
8428,13
8433,13
8436,13
8444,13
8448,13
8450,13
8452,13
8453,13
8454,13
8457,13
8459,13
8460,13
8464,13
8468,13
8470,13
8473,13
8474,13
8481,13
8482,13
8486,13
8488,13
8489,13
8495,13
8496,13
8497,13
8498,13
8499,13
8500,13
8506,13
8510,13
8512,13
8514,13
8515,13
8518,13
8527,13
8529,13
8530,13
8533,13
8535,13
8547,13
8551,13
8553,13
8563,13
8564,13
8572,13
8579,13
8583,13
8584,13
8586,13
8587,13
8590,13
8591,13
8592,13
8596,13
8607,13
8608,13
8612,13
8615,13
8616,13
8618,13
8619,13
8620,13
8628,13
8629,13
8630,13
8636,13
8637,13
8638,13
8640,13
8648,13
8650,13
8653,13
8655,13
8659,13
8662,13
8663,13
8665,13
8666,13
8669,13
8672,13
8673,13
8675,13
8676,13
8679,13
8681,13
8682,13
8683,13
8684,13
8686,13
8689,13
8692,13
8694,13
8696,13
8697,13
8700,13
8704,13
8707,13
8709,13
8710,13
8712,13
8716,13
8718,13
8720,13
8725,13
8726,13
8730,13
8732,13
8736,13
8744,13
8749,13
8751,13
8752,13
8753,13
8754,13
8755,13
8758,13
8763,13
8769,13
8770,13
8771,13
8772,13
8774,13
8775,13
8789,13
8790,13
8792,13
8795,13
8799,13
8800,13
8802,13
8803,13
8807,13
8,14
31,14
117,14
192,14
207,14
217,14
228,14
252,14
265,14
268,14
283,14
293,14
300,14
315,14
340,14
342,14
358,14
366,14
372,14
395,14
434,14
446,14
462,14
470,14
565,14
597,14
634,14
695,14
699,14
703,14
709,14
719,14
744,14
751,14
755,14
776,14
778,14
785,14
799,14
801,14
818,14
824,14
840,14
859,14
873,14
874,14
878,14
892,14
893,14
895,14
902,14
910,14
923,14
935,14
957,14
960,14
975,14
992,14
1022,14
1024,14
1053,14
1106,14
1139,14
1161,14
1176,14
1220,14
1221,14
1223,14
1229,14
1231,14
1260,14
1262,14
1265,14
1267,14
1287,14
1292,14
1296,14
1313,14
1325,14
1338,14
1342,14
1377,14
1400,14
1429,14
1453,14
1457,14
1462,14
1470,14
1499,14
1522,14
1545,14
1550,14
1569,14
1596,14
1613,14
1711,14
1729,14
1764,14
1775,14
1776,14
1797,14
1811,14
1812,14
1822,14
1823,14
1827,14
1828,14
1873,14
1921,14
1939,14
1951,14
1978,14
1988,14
2002,14
2031,14
2040,14
2046,14
2049,14
2052,14
2053,14
2056,14
2091,14
2105,14
2131,14
2139,14
2140,14
2172,14
2194,14
2198,14
2203,14
2207,14
2260,14
2270,14
2280,14
2284,14
2285,14
2289,14
2329,14
2334,14
2345,14
2348,14
2351,14
2368,14
2380,14
2393,14
2408,14
2415,14
2417,14
2425,14
2431,14
2446,14
2468,14
2497,14
2498,14
2501,14
2512,14
2537,14
2551,14
2574,14
2577,14
2618,14
2627,14
2635,14
2673,14
2684,14
2691,14
2704,14
2705,14
2706,14
2707,14
2713,14
2742,14
2746,14
2750,14
2756,14
2757,14
2772,14
2782,14
2790,14
2799,14
2821,14
2835,14
2848,14
2851,14
2864,14
2882,14
2885,14
2896,14
2905,14
2909,14
2914,14
2929,14
2933,14
2940,14
2957,14
2974,14
2987,14
2989,14
2990,14
3005,14
3008,14
3009,14
3018,14
3023,14
3027,14
3039,14
3044,14
3079,14
3095,14
3125,14
3126,14
3163,14
3208,14
3211,14
3215,14
3227,14
3238,14
3255,14
3263,14
3269,14
3291,14
3308,14
3380,14
3390,14
3447,14
3477,14
3498,14
3499,14
3532,14
3533,14
3537,14
3543,14
3567,14
3603,14
3632,14
3638,14
3642,14
3669,14
3671,14
3710,14
3719,14
3730,14
3732,14
3736,14
3741,14
3762,14
3769,14
3784,14
3789,14
3798,14
3799,14
3820,14
3823,14
3833,14
3834,14
3864,14
3886,14
3900,14
3906,14
3946,14
3956,14
3961,14
3963,14
3998,14
4001,14
4034,14
4035,14
4063,14
4068,14
4073,14
4082,14
4087,14
4088,14
4089,14
4095,14
4099,14
4101,14
4102,14
4111,14
4125,14
4135,14
4153,14
4159,14
4183,14
4188,14
4205,14
4211,14
4213,14
4215,14
4222,14
4226,14
4284,14
4286,14
4307,14
4318,14
4347,14
4356,14
4358,14
4362,14
4383,14
4389,14
4392,14
4395,14
4419,14
4435,14
4464,14
4466,14
4520,14
4525,14
4534,14
4567,14
4592,14
4597,14
4611,14
4618,14
4627,14
4643,14
4667,14
4668,14
4669,14
4670,14
4702,14
4738,14
4741,14
4776,14
4784,14
4795,14
4803,14
4806,14
4820,14
4830,14
4834,14
4835,14
4843,14
4865,14
4887,14
4889,14
4902,14
4921,14
4929,14
4932,14
4935,14
4936,14
4940,14
4944,14
4960,14
4973,14
5007,14
5014,14
5021,14
5054,14
5075,14
5085,14
5094,14
5108,14
5111,14
5124,14
5137,14
5144,14
5154,14
5168,14
5203,14
5228,14
5230,14
5250,14
5261,14
5268,14
5295,14
5317,14
5333,14
5345,14
5359,14
5362,14
5369,14
5378,14
5386,14
5399,14
5441,14
5450,14
5453,14
5454,14
5484,14
5491,14
5499,14
5506,14
5523,14
5525,14
5541,14
5547,14
5557,14
5566,14
5571,14
5580,14
5591,14
5601,14
5607,14
5619,14
5650,14
5653,14
5677,14
5686,14
5688,14
5695,14
5703,14
5706,14
5711,14
5715,14
5719,14
5771,14
5779,14
5829,14
5834,14
5838,14
5841,14
5887,14
5890,14
5892,14
5893,14
5899,14
5904,14
5908,14
5958,14
5959,14
5967,14
5986,14
5988,14
5995,14
5996,14
6000,14
6003,14
6020,14
6024,14
6029,14
6037,14
6041,14
6053,14
6058,14
6059,14
6070,14
6092,14
6093,14
6098,14
6107,14
6116,14
6119,14
6145,14
6160,14
6163,14
6166,14
6171,14
6177,14
6183,14
6197,14
6204,14
6206,14
6209,14
6210,14
6226,14
6227,14
6256,14
6281,14
6283,14
6294,14
6301,14
6312,14
6316,14
6317,14
6328,14
6332,14
6335,14
6339,14
6340,14
6343,14
6345,14
6354,14
6366,14
6373,14
6377,14
6389,14
6393,14
6395,14
6397,14
6413,14
6455,14
6473,14
6475,14
6489,14
6513,14
6516,14
6517,14
6527,14
6531,14
6541,14
6542,14
6552,14
6555,14
6556,14
6559,14
6564,14
6571,14
6574,14
6578,14
6580,14
6581,14
6625,14
6633,14
6654,14
6669,14
6695,14
6699,14
6701,14
6705,14
6713,14
6717,14
6724,14
6731,14
6737,14
6740,14
6758,14
6770,14
6795,14
6797,14
6802,14
6814,14
6820,14
6855,14
6864,14
6873,14
6875,14
6877,14
6882,14
6888,14
6893,14
6898,14
6921,14
6925,14
6940,14
6947,14
6948,14
6955,14
6957,14
6990,14
7005,14
7012,14
7026,14
7028,14
7031,14
7032,14
7033,14
7036,14
7048,14
7049,14
7069,14
7094,14
7095,14
7118,14
7119,14
7140,14
7151,14
7168,14
7172,14
7191,14
7194,14
7200,14
7203,14
7207,14
7208,14
7235,14
7239,14
7264,14
7270,14
7272,14
7299,14
7303,14
7316,14
7321,14
7327,14
7328,14
7330,14
7357,14
7373,14
7394,14
7396,14
7397,14
7398,14
7401,14
7402,14
7408,14
7420,14
7422,14
7424,14
7431,14
7432,14
7440,14
7445,14
7457,14
7471,14
7475,14
7476,14
7477,14
7478,14
7507,14
7508,14
7510,14
7511,14
7524,14
7533,14
7536,14
7559,14
7563,14
7568,14
7584,14
7585,14
7586,14
7631,14
7632,14
7635,14
7668,14
7678,14
7682,14
7689,14
7704,14
7708,14
7740,14
7743,14
7747,14
7758,14
7759,14
7790,14
7797,14
7818,14
7826,14
7864,14
7867,14
7874,14
7875,14
7878,14
7890,14
7891,14
7892,14
7899,14
7900,14
7914,14
7921,14
7947,14
7952,14
7955,14
7984,14
7996,14
8010,14
8017,14
8018,14
8037,14
8039,14
8044,14
8051,14
8057,14
8061,14
8066,14
8072,14
8079,14
8085,14
8100,14
8121,14
8124,14
8137,14
8140,14
8141,14
8158,14
8165,14
8170,14
8196,14
8199,14
8213,14
8222,14
8223,14
8225,14
8234,14
8235,14
8247,14
8252,14
8254,14
8262,14
8269,14
8289,14
8290,14
8293,14
8296,14
8300,14
8320,14
8323,14
8325,14
8345,14
8368,14
8385,14
8394,14
8426,14
8427,14
8439,14
8444,14
8448,14
8459,14
8481,14
8485,14
8489,14
8496,14
8497,14
8498,14
8507,14
8509,14
8514,14
8515,14
8518,14
8528,14
8530,14
8535,14
8559,14
8579,14
8596,14
8607,14
8612,14
8618,14
8619,14
8629,14
8638,14
8639,14
8646,14
8650,14
8659,14
8662,14
8663,14
8666,14
8690,14
8694,14
8699,14
8704,14
8707,14
8709,14
8712,14
8716,14
8717,14
8732,14
8734,14
8736,14
8744,14
8751,14
8752,14
8754,14
8755,14
8761,14
8769,14
8770,14
8775,14
8783,14
8792,14
8795,14
8,15
13,15
17,15
23,15
25,15
27,15
31,15
36,15
37,15
52,15
53,15
54,15
55,15
57,15
58,15
59,15
60,15
61,15
62,15
63,15
64,15
69,15
74,15
79,15
80,15
87,15
92,15
94,15
104,15
115,15
119,15
120,15
127,15
129,15
141,15
152,15
160,15
189,15
191,15
193,15
196,15
200,15
201,15
202,15
203,15
204,15
205,15
206,15
207,15
208,15
209,15
210,15
211,15
212,15
215,15
216,15
218,15
237,15
238,15
239,15
240,15
245,15
247,15
251,15
253,15
254,15
256,15
257,15
258,15
259,15
260,15
262,15
269,15
282,15
283,15
284,15
286,15
294,15
295,15
299,15
300,15
302,15
303,15
304,15
306,15
307,15
316,15
319,15
340,15
363,15
364,15
366,15
368,15
372,15
373,15
374,15
375,15
378,15
384,15
388,15
390,15
395,15
396,15
397,15
399,15
428,15
429,15
430,15
437,15
439,15
440,15
444,15
453,15
456,15
458,15
459,15
464,15
468,15
469,15
472,15
477,15
481,15
482,15
484,15
490,15
496,15
497,15
499,15
501,15
502,15
503,15
506,15
507,15
508,15
509,15
519,15
529,15
530,15
532,15
535,15
542,15
543,15
552,15
553,15
555,15
556,15
557,15
570,15
571,15
573,15
577,15
581,15
590,15
607,15
614,15
620,15
624,15
625,15
630,15
633,15
634,15
635,15
636,15
646,15
647,15
650,15
651,15
652,15
653,15
655,15
656,15
657,15
671,15
672,15
673,15
684,15
688,15
689,15
691,15
694,15
696,15
699,15
705,15
706,15
712,15
713,15
736,15
737,15
742,15
743,15
746,15
748,15
751,15
756,15
757,15
763,15
765,15
766,15
769,15
770,15
771,15
774,15
784,15
795,15
807,15
808,15
816,15
828,15
837,15
840,15
841,15
842,15
845,15
846,15
850,15
851,15
852,15
853,15
857,15
859,15
860,15
861,15
865,15
872,15
874,15
876,15
878,15
879,15
882,15
886,15
888,15
892,15
893,15
894,15
895,15
896,15
899,15
900,15
904,15
906,15
907,15
910,15
914,15
916,15
946,15
951,15
959,15
960,15
967,15
974,15
975,15
977,15
978,15
979,15
980,15
981,15
982,15
983,15
984,15
985,15
986,15
987,15
988,15
990,15
991,15
992,15
993,15
995,15
996,15
997,15
999,15
1000,15
1001,15
1002,15
1003,15
1017,15
1018,15
1019,15
1020,15
1021,15
1023,15
1024,15
1030,15
1032,15
1034,15
1038,15
1051,15
1055,15
1067,15
1070,15
1081,15
1086,15
1087,15
1088,15
1091,15
1099,15
1100,15
1104,15
1108,15
1109,15
1110,15
1111,15
1115,15
1116,15
1118,15
1123,15
1129,15
1131,15
1132,15
1133,15
1137,15
1138,15
1139,15
1142,15
1148,15
1154,15
1156,15
1160,15
1163,15
1165,15
1166,15
1168,15
1176,15
1177,15
1178,15
1184,15
1185,15
1186,15
1189,15
1193,15
1194,15
1195,15
1203,15
1209,15
1210,15
1212,15
1213,15
1215,15
1216,15
1217,15
1221,15
1222,15
1229,15
1233,15
1234,15
1237,15
1238,15
1245,15
1248,15
1251,15
1253,15
1256,15
1261,15
1262,15
1266,15
1267,15
1268,15
1270,15
1274,15
1277,15
1280,15
1281,15
1282,15
1290,15
1292,15
1293,15
1312,15
1317,15
1323,15
1324,15
1326,15
1327,15
1330,15
1335,15
1338,15
1341,15
1343,15
1345,15
1346,15
1347,15
1348,15
1352,15
1360,15
1369,15
1371,15
1373,15
1375,15
1380,15
1382,15
1383,15
1387,15
1411,15
1413,15
1414,15
1415,15
1418,15
1422,15
1423,15
1424,15
1427,15
1429,15
1432,15
1434,15
1437,15
1439,15
1442,15
1446,15
1469,15
1473,15
1476,15
1482,15
1489,15
1492,15
1494,15
1496,15
1497,15
1498,15
1501,15
1512,15
1522,15
1523,15
1524,15
1526,15
1527,15
1530,15
1532,15
1535,15
1562,15
1566,15
1567,15
1568,15
1569,15
1572,15
1576,15
1578,15
1593,15
1595,15
1599,15
1600,15
1602,15
1603,15
1607,15
1614,15
1630,15
1631,15
1638,15
1643,15
1644,15
1645,15
1647,15
1648,15
1653,15
1654,15
1658,15
1663,15
1666,15
1674,15
1675,15
1676,15
1677,15
1678,15
1679,15
1680,15
1681,15
1683,15
1684,15
1686,15
1705,15
1706,15
1708,15
1710,15
1713,15
1714,15
1720,15
1721,15
1726,15
1728,15
1729,15
1733,15
1736,15
1742,15
1744,15
1745,15
1773,15
1777,15
1778,15
1781,15
1784,15
1785,15
1787,15
1789,15
1793,15
1796,15
1799,15
1807,15
1808,15
1810,15
1813,15
1818,15
1819,15
1820,15
1821,15
1822,15
1824,15
1825,15
1826,15
1827,15
1828,15
1830,15
1831,15
1832,15
1833,15
1837,15
1847,15
1850,15
1851,15
1854,15
1856,15
1858,15
1859,15
1862,15
1863,15
1864,15
1866,15
1867,15
1870,15
1871,15
1875,15
1877,15
1889,15
1892,15
1897,15
1898,15
1899,15
1900,15
1902,15
1903,15
1906,15
1914,15
1920,15
1921,15
1928,15
1931,15
1938,15
1939,15
1940,15
1941,15
1942,15
1943,15
1944,15
1945,15
1946,15
1947,15
1951,15
1954,15
1957,15
1964,15
1965,15
1966,15
1967,15
1968,15
1969,15
1970,15
1971,15
1972,15
1973,15
1975,15
1976,15
1977,15
1978,15
1982,15
1983,15
1985,15
1987,15
1997,15
1998,15
2000,15
2006,15
2016,15
2017,15
2018,15
2019,15
2020,15
2021,15
2024,15
2025,15
2026,15
2027,15
2029,15
2032,15
2035,15
2037,15
2039,15
2040,15
2047,15
2050,15
2052,15
2056,15
2058,15
2061,15
2066,15
2068,15
2075,15
2076,15
2078,15
2083,15
2088,15
2089,15
2092,15
2095,15
2098,15
2104,15
2105,15
2111,15
2112,15
2117,15
2118,15
2120,15
2121,15
2127,15
2129,15
2138,15
2142,15
2148,15
2151,15
2162,15
2164,15
2165,15
2187,15
2188,15
2192,15
2196,15
2197,15
2198,15
2199,15
2205,15
2206,15
2207,15
2210,15
2211,15
2212,15
2217,15
2221,15
2225,15
2232,15
2234,15
2235,15
2240,15
2241,15
2244,15
2245,15
2248,15
2253,15
2264,15
2265,15
2267,15
2268,15
2270,15
2271,15
2272,15
2273,15
2274,15
2275,15
2277,15
2278,15
2279,15
2280,15
2281,15
2282,15
2283,15
2285,15
2286,15
2287,15
2288,15
2290,15
2291,15
2292,15
2296,15
2301,15
2305,15
2309,15
2310,15
2313,15
2315,15
2317,15
2320,15
2324,15
2325,15
2326,15
2327,15
2333,15
2334,15
2335,15
2336,15
2337,15
2339,15
2340,15
2341,15
2343,15
2345,15
2348,15
2349,15
2352,15
2354,15
2355,15
2359,15
2361,15
2362,15
2364,15
2365,15
2366,15
2367,15
2369,15
2370,15
2371,15
2372,15
2373,15
2375,15
2376,15
2377,15
2382,15
2387,15
2388,15
2390,15
2392,15
2403,15
2404,15
2411,15
2413,15
2414,15
2415,15
2419,15
2421,15
2422,15
2426,15
2428,15
2429,15
2430,15
2434,15
2435,15
2436,15
2437,15
2438,15
2439,15
2440,15
2442,15
2443,15
2444,15
2447,15
2449,15
2458,15
2461,15
2464,15
2465,15
2466,15
2468,15
2470,15
2475,15
2476,15
2478,15
2482,15
2483,15
2484,15
2485,15
2486,15
2488,15
2489,15
2490,15
2491,15
2492,15
2493,15
2494,15
2499,15
2502,15
2503,15
2504,15
2505,15
2506,15
2507,15
2510,15
2511,15
2512,15
2513,15
2514,15
2517,15
2521,15
2522,15
2532,15
2533,15
2534,15
2535,15
2536,15
2537,15
2538,15
2539,15
2540,15
2542,15
2545,15
2551,15
2556,15
2557,15
2559,15
2561,15
2565,15
2568,15
2579,15
2585,15
2588,15
2590,15
2602,15
2606,15
2608,15
2613,15
2614,15
2615,15
2616,15
2617,15
2618,15
2619,15
2620,15
2621,15
2622,15
2624,15
2625,15
2626,15
2627,15
2630,15
2631,15
2634,15
2636,15
2637,15
2638,15
2639,15
2643,15
2647,15
2648,15
2650,15
2651,15
2654,15
2655,15
2656,15
2664,15
2668,15
2669,15
2672,15
2674,15
2675,15
2682,15
2683,15
2686,15
2688,15
2689,15
2691,15
2693,15
2694,15
2695,15
2701,15
2712,15
2714,15
2715,15
2716,15
2717,15
2721,15
2722,15
2723,15
2724,15
2725,15
2726,15
2727,15
2729,15
2730,15
2731,15
2732,15
2733,15
2734,15
2735,15
2736,15
2742,15
2748,15
2757,15
2761,15
2767,15
2769,15
2770,15
2776,15
2777,15
2781,15
2782,15
2787,15
2790,15
2797,15
2800,15
2801,15
2811,15
2816,15
2818,15
2824,15
2832,15
2833,15
2834,15
2835,15
2838,15
2840,15
2843,15
2844,15
2846,15
2851,15
2852,15
2857,15
2863,15
2865,15
2866,15
2879,15
2880,15
2883,15
2885,15
2886,15
2896,15
2897,15
2899,15
2900,15
2902,15
2913,15
2915,15
2916,15
2917,15
2919,15
2925,15
2930,15
2931,15
2935,15
2936,15
2937,15
2941,15
2955,15
2956,15
2958,15
2962,15
2964,15
2970,15
2971,15
2973,15
2982,15
2986,15
2990,15
2991,15
2996,15
3003,15
3007,15
3019,15
3023,15
3024,15
3026,15
3030,15
3033,15
3045,15
3047,15
3049,15
3052,15
3055,15
3061,15
3069,15
3071,15
3078,15
3079,15
3090,15
3091,15
3092,15
3094,15
3095,15
3102,15
3105,15
3111,15
3113,15
3114,15
3115,15
3116,15
3119,15
3126,15
3127,15
3132,15
3133,15
3134,15
3135,15
3137,15
3139,15
3140,15
3141,15
3142,15
3143,15
3144,15
3145,15
3146,15
3148,15
3150,15
3152,15
3153,15
3154,15
3155,15
3156,15
3157,15
3159,15
3160,15
3164,15
3165,15
3167,15
3168,15
3171,15
3172,15
3179,15
3180,15
3190,15
3192,15
3194,15
3195,15
3196,15
3197,15
3198,15
3199,15
3201,15
3202,15
3203,15
3204,15
3206,15
3207,15
3208,15
3210,15
3211,15
3212,15
3214,15
3215,15
3216,15
3218,15
3225,15
3234,15
3235,15
3238,15
3240,15
3252,15
3254,15
3255,15
3260,15
3262,15
3266,15
3268,15
3269,15
3279,15
3281,15
3298,15
3300,15
3303,15
3309,15
3313,15
3327,15
3335,15
3349,15
3350,15
3354,15
3360,15
3365,15
3366,15
3367,15
3372,15
3377,15
3381,15
3385,15
3388,15
3392,15
3393,15
3400,15
3403,15
3406,15
3408,15
3412,15
3413,15
3414,15
3426,15
3428,15
3432,15
3433,15
3435,15
3437,15
3444,15
3447,15
3449,15
3460,15
3466,15
3469,15
3480,15
3481,15
3483,15
3487,15
3488,15
3491,15
3493,15
3494,15
3497,15
3498,15
3499,15
3508,15
3510,15
3514,15
3517,15
3518,15
3521,15
3523,15
3530,15
3531,15
3533,15
3534,15
3537,15
3538,15
3539,15
3543,15
3546,15
3548,15
3549,15
3555,15
3557,15
3561,15
3564,15
3565,15
3566,15
3567,15
3569,15
3570,15
3571,15
3573,15
3587,15
3594,15
3595,15
3597,15
3603,15
3617,15
3619,15
3624,15
3626,15
3627,15
3631,15
3632,15
3638,15
3639,15
3640,15
3642,15
3648,15
3649,15
3650,15
3651,15
3653,15
3659,15
3662,15
3671,15
3673,15
3677,15
3679,15
3682,15
3698,15
3699,15
3700,15
3702,15
3704,15
3707,15
3713,15
3714,15
3715,15
3718,15
3719,15
3721,15
3729,15
3730,15
3731,15
3733,15
3740,15
3741,15
3758,15
3762,15
3764,15
3765,15
3766,15
3768,15
3773,15
3774,15
3776,15
3782,15
3784,15
3786,15
3787,15
3791,15
3792,15
3794,15
3798,15
3804,15
3805,15
3810,15
3811,15
3812,15
3814,15
3820,15
3823,15
3833,15
3834,15
3837,15
3843,15
3858,15
3859,15
3863,15
3866,15
3869,15
3874,15
3875,15
3876,15
3886,15
3889,15
3890,15
3891,15
3895,15
3900,15
3905,15
3906,15
3909,15
3911,15
3912,15
3914,15
3915,15
3916,15
3917,15
3918,15
3922,15
3923,15
3924,15
3933,15
3949,15
3951,15
3952,15
3955,15
3956,15
3961,15
3964,15
3973,15
3974,15
3978,15
3979,15
3983,15
3988,15
3991,15
3992,15
3993,15
3994,15
3995,15
3996,15
3998,15
4003,15
4004,15
4006,15
4014,15
4018,15
4019,15
4020,15
4021,15
4022,15
4032,15
4035,15
4039,15
4040,15
4041,15
4042,15
4047,15
4048,15
4049,15
4050,15
4051,15
4052,15
4053,15
4054,15
4060,15
4062,15
4065,15
4067,15
4068,15
4069,15
4070,15
4071,15
4072,15
4073,15
4074,15
4075,15
4076,15
4077,15
4078,15
4079,15
4082,15
4083,15
4086,15
4088,15
4089,15
4092,15
4095,15
4096,15
4098,15
4099,15
4102,15
4103,15
4104,15
4107,15
4108,15
4109,15
4111,15
4113,15
4114,15
4125,15
4135,15
4137,15
4148,15
4149,15
4151,15
4152,15
4153,15
4155,15
4156,15
4158,15
4159,15
4160,15
4161,15
4162,15
4165,15
4166,15
4170,15
4171,15
4174,15
4176,15
4181,15
4182,15
4183,15
4187,15
4188,15
4189,15
4191,15
4192,15
4193,15
4195,15
4196,15
4198,15
4199,15
4205,15
4209,15
4210,15
4211,15
4212,15
4213,15
4214,15
4220,15
4222,15
4225,15
4226,15
4237,15
4242,15
4244,15
4253,15
4254,15
4259,15
4260,15
4268,15
4278,15
4281,15
4282,15
4283,15
4284,15
4286,15
4288,15
4298,15
4303,15
4304,15
4307,15
4316,15
4329,15
4330,15
4331,15
4332,15
4333,15
4334,15
4335,15
4336,15
4337,15
4338,15
4339,15
4340,15
4342,15
4343,15
4344,15
4346,15
4347,15
4349,15
4350,15
4355,15
4356,15
4358,15
4359,15
4361,15
4362,15
4371,15
4375,15
4376,15
4384,15
4389,15
4391,15
4393,15
4394,15
4395,15
4396,15
4397,15
4398,15
4402,15
4403,15
4412,15
4415,15
4421,15
4422,15
4423,15
4424,15
4425,15
4426,15
4427,15
4428,15
4429,15
4430,15
4432,15
4433,15
4434,15
4438,15
4439,15
4440,15
4441,15
4442,15
4443,15
4444,15
4445,15
4446,15
4447,15
4449,15
4450,15
4452,15
4453,15
4454,15
4455,15
4456,15
4457,15
4458,15
4459,15
4460,15
4464,15
4465,15
4468,15
4469,15
4471,15
4472,15
4473,15
4474,15
4475,15
4478,15
4482,15
4487,15
4494,15
4497,15
4500,15
4501,15
4503,15
4507,15
4508,15
4510,15
4511,15
4513,15
4516,15
4527,15
4538,15
4557,15
4559,15
4560,15
4561,15
4562,15
4563,15
4564,15
4565,15
4566,15
4567,15
4568,15
4569,15
4570,15
4572,15
4573,15
4574,15
4575,15
4576,15
4577,15
4578,15
4579,15
4580,15
4581,15
4582,15
4583,15
4584,15
4585,15
4586,15
4587,15
4588,15
4589,15
4593,15
4594,15
4595,15
4596,15
4598,15
4599,15
4600,15
4601,15
4602,15
4603,15
4604,15
4606,15
4607,15
4608,15
4610,15
4611,15
4612,15
4613,15
4614,15
4615,15
4616,15
4618,15
4619,15
4625,15
4626,15
4627,15
4642,15
4647,15
4650,15
4660,15
4661,15
4666,15
4667,15
4668,15
4669,15
4670,15
4672,15
4676,15
4680,15
4681,15
4682,15
4691,15
4692,15
4693,15
4694,15
4695,15
4698,15
4699,15
4701,15
4709,15
4713,15
4714,15
4715,15
4716,15
4720,15
4722,15
4723,15
4724,15
4725,15
4726,15
4727,15
4728,15
4729,15
4730,15
4731,15
4732,15
4733,15
4734,15
4735,15
4736,15
4737,15
4741,15
4749,15
4756,15
4758,15
4766,15
4767,15
4769,15
4770,15
4771,15
4776,15
4784,15
4790,15
4791,15
4793,15
4794,15
4797,15
4798,15
4800,15
4801,15
4803,15
4806,15
4807,15
4811,15
4818,15
4820,15
4821,15
4823,15
4826,15
4827,15
4828,15
4830,15
4831,15
4835,15
4840,15
4841,15
4844,15
4848,15
4856,15
4860,15
4861,15
4872,15
4879,15
4881,15
4882,15
4883,15
4884,15
4885,15
4886,15
4888,15
4890,15
4892,15
4900,15
4903,15
4905,15
4906,15
4910,15
4919,15
4924,15
4930,15
4932,15
4937,15
4946,15
4948,15
4949,15
4954,15
4955,15
4956,15
4957,15
4970,15
4972,15
4976,15
4983,15
4984,15
4987,15
4988,15
4996,15
4997,15
5004,15
5008,15
5009,15
5010,15
5012,15
5013,15
5014,15
5015,15
5016,15
5021,15
5022,15
5023,15
5026,15
5032,15
5034,15
5041,15
5043,15
5044,15
5051,15
5052,15
5056,15
5065,15
5069,15
5075,15
5080,15
5081,15
5084,15
5086,15
5089,15
5095,15
5102,15
5103,15
5115,15
5122,15
5123,15
5125,15
5131,15
5132,15
5136,15
5144,15
5147,15
5152,15
5154,15
5173,15
5178,15
5184,15
5187,15
5188,15
5189,15
5191,15
5213,15
5215,15
5218,15
5219,15
5221,15
5223,15
5224,15
5229,15
5230,15
5236,15
5239,15
5240,15
5249,15
5250,15
5257,15
5261,15
5265,15
5266,15
5291,15
5292,15
5293,15
5294,15
5296,15
5297,15
5301,15
5304,15
5305,15
5307,15
5309,15
5310,15
5311,15
5313,15
5314,15
5315,15
5318,15
5331,15
5335,15
5336,15
5337,15
5338,15
5339,15
5340,15
5342,15
5347,15
5352,15
5362,15
5365,15
5374,15
5375,15
5388,15
5392,15
5397,15
5399,15
5401,15
5403,15
5409,15
5421,15
5430,15
5443,15
5444,15
5447,15
5448,15
5453,15
5455,15
5456,15
5457,15
5461,15
5462,15
5463,15
5464,15
5470,15
5473,15
5475,15
5477,15
5479,15
5482,15
5483,15
5486,15
5487,15
5499,15
5500,15
5501,15
5502,15
5503,15
5505,15
5506,15
5507,15
5508,15
5516,15
5517,15
5518,15
5530,15
5531,15
5532,15
5533,15
5535,15
5540,15
5544,15
5546,15
5548,15
5550,15
5551,15
5552,15
5553,15
5569,15
5572,15
5573,15
5574,15
5578,15
5582,15
5585,15
5588,15
5589,15
5590,15
5596,15
5600,15
5601,15
5605,15
5606,15
5611,15
5613,15
5617,15
5619,15
5620,15
5621,15
5624,15
5625,15
5626,15
5627,15
5630,15
5633,15
5634,15
5635,15
5636,15
5637,15
5639,15
5642,15
5645,15
5648,15
5650,15
5652,15
5653,15
5657,15
5665,15
5677,15
5692,15
5697,15
5699,15
5702,15
5706,15
5707,15
5711,15
5715,15
5719,15
5736,15
5738,15
5740,15
5741,15
5743,15
5744,15
5747,15
5748,15
5751,15
5761,15
5766,15
5768,15
5771,15
5773,15
5777,15
5779,15
5781,15
5793,15
5834,15
5838,15
5842,15
5852,15
5861,15
5874,15
5875,15
5881,15
5894,15
5910,15
5926,15
5936,15
5955,15
5957,15
5962,15
5963,15
5964,15
5969,15
5970,15
5971,15
5973,15
5976,15
5977,15
5983,15
5991,15
5998,15
6005,15
6008,15
6010,15
6012,15
6014,15
6017,15
6021,15
6022,15
6023,15
6026,15
6029,15
6034,15
6036,15
6046,15
6049,15
6051,15
6056,15
6057,15
6060,15
6064,15
6071,15
6072,15
6073,15
6074,15
6075,15
6076,15
6077,15
6078,15
6079,15
6082,15
6083,15
6084,15
6088,15
6091,15
6092,15
6093,15
6104,15
6107,15
6108,15
6109,15
6111,15
6118,15
6130,15
6132,15
6150,15
6151,15
6156,15
6159,15
6160,15
6166,15
6169,15
6171,15
6173,15
6177,15
6182,15
6184,15
6185,15
6191,15
6194,15
6196,15
6197,15
6200,15
6202,15
6203,15
6204,15
6205,15
6207,15
6208,15
6218,15
6224,15
6225,15
6228,15
6230,15
6231,15
6232,15
6233,15
6234,15
6246,15
6247,15
6256,15
6260,15
6261,15
6262,15
6269,15
6270,15
6274,15
6278,15
6279,15
6281,15
6286,15
6287,15
6288,15
6290,15
6291,15
6293,15
6294,15
6297,15
6299,15
6300,15
6301,15
6312,15
6314,15
6315,15
6316,15
6318,15
6321,15
6325,15
6329,15
6335,15
6337,15
6339,15
6351,15
6352,15
6357,15
6360,15
6364,15
6375,15
6381,15
6387,15
6388,15
6393,15
6397,15
6400,15
6401,15
6403,15
6404,15
6419,15
6420,15
6422,15
6429,15
6430,15
6435,15
6436,15
6437,15
6439,15
6440,15
6441,15
6442,15
6443,15
6445,15
6450,15
6453,15
6455,15
6466,15
6468,15
6471,15
6473,15
6483,15
6485,15
6486,15
6489,15
6490,15
6503,15
6513,15
6517,15
6518,15
6523,15
6526,15
6528,15
6530,15
6532,15
6536,15
6544,15
6547,15
6548,15
6553,15
6554,15
6555,15
6558,15
6559,15
6565,15
6567,15
6568,15
6570,15
6575,15
6578,15
6586,15
6589,15
6592,15
6597,15
6600,15
6603,15
6605,15
6606,15
6608,15
6609,15
6611,15
6615,15
6618,15
6624,15
6628,15
6629,15
6630,15
6631,15
6632,15
6637,15
6649,15
6650,15
6654,15
6655,15
6667,15
6668,15
6669,15
6670,15
6676,15
6678,15
6680,15
6681,15
6684,15
6685,15
6686,15
6689,15
6690,15
6692,15
6695,15
6706,15
6707,15
6708,15
6709,15
6714,15
6717,15
6721,15
6726,15
6727,15
6728,15
6734,15
6737,15
6738,15
6740,15
6741,15
6748,15
6753,15
6757,15
6758,15
6761,15
6765,15
6766,15
6769,15
6772,15
6773,15
6776,15
6779,15
6784,15
6787,15
6788,15
6793,15
6801,15
6806,15
6809,15
6810,15
6817,15
6820,15
6822,15
6824,15
6832,15
6845,15
6847,15
6849,15
6851,15
6852,15
6853,15
6856,15
6861,15
6864,15
6865,15
6866,15
6871,15
6878,15
6885,15
6888,15
6892,15
6898,15
6901,15
6903,15
6904,15
6905,15
6906,15
6908,15
6909,15
6913,15
6915,15
6919,15
6922,15
6926,15
6941,15
6963,15
6967,15
6968,15
6969,15
6974,15
6976,15
6980,15
6981,15
6983,15
6984,15
6987,15
6988,15
6989,15
6990,15
6996,15
7000,15
7001,15
7002,15
7008,15
7012,15
7017,15
7021,15
7023,15
7024,15
7026,15
7035,15
7036,15
7041,15
7042,15
7047,15
7052,15
7053,15
7054,15
7059,15
7062,15
7063,15
7065,15
7069,15
7077,15
7080,15
7085,15
7088,15
7089,15
7090,15
7091,15
7094,15
7095,15
7096,15
7100,15
7103,15
7105,15
7106,15
7107,15
7110,15
7115,15
7116,15
7118,15
7119,15
7120,15
7123,15
7134,15
7135,15
7136,15
7138,15
7142,15
7145,15
7154,15
7159,15
7160,15
7161,15
7162,15
7163,15
7164,15
7166,15
7168,15
7169,15
7170,15
7174,15
7175,15
7184,15
7187,15
7190,15
7191,15
7195,15
7196,15
7201,15
7206,15
7213,15
7217,15
7224,15
7225,15
7226,15
7239,15
7243,15
7244,15
7247,15
7248,15
7250,15
7251,15
7254,15
7260,15
7261,15
7266,15
7273,15
7274,15
7281,15
7284,15
7285,15
7290,15
7294,15
7304,15
7306,15
7310,15
7312,15
7329,15
7330,15
7335,15
7336,15
7337,15
7338,15
7340,15
7346,15
7347,15
7348,15
7352,15
7353,15
7355,15
7358,15
7359,15
7361,15
7362,15
7363,15
7364,15
7365,15
7367,15
7372,15
7373,15
7375,15
7379,15
7380,15
7381,15
7385,15
7387,15
7388,15
7389,15
7392,15
7394,15
7395,15
7399,15
7400,15
7401,15
7402,15
7408,15
7411,15
7414,15
7420,15
7421,15
7422,15
7423,15
7425,15
7426,15
7429,15
7430,15
7434,15
7438,15
7441,15
7446,15
7449,15
7451,15
7452,15
7459,15
7463,15
7466,15
7474,15
7476,15
7479,15
7488,15
7509,15
7510,15
7511,15
7513,15
7515,15
7519,15
7520,15
7523,15
7525,15
7533,15
7535,15
7540,15
7544,15
7545,15
7549,15
7551,15
7553,15
7555,15
7558,15
7560,15
7566,15
7578,15
7583,15
7591,15
7592,15
7626,15
7627,15
7631,15
7632,15
7634,15
7636,15
7642,15
7644,15
7645,15
7646,15
7651,15
7652,15
7654,15
7659,15
7660,15
7661,15
7663,15
7666,15
7669,15
7671,15
7673,15
7677,15
7679,15
7681,15
7682,15
7683,15
7684,15
7686,15
7688,15
7689,15
7692,15
7693,15
7695,15
7698,15
7700,15
7701,15
7703,15
7707,15
7708,15
7713,15
7716,15
7718,15
7720,15
7721,15
7724,15
7731,15
7734,15
7735,15
7737,15
7738,15
7739,15
7740,15
7743,15
7745,15
7746,15
7747,15
7751,15
7754,15
7755,15
7790,15
7792,15
7795,15
7802,15
7804,15
7806,15
7819,15
7820,15
7822,15
7824,15
7825,15
7828,15
7830,15
7831,15
7832,15
7833,15
7834,15
7837,15
7838,15
7846,15
7847,15
7850,15
7853,15
7861,15
7862,15
7867,15
7870,15
7872,15
7874,15
7875,15
7876,15
7877,15
7878,15
7886,15
7894,15
7899,15
7901,15
7903,15
7911,15
7912,15
7914,15
7915,15
7916,15
7918,15
7920,15
7922,15
7923,15
7924,15
7925,15
7926,15
7927,15
7928,15
7932,15
7933,15
7936,15
7937,15
7938,15
7939,15
7940,15
7941,15
7944,15
7948,15
7966,15
7968,15
7971,15
7972,15
7973,15
7974,15
7975,15
7979,15
7980,15
7981,15
7982,15
7984,15
7989,15
7990,15
7993,15
7995,15
7996,15
7997,15
7998,15
8000,15
8005,15
8009,15
8013,15
8014,15
8015,15
8017,15
8024,15
8025,15
8027,15
8034,15
8042,15
8048,15
8050,15
8051,15
8054,15
8074,15
8078,15
8085,15
8087,15
8089,15
8091,15
8092,15
8097,15
8099,15
8105,15
8109,15
8113,15
8114,15
8115,15
8116,15
8117,15
8120,15
8121,15
8125,15
8132,15
8137,15
8142,15
8143,15
8145,15
8146,15
8150,15
8151,15
8154,15
8157,15
8162,15
8164,15
8165,15
8169,15
8171,15
8172,15
8178,15
8179,15
8186,15
8187,15
8193,15
8195,15
8204,15
8219,15
8223,15
8226,15
8228,15
8231,15
8232,15
8235,15
8241,15
8242,15
8245,15
8246,15
8247,15
8255,15
8256,15
8261,15
8265,15
8266,15
8268,15
8269,15
8274,15
8281,15
8287,15
8295,15
8298,15
8301,15
8304,15
8307,15
8310,15
8318,15
8323,15
8331,15
8344,15
8347,15
8351,15
8359,15
8364,15
8365,15
8370,15
8371,15
8375,15
8378,15
8383,15
8387,15
8392,15
8397,15
8399,15
8400,15
8404,15
8408,15
8409,15
8410,15
8419,15
8426,15
8433,15
8441,15
8445,15
8451,15
8454,15
8460,15
8461,15
8464,15
8468,15
8473,15
8476,15
8481,15
8482,15
8484,15
8486,15
8488,15
8492,15
8494,15
8497,15
8505,15
8509,15
8510,15
8515,15
8517,15
8522,15
8529,15
8539,15
8544,15
8547,15
8551,15
8553,15
8556,15
8557,15
8562,15
8564,15
8569,15
8570,15
8572,15
8577,15
8578,15
8579,15
8580,15
8583,15
8584,15
8585,15
8586,15
8590,15
8591,15
8592,15
8602,15
8607,15
8612,15
8613,15
8614,15
8620,15
8630,15
8631,15
8633,15
8640,15
8644,15
8648,15
8651,15
8653,15
8655,15
8659,15
8663,15
8664,15
8666,15
8667,15
8672,15
8673,15
8681,15
8682,15
8683,15
8684,15
8687,15
8688,15
8689,15
8696,15
8699,15
8700,15
8706,15
8708,15
8710,15
8712,15
8714,15
8718,15
8720,15
8726,15
8728,15
8729,15
8745,15
8747,15
8762,15
8763,15
8769,15
8770,15
8771,15
8772,15
8773,15
8774,15
8775,15
8778,15
8779,15
8780,15
8789,15
8790,15
8793,15
8795,15
8799,15
8800,15
8802,15
8807,15
9,16
15,16
33,16
73,16
99,16
367,16
370,16
431,16
515,16
516,16
520,16
524,16
539,16
541,16
627,16
682,16
790,16
926,16
998,16
1050,16
1059,16
1126,16
1130,16
1167,16
1207,16
1218,16
1302,16
1318,16
1420,16
1428,16
1481,16
1507,16
1509,16
1528,16
1542,16
1597,16
1604,16
1619,16
1629,16
1699,16
1848,16
1886,16
1992,16
1999,16
2007,16
2014,16
2081,16
2086,16
2102,16
2185,16
2224,16
2239,16
2306,16
2344,16
2477,16
2515,16
2531,16
2610,16
2629,16
2641,16
2658,16
2737,16
2743,16
2747,16
2794,16
2795,16
2808,16
2980,16
3035,16
3046,16
3295,16
3307,16
3311,16
3401,16
3402,16
3450,16
3453,16
3503,16
3504,16
3525,16
3544,16
3547,16
3559,16
3643,16
3681,16
3751,16
3775,16
3818,16
3822,16
3937,16
3962,16
3970,16
4015,16
4017,16
4090,16
4130,16
4167,16
4184,16
4203,16
4263,16
4265,16
4297,16
4306,16
4368,16
4462,16
4502,16
4509,16
4543,16
4550,16
4552,16
4554,16
4609,16
4690,16
4759,16
4778,16
4808,16
4810,16
4942,16
4952,16
4958,16
4969,16
4974,16
4993,16
5031,16
5033,16
5058,16
5098,16
5112,16
5150,16
5151,16
5207,16
5252,16
5258,16
5364,16
5366,16
5367,16
5398,16
5445,16
5556,16
5559,16
5663,16
5675,16
5717,16
5724,16
5802,16
5803,16
5807,16
5812,16
5813,16
5823,16
5824,16
5909,16
5985,16
6027,16
6067,16
6095,16
6101,16
6106,16
6214,16
6254,16
6305,16
6342,16
6362,16
6365,16
6394,16
6399,16
6460,16
6461,16
6488,16
6491,16
6499,16
6550,16
6561,16
6619,16
6660,16
6661,16
6696,16
6715,16
6725,16
6733,16
6743,16
6786,16
6811,16
6835,16
6836,16
6890,16
6895,16
6923,16
6931,16
6972,16
6977,16
6999,16
7018,16
7029,16
7070,16
7081,16
7141,16
7210,16
7216,16
7267,16
7280,16
7301,16
7302,16
7308,16
7334,16
7354,16
7419,16
7436,16
7484,16
7486,16
7505,16
7506,16
7539,16
7548,16
7572,16
7573,16
7574,16
7575,16
7587,16
7598,16
7630,16
7672,16
7675,16
7748,16
7749,16
7851,16
7865,16
7871,16
8003,16
8130,16
8209,16
8210,16
8215,16
8217,16
8251,16
8294,16
8303,16
8316,16
8332,16
8335,16
8354,16
8358,16
8367,16
8412,16
8432,16
8477,16
8600,16
8605,16
8647,16
8713,16
8741,16
8742,16
8759,16
10,17
14,17
23,17
25,17
27,17
28,17
78,17
79,17
80,17
85,17
95,17
106,17
114,17
117,17
128,17
138,17
140,17
145,17
146,17
147,17
150,17
153,17
157,17
159,17
160,17
162,17
164,17
165,17
168,17
169,17
173,17
177,17
179,17
180,17
181,17
183,17
189,17
193,17
196,17
197,17
200,17
203,17
204,17
205,17
206,17
217,17
218,17
250,17
259,17
260,17
262,17
265,17
282,17
285,17
293,17
294,17
296,17
299,17
302,17
304,17
326,17
327,17
331,17
334,17
338,17
343,17
345,17
346,17
347,17
348,17
349,17
352,17
353,17
355,17
361,17
374,17
375,17
376,17
388,17
396,17
428,17
434,17
444,17
453,17
455,17
461,17
462,17
465,17
469,17
475,17
477,17
481,17
487,17
490,17
492,17
495,17
508,17
542,17
553,17
562,17
563,17
564,17
565,17
567,17
569,17
573,17
574,17
575,17
576,17
580,17
583,17
584,17
585,17
593,17
594,17
596,17
597,17
598,17
619,17
624,17
633,17
645,17
647,17
652,17
653,17
655,17
656,17
689,17
694,17
695,17
703,17
705,17
719,17
736,17
740,17
741,17
748,17
753,17
763,17
765,17
769,17
778,17
784,17
785,17
793,17
794,17
795,17
799,17
810,17
815,17
818,17
819,17
824,17
828,17
830,17
847,17
862,17
864,17
872,17
878,17
883,17
886,17
889,17
899,17
913,17
925,17
931,17
932,17
936,17
938,17
939,17
941,17
942,17
949,17
952,17
953,17
955,17
957,17
962,17
967,17
976,17
977,17
978,17
979,17
980,17
981,17
982,17
983,17
985,17
986,17
987,17
988,17
990,17
991,17
996,17
1003,17
1006,17
1007,17
1008,17
1017,17
1019,17
1022,17
1025,17
1029,17
1031,17
1038,17
1073,17
1084,17
1088,17
1089,17
1097,17
1099,17
1102,17
1103,17
1105,17
1110,17
1112,17
1113,17
1115,17
1116,17
1122,17
1145,17
1158,17
1165,17
1166,17
1171,17
1186,17
1189,17
1209,17
1210,17
1216,17
1217,17
1219,17
1220,17
1231,17
1233,17
1234,17
1238,17
1242,17
1245,17
1253,17
1254,17
1257,17
1259,17
1260,17
1261,17
1263,17
1265,17
1287,17
1288,17
1291,17
1296,17
1306,17
1308,17
1312,17
1319,17
1323,17
1327,17
1330,17
1334,17
1347,17
1354,17
1370,17
1377,17
1382,17
1387,17
1390,17
1404,17
1407,17
1415,17
1422,17
1424,17
1425,17
1432,17
1435,17
1442,17
1445,17
1446,17
1447,17
1454,17
1460,17
1462,17
1469,17
1473,17
1476,17
1486,17
1487,17
1492,17
1495,17
1496,17
1499,17
1508,17
1511,17
1512,17
1516,17
1520,17
1524,17
1527,17
1551,17
1554,17
1561,17
1568,17
1572,17
1577,17
1592,17
1593,17
1595,17
1600,17
1602,17
1603,17
1607,17
1613,17
1617,17
1618,17
1627,17
1645,17
1648,17
1652,17
1656,17
1663,17
1672,17
1675,17
1676,17
1682,17
1683,17
1684,17
1695,17
1700,17
1703,17
1713,17
1730,17
1735,17
1737,17
1740,17
1750,17
1762,17
1771,17
1786,17
1794,17
1796,17
1799,17
1809,17
1812,17
1820,17
1831,17
1834,17
1837,17
1847,17
1862,17
1864,17
1866,17
1870,17
1871,17
1873,17
1880,17
1882,17
1892,17
1898,17
1900,17
1901,17
1902,17
1903,17
1913,17
1920,17
1921,17
1940,17
1941,17
1942,17
1943,17
1944,17
1947,17
1972,17
1976,17
1982,17
1986,17
2004,17
2008,17
2012,17
2020,17
2025,17
2026,17
2027,17
2030,17
2031,17
2035,17
2047,17
2049,17
2050,17
2053,17
2057,17
2072,17
2073,17
2075,17
2077,17
2080,17
2083,17
2091,17
2108,17
2111,17
2115,17
2116,17
2117,17
2118,17
2127,17
2130,17
2138,17
2143,17
2151,17
2160,17
2168,17
2172,17
2173,17
2186,17
2188,17
2194,17
2196,17
2203,17
2205,17
2208,17
2209,17
2214,17
2216,17
2232,17
2234,17
2237,17
2241,17
2248,17
2253,17
2260,17
2265,17
2266,17
2269,17
2271,17
2272,17
2275,17
2281,17
2282,17
2283,17
2287,17
2288,17
2291,17
2292,17
2295,17
2301,17
2310,17
2313,17
2316,17
2320,17
2331,17
2333,17
2349,17
2354,17
2357,17
2372,17
2378,17
2380,17
2393,17
2403,17
2404,17
2408,17
2420,17
2422,17
2429,17
2430,17
2431,17
2434,17
2435,17
2436,17
2437,17
2438,17
2440,17
2442,17
2443,17
2446,17
2447,17
2449,17
2455,17
2458,17
2464,17
2465,17
2470,17
2480,17
2483,17
2484,17
2485,17
2486,17
2488,17
2489,17
2490,17
2491,17
2492,17
2493,17
2499,17
2501,17
2502,17
2504,17
2505,17
2506,17
2507,17
2510,17
2511,17
2513,17
2517,17
2522,17
2539,17
2541,17
2544,17
2545,17
2546,17
2561,17
2563,17
2564,17
2568,17
2583,17
2585,17
2592,17
2593,17
2597,17
2602,17
2608,17
2611,17
2613,17
2614,17
2615,17
2616,17
2617,17
2619,17
2620,17
2621,17
2622,17
2624,17
2625,17
2630,17
2631,17
2634,17
2635,17
2639,17
2647,17
2648,17
2657,17
2664,17
2668,17
2675,17
2678,17
2681,17
2682,17
2684,17
2689,17
2694,17
2695,17
2696,17
2701,17
2710,17
2713,17
2721,17
2723,17
2725,17
2727,17
2729,17
2733,17
2734,17
2735,17
2736,17
2739,17
2748,17
2761,17
2764,17
2767,17
2801,17
2810,17
2816,17
2818,17
2832,17
2837,17
2841,17
2843,17
2849,17
2857,17
2862,17
2874,17
2882,17
2900,17
2906,17
2912,17
2914,17
2915,17
2916,17
2919,17
2925,17
2926,17
2928,17
2936,17
2952,17
2957,17
2962,17
2964,17
2974,17
2986,17
2987,17
2996,17
3003,17
3005,17
3007,17
3017,17
3033,17
3042,17
3045,17
3047,17
3055,17
3058,17
3059,17
3060,17
3063,17
3065,17
3074,17
3081,17
3082,17
3091,17
3094,17
3100,17
3102,17
3105,17
3106,17
3111,17
3125,17
3127,17
3132,17
3133,17
3136,17
3139,17
3140,17
3141,17
3145,17
3150,17
3152,17
3153,17
3154,17
3160,17
3162,17
3167,17
3179,17
3180,17
3189,17
3190,17
3194,17
3198,17
3202,17
3207,17
3210,17
3214,17
3215,17
3216,17
3225,17
3226,17
3249,17
3260,17
3269,17
3274,17
3297,17
3304,17
3308,17
3310,17
3316,17
3318,17
3320,17
3321,17
3323,17
3324,17
3325,17
3327,17
3333,17
3339,17
3344,17
3373,17
3381,17
3390,17
3391,17
3393,17
3403,17
3406,17
3410,17
3413,17
3428,17
3443,17
3449,17
3452,17
3460,17
3473,17
3476,17
3477,17
3483,17
3493,17
3494,17
3497,17
3498,17
3501,17
3508,17
3517,17
3521,17
3524,17
3532,17
3533,17
3534,17
3538,17
3546,17
3548,17
3549,17
3550,17
3556,17
3561,17
3564,17
3565,17
3581,17
3584,17
3587,17
3595,17
3604,17
3619,17
3627,17
3630,17
3640,17
3649,17
3650,17
3653,17
3663,17
3669,17
3702,17
3736,17
3740,17
3748,17
3754,17
3766,17
3769,17
3786,17
3789,17
3792,17
3803,17
3805,17
3821,17
3828,17
3830,17
3835,17
3837,17
3842,17
3863,17
3867,17
3869,17
3875,17
3876,17
3889,17
3890,17
3891,17
3904,17
3909,17
3911,17
3915,17
3916,17
3919,17
3927,17
3934,17
3940,17
3946,17
3951,17
3958,17
3963,17
3976,17
3978,17
3979,17
3986,17
3991,17
3992,17
3993,17
4001,17
4003,17
4020,17
4022,17
4032,17
4038,17
4039,17
4054,17
4059,17
4061,17
4070,17
4071,17
4072,17
4074,17
4075,17
4076,17
4087,17
4101,17
4104,17
4108,17
4111,17
4113,17
4114,17
4122,17
4137,17
4148,17
4149,17
4170,17
4188,17
4199,17
4206,17
4210,17
4215,17
4218,17
4220,17
4242,17
4256,17
4268,17
4287,17
4288,17
4290,17
4293,17
4298,17
4316,17
4318,17
4329,17
4334,17
4335,17
4336,17
4338,17
4339,17
4344,17
4346,17
4349,17
4359,17
4361,17
4370,17
4371,17
4374,17
4376,17
4384,17
4386,17
4391,17
4392,17
4395,17
4402,17
4403,17
4415,17
4421,17
4427,17
4428,17
4430,17
4433,17
4434,17
4439,17
4441,17
4443,17
4444,17
4445,17
4447,17
4449,17
4453,17
4455,17
4459,17
4465,17
4466,17
4474,17
4475,17
4487,17
4493,17
4534,17
4541,17
4545,17
4546,17
4547,17
4548,17
4553,17
4555,17
4566,17
4569,17
4572,17
4573,17
4575,17
4578,17
4580,17
4583,17
4584,17
4585,17
4586,17
4589,17
4592,17
4595,17
4597,17
4600,17
4603,17
4604,17
4608,17
4613,17
4615,17
4643,17
4657,17
4658,17
4661,17
4676,17
4681,17
4687,17
4689,17
4691,17
4695,17
4696,17
4698,17
4699,17
4702,17
4707,17
4713,17
4715,17
4719,17
4721,17
4728,17
4729,17
4734,17
4736,17
4737,17
4747,17
4749,17
4761,17
4762,17
4767,17
4783,17
4790,17
4791,17
4794,17
4796,17
4798,17
4801,17
4811,17
4818,17
4826,17
4827,17
4829,17
4834,17
4835,17
4851,17
4856,17
4865,17
4869,17
4872,17
4874,17
4881,17
4883,17
4884,17
4890,17
4892,17
4902,17
4903,17
4905,17
4910,17
4913,17
4919,17
4921,17
4922,17
4924,17
4930,17
4940,17
4953,17
4955,17
4957,17
4961,17
4966,17
4967,17
4971,17
4984,17
5010,17
5012,17
5014,17
5016,17
5019,17
5021,17
5041,17
5045,17
5052,17
5059,17
5060,17
5073,17
5085,17
5094,17
5102,17
5103,17
5105,17
5108,17
5116,17
5123,17
5124,17
5125,17
5130,17
5134,17
5136,17
5138,17
5141,17
5152,17
5173,17
5184,17
5190,17
5200,17
5213,17
5221,17
5223,17
5227,17
5228,17
5229,17
5230,17
5239,17
5242,17
5265,17
5266,17
5278,17
5283,17
5296,17
5303,17
5304,17
5307,17
5311,17
5312,17
5329,17
5332,17
5352,17
5354,17
5359,17
5365,17
5369,17
5376,17
5386,17
5388,17
5401,17
5412,17
5416,17
5424,17
5430,17
5450,17
5454,17
5455,17
5461,17
5474,17
5482,17
5483,17
5488,17
5491,17
5494,17
5501,17
5502,17
5516,17
5518,17
5530,17
5531,17
5533,17
5534,17
5535,17
5537,17
5541,17
5544,17
5566,17
5573,17
5575,17
5607,17
5611,17
5614,17
5618,17
5620,17
5622,17
5625,17
5631,17
5639,17
5649,17
5665,17
5686,17
5699,17
5703,17
5720,17
5736,17
5737,17
5740,17
5741,17
5743,17
5747,17
5751,17
5756,17
5762,17
5773,17
5774,17
5781,17
5834,17
5841,17
5847,17
5849,17
5858,17
5859,17
5862,17
5880,17
5881,17
5882,17
5884,17
5887,17
5890,17
5910,17
5937,17
5967,17
5974,17
5977,17
5994,17
6001,17
6005,17
6007,17
6012,17
6013,17
6016,17
6017,17
6018,17
6019,17
6020,17
6024,17
6026,17
6028,17
6037,17
6040,17
6042,17
6046,17
6050,17
6058,17
6061,17
6062,17
6072,17
6073,17
6076,17
6077,17
6079,17
6081,17
6082,17
6084,17
6094,17
6109,17
6112,17
6114,17
6116,17
6129,17
6130,17
6131,17
6148,17
6159,17
6161,17
6165,17
6172,17
6173,17
6182,17
6184,17
6185,17
6186,17
6187,17
6189,17
6194,17
6197,17
6208,17
6212,17
6213,17
6225,17
6226,17
6227,17
6231,17
6245,17
6246,17
6248,17
6255,17
6258,17
6261,17
6267,17
6268,17
6269,17
6270,17
6272,17
6286,17
6288,17
6291,17
6297,17
6303,17
6304,17
6306,17
6309,17
6316,17
6317,17
6318,17
6321,17
6335,17
6340,17
6341,17
6344,17
6355,17
6357,17
6368,17
6371,17
6373,17
6378,17
6383,17
6384,17
6385,17
6401,17
6403,17
6410,17
6411,17
6415,17
6419,17
6426,17
6434,17
6440,17
6441,17
6442,17
6447,17
6448,17
6450,17
6451,17
6466,17
6467,17
6468,17
6474,17
6477,17
6479,17
6481,17
6482,17
6485,17
6486,17
6495,17
6498,17
6512,17
6513,17
6516,17
6535,17
6542,17
6551,17
6575,17
6577,17
6580,17
6581,17
6582,17
6583,17
6584,17
6605,17
6613,17
6625,17
6626,17
6633,17
6637,17
6640,17
6641,17
6656,17
6663,17
6693,17
6705,17
6706,17
6711,17
6716,17
6722,17
6726,17
6727,17
6728,17
6730,17
6735,17
6741,17
6744,17
6749,17
6759,17
6769,17
6780,17
6791,17
6793,17
6795,17
6797,17
6798,17
6801,17
6808,17
6819,17
6838,17
6840,17
6841,17
6843,17
6844,17
6854,17
6856,17
6865,17
6871,17
6875,17
6877,17
6883,17
6884,17
6885,17
6892,17
6893,17
6894,17
6898,17
6904,17
6905,17
6906,17
6908,17
6909,17
6910,17
6915,17
6922,17
6928,17
6929,17
6932,17
6937,17
6950,17
6955,17
6961,17
6978,17
6983,17
6985,17
6987,17
6988,17
6993,17
6994,17
7004,17
7005,17
7006,17
7009,17
7012,17
7014,17
7015,17
7016,17
7031,17
7032,17
7041,17
7045,17
7047,17
7049,17
7054,17
7058,17
7068,17
7085,17
7087,17
7096,17
7104,17
7105,17
7106,17
7107,17
7115,17
7120,17
7122,17
7145,17
7146,17
7148,17
7150,17
7151,17
7153,17
7154,17
7171,17
7172,17
7175,17
7187,17
7189,17
7190,17
7194,17
7204,17
7205,17
7209,17
7211,17
7213,17
7217,17
7226,17
7238,17
7240,17
7241,17
7242,17
7243,17
7247,17
7251,17
7254,17
7264,17
7275,17
7281,17
7293,17
7297,17
7299,17
7314,17
7315,17
7317,17
7318,17
7319,17
7320,17
7321,17
7327,17
7336,17
7337,17
7345,17
7346,17
7347,17
7348,17
7352,17
7353,17
7355,17
7363,17
7366,17
7370,17
7385,17
7387,17
7392,17
7398,17
7400,17
7423,17
7426,17
7429,17
7430,17
7440,17
7443,17
7444,17
7449,17
7451,17
7453,17
7462,17
7474,17
7485,17
7487,17
7488,17
7504,17
7509,17
7514,17
7516,17
7518,17
7520,17
7521,17
7523,17
7525,17
7527,17
7528,17
7532,17
7535,17
7536,17
7537,17
7540,17
7542,17
7543,17
7544,17
7545,17
7551,17
7554,17
7558,17
7563,17
7567,17
7580,17
7591,17
7592,17
7593,17
7597,17
7635,17
7638,17
7639,17
7640,17
7642,17
7644,17
7645,17
7646,17
7651,17
7670,17
7678,17
7681,17
7686,17
7689,17
7703,17
7716,17
7717,17
7720,17
7721,17
7725,17
7733,17
7739,17
7756,17
7795,17
7798,17
7806,17
7815,17
7824,17
7826,17
7827,17
7831,17
7838,17
7853,17
7861,17
7889,17
7891,17
7901,17
7902,17
7904,17
7908,17
7917,17
7921,17
7928,17
7932,17
7934,17
7937,17
7938,17
7945,17
7948,17
7950,17
7952,17
7955,17
7956,17
7957,17
7959,17
7961,17
7981,17
7987,17
7988,17
7990,17
7993,17
7997,17
8004,17
8011,17
8025,17
8029,17
8033,17
8037,17
8038,17
8043,17
8044,17
8046,17
8048,17
8051,17
8056,17
8066,17
8069,17
8073,17
8075,17
8076,17
8077,17
8078,17
8088,17
8089,17
8099,17
8100,17
8102,17
8104,17
8106,17
8107,17
8111,17
8114,17
8115,17
8119,17
8125,17
8127,17
8131,17
8141,17
8147,17
8154,17
8159,17
8160,17
8161,17
8162,17
8171,17
8188,17
8191,17
8193,17
8195,17
8196,17
8202,17
8220,17
8227,17
8230,17
8231,17
8249,17
8253,17
8254,17
8256,17
8259,17
8261,17
8264,17
8285,17
8286,17
8296,17
8301,17
8302,17
8305,17
8306,17
8318,17
8324,17
8326,17
8336,17
8347,17
8353,17
8361,17
8363,17
8366,17
8373,17
8387,17
8392,17
8394,17
8399,17
8402,17
8403,17
8407,17
8410,17
8421,17
8431,17
8434,17
8435,17
8439,17
8444,17
8445,17
8446,17
8447,17
8452,17
8455,17
8458,17
8461,17
8464,17
8466,17
8495,17
8498,17
8502,17
8505,17
8507,17
8516,17
8530,17
8537,17
8541,17
8543,17
8555,17
8557,17
8563,17
8569,17
8570,17
8577,17
8581,17
8586,17
8592,17
8599,17
8603,17
8608,17
8609,17
8615,17
8619,17
8622,17
8623,17
8624,17
8625,17
8626,17
8627,17
8629,17
8639,17
8642,17
8656,17
8660,17
8662,17
8665,17
8667,17
8673,17
8683,17
8690,17
8696,17
8698,17
8700,17
8706,17
8709,17
8714,17
8717,17
8720,17
8730,17
8731,17
8732,17
8734,17
8743,17
8746,17
8752,17
8762,17
8773,17
8774,17
8777,17
8783,17
8788,17
8790,17
8791,17
8792,17
8794,17
8799,17
8805,17
8806,17
18,18
20,18
110,18
111,18
166,18
195,18
244,18
276,18
277,18
289,18
312,18
382,18
402,18
488,18
505,18
626,18
670,18
674,18
685,18
698,18
707,18
710,18
716,18
726,18
745,18
754,18
832,18
858,18
870,18
961,18
964,18
1013,18
1147,18
1164,18
1235,18
1269,18
1271,18
1272,18
1322,18
1339,18
1350,18
1393,18
1433,18
1441,18
1458,18
1461,18
1534,18
1560,18
1707,18
1804,18
1841,18
1918,18
1926,18
2013,18
2094,18
2135,18
2152,18
2213,18
2223,18
2236,18
2294,18
2330,18
2401,18
2496,18
2500,18
2566,18
2600,18
2649,18
2661,18
2670,18
2709,18
2847,18
2869,18
2872,18
2873,18
2895,18
2923,18
2972,18
2977,18
3002,18
3177,18
3186,18
3213,18
3233,18
3280,18
3288,18
3299,18
3352,18
3374,18
3376,18
3379,18
3445,18
3484,18
3489,18
3553,18
3576,18
3577,18
3580,18
3588,18
3709,18
3720,18
3723,18
3749,18
3755,18
3808,18
3824,18
3861,18
3887,18
3945,18
3981,18
4112,18
4117,18
4168,18
4207,18
4367,18
4381,18
4382,18
4407,18
4431,18
4622,18
4638,18
4639,18
4673,18
4678,18
4679,18
4717,18
4751,18
4768,18
4825,18
4979,18
5076,18
5279,18
5361,18
5515,18
5716,18
5826,18
6220,18
6408,18
6409,18
6560,18
6653,18
6672,18
6673,18
6674,18
6675,18
6677,18
6679,18
6694,18
6698,18
6792,18
6891,18
6975,18
7040,18
7143,18
7144,18
7255,18
7257,18
7259,18
7265,18
7339,18
7450,18
7464,18
7625,18
7711,18
7801,18
7809,18
7841,18
7868,18
7898,18
8022,18
8023,18
8166,18
8372,18
8425,18
19,19
30,19
36,19
43,19
44,19
45,19
49,19
87,19
91,19
104,19
115,19
119,19
123,19
129,19
141,19
151,19
158,19
202,19
237,19
238,19
239,19
240,19
245,19
253,19
336,19
341,19
356,19
358,19
359,19
364,19
385,19
390,19
399,19
430,19
440,19
446,19
486,19
552,19
555,19
557,19
568,19
599,19
601,19
608,19
614,19
623,19
625,19
712,19
746,19
747,19
774,19
789,19
805,19
817,19
822,19
825,19
837,19
846,19
865,19
867,19
879,19
882,19
888,19
890,19
892,19
896,19
902,19
904,19
916,19
923,19
943,19
948,19
954,19
965,19
972,19
997,19
1000,19
1002,19
1014,19
1035,19
1047,19
1067,19
1087,19
1101,19
1109,19
1119,19
1140,19
1142,19
1161,19
1188,19
1195,19
1200,19
1266,19
1268,19
1274,19
1284,19
1289,19
1291,19
1310,19
1326,19
1359,19
1360,19
1388,19
1394,19
1410,19
1416,19
1418,19
1448,19
1468,19
1537,19
1541,19
1583,19
1593,19
1611,19
1625,19
1632,19
1644,19
1653,19
1654,19
1666,19
1679,19
1681,19
1701,19
1748,19
1764,19
1765,19
1775,19
1781,19
1803,19
1815,19
1844,19
1859,19
1899,19
1904,19
1925,19
1931,19
1946,19
1971,19
1977,19
1983,19
1987,19
1996,19
1997,19
2016,19
2029,19
2037,19
2089,19
2092,19
2101,19
2104,19
2140,19
2150,19
2165,19
2184,19
2187,19
2197,19
2199,19
2211,19
2233,19
2240,19
2273,19
2278,19
2290,19
2312,19
2351,19
2364,19
2383,19
2388,19
2414,19
2466,19
2472,19
2478,19
2538,19
2550,19
2557,19
2574,19
2579,19
2588,19
2590,19
2598,19
2643,19
2651,19
2654,19
2656,19
2669,19
2674,19
2707,19
2730,19
2758,19
2782,19
2799,19
2811,19
2838,19
2840,19
2848,19
2860,19
2897,19
2898,19
2908,19
2929,19
2933,19
2935,19
2955,19
2956,19
2991,19
3010,19
3019,19
3024,19
3026,19
3061,19
3078,19
3103,19
3108,19
3137,19
3142,19
3148,19
3156,19
3157,19
3191,19
3192,19
3204,19
3210,19
3218,19
3236,19
3300,19
3313,19
3372,19
3380,19
3392,19
3429,19
3430,19
3433,19
3440,19
3451,19
3485,19
3531,19
3555,19
3569,19
3570,19
3571,19
3583,19
3617,19
3635,19
3658,19
3673,19
3700,19
3714,19
3731,19
3735,19
3765,19
3794,19
3817,19
3866,19
3912,19
3931,19
4060,19
4067,19
4092,19
4147,19
4189,19
4225,19
4260,19
4269,19
4282,19
4283,19
4292,19
4304,19
4331,19
4383,19
4422,19
4435,19
4438,19
4439,19
4440,19
4457,19
4460,19
4468,19
4478,19
4503,19
4511,19
4523,19
4533,19
4581,19
4599,19
4627,19
4642,19
4660,19
4666,19
4693,19
4709,19
4720,19
4732,19
4758,19
4797,19
4807,19
4813,19
4841,19
4848,19
4876,19
4946,19
4948,19
4954,19
4964,19
4970,19
4994,19
4997,19
5023,19
5026,19
5029,19
5032,19
5043,19
5074,19
5075,19
5089,19
5092,19
5111,19
5147,19
5188,19
5204,19
5208,19
5236,19
5253,19
5268,19
5317,19
5318,19
5319,19
5345,19
5347,19
5403,19
5420,19
5441,19
5447,19
5464,19
5503,19
5513,19
5553,19
5569,19
5591,19
5596,19
5605,19
5626,19
5635,19
5638,19
5642,19
5648,19
5702,19
5710,19
5738,19
5793,19
5831,19
5853,19
5904,19
5953,19
5958,19
5963,19
5964,19
5966,19
5988,19
5989,19
5992,19
5995,19
6008,19
6023,19
6024,19
6043,19
6047,19
6052,19
6056,19
6118,19
6120,19
6124,19
6142,19
6169,19
6181,19
6188,19
6190,19
6200,19
6209,19
6210,19
6211,19
6215,19
6249,19
6283,19
6299,19
6300,19
6329,19
6331,19
6343,19
6366,19
6377,19
6380,19
6389,19
6398,19
6425,19
6436,19
6459,19
6475,19
6483,19
6490,19
6501,19
6519,19
6524,19
6528,19
6530,19
6538,19
6565,19
6566,19
6567,19
6568,19
6578,19
6579,19
6589,19
6591,19
6595,19
6596,19
6598,19
6599,19
6601,19
6617,19
6621,19
6624,19
6634,19
6670,19
6688,19
6699,19
6708,19
6713,19
6714,19
6736,19
6739,19
6754,19
6755,19
6794,19
6818,19
6831,19
6870,19
6880,19
6887,19
6897,19
6916,19
6943,19
6946,19
6951,19
6967,19
6968,19
6974,19
7010,19
7035,19
7062,19
7066,19
7075,19
7114,19
7138,19
7167,19
7169,19
7207,19
7214,19
7219,19
7221,19
7226,19
7260,19
7263,19
7303,19
7307,19
7323,19
7351,19
7362,19
7364,19
7375,19
7403,19
7431,19
7434,19
7441,19
7478,19
7483,19
7585,19
7586,19
7620,19
7668,19
7685,19
7702,19
7705,19
7729,19
7731,19
7734,19
7794,19
7833,19
7869,19
7895,19
7906,19
7970,19
7995,19
8002,19
8013,19
8015,19
8040,19
8080,19
8096,19
8101,19
8113,19
8116,19
8124,19
8140,19
8151,19
8157,19
8170,19
8180,19
8199,19
8205,19
8213,19
8221,19
8222,19
8224,19
8233,19
8234,19
8237,19
8242,19
8243,19
8246,19
8256,19
8257,19
8262,19
8273,19
8275,19
8277,19
8280,19
8282,19
8290,19
8298,19
8315,19
8320,19
8321,19
8325,19
8339,19
8359,19
8364,19
8368,19
8376,19
8385,19
8397,19
8450,19
8460,19
8474,19
8487,19
8493,19
8494,19
8499,19
8508,19
8518,19
8521,19
8527,19
8536,19
8538,19
8549,19
8560,19
8567,19
8587,19
8590,19
8616,19
8617,19
8618,19
8631,19
8646,19
8649,19
8653,19
8664,19
8679,19
8684,19
8694,19
8705,19
8723,19
8725,19
8733,19
8734,19
8761,19
8802,19
8803,19
25,20
94,20
114,20
116,20
120,20
127,20
137,20
139,20
157,20
159,20
164,20
176,20
180,20
181,20
197,20
228,20
247,20
251,20
252,20
254,20
258,20
262,20
285,20
294,20
315,20
335,20
338,20
361,20
375,20
376,20
403,20
437,20
439,20
448,20
449,20
450,20
451,20
452,20
459,20
484,20
492,20
493,20
503,20
507,20
529,20
552,20
570,20
576,20
579,20
584,20
586,20
592,20
593,20
610,20
615,20
616,20
645,20
650,20
657,20
689,20
744,20
757,20
763,20
765,20
775,20
783,20
793,20
794,20
815,20
819,20
822,20
876,20
914,20
952,20
957,20
979,20
986,20
987,20
995,20
1028,20
1032,20
1070,20
1091,20
1110,20
1112,20
1122,20
1137,20
1145,20
1168,20
1186,20
1203,20
1216,20
1217,20
1238,20
1241,20
1261,20
1270,20
1317,20
1319,20
1324,20
1325,20
1327,20
1331,20
1345,20
1382,20
1383,20
1424,20
1445,20
1494,20
1498,20
1502,20
1523,20
1526,20
1527,20
1530,20
1532,20
1551,20
1566,20
1567,20
1599,20
1614,20
1648,20
1677,20
1678,20
1690,20
1692,20
1696,20
1708,20
1710,20
1732,20
1733,20
1735,20
1736,20
1737,20
1739,20
1740,20
1786,20
1808,20
1810,20
1815,20
1826,20
1831,20
1837,20
1851,20
1856,20
1859,20
1864,20
1870,20
1885,20
1892,20
1900,20
1902,20
1920,20
1943,20
1945,20
1975,20
1982,20
2002,20
2024,20
2025,20
2050,20
2053,20
2060,20
2061,20
2083,20
2147,20
2180,20
2188,20
2196,20
2212,20
2214,20
2234,20
2235,20
2267,20
2277,20
2281,20
2284,20
2295,20
2315,20
2320,20
2325,20
2331,20
2333,20
2335,20
2336,20
2339,20
2341,20
2349,20
2361,20
2375,20
2392,20
2412,20
2413,20
2420,20
2426,20
2428,20
2430,20
2437,20
2443,20
2447,20
2457,20
2461,20
2480,20
2482,20
2485,20
2486,20
2491,20
2498,20
2504,20
2510,20
2513,20
2522,20
2532,20
2533,20
2535,20
2541,20
2542,20
2561,20
2573,20
2593,20
2602,20
2626,20
2683,20
2686,20
2694,20
2729,20
2731,20
2736,20
2776,20
2802,20
2816,20
2833,20
2853,20
2863,20
2865,20
2868,20
2879,20
2886,20
2904,20
2906,20
2913,20
2915,20
2917,20
2925,20
2926,20
2931,20
2952,20
2962,20
2986,20
2996,20
3047,20
3049,20
3071,20
3099,20
3113,20
3115,20
3141,20
3144,20
3153,20
3154,20
3155,20
3181,20
3190,20
3194,20
3196,20
3197,20
3199,20
3225,20
3249,20
3252,20
3265,20
3281,20
3309,20
3338,20
3339,20
3344,20
3360,20
3393,20
3403,20
3428,20
3439,20
3444,20
3449,20
3460,20
3466,20
3487,20
3510,20
3523,20
3524,20
3534,20
3556,20
3573,20
3699,20
3740,20
3766,20
3863,20
3867,20
3889,20
3904,20
3914,20
3916,20
3918,20
3927,20
3955,20
3974,20
3994,20
3995,20
4018,20
4019,20
4021,20
4034,20
4038,20
4040,20
4041,20
4042,20
4047,20
4048,20
4069,20
4071,20
4075,20
4077,20
4079,20
4107,20
4108,20
4113,20
4158,20
4212,20
4295,20
4330,20
4333,20
4335,20
4338,20
4339,20
4344,20
4352,20
4387,20
4391,20
4402,20
4418,20
4429,20
4475,20
4487,20
4563,20
4564,20
4566,20
4578,20
4583,20
4594,20
4613,20
4615,20
4616,20
4658,20
4676,20
4681,20
4694,20
4699,20
4706,20
4716,20
4723,20
4726,20
4730,20
4735,20
4736,20
4737,20
4793,20
4823,20
4829,20
4851,20
4856,20
4869,20
4881,20
4892,20
4905,20
4908,20
4930,20
4956,20
4961,20
5008,20
5011,20
5013,20
5038,20
5041,20
5045,20
5051,20
5054,20
5115,20
5122,20
5136,20
5164,20
5199,20
5213,20
5229,20
5256,20
5296,20
5310,20
5332,20
5369,20
5375,20
5455,20
5462,20
5484,20
5500,20
5505,20
5525,20
5532,20
5540,20
5541,20
5557,20
5582,20
5585,20
5614,20
5621,20
5688,20
5736,20
5865,20
5899,20
5974,20
5980,20
5981,20
6018,20
6019,20
6033,20
6042,20
6053,20
6054,20
6061,20
6063,20
6071,20
6086,20
6104,20
6108,20
6129,20
6164,20
6186,20
6189,20
6194,20
6224,20
6225,20
6231,20
6258,20
6271,20
6278,20
6287,20
6290,20
6291,20
6297,20
6345,20
6368,20
6370,20
6391,20
6396,20
6401,20
6415,20
6423,20
6441,20
6445,20
6477,20
6479,20
6480,20
6544,20
6564,20
6583,20
6620,20
6663,20
6665,20
6667,20
6693,20
6701,20
6703,20
6707,20
6722,20
6727,20
6730,20
6759,20
6791,20
6824,20
6844,20
6909,20
6922,20
6950,20
6959,20
6978,20
6981,20
6991,20
7019,20
7024,20
7047,20
7050,20
7054,20
7059,20
7063,20
7065,20
7100,20
7106,20
7110,20
7123,20
7145,20
7150,20
7153,20
7160,20
7164,20
7170,20
7171,20
7194,20
7205,20
7225,20
7244,20
7248,20
7250,20
7272,20
7275,20
7312,20
7333,20
7345,20
7347,20
7352,20
7353,20
7355,20
7361,20
7392,20
7395,20
7398,20
7429,20
7438,20
7467,20
7474,20
7504,20
7518,20
7525,20
7537,20
7550,20
7588,20
7593,20
7651,20
7661,20
7691,20
7701,20
7704,20
7707,20
7716,20
7725,20
7737,20
7739,20
7742,20
7758,20
7792,20
7795,20
7798,20
7825,20
7838,20
7855,20
7866,20
7902,20
7904,20
7905,20
7916,20
7918,20
7921,20
7923,20
7948,20
7987,20
7988,20
7989,20
8025,20
8029,20
8038,20
8048,20
8055,20
8056,20
8099,20
8102,20
8104,20
8117,20
8119,20
8132,20
8147,20
8150,20
8171,20
8188,20
8219,20
8220,20
8227,20
8228,20
8253,20
8266,20
8292,20
8306,20
8324,20
8366,20
8373,20
8381,20
8399,20
8414,20
8439,20
8453,20
8466,20
8486,20
8510,20
8513,20
8514,20
8533,20
8543,20
8557,20
8572,20
8577,20
8608,20
8650,20
8665,20
8706,20
8726,20
8762,20
8771,20
8778,20
8779,20
8780,20
8788,20
27,21
97,21
131,21
146,21
147,21
171,21
173,21
203,21
208,21
209,21
210,21
234,21
250,21
295,21
301,21
456,21
495,21
616,21
647,21
657,21
771,21
784,21
850,21
851,21
852,21
853,21
894,21
939,21
940,21
984,21
993,21
1019,21
1020,21
1025,21
1040,21
1054,21
1055,21
1056,21
1072,21
1073,21
1074,21
1093,21
1127,21
1138,21
1157,21
1184,21
1194,21
1198,21
1215,21
1242,21
1249,21
1251,21
1257,21
1290,21
1328,21
1437,21
1505,21
1510,21
1518,21
1519,21
1561,21
1578,21
1651,21
1661,21
1664,21
1676,21
1692,21
1704,21
1788,21
1796,21
1798,21
1802,21
1809,21
1819,21
1857,21
1875,21
1883,21
1917,21
1938,21
1941,21
1942,21
1944,21
1947,21
1957,21
1985,21
2006,21
2035,21
2058,21
2062,21
2121,21
2127,21
2162,21
2220,21
2244,21
2264,21
2265,21
2271,21
2311,21
2331,21
2373,21
2385,21
2457,21
2476,21
2495,21
2564,21
2617,21
2633,21
2679,21
2693,21
2746,21
2804,21
2836,21
2845,21
2849,21
2862,21
2867,21
2900,21
2916,21
2970,21
2976,21
3065,21
3105,21
3114,21
3135,21
3146,21
3189,21
3203,21
3267,21
3273,21
3304,21
3318,21
3354,21
3384,21
3437,21
3486,21
3493,21
3494,21
3514,21
3517,21
3558,21
3566,21
3595,21
3679,21
3710,21
3713,21
3714,21
3732,21
3760,21
3772,21
3801,21
3803,21
3815,21
3872,21
3892,21
3896,21
3908,21
3912,21
3915,21
3933,21
3984,21
3986,21
4053,21
4062,21
4078,21
4124,21
4152,21
4174,21
4204,21
4214,21
4220,21
4237,21
4243,21
4247,21
4248,21
4294,21
4299,21
4300,21
4301,21
4302,21
4323,21
4399,21
4417,21
4421,21
4423,21
4426,21
4432,21
4433,21
4444,21
4445,21
4447,21
4450,21
4453,21
4458,21
4459,21
4472,21
4517,21
4541,21
4564,21
4568,21
4569,21
4576,21
4595,21
4600,21
4601,21
4602,21
4606,21
4608,21
4612,21
4631,21
4689,21
4724,21
4728,21
4729,21
4730,21
4769,21
4802,21
4874,21
4973,21
4975,21
4976,21
5011,21
5046,21
5081,21
5107,21
5132,21
5134,21
5141,21
5159,21
5161,21
5218,21
5267,21
5297,21
5304,21
5326,21
5359,21
5371,21
5392,21
5442,21
5448,21
5456,21
5486,21
5527,21
5528,21
5529,21
5550,21
5598,21
5603,21
5611,21
5614,21
5633,21
5658,21
5682,21
5690,21
5751,21
5757,21
5773,21
5797,21
5810,21
5811,21
5843,21
5855,21
5882,21
5897,21
5907,21
5913,21
5937,21
5997,21
5998,21
6026,21
6086,21
6108,21
6111,21
6150,21
6202,21
6216,21
6247,21
6252,21
6275,21
6310,21
6332,21
6450,21
6454,21
6476,21
6492,21
6500,21
6540,21
6562,21
6611,21
6690,21
6708,21
6747,21
6770,21
6840,21
6854,21
6892,21
6894,21
6910,21
6913,21
6919,21
6969,21
7013,21
7023,21
7024,21
7033,21
7103,21
7105,21
7107,21
7111,21
7127,21
7131,21
7135,21
7139,21
7155,21
7166,21
7170,21
7190,21
7245,21
7249,21
7253,21
7311,21
7335,21
7387,21
7388,21
7418,21
7426,21
7463,21
7470,21
7491,21
7622,21
7627,21
7634,21
7655,21
7656,21
7657,21
7658,21
7662,21
7663,21
7666,21
7745,21
7834,21
7852,21
7859,21
7889,21
7894,21
7903,21
7924,21
7937,21
7942,21
7944,21
7966,21
7968,21
7997,21
8012,21
8064,21
8114,21
8139,21
8145,21
8162,21
8172,21
8245,21
8351,21
8413,21
8433,21
8453,21
8492,21
8505,21
8573,21
8578,21
8602,21
8632,21
8704,21
8735,21
8757,21
8772,21
8807,21
29,22
43,22
44,22
45,22
201,22
211,22
212,22
230,22
237,22
238,22
239,22
240,22
300,22
308,22
333,22
354,22
397,22
399,22
442,22
464,22
480,22
551,22
557,22
558,22
587,22
608,22
611,22
612,22
613,22
644,22
729,22
741,22
797,22
805,22
823,22
837,22
854,22
888,22
930,22
963,22
965,22
997,22
1028,22
1042,22
1088,22
1101,22
1119,22
1120,22
1140,22
1178,22
1223,22
1284,22
1285,22
1298,22
1368,22
1399,22
1448,22
1482,22
1537,22
1630,22
1638,22
1649,22
1653,22
1654,22
1715,22
1776,22
1778,22
1784,22
1785,22
1789,22
1807,22
1817,22
1844,22
1868,22
1880,22
1899,22
1901,22
1971,22
2030,22
2037,22
2092,22
2105,22
2150,22
2343,22
2383,22
2444,22
2464,22
2465,22
2478,22
2590,22
2706,22
2730,22
2750,22
2890,22
2909,22
2934,22
2969,22
3015,22
3061,22
3078,22
3098,22
3103,22
3163,22
3263,22
3380,22
3385,22
3399,22
3422,22
3435,22
3451,22
3569,22
3570,22
3571,22
3639,22
3640,22
3699,22
3730,22
3758,22
3769,22
3801,22
3874,22
3920,22
3923,22
3924,22
3931,22
3949,22
3960,22
3973,22
4060,22
4134,22
4148,22
4166,22
4192,22
4195,22
4196,22
4212,22
4242,22
4278,22
4375,22
4376,22
4383,22
4393,22
4396,22
4511,22
4513,22
4516,22
4525,22
4529,22
4533,22
4539,22
4559,22
4599,22
4625,22
4749,22
4776,22
4800,22
4806,22
4873,22
4944,22
5004,22
5026,22
5043,22
5074,22
5089,22
5092,22
5111,22
5137,22
5227,22
5253,22
5266,22
5303,22
5319,22
5333,22
5638,22
5642,22
5738,22
5853,22
5859,22
5904,22
5956,22
5962,22
5963,22
5976,22
5988,22
5989,22
5992,22
5995,22
5996,22
6023,22
6040,22
6041,22
6069,22
6093,22
6099,22
6120,22
6121,22
6176,22
6181,22
6188,22
6190,22
6209,22
6300,22
6398,22
6416,22
6424,22
6425,22
6459,22
6469,22
6487,22
6504,22
6528,22
6545,22
6548,22
6553,22
6568,22
6585,22
6591,22
6596,22
6601,22
6627,22
6631,22
6635,22
6688,22
6712,22
6754,22
6755,22
6756,22
6761,22
6805,22
6806,22
6831,22
6846,22
6887,22
6897,22
6921,22
6939,22
6940,22
6943,22
6946,22
6947,22
6962,22
6967,22
6974,22
6985,22
6998,22
7000,22
7010,22
7026,22
7035,22
7062,22
7169,22
7204,22
7217,22
7219,22
7237,22
7261,22
7281,22
7287,22
7299,22
7303,22
7362,22
7367,22
7371,22
7390,22
7403,22
7434,22
7477,22
7528,22
7553,22
7556,22
7644,22
7645,22
7646,22
7685,22
7688,22
7705,22
7721,22
7738,22
7832,22
7833,22
7844,22
7858,22
7872,22
7895,22
7956,22
7957,22
7962,22
7963,22
7999,22
8002,22
8014,22
8019,22
8027,22
8028,22
8061,22
8079,22
8090,22
8092,22
8096,22
8139,22
8170,22
8189,22
8199,22
8205,22
8212,22
8213,22
8222,22
8233,22
8238,22
8243,22
8257,22
8275,22
8276,22
8277,22
8280,22
8291,22
8293,22
8298,22
8299,22
8311,22
8323,22
8338,22
8339,22
8343,22
8368,22
8385,22
8400,22
8427,22
8484,22
8485,22
8487,22
8509,22
8523,22
8528,22
8544,22
8549,22
8556,22
8559,22
8560,22
8613,22
8614,22
8622,22
8623,22
8624,22
8625,22
8626,22
8627,22
8639,22
8643,22
8646,22
8699,22
8717,22
8723,22
8761,22
8766,22
8783,22
8805,22
29,23
91,23
134,23
144,23
158,23
162,23
206,23
328,23
331,23
333,23
341,23
348,23
351,23
487,23
558,23
564,23
582,23
595,23
611,23
612,23
613,23
615,23
753,23
780,23
847,23
873,23
947,23
950,23
951,23
971,23
1028,23
1037,23
1102,23
1114,23
1121,23
1135,23
1365,23
1398,23
1748,23
1958,23
2122,23
2143,23
2318,23
2411,23
2556,23
2557,23
2702,23
2706,23
2715,23
2750,23
2799,23
2804,23
2848,23
2951,23
2969,23
3026,23
3063,23
3069,23
3098,23
3103,23
3485,23
3486,23
3581,23
3583,23
3707,23
3765,23
3776,23
3778,23
3799,23
3817,23
3859,23
3917,23
3936,23
3955,23
3983,23
4098,23
4134,23
4156,23
4178,23
4254,23
4269,23
4296,23
4485,23
4494,23
4513,23
4589,23
4619,23
4657,23
4701,23
4752,23
4774,23
4813,23
4817,23
4876,23
4928,23
4937,23
4959,23
4964,23
5007,23
5029,23
5048,23
5080,23
5114,23
5147,23
5324,23
5342,23
5447,23
5475,23
5482,23
5626,23
5646,23
5683,23
5749,23
5750,23
5793,23
5866,23
5893,23
5908,23
5959,23
5978,23
5999,23
6003,23
6030,23
6036,23
6079,23
6114,23
6172,23
6181,23
6190,23
6193,23
6200,23
6201,23
6326,23
6354,23
6425,23
6487,23
6493,23
6498,23
6504,23
6601,23
6606,23
6618,23
6635,23
6642,23
6643,23
6644,23
6645,23
6658,23
6681,23
6683,23
6703,23
6704,23
6712,23
6716,23
6785,23
6848,23
6866,23
6911,23
6912,23
6926,23
6958,23
6959,23
6998,23
7022,23
7053,23
7058,23
7064,23
7071,23
7079,23
7088,23
7098,23
7137,23
7140,23
7152,23
7200,23
7221,23
7263,23
7282,23
7284,23
7287,23
7329,23
7416,23
7443,23
7444,23
7451,23
7455,23
7507,23
7582,23
7637,23
7750,23
7781,23
7856,23
7858,23
7885,23
7917,23
7967,23
8026,23
8036,23
8043,23
8052,23
8053,23
8054,23
8068,23
8083,23
8129,23
8167,23
8168,23
8186,23
8218,23
8221,23
8229,23
8255,23
8260,23
8280,23
8290,23
8308,23
8352,23
8357,23
8359,23
8381,23
8405,23
8406,23
8410,23
8415,23
8416,23
8417,23
8485,23
8508,23
8513,23
8532,23
8533,23
8581,23
8596,23
8617,23
8623,23
8624,23
8625,23
8626,23
8669,23
8677,23
8688,23
8733,23
8743,23
34,24
332,24
494,24
679,24
715,24
881,24
891,24
973,24
1045,24
1060,24
1066,24
1374,24
1402,24
1478,24
1479,24
1553,24
1555,24
1702,24
1981,24
2043,24
2067,24
2079,24
2555,24
2768,24
3066,24
3083,24
3416,24
3450,24
3535,24
3591,24
3633,24
3685,24
3763,24
3802,24
3966,24
4179,24
4275,24
4408,24
5028,24
5264,24
5471,24
5745,24
5803,24
5889,24
5924,24
5941,24
6147,24
6167,24
6427,24
6569,24
6745,24
6874,24
6918,24
7594,24
8148,24
8398,24
8750,24
35,25
38,25
40,25
41,25
66,25
68,25
86,25
88,25
90,25
98,25
99,25
101,25
105,25
107,25
109,25
112,25
121,25
124,25
125,25
154,25
190,25
198,25
221,25
235,25
255,25
264,25
270,25
273,25
287,25
325,25
365,25
387,25
443,25
473,25
510,25
513,25
523,25
526,25
528,25
531,25
536,25
540,25
541,25
546,25
548,25
566,25
589,25
591,25
629,25
665,25
714,25
720,25
721,25
734,25
752,25
781,25
786,25
814,25
856,25
869,25
875,25
912,25
924,25
926,25
928,25
937,25
1005,25
1015,25
1026,25
1049,25
1050,25
1052,25
1082,25
1149,25
1150,25
1153,25
1159,25
1170,25
1180,25
1181,25
1201,25
1207,25
1232,25
1236,25
1246,25
1309,25
1333,25
1351,25
1363,25
1366,25
1381,25
1396,25
1402,25
1405,25
1430,25
1463,25
1464,25
1466,25
1506,25
1507,25
1509,25
1528,25
1546,25
1552,25
1556,25
1573,25
1574,25
1615,25
1619,25
1620,25
1688,25
1694,25
1697,25
1724,25
1725,25
1757,25
1758,25
1759,25
1760,25
1761,25
1766,25
1779,25
1792,25
1842,25
1848,25
1853,25
1865,25
1890,25
1891,25
1894,25
1896,25
1953,25
1974,25
2007,25
2023,25
2041,25
2048,25
2064,25
2071,25
2081,25
2099,25
2119,25
2136,25
2137,25
2145,25
2158,25
2159,25
2161,25
2175,25
2179,25
2182,25
2226,25
2239,25
2250,25
2293,25
2300,25
2308,25
2319,25
2389,25
2467,25
2520,25
2527,25
2530,25
2543,25
2555,25
2584,25
2589,25
2642,25
2665,25
2740,25
2752,25
2753,25
2760,25
2786,25
2788,25
2789,25
2791,25
2808,25
2842,25
2858,25
2903,25
2911,25
2927,25
2938,25
2954,25
2963,25
2968,25
3006,25
3029,25
3031,25
3036,25
3040,25
3057,25
3067,25
3084,25
3085,25
3086,25
3129,25
3147,25
3149,25
3200,25
3209,25
3247,25
3248,25
3276,25
3296,25
3305,25
3317,25
3326,25
3346,25
3394,25
3402,25
3404,25
3405,25
3407,25
3416,25
3436,25
3445,25
3450,25
3454,25
3456,25
3471,25
3540,25
3547,25
3554,25
3599,25
3625,25
3637,25
3645,25
3655,25
3660,25
3668,25
3678,25
3681,25
3692,25
3693,25
3695,25
3696,25
3708,25
3723,25
3761,25
3770,25
3780,25
3807,25
3822,25
3824,25
3862,25
3932,25
3942,25
3944,25
3954,25
3962,25
3980,25
3989,25
4015,25
4056,25
4091,25
4115,25
4142,25
4150,25
4203,25
4207,25
4219,25
4291,25
4312,25
4341,25
4360,25
4364,25
4372,25
4373,25
4385,25
4390,25
4408,25
4416,25
4431,25
4479,25
4490,25
4504,25
4512,25
4528,25
4623,25
4624,25
4635,25
4641,25
4649,25
4652,25
4653,25
4659,25
4718,25
4763,25
4765,25
4814,25
4832,25
4833,25
4839,25
4853,25
4857,25
4858,25
4870,25
4880,25
4899,25
4931,25
4943,25
5036,25
5064,25
5099,25
5139,25
5145,25
5167,25
5175,25
5181,25
5220,25
5233,25
5237,25
5238,25
5244,25
5273,25
5302,25
5321,25
5381,25
5393,25
5398,25
5423,25
5429,25
5459,25
5489,25
5495,25
5520,25
5524,25
5559,25
5567,25
5579,25
5592,25
5641,25
5693,25
5724,25
5760,25
5770,25
5786,25
5801,25
5808,25
5828,25
5830,25
5839,25
5856,25
5868,25
5870,25
5871,25
5878,25
5896,25
5903,25
5909,25
5915,25
5924,25
6127,25
6178,25
6195,25
6250,25
6259,25
6282,25
6292,25
6302,25
6390,25
6405,25
6421,25
6484,25
6659,25
6675,25
6771,25
6839,25
6869,25
6933,25
6982,25
7030,25
7099,25
7132,25
7149,25
7197,25
7236,25
7280,25
7288,25
7289,25
7292,25
7313,25
7322,25
7332,25
7376,25
7456,25
7458,25
7503,25
7522,25
7530,25
7589,25
7590,25
7647,25
7650,25
7675,25
7690,25
7699,25
7722,25
7761,25
7762,25
7763,25
7764,25
7765,25
7766,25
7767,25
7768,25
7769,25
7770,25
7771,25
7772,25
7773,25
7774,25
7778,25
7780,25
7783,25
7784,25
7785,25
7786,25
7787,25
7796,25
7865,25
8016,25
8063,25
8071,25
8094,25
8095,25
8103,25
8122,25
8126,25
8144,25
8173,25
8183,25
8272,25
8316,25
8374,25
8424,25
8524,25
8597,25
8601,25
8647,25
8670,25
8680,25
8685,25
8781,25
8784,25
8786,25
8796,25
8798,25
8804,25
37,26
39,26
42,26
44,26
45,26
47,26
52,26
53,26
54,26
55,26
57,26
58,26
59,26
60,26
61,26
62,26
63,26
64,26
82,26
85,26
106,26
132,26
134,26
135,26
136,26
138,26
142,26
144,26
150,26
152,26
156,26
165,26
169,26
170,26
175,26
177,26
178,26
179,26
184,26
193,26
201,26
208,26
215,26
216,26
229,26
241,26
248,26
271,26
280,26
296,26
302,26
328,26
329,26
333,26
341,26
347,26
351,26
352,26
355,26
357,26
364,26
373,26
374,26
378,26
384,26
393,26
397,26
438,26
452,26
465,26
475,26
482,26
497,26
501,26
556,26
559,26
560,26
562,26
564,26
567,26
568,26
571,26
580,26
581,26
582,26
595,26
598,26
602,26
603,26
606,26
609,26
610,26
611,26
612,26
613,26
619,26
637,26
671,26
672,26
673,26
688,26
690,26
691,26
713,26
722,26
753,26
766,26
777,26
780,26
787,26
788,26
792,26
802,26
803,26
807,26
808,26
809,26
810,26
811,26
813,26
820,26
842,26
854,26
866,26
905,26
906,26
917,26
927,26
929,26
930,26
931,26
933,26
944,26
945,26
947,26
950,26
953,26
956,26
971,26
976,26
982,26
1001,26
1017,26
1034,26
1037,26
1042,26
1081,26
1089,26
1104,26
1107,26
1114,26
1120,26
1121,26
1125,26
1129,26
1131,26
1132,26
1133,26
1134,26
1135,26
1136,26
1138,26
1141,26
1179,26
1185,26
1189,26
1191,26
1237,26
1240,26
1245,26
1248,26
1252,26
1256,26
1264,26
1306,26
1335,26
1343,26
1346,26
1348,26
1354,26
1369,26
1397,26
1406,26
1442,26
1446,26
1457,26
1459,26
1468,26
1475,26
1499,26
1525,26
1585,26
1609,26
1621,26
1622,26
1627,26
1634,26
1643,26
1647,26
1660,26
1663,26
1665,26
1675,26
1680,26
1763,26
1769,26
1773,26
1797,26
1817,26
1836,26
1839,26
1846,26
1847,26
1856,26
1903,26
1906,26
1910,26
1913,26
1922,26
1937,26
1958,26
1960,26
1965,26
1966,26
1967,26
1968,26
1969,26
1970,26
1973,26
1998,26
2060,26
2068,26
2084,26
2088,26
2108,26
2122,26
2133,26
2142,26
2177,26
2206,26
2221,26
2251,26
2266,26
2269,26
2274,26
2275,26
2286,26
2289,26
2310,26
2315,26
2318,26
2324,26
2340,26
2359,26
2374,26
2387,26
2394,26
2411,26
2425,26
2440,26
2452,26
2470,26
2480,26
2503,26
2517,26
2535,26
2546,26
2611,26
2614,26
2622,26
2624,26
2630,26
2636,26
2691,26
2702,26
2708,26
2710,26
2714,26
2717,26
2722,26
2724,26
2726,26
2739,26
2763,26
2769,26
2800,26
2837,26
2841,26
2874,26
2906,26
2920,26
2951,26
2969,26
3020,26
3027,26
3030,26
3039,26
3042,26
3073,26
3091,26
3098,26
3101,26
3102,26
3134,26
3135,26
3136,26
3143,26
3151,26
3164,26
3171,26
3216,26
3224,26
3234,26
3240,26
3260,26
3268,26
3298,26
3303,26
3335,26
3388,26
3390,26
3408,26
3488,26
3495,26
3512,26
3648,26
3650,26
3651,26
3659,26
3676,26
3707,26
3718,26
3721,26
3729,26
3787,26
3799,26
3805,26
3814,26
3826,26
3835,26
3843,26
3870,26
3919,26
3934,26
3936,26
3940,26
3976,26
3978,26
3979,26
3991,26
3992,26
4004,26
4014,26
4025,26
4032,26
4046,26
4050,26
4065,26
4070,26
4096,26
4171,26
4176,26
4191,26
4193,26
4209,26
4218,26
4244,26
4256,26
4281,26
4320,26
4329,26
4334,26
4340,26
4342,26
4343,26
4346,26
4361,26
4398,26
4405,26
4425,26
4443,26
4456,26
4471,26
4482,26
4485,26
4494,26
4500,26
4501,26
4527,26
4540,26
4557,26
4560,26
4572,26
4574,26
4579,26
4587,26
4588,26
4593,26
4596,26
4598,26
4601,26
4602,26
4606,26
4610,26
4612,26
4619,26
4620,26
4662,26
4680,26
4682,26
4692,26
4714,26
4727,26
4731,26
4734,26
4752,26
4770,26
4774,26
4783,26
4817,26
4861,26
4862,26
4882,26
4885,26
4887,26
4889,26
4919,26
4928,26
4953,26
4959,26
4971,26
4988,26
5007,26
5010,26
5034,26
5048,26
5065,26
5080,26
5105,26
5114,26
5131,26
5173,26
5178,26
5187,26
5189,26
5191,26
5204,26
5212,26
5215,26
5291,26
5293,26
5294,26
5301,26
5305,26
5307,26
5324,26
5334,26
5335,26
5336,26
5337,26
5338,26
5339,26
5340,26
5342,26
5416,26
5443,26
5461,26
5470,26
5473,26
5475,26
5477,26
5523,26
5546,26
5550,26
5572,26
5573,26
5575,26
5588,26
5590,26
5600,26
5617,26
5618,26
5620,26
5645,26
5683,26
5720,26
5748,26
5749,26
5750,26
5761,26
5833,26
5842,26
5847,26
5865,26
5874,26
5875,26
5880,26
5959,26
5969,26
5978,26
5982,26
5991,26
5993,26
6003,26
6004,26
6005,26
6013,26
6017,26
6022,26
6031,26
6036,26
6064,26
6070,26
6078,26
6087,26
6088,26
6089,26
6091,26
6099,26
6122,26
6131,26
6135,26
6143,26
6172,26
6176,26
6182,26
6191,26
6201,26
6212,26
6213,26
6227,26
6228,26
6245,26
6247,26
6307,26
6318,26
6323,26
6326,26
6327,26
6337,26
6344,26
6359,26
6360,26
6381,26
6387,26
6395,26
6428,26
6429,26
6430,26
6436,26
6448,26
6453,26
6471,26
6487,26
6493,26
6497,26
6502,26
6504,26
6512,26
6523,26
6531,26
6544,26
6547,26
6553,26
6563,26
6593,26
6597,26
6605,26
6606,26
6610,26
6615,26
6618,26
6628,26
6629,26
6630,26
6635,26
6637,26
6642,26
6643,26
6644,26
6645,26
6655,26
6671,26
6697,26
6702,26
6704,26
6720,26
6723,26
6724,26
6734,26
6760,26
6766,26
6772,26
6785,26
6809,26
6817,26
6843,26
6845,26
6847,26
6848,26
6849,26
6851,26
6852,26
6861,26
6867,26
6880,26
6911,26
6912,26
6914,26
6926,26
6937,26
6944,26
6955,26
6958,26
6961,26
6963,26
6965,26
7022,26
7027,26
7028,26
7043,26
7044,26
7053,26
7061,26
7064,26
7071,26
7072,26
7073,26
7074,26
7078,26
7079,26
7080,26
7089,26
7090,26
7091,26
7134,26
7137,26
7142,26
7152,26
7154,26
7157,26
7161,26
7163,26
7184,26
7192,26
7193,26
7196,26
7198,26
7199,26
7200,26
7202,26
7203,26
7205,26
7206,26
7209,26
7224,26
7240,26
7243,26
7262,26
7268,26
7271,26
7282,26
7284,26
7285,26
7287,26
7291,26
7304,26
7310,26
7312,26
7327,26
7329,26
7331,26
7336,26
7348,26
7368,26
7379,26
7381,26
7391,26
7404,26
7411,26
7416,26
7421,26
7443,26
7444,26
7446,26
7452,26
7455,26
7473,26
7477,26
7485,26
7509,26
7515,26
7531,26
7545,26
7549,26
7558,26
7560,26
7563,26
7565,26
7582,26
7583,26
7637,26
7638,26
7639,26
7640,26
7643,26
7652,26
7660,26
7671,26
7673,26
7677,26
7679,26
7687,26
7695,26
7696,26
7712,26
7715,26
7717,26
7735,26
7750,26
7752,26
7756,26
7802,26
7805,26
7810,26
7824,26
7832,26
7845,26
7850,26
7853,26
7854,26
7858,26
7861,26
7864,26
7878,26
7880,26
7885,26
7889,26
7900,26
7901,26
7903,26
7913,26
7929,26
7938,26
7947,26
7961,26
7964,26
7967,26
7986,26
8004,26
8005,26
8018,26
8024,26
8026,26
8030,26
8033,26
8034,26
8036,26
8042,26
8043,26
8047,26
8052,26
8053,26
8054,26
8057,26
8068,26
8069,26
8078,26
8081,26
8083,26
8109,26
8112,26
8128,26
8129,26
8142,26
8143,26
8150,26
8161,26
8167,26
8168,26
8172,26
8178,26
8187,26
8196,26
8197,26
8198,26
8204,26
8218,26
8220,26
8229,26
8232,26
8241,26
8260,26
8269,26
8285,26
8286,26
8304,26
8307,26
8308,26
8310,26
8331,26
8333,26
8334,26
8336,26
8346,26
8352,26
8355,26
8357,26
8405,26
8406,26
8414,26
8415,26
8416,26
8417,26
8446,26
8447,26
8449,26
8454,26
8465,26
8468,26
8490,26
8513,26
8516,26
8526,26
8532,26
8541,26
8551,26
8565,26
8570,26
8580,26
8581,26
8585,26
8604,26
8611,26
8614,26
8627,26
8630,26
8635,26
8658,26
8660,26
8667,26
8668,26
8669,26
8671,26
8672,26
8677,26
8687,26
8688,26
8695,26
8698,26
8730,26
8743,26
8758,26
8765,26
8767,26
8768,26
8773,26
8791,26
8793,26
41,27
51,27
98,27
242,27
362,27
381,27
400,27
479,27
514,27
540,27
661,27
764,27
856,27
884,27
887,27
909,27
994,27
1403,27
1409,27
1466,27
1474,27
1623,27
1780,27
1879,27
2043,27
2045,27
2059,27
2128,27
2136,27
2158,27
2191,27
2228,27
2304,27
2347,27
2406,27
2471,27
2527,27
2601,27
2711,27
2881,27
2985,27
3006,27
3016,27
3107,27
3188,27
3237,27
3247,27
3527,27
3552,27
3616,27
3668,27
3675,27
3686,27
3708,27
3852,27
3882,27
3987,27
4024,27
4321,27
4369,27
4410,27
4853,27
4947,27
5070,27
5201,27
5245,27
5246,27
5264,27
5288,27
5348,27
5651,27
5671,27
5940,27
6336,27
6954,27
7141,27
7382,27
7383,27
7552,27
7647,27
7848,27
8084,27
8422,27
8542,27
42,28
132,28
140,28
167,28
178,28
184,28
268,28
306,28
334,28
580,28
602,28
690,28
811,28
820,28
1127,28
1252,28
1255,28
1470,28
1700,28
1818,28
1823,28
2366,28
2367,28
2368,28
2369,28
2370,28
2374,28
2376,28
2377,28
2958,28
4218,28
4419,28
4553,28
4862,28
5397,28
5571,28
6031,28
6032,28
6112,28
6131,28
6249,28
6255,28
6351,28
6359,28
6396,28
6424,28
6432,28
6449,28
6474,28
6486,28
6497,28
6534,28
6571,28
6620,28
6702,28
6747,28
6785,28
6793,28
6854,28
6865,28
6881,28
6894,28
7008,28
7072,28
7073,28
7074,28
7189,28
7220,28
7253,28
7295,28
7306,28
7331,28
7333,28
7368,28
7432,28
7531,28
7576,28
7638,28
7660,28
7709,28
7736,28
7752,28
7791,28
7803,28
7821,28
7828,28
7840,28
7880,28
7895,28
7931,28
7933,28
7955,28
7958,28
7965,28
8104,28
8106,28
8128,28
8206,28
8250,28
8262,28
8291,28
8333,28
8384,28
8402,28
8420,28
8436,28
8437,28
8507,28
8588,28
8636,28
8641,28
8661,28
8718,28
8736,28
8746,28
8749,28
52,29
53,29
54,29
55,29
57,29
58,29
59,29
60,29
61,29
62,29
63,29
64,29
241,29
280,29
429,29
581,29
671,29
672,29
673,29
690,29
739,29
1042,29
1081,29
2066,29
2068,29
2365,29
2399,29
2452,29
2479,29
2714,29
2715,29
2800,29
2804,29
2877,29
2920,29
3020,29
3070,29
3099,29
3171,29
3240,29
3273,29
3281,29
3486,29
3721,29
3729,29
3774,29
4209,29
4224,29
4244,29
4716,29
4770,29
4817,29
4862,29
4983,29
5293,29
5294,29
5477,29
5748,29
5749,29
5750,29
6847,29
6849,29
6851,29
6911,29
7089,29
7090,29
7091,29
7417,29
7465,29
7560,29
8782,29
69,30
89,30
102,30
186,30
231,30
236,30
263,30
291,30
350,30
394,30
420,30
458,30
461,30
474,30
561,30
598,30
642,30
706,30
800,30
802,30
841,30
929,30
944,30
1116,30
1148,30
1281,30
1375,30
1439,30
1445,30
1452,30
1545,30
1562,30
1769,30
1771,30
1793,30
1889,30
1958,30
2076,30
2078,30
2098,30
2129,30
2164,30
2257,30
2263,30
2279,30
2342,30
2371,30
2386,30
2567,30
2571,30
2637,30
2696,30
2738,30
2755,30
2756,30
2759,30
2779,30
2787,30
2797,30
2806,30
2941,30
2950,30
3081,30
3110,30
3245,30
3254,30
3367,30
3423,30
3469,30
3596,30
3622,30
3682,30
3787,30
3803,30
3913,30
3964,30
3988,30
3996,30
4012,30
4052,30
4121,30
4348,30
4446,30
4510,30
4561,30
4577,30
4672,30
4708,30
4844,30
4910,30
4936,30
4960,30
4996,30
5082,30
5103,30
5199,30
5241,30
5308,30
5323,30
5344,30
5360,30
5390,30
5421,30
5427,30
5578,30
5667,30
5689,30
5692,30
5696,30
5747,30
5780,30
5850,30
5932,30
5938,30
5947,30
5951,30
5968,30
5981,30
5986,30
6010,30
6085,30
6146,30
6192,30
6203,30
6232,30
6248,30
6279,30
6286,30
6293,30
6333,30
6352,30
6363,30
6370,30
6376,30
6400,30
6511,30
6526,30
6529,30
6586,30
6762,30
6765,30
6787,30
6788,30
6810,30
6815,30
6829,30
6830,30
6857,30
6883,30
6901,30
6927,30
6934,30
6979,30
6996,30
7006,30
7037,30
7052,30
7092,30
7097,30
7108,30
7112,30
7195,30
7211,30
7273,30
7294,30
7338,30
7342,30
7359,30
7363,30
7415,30
7461,30
7554,30
7700,30
7713,30
7808,30
7819,30
7821,30
7881,30
7882,30
7883,30
7884,30
7908,30
7982,30
8035,30
8045,30
8058,30
8060,30
8067,30
8074,30
8097,30
8120,30
8177,30
8214,30
8225,30
8239,30
8271,30
8297,30
8314,30
8319,30
8356,30
8390,30
8402,30
8403,30
8407,30
8436,30
8451,30
8471,30
8478,30
8479,30
8480,30
8535,30
8555,30
8580,30
8652,30
8658,30
8719,30
8745,30
8755,30
8767,30
77,31
86,31
155,31
220,31
266,31
292,31
332,31
339,31
377,31
401,31
454,31
494,31
591,31
622,31
628,31
632,31
640,31
701,31
738,31
779,31
804,31
836,31
844,31
891,31
966,31
1026,31
1041,31
1045,31
1052,31
1085,31
1092,31
1150,31
1169,31
1187,31
1236,31
1239,31
1258,31
1300,31
1386,31
1433,31
1483,31
1539,31
1540,31
1650,31
1694,31
1724,31
1725,31
1791,31
1909,31
1919,31
1929,31
1984,31
2063,31
2067,31
2079,31
2090,31
2137,31
2176,31
2181,31
2193,31
2254,31
2321,31
2400,31
2427,31
2445,31
2450,31
2463,31
2526,31
2587,31
2599,31
2646,31
2659,31
2699,31
2740,31
2741,31
2775,31
2789,31
2855,31
2946,31
2959,31
2966,31
2967,31
2999,31
3021,31
3056,31
3089,31
3104,31
3138,31
3174,31
3220,31
3272,31
3334,31
3337,31
3340,31
3341,31
3342,31
3356,31
3436,31
3438,31
3458,31
3520,31
3542,31
3563,31
3589,31
3664,31
3665,31
3666,31
3667,31
3697,31
3717,31
3724,31
3725,31
3737,31
3738,31
3742,31
3785,31
3827,31
3871,31
3880,31
3902,31
3959,31
4064,31
4132,31
4145,31
4271,31
4275,31
4280,31
4313,31
4390,31
4470,31
4532,31
4537,31
4629,31
4634,31
4745,31
4839,31
4863,31
4989,31
4992,31
5093,31
5096,31
5097,31
5099,31
5170,31
5175,31
5179,31
5232,31
5237,31
5299,31
5415,31
5564,31
5610,31
5655,31
5673,31
5752,31
5754,31
5808,31
5835,31
5854,31
5864,31
6178,31
6292,31
6427,31
6732,31
6828,31
6902,31
7156,31
7218,31
7377,31
7589,31
7628,31
7879,31
7907,31
8278,31
8781,31
8796,31
88,32
105,32
125,32
523,32
546,32
687,32
1065,32
1149,32
1174,32
1211,32
1385,32
1770,32
1779,32
2123,32
2256,32
2338,32
2350,32
2409,32
2448,32
2453,32
2454,32
2487,32
2518,32
2519,32
2529,32
2607,32
2632,32
2666,32
2762,32
2773,32
2822,32
2889,32
2893,32
2943,32
2960,32
3053,32
3064,32
3072,32
3075,32
3077,32
3084,32
3086,32
3128,32
3129,32
3130,32
3200,32
3205,32
3271,32
3278,32
3289,32
3359,32
3361,32
3405,32
3417,32
3421,32
3427,32
3446,32
3462,32
3463,32
3471,32
3474,32
3475,32
3500,32
3511,32
3607,32
3610,32
3611,32
3612,32
3613,32
3614,32
3615,32
3641,32
3657,32
3674,32
3691,32
3781,32
3853,32
3929,32
3947,32
3957,32
4045,32
4056,32
4128,32
4133,32
4305,32
4327,32
4328,32
4341,32
4536,32
4646,32
4780,32
4849,32
4995,32
5066,32
5110,32
5120,32
5158,32
5434,32
5435,32
5436,32
5437,32
5439,32
5440,32
5459,32
5510,32
5511,32
5514,32
5538,32
5581,32
5586,32
5593,32
5599,32
5602,32
5604,32
5609,32
5654,32
5666,32
5668,32
5669,32
5670,32
5672,32
5674,32
5676,32
5987,32
6045,32
6080,32
6264,32
6402,32
6414,32
6458,32
6771,32
6966,32
7034,32
7102,32
7269,32
7349,32
7481,32
7676,32
7761,32
7969,32
8095,32
8108,32
8118,32
8126,32
8258,32
8348,32
8380,32
8576,32
8601,32
8685,32
8804,32
103,33
441,33
537,33
711,33
762,33
968,33
1069,33
1124,33
1206,33
1303,33
1395,33
1456,33
1575,33
1991,33
2114,33
2157,33
2169,33
2238,33
2247,33
2353,33
2407,33
2575,33
2628,33
2652,33
2817,33
2984,33
3001,33
3050,33
3328,33
3455,33
3506,33
3528,33
3541,33
3579,33
3705,33
3932,33
3939,33
4401,33
4489,33
4628,33
4649,33
4703,33
4704,33
5001,33
5113,33
5281,33
5804,33
5824,33
5845,33
5846,33
5872,33
6027,33
6162,33
6342,33
6369,33
6452,33
6488,33
6614,33
6636,33
6660,33
6661,33
6774,33
6786,33
6896,33
7070,33
7101,33
7210,33
7301,33
7302,33
7410,33
7486,33
7569,33
7570,33
7572,33
7573,33
7574,33
7575,33
7667,33
7748,33
8130,33
8208,33
8209,33
8263,33
8317,33
8354,33
8412,33
8472,33
8546,33
8605,33
8713,33
8741,33
8742,33
109,34
155,34
219,34
278,34
337,34
371,34
383,34
460,34
478,34
628,34
668,34
804,34
1068,34
1278,34
1356,34
1357,34
1362,34
1364,34
1574,34
1580,34
1640,34
1751,34
1838,34
1852,34
1909,34
1990,34
2074,34
2100,34
2174,34
2176,34
2363,34
2644,34
2711,34
2791,34
3043,34
3048,34
3056,34
3104,34
3185,34
3259,34
3272,34
3292,34
3334,34
3337,34
3340,34
3368,34
3369,34
3431,34
3665,34
3723,34
3785,34
3841,34
3888,34
4064,34
4258,34
4321,34
4499,34
4637,34
5037,34
5170,34
5209,34
5382,34
5576,34
5656,34
5708,34
6886,34
7448,34
7893,34
8545,34
132,35
145,35
146,35
156,35
162,35
304,35
334,35
352,35
455,35
556,35
780,35
797,35
811,35
1056,35
1257,35
1863,35
2546,35
3648,35
4525,35
4553,35
4966,35
4967,35
5019,35
5491,35
5546,35
5862,35
6032,35
6050,35
6148,35
6267,35
6416,35
6424,35
6451,35
6469,35
6502,35
6706,35
6744,35
6754,35
6928,35
6929,35
6958,35
7122,35
7204,35
7211,35
7240,35
7285,35
7331,35
7368,35
7371,35
7528,35
7668,35
7709,35
7803,35
7845,35
7945,35
7961,35
8073,35
8106,35
8127,35
8238,35
8260,35
8261,35
8291,35
8304,35
8333,35
8435,35
8528,35
8599,35
8615,35
8622,35
8803,35
149,36
298,36
727,36
772,36
1332,36
1722,36
2878,36
3894,36
4251,36
5078,36
5157,36
6025,36
6348,36
6470,36
7744,36
8174,36
172,37
577,37
775,37
835,37
1108,37
1157,37
1352,37
1367,37
1475,37
2093,37
2120,37
2381,37
2623,37
2888,37
2952,37
3165,37
3414,37
3557,37
4161,37
4162,37
4766,37
4929,37
4938,37
5059,37
5133,37
5954,37
6011,37
6158,37
6313,37
6439,37
6477,37
6540,37
6638,37
6711,37
6776,37
6803,37
6859,37
6862,37
6863,37
6987,37
6988,37
7050,37
7128,37
7282,37
7305,37
7413,37
7534,37
7579,37
7653,37
7755,37
7929,37
7941,37
8060,37
8240,37
8248,37
8327,37
8328,37
8329,37
8330,37
8340,37
8347,37
8382,37
8401,37
8563,37
8640,37
174,38
236,38
263,38
318,38
442,38
551,38
776,38
778,38
801,38
816,38
861,38
1051,38
1291,38
1313,38
1387,38
1413,38
1471,38
1501,38
1535,38
1561,38
1564,38
1568,38
1645,38
1714,38
1732,38
1799,38
1888,38
1905,38
1932,38
1933,38
2095,38
2110,38
2184,38
2258,38
2356,38
2582,38
2592,38
2605,38
2653,38
2843,38
3291,38
3297,38
3604,38
3764,38
3801,38
3860,38
4006,38
4094,38
4415,38
4463,38
4514,38
4795,38
4818,38
5234,38
5418,38
5457,38
5479,38
5535,38
5884,38
6009,38
6016,38
6161,38
6275,38
6315,38
6375,38
6423,38
6527,38
6552,38
6556,38
6649,38
6709,38
6784,38
6834,38
6900,38
6948,38
6984,38
7031,38
7032,38
7129,38
7182,38
7270,38
7297,38
7300,38
7357,38
7457,38
7508,38
7727,38
7736,38
7759,38
7797,38
7946,38
8100,38
8105,38
8135,38
8158,38
8296,38
8448,38
8599,38
8735,38
8778,38
8779,38
8780,38
279,39
360,39
476,39
485,39
767,39
827,39
839,39
1173,39
1190,39
1192,39
1199,39
1250,39
1279,39
1316,39
1337,39
1419,39
1451,39
1472,39
1503,39
1513,39
1543,39
1605,39
1608,39
1646,39
1687,39
1743,39
1936,39
1993,39
2001,39
2015,39
2051,39
2144,39
2170,39
2183,39
2222,39
2243,39
2262,39
2303,39
2322,39
2346,39
2398,39
2459,39
2469,39
2562,39
2572,39
2645,39
2680,39
2687,39
2703,39
2720,39
2754,39
2783,39
2807,39
2830,39
2850,39
2854,39
2870,39
2887,39
2953,39
2979,39
2988,39
2997,39
3004,39
3028,39
3062,39
3124,39
3158,39
3161,39
3187,39
3229,39
3241,39
3257,39
3261,39
3286,39
3290,39
3306,39
3355,39
3363,39
3389,39
3420,39
3425,39
3442,39
3472,39
3479,39
3496,39
3513,39
3529,39
3560,39
3575,39
3592,39
3600,39
3618,39
3620,39
3621,39
3623,39
3636,39
3646,39
3647,39
3680,39
3694,39
3712,39
3716,39
3734,39
3759,39
3777,39
3806,39
3816,39
3878,39
3907,39
3925,39
3930,39
3948,39
3953,39
3975,39
4000,39
4005,39
4008,39
4009,39
4010,39
4011,39
4026,39
4081,39
4084,39
4093,39
4116,39
4129,39
4154,39
4194,39
4223,39
4229,39
4230,39
4232,39
4233,39
4234,39
4235,39
4236,39
4238,39
4239,39
4240,39
4245,39
4246,39
4247,39
4248,39
4249,39
4250,39
4315,39
4326,39
4378,39
4413,39
4436,39
4448,39
4451,39
4461,39
4483,39
4506,39
4526,39
4542,39
4632,39
4684,39
4685,39
4700,39
4750,39
4757,39
4775,39
4782,39
4786,39
4787,39
4788,39
4789,39
4792,39
4804,39
4809,39
4815,39
4824,39
4836,39
4850,39
4852,39
4855,39
4859,39
4864,39
4867,39
4871,39
4877,39
4891,39
4916,39
4920,39
4933,39
4939,39
4941,39
4945,39
4951,39
4963,39
4982,39
4990,39
4999,39
5002,39
5003,39
5006,39
5025,39
5035,39
5040,39
5046,39
5050,39
5057,39
5061,39
5062,39
5063,39
5067,39
5068,39
5072,39
5077,39
5079,39
5087,39
5088,39
5109,39
5118,39
5128,39
5135,39
5162,39
5172,39
5177,39
5197,39
5205,39
5214,39
5225,39
5231,39
5235,39
5262,39
5269,39
5277,39
5280,39
5282,39
5284,39
5316,39
5320,39
5326,39
5327,39
5343,39
5358,39
5370,39
5372,39
5379,39
5380,39
5395,39
5417,39
5425,39
5431,39
5433,39
5469,39
5476,39
5481,39
5493,39
5496,39
5498,39
5519,39
5526,39
5536,39
5554,39
5558,39
5560,39
5577,39
5583,39
5587,39
5595,39
5608,39
5612,39
5615,39
5623,39
5628,39
5629,39
5632,39
5640,39
5647,39
5658,39
5661,39
5679,39
5690,39
5705,39
5709,39
5712,39
5713,39
5714,39
5718,39
5722,39
5725,39
5746,39
5759,39
5785,39
5787,39
5788,39
5789,39
5790,39
5791,39
5792,39
5794,39
5799,39
5809,39
5816,39
5817,39
5818,39
5819,39
5820,39
5821,39
5836,39
5840,39
5843,39
5848,39
5851,39
5860,39
5869,39
5873,39
5876,39
5879,39
5885,39
5891,39
5895,39
5900,39
5902,39
5905,39
5906,39
5912,39
5914,39
5916,39
5918,39
5920,39
5922,39
5925,39
5928,39
5929,39
5939,39
6055,39
6311,39
6472,39
6594,39
6666,39
7057,39
7173,39
7179,39
7180,39
7181,39
7412,39
7561,39
7910,39
309,40
471,40
730,40
731,40
733,40
760,40
761,40
2910,40
2961,40
2965,40
3315,40
3347,40
4139,40
4279,40
4345,40
4491,40
4492,40
4498,40
4746,40
4893,40
4894,40
4895,40
4896,40
4897,40
4898,40
5017,40
5018,40
5020,40
5024,40
5485,40
5542,40
5660,40
5735,40
5776,40
5795,40
5814,40
5877,40
5921,40
5990,40
6462,40
6464,40
6812,40
6813,40
7117,40
7277,40
7278,40
7406,40
7619,40
7723,40
7775,40
7777,40
7779,40
7782,40
8006,40
8007,40
8008,40
8760,40
389,41
401,41
512,41
745,41
1033,41
1174,41
1353,41
1531,41
1814,41
2069,41
2397,41
2508,41
2516,41
2676,41
2766,41
3087,41
3221,41
3233,41
3364,41
3654,41
3795,41
4185,41
4221,41
4261,41
4285,41
4363,41
4486,41
4640,41
4648,41
4675,41
4772,41
4847,41
4866,41
4875,41
4901,41
4927,41
4969,41
4977,41
5101,41
5121,41
5201,41
5373,41
5460,41
5563,41
6080,41
6520,41
6612,41
6826,41
7102,41
7121,41
7454,41
7541,41
7813,41
7814,41
7909,41
8438,41
391,42
435,42
1247,42
1481,42
1623,42
2081,42
2347,42
2424,42
2520,42
4552,42
4965,42
5091,42
5245,42
5364,42
5691,42
6457,42
6550,42
6675,42
6796,42
6807,42
6942,42
7126,42
7258,42
7722,42
8190,42
8542,42
8600,42
8645,42
