show_id,type,title,date_added,release_year,rating,duration
1,Movie,Dick Johnson Is Dead,"September 25, 2021",2020,PG-13,90 min
2,TV Show,Blood & Water,"September 24, 2021",2021,TV-MA,2 Seasons
3,TV Show,Ganglands,"September 24, 2021",2021,TV-MA,1 Season
4,TV Show,Jailbirds New Orleans,"September 24, 2021",2021,TV-MA,1 Season
5,TV Show,Kota Factory,"September 24, 2021",2021,TV-MA,2 Seasons
6,TV Show,Midnight Mass,"September 24, 2021",2021,TV-MA,1 Season
7,Movie,My Little Pony: A New Generation,"September 24, 2021",2021,PG,91 min
8,Movie,Sankofa,"September 24, 2021",1993,TV-MA,125 min
9,TV Show,The Great British Baking Show,"September 24, 2021",2021,TV-14,9 Seasons
10,Movie,The Starling,"September 24, 2021",2021,PG-13,104 min
11,TV Show,"Vendetta: Truth, Lies and The Mafia","September 24, 2021",2021,TV-MA,1 Season
12,TV Show,Bangkok Breaking,"September 23, 2021",2021,TV-MA,1 Season
13,Movie,Je Suis Karl,"September 23, 2021",2021,TV-MA,127 min
14,Movie,Confessions of an Invisible Girl,"September 22, 2021",2021,TV-PG,91 min
15,TV Show,Crime Stories: India Detectives,"September 22, 2021",2021,TV-MA,1 Season
16,TV Show,Dear White People,"September 22, 2021",2021,TV-MA,4 Seasons
17,Movie,Europe's Most Dangerous Man: Otto Skorzeny in Spain,"September 22, 2021",2020,TV-MA,67 min
18,TV Show,Falsa identidad,"September 22, 2021",2020,TV-MA,2 Seasons
19,Movie,Intrusion,"September 22, 2021",2021,TV-14,94 min
20,TV Show,Jaguar,"September 22, 2021",2021,TV-MA,1 Season
21,TV Show,Monsters Inside: The 24 Faces of Billy Milligan,"September 22, 2021",2021,TV-14,1 Season
22,TV Show,Resurrection: Ertugrul,"September 22, 2021",2018,TV-14,5 Seasons
23,Movie,Avvai Shanmughi,"September 21, 2021",1996,TV-PG,161 min
24,Movie,Go! Go! Cory Carson: Chrissy Takes the Wheel,"September 21, 2021",2021,TV-Y,61 min
25,Movie,Jeans,"September 21, 2021",1998,TV-14,166 min
26,TV Show,Love on the Spectrum,"September 21, 2021",2021,TV-14,2 Seasons
27,Movie,Minsara Kanavu,"September 21, 2021",1997,TV-PG,147 min
28,Movie,Grown Ups,"September 20, 2021",2010,PG-13,103 min
29,Movie,Dark Skies,"September 19, 2021",2013,PG-13,97 min
30,Movie,Paranoia,"September 19, 2021",2013,PG-13,106 min
31,Movie,Ankahi Kahaniya,"September 17, 2021",2021,TV-14,111 min
32,TV Show,Chicago Party Aunt,"September 17, 2021",2021,TV-MA,1 Season
33,TV Show,Sex Education,"September 17, 2021",2020,TV-MA,3 Seasons
34,TV Show,Squid Game,"September 17, 2021",2021,TV-MA,1 Season
35,TV Show,Tayo and Little Wizards,"September 17, 2021",2020,TV-Y7,1 Season
36,Movie,The Father Who Moves Mountains,"September 17, 2021",2021,TV-MA,110 min
37,Movie,The Stronghold,"September 17, 2021",2021,TV-MA,105 min
38,TV Show,Angry Birds,"September 16, 2021",2018,TV-Y7,1 Season
39,Movie,Birth of the Dragon,"September 16, 2021",2017,PG-13,96 min
40,TV Show,Chhota Bheem,"September 16, 2021",2021,TV-Y7,3 Seasons
41,TV Show,He-Man and the Masters of the Universe,"September 16, 2021",2021,TV-Y7,1 Season
42,Movie,Jaws,"September 16, 2021",1975,PG,124 min
43,Movie,Jaws 2,"September 16, 2021",1978,PG,116 min
44,Movie,Jaws 3,"September 16, 2021",1983,PG,98 min
45,Movie,Jaws: The Revenge,"September 16, 2021",1987,PG-13,91 min
46,Movie,My Heroes Were Cowboys,"September 16, 2021",2021,PG,23 min
47,Movie,Safe House,"September 16, 2021",2012,R,115 min
48,TV Show,The Smart Money Woman,"September 16, 2021",2020,TV-MA,1 Season
49,Movie,Training Day,"September 16, 2021",2001,R,122 min
50,TV Show,Castle and Castle,"September 15, 2021",2021,TV-MA,2 Seasons
51,TV Show,Dharmakshetra,"September 15, 2021",2014,TV-PG,1 Season
52,Movie,InuYasha the Movie 2: The Castle Beyond the Looking Glass,"September 15, 2021",2002,TV-14,99 min
53,Movie,InuYasha the Movie 3: Swords of an Honorable Ruler,"September 15, 2021",2003,TV-14,99 min
54,Movie,InuYasha the Movie 4: Fire on the Mystic Island,"September 15, 2021",2004,TV-PG,88 min
55,Movie,InuYasha the Movie: Affections Touching Across Time,"September 15, 2021",2001,TV-PG,100 min
56,TV Show,Nailed It,"September 15, 2021",2021,TV-PG,6 Seasons
57,Movie,Naruto Shippuden the Movie: Blood Prison,"September 15, 2021",2011,TV-14,102 min
58,Movie,Naruto Shippûden the Movie: Bonds,"September 15, 2021",2008,TV-PG,93 min
59,Movie,Naruto Shippûden the Movie: The Will of Fire,"September 15, 2021",2009,TV-PG,96 min
60,Movie,Naruto Shippuden: The Movie,"September 15, 2021",2007,TV-PG,95 min
61,Movie,Naruto Shippuden: The Movie: The Lost Tower,"September 15, 2021",2010,TV-14,85 min
62,Movie,Naruto the Movie 2: Legend of the Stone of Gelel,"September 15, 2021",2005,TV-PG,97 min
63,Movie,Naruto the Movie 3: Guardians of the Crescent Moon Kingdom,"September 15, 2021",2006,TV-PG,95 min
64,Movie,Naruto the Movie: Ninja Clash in the Land of Snow,"September 15, 2021",2004,TV-PG,83 min
65,Movie,Nightbooks,"September 15, 2021",2021,TV-PG,103 min
66,TV Show,Numberblocks,"September 15, 2021",2021,TV-Y,6 Seasons
67,TV Show,Raja Rasoi Aur Anya Kahaniyan,"September 15, 2021",2014,TV-G,1 Season
68,TV Show,Saved by the Bell,"September 15, 2021",1994,TV-PG,9 Seasons
69,Movie,Schumacher,"September 15, 2021",2021,TV-14,113 min
70,TV Show,Stories by Rabindranath Tagore,"September 15, 2021",2015,TV-PG,1 Season
71,TV Show,Too Hot To Handle: Latino,"September 15, 2021",2021,TV-MA,1 Season
72,Movie,A StoryBots Space Adventure,"September 14, 2021",2021,TV-Y,13 min
73,TV Show,Jack Whitehall: Travels with My Father,"September 14, 2021",2021,TV-MA,5 Seasons
74,Movie,King of Boys,"September 14, 2021",2018,TV-MA,182 min
75,TV Show,The World's Most Amazing Vacation Rentals,"September 14, 2021",2021,TV-PG,2 Seasons
76,Movie,You vs. Wild: Out Cold,"September 14, 2021",2021,TV-G,106 min
77,TV Show,Yowamushi Pedal,"September 14, 2021",2013,TV-14,1 Season
78,Movie,Little Singham - Black Shadow,"September 11, 2021",2021,TV-Y7,48 min
79,Movie,Tughlaq Durbar,"September 11, 2021",2020,TV-14,145 min
80,Movie,Tughlaq Durbar (Telugu),"September 11, 2021",2021,TV-14,145 min
81,Movie,Firedrake the Silver Dragon,"September 10, 2021",2021,TV-Y7,93 min
82,Movie,Kate,"September 10, 2021",2021,R,106 min
83,TV Show,Lucifer,"September 10, 2021",2021,TV-14,6 Seasons
84,TV Show,Metal Shop Masters,"September 10, 2021",2021,TV-MA,1 Season
85,Movie,Omo Ghetto: the Saga,"September 10, 2021",2020,TV-MA,147 min
86,TV Show,Pokémon Master Journeys: The Series,"September 10, 2021",2021,TV-Y7,1 Season
87,Movie,Prey,"September 10, 2021",2021,TV-MA,87 min
88,TV Show,Titipo Titipo,"September 10, 2021",2019,TV-Y,2 Seasons
89,Movie,Blood Brothers: Malcolm X & Muhammad Ali,"September 9, 2021",2021,PG-13,96 min
90,TV Show,Mighty Raju,"September 9, 2021",2017,TV-Y7,4 Seasons
91,Movie,Paradise Hills,"September 9, 2021",2019,TV-MA,95 min
92,Movie,The Women and the Murderer,"September 9, 2021",2021,TV-14,92 min
93,TV Show,Into the Night,"September 8, 2021",2021,TV-MA,2 Seasons
94,Movie,JJ+E,"September 8, 2021",2021,TV-MA,91 min
95,Movie,Show Dogs,"September 8, 2021",2018,PG,90 min
96,TV Show,The Circle,"September 8, 2021",2021,TV-MA,3 Seasons
97,Movie,If I Leave Here Tomorrow: A Film About Lynyrd Skynyrd,"September 7, 2021",2018,TV-MA,97 min
98,TV Show,Kid Cosmic,"September 7, 2021",2021,TV-Y7,2 Seasons
99,TV Show,Octonauts: Above & Beyond,"September 7, 2021",2021,TV-Y,1 Season
100,TV Show,On the Verge,"September 7, 2021",2021,TV-MA,1 Season
101,TV Show,Tobot Galaxy Detectives,"September 7, 2021",2019,TV-Y7,2 Seasons
102,Movie,Untold: Breaking Point,"September 7, 2021",2021,TV-MA,80 min
103,TV Show,Countdown: Inspiration4 Mission to Space,"September 6, 2021",2021,TV-14,1 Season
104,Movie,Shadow Parties,"September 6, 2021",2020,TV-MA,117 min
105,TV Show,Tayo the Little Bus,"September 6, 2021",2016,TV-Y,2 Seasons
106,Movie,Angamaly Diaries,"September 5, 2021",2017,TV-14,128 min
107,TV Show,Bunk'd,"September 5, 2021",2021,TV-G,5 Seasons
108,Movie,A Champion Heart,"September 4, 2021",2018,G,90 min
109,TV Show,Dive Club,"September 3, 2021",2021,TV-G,1 Season
110,TV Show,La casa de papel,"September 3, 2021",2021,TV-MA,5 Seasons
111,TV Show,Money Heist: From Tokyo to Berlin,"September 3, 2021",2021,TV-MA,1 Season
112,TV Show,Sharkdog,"September 3, 2021",2021,TV-Y,1 Season
113,Movie,Worth,"September 3, 2021",2021,PG-13,119 min
114,Movie,Afterlife of the Party,"September 2, 2021",2021,TV-PG,110 min
115,Movie,Anjaam,"September 2, 2021",1994,TV-14,143 min
116,Movie,Bright Star,"September 2, 2021",2009,PG,119 min
117,Movie,Dhanak,"September 2, 2021",2015,TV-PG,114 min
118,Movie,Final Account,"September 2, 2021",2021,PG-13,94 min
119,Movie,Gurgaon,"September 2, 2021",2017,TV-14,106 min
120,Movie,Here and There,"September 2, 2021",2020,TV-MA,99 min
121,TV Show,Heroes of Goo Jit Zu,"September 2, 2021",2021,TV-Y7,1 Season
122,TV Show,Hotel Del Luna,"September 2, 2021",2019,TV-14,1 Season
123,Movie,In the Cut,"September 2, 2021",2003,R,118 min
124,TV Show,Luv Kushh,"September 2, 2021",2012,TV-Y7,1 Season
125,TV Show,Pororo - The Little Penguin,"September 2, 2021",2013,TV-Y7,3 Seasons
126,TV Show,Q-Force,"September 2, 2021",2021,TV-MA,1 Season
127,Movie,Shikara,"September 2, 2021",2020,TV-14,115 min
128,Movie,A Cinderella Story,"September 1, 2021",2004,PG,95 min
129,Movie,Agatha Christie's Crooked House,"September 1, 2021",2017,PG-13,115 min
130,Movie,An Unfinished Life,"September 1, 2021",2005,PG-13,108 min
131,Movie,Barbie Big City Big Dreams,"September 1, 2021",2021,TV-Y,63 min
132,Movie,Blade Runner: The Final Cut,"September 1, 2021",1982,R,117 min
133,TV Show,Brave Animated Series,"September 1, 2021",2021,TV-MA,1 Season
134,Movie,Chappie,"September 1, 2021",2015,R,121 min
135,Movie,Clear and Present Danger,"September 1, 2021",1994,PG-13,142 min
136,Movie,Cliffhanger,"September 1, 2021",1993,R,113 min
137,Movie,Cold Mountain,"September 1, 2021",2003,R,154 min
138,Movie,Crocodile Dundee in Los Angeles,"September 1, 2021",2001,PG,95 min
139,Movie,Dear John,"September 1, 2021",2010,PG-13,108 min
140,Movie,Do the Right Thing,"September 1, 2021",1989,R,120 min
141,Movie,"El patrón, radiografía de un crimen","September 1, 2021",2014,TV-MA,100 min
142,Movie,Extraction,"September 1, 2021",2015,R,82 min
143,Movie,Freedom Writers,"September 1, 2021",2007,PG-13,124 min
144,Movie,Green Lantern,"September 1, 2021",2011,PG-13,114 min
145,Movie,House Party,"September 1, 2021",1990,R,104 min
146,Movie,House Party 2,"September 1, 2021",1991,R,94 min
147,Movie,House Party 3,"September 1, 2021",1994,R,94 min
148,TV Show,How to Be a Cowboy,"September 1, 2021",2021,TV-PG,1 Season
149,TV Show,HQ Barbers,"September 1, 2021",2020,TV-14,1 Season
150,Movie,I Got the Hook Up,"September 1, 2021",1998,R,93 min
151,Movie,In Too Deep,"September 1, 2021",1999,R,97 min
152,Movie,Initial D,"September 1, 2021",2005,TV-14,109 min
153,Movie,Janoskians: Untold and Untrue,"September 1, 2021",2016,TV-MA,88 min
154,TV Show,Kid-E-Cats,"September 1, 2021",2016,TV-Y,2 Seasons
155,TV Show,Kuroko's Basketball,"September 1, 2021",2015,TV-MA,3 Seasons
156,Movie,Labyrinth,"September 1, 2021",1986,PG,101 min
157,Movie,Letters to Juliet,"September 1, 2021",2010,PG,105 min
158,Movie,Level 16,"September 1, 2021",2018,TV-14,102 min
159,Movie,Love Don't Cost a Thing,"September 1, 2021",2003,PG-13,101 min
160,Movie,Love in a Puff,"September 1, 2021",2010,TV-MA,103 min
161,TV Show,Major Dad,"September 1, 2021",1992,TV-PG,4 Seasons
162,Movie,Mars Attacks!,"September 1, 2021",1996,PG-13,106 min
163,Movie,Marshall,"September 1, 2021",2017,PG-13,118 min
164,Movie,My Boss's Daughter,"September 1, 2021",2003,R,86 min
165,Movie,Mystery Men,"September 1, 2021",1999,PG-13,121 min
166,TV Show,Oldsters,"September 1, 2021",2019,TV-MA,1 Season
167,Movie,Once Upon a Time in America,"September 1, 2021",1984,R,229 min
168,Movie,Open Season 2,"September 1, 2021",2008,PG,76 min
169,Movie,Osmosis Jones,"September 1, 2021",2001,PG,95 min
170,Movie,Poseidon,"September 1, 2021",2006,PG-13,98 min
171,Movie,Rhyme & Reason,"September 1, 2021",1997,R,89 min
172,Movie,Same Kind of Different as Me,"September 1, 2021",2017,PG-13,120 min
173,Movie,School of Rock,"September 1, 2021",2003,PG-13,110 min
174,Movie,Snervous Tyler Oakley,"September 1, 2021",2015,PG-13,83 min
175,Movie,Tears of the Sun,"September 1, 2021",2003,R,121 min
176,Movie,The Blue Lagoon,"September 1, 2021",1980,R,105 min
177,Movie,The Golden Child,"September 1, 2021",1986,PG-13,94 min
178,Movie,The Guns of Navarone,"September 1, 2021",1961,TV-14,156 min
179,Movie,The Interview,"September 1, 2021",2014,R,112 min
180,Movie,The Nutty Professor,"September 1, 2021",1996,PG-13,95 min
181,Movie,The Nutty Professor II: The Klumps,"September 1, 2021",2000,PG-13,107 min
182,TV Show,Turning Point: 9/11 and the War on Terror,"September 1, 2021",2021,TV-14,1 Season
183,Movie,Welcome Home Roscoe Jenkins,"September 1, 2021",2008,PG-13,114 min
184,Movie,In the Line of Fire,"August 31, 2021",1993,R,129 min
185,TV Show,Sparking Joy,"August 31, 2021",2021,TV-PG,1 Season
186,Movie,Untold: Crime & Penalties,"August 31, 2021",2021,TV-MA,86 min
187,TV Show,Hometown Cha-Cha-Cha,"August 29, 2021",2021,TV-14,1 Season
188,TV Show,The Ingenuity of the Househusband,"August 29, 2021",2021,TV-G,1 Season
189,Movie,2 Alone in Paris,"August 28, 2021",2008,TV-MA,97 min
190,TV Show,Bread Barbershop,"August 28, 2021",2020,TV-Y,2 Seasons
191,Movie,Thimmarusu,"August 28, 2021",2021,TV-14,125 min
192,Movie,Wind River,"August 28, 2021",2017,R,107 min
193,Movie,C Kkompany,"August 27, 2021",2008,TV-14,127 min
194,TV Show,D.P.,"August 27, 2021",2021,TV-MA,1 Season
195,TV Show,Deadly Sins,"August 27, 2021",2002,TV-MA,1 Season
196,Movie,EMI: Liya Hai To Chukana Padega,"August 27, 2021",2008,TV-14,128 min
197,Movie,He's All That,"August 27, 2021",2021,TV-14,92 min
198,TV Show,I Heart Arlo,"August 27, 2021",2021,TV-Y7,1 Season
199,TV Show,King of Boys: The Return of the King,"August 27, 2021",2021,TV-MA,1 Season
200,Movie,Koi Aap Sa,"August 27, 2021",2006,TV-14,135 min
201,Movie,Krishna Cottage,"August 27, 2021",2004,TV-14,124 min
202,Movie,Kucch To Hai,"August 27, 2021",2003,TV-14,136 min
203,Movie,Kyaa Kool Hai Hum,"August 27, 2021",2005,TV-MA,165 min
204,Movie,Kyaa Kool Hain Hum 3,"August 27, 2021",2016,TV-MA,124 min
205,Movie,Kyaa Super Kool Hain Hum,"August 27, 2021",2012,TV-MA,136 min
206,Movie,Kyo Kii... Main Jhuth Nahin Bolta,"August 27, 2021",2001,TV-14,150 min
207,Movie,"LSD: Love, Sex Aur Dhokha","August 27, 2021",2010,TV-MA,112 min
208,Movie,Mission Istaanbul: Darr Ke Aagey Jeet Hai,"August 27, 2021",2008,TV-14,119 min
209,Movie,Once Upon a Time in Mumbaai,"August 27, 2021",2010,TV-14,133 min
210,Movie,Once Upon a Time in Mumbai Dobaara!,"August 27, 2021",2013,TV-14,142 min
211,Movie,Ragini MMS,"August 27, 2021",2011,TV-MA,93 min
212,Movie,Ragini MMS 2,"August 27, 2021",2014,TV-MA,113 min
213,TV Show,Rebellion,"August 27, 2021",2016,TV-MA,2 Seasons
214,TV Show,RIDE ON TIME,"August 27, 2021",2021,TV-PG,3 Seasons
215,Movie,SAS: Rise of the Black Swan,"August 27, 2021",2021,R,124 min
216,Movie,Shootout at Lokhandwala,"August 27, 2021",2007,TV-MA,116 min
217,Movie,Shor In the City,"August 27, 2021",2011,TV-14,106 min
218,Movie,The Dirty Picture,"August 27, 2021",2011,TV-14,145 min
219,TV Show,Titletown High,"August 27, 2021",2021,TV-14,1 Season
220,TV Show,EDENS ZERO,"August 26, 2021",2021,TV-14,1 Season
221,TV Show,Family Reunion,"August 26, 2021",2021,TV-PG,4 Seasons
222,Movie,"Bob Ross: Happy Accidents, Betrayal & Greed","August 25, 2021",2021,TV-14,93 min
223,TV Show,Clickbait,"August 25, 2021",2021,TV-MA,1 Season
224,TV Show,John of God: The Crimes of a Spiritual Healer,"August 25, 2021",2021,TV-MA,1 Season
225,TV Show,Motel Makeover,"August 25, 2021",2021,TV-14,1 Season
226,TV Show,Open Your Eyes,"August 25, 2021",2021,TV-MA,1 Season
227,TV Show,Post Mortem: No One Dies in Skarnes,"August 25, 2021",2021,TV-MA,1 Season
228,Movie,Really Love,"August 25, 2021",2020,TV-MA,95 min
229,Movie,The November Man,"August 25, 2021",2014,R,108 min
230,Movie,The Old Ways,"August 25, 2021",2020,TV-MA,90 min
231,Movie,The River Runner,"August 25, 2021",2021,TV-MA,86 min
232,Movie,The Water Man,"August 25, 2021",2021,PG,92 min
233,TV Show,Wheel of Fortune,"August 25, 2021",2019,TV-G,3 Seasons
234,Movie,Count Me In,"August 24, 2021",2021,TV-MA,82 min
235,TV Show,Oggy Oggy,"August 24, 2021",2021,TV-Y,1 Season
236,Movie,Untold: Caitlyn Jenner,"August 24, 2021",2021,TV-PG,70 min
237,Movie,Boomika,"August 23, 2021",2021,TV-14,122 min
238,Movie,Boomika (Hindi),"August 23, 2021",2021,TV-14,122 min
239,Movie,Boomika (Malayalam),"August 23, 2021",2021,TV-14,122 min
240,Movie,Boomika (Telugu),"August 23, 2021",2021,TV-14,122 min
241,Movie,The Witcher: Nightmare of the Wolf,"August 23, 2021",2021,TV-MA,84 min
242,TV Show,Manifest,"August 21, 2021",2021,TV-14,3 Seasons
243,TV Show,Comedy Premium League,"August 20, 2021",2021,TV-MA,1 Season
244,TV Show,Everything Will Be Fine,"August 20, 2021",2021,TV-MA,1 Season
245,Movie,Gunshot,"August 20, 2021",2018,TV-14,96 min
246,TV Show,Korean Cold Noodle Rhapsody,"August 20, 2021",2021,TV-PG,1 Season
247,Movie,Man in Love,"August 20, 2021",2021,TV-MA,115 min
248,Movie,Sweet Girl,"August 20, 2021",2021,R,110 min
249,TV Show,The Chair,"August 20, 2021",2021,TV-MA,1 Season
250,Movie,The Loud House Movie,"August 20, 2021",2021,TV-Y7,88 min
251,Movie,A Faraway Land,"August 19, 2021",2020,TV-PG,102 min
252,Movie,Like Crazy,"August 19, 2021",2011,PG-13,91 min
253,Movie,Black Island,"August 18, 2021",2021,TV-MA,105 min
254,Movie,Bombay,"August 18, 2021",1995,TV-14,135 min
255,TV Show,Go! Go! Cory Carson,"August 18, 2021",2021,TV-Y,5 Seasons
256,Movie,Memories of a Murderer: The Nilsen Tapes,"August 18, 2021",2021,TV-MA,86 min
257,Movie,Nneka The Pretty Serpent,"August 18, 2021",2020,TV-14,140 min
258,Movie,O Kadhal Kanmani,"August 18, 2021",2015,TV-14,133 min
259,Movie,Out of my league,"August 18, 2021",2020,TV-MA,92 min
260,Movie,Pahuna,"August 18, 2021",2018,TV-PG,82 min
261,TV Show,The Defeated,"August 18, 2021",2020,TV-MA,1 Season
262,Movie,The Secret Diary of an Exchange Student,"August 18, 2021",2021,TV-14,97 min
263,Movie,Untold: Deal With the Devil,"August 18, 2021",2021,TV-MA,78 min
264,TV Show,Mother Goose Club,"August 16, 2021",2016,TV-Y,2 Seasons
265,Movie,Walk of Shame,"August 16, 2021",2014,R,94 min
266,TV Show,Rascal Does Not Dream of Bunny Girl Senpai,"August 15, 2021",2018,TV-14,1 Season
267,TV Show,The Creative Indians,"August 15, 2021",2020,TV-MA,1 Season
268,Movie,The Piano,"August 15, 2021",1993,R,121 min
269,Movie,Unroyal,"August 15, 2021",2020,TV-MA,97 min
270,TV Show,Winx Club,"August 15, 2021",2015,TV-Y7,2 Seasons
271,Movie,Beckett,"August 13, 2021",2021,TV-MA,110 min
272,TV Show,Brand New Cherry Flavor,"August 13, 2021",2021,TV-MA,1 Season
273,TV Show,Fast & Furious Spy Racers,"August 13, 2021",2021,TV-Y7,5 Seasons
274,TV Show,Gone for Good,"August 13, 2021",2021,TV-MA,1 Season
275,TV Show,Grace and Frankie,"August 13, 2021",2021,TV-MA,7 Seasons
276,TV Show,The Kingdom,"August 13, 2021",2021,TV-MA,1 Season
277,TV Show,Valeria,"August 13, 2021",2021,TV-MA,2 Seasons
278,TV Show,AlRawabi School for Girls,"August 12, 2021",2021,TV-14,1 Season
279,Movie,Lokillo: Nothing's the Same,"August 12, 2021",2021,TV-MA,64 min
280,Movie,Monster Hunter: Legends of the Guild,"August 12, 2021",2021,TV-PG,59 min
281,TV Show,Bake Squad,"August 11, 2021",2021,TV-PG,1 Season
282,Movie,Brother Jekwu,"August 11, 2021",2016,TV-14,101 min
283,Movie,La diosa del asfalto,"August 11, 2021",2020,TV-MA,127 min
284,Movie,Misha and the Wolves,"August 11, 2021",2021,PG-13,90 min
285,Movie,The Kissing Booth 3,"August 11, 2021",2021,TV-14,114 min
286,Movie,The Railway Man,"August 11, 2021",2013,R,108 min
287,TV Show,Gabby's Dollhouse,"August 10, 2021",2021,TV-Y,2 Seasons
288,TV Show,I Need Romance,"August 10, 2021",2021,TV-14,1 Season
289,TV Show,Las muñecas de la mafia,"August 10, 2021",2018,TV-MA,1 Season
290,TV Show,The Crowned Clown,"August 10, 2021",2019,TV-14,1 Season
291,Movie,Untold: Malice at the Palace,"August 10, 2021",2021,TV-MA,70 min
292,TV Show,SHAMAN KING,"August 9, 2021",2021,TV-14,1 Season
293,Movie,Quartet,"August 8, 2021",2012,PG-13,98 min
294,Movie,Slay,"August 8, 2021",2021,TV-MA,86 min
295,Movie,Takizawa Kabuki ZERO 2020 The Movie,"August 7, 2021",2020,TV-PG,139 min
296,Movie,The Paper Tigers,"August 7, 2021",2021,PG-13,111 min
297,TV Show,Hit & Run,"August 6, 2021",2021,TV-MA,1 Season
298,TV Show,Navarasa,"August 6, 2021",2021,TV-MA,1 Season
299,Movie,Quam's Money,"August 6, 2021",2020,TV-MA,115 min
300,Movie,The Swarm,"August 6, 2021",2021,TV-14,102 min
301,Movie,Vivo,"August 6, 2021",2021,PG,100 min
302,Movie,Chennai Express,"August 5, 2021",2013,TV-14,135 min
303,Movie,City of God: 10 Years Later,"August 5, 2021",2013,TV-MA,69 min
304,Movie,Esperando la carroza,"August 5, 2021",1985,TV-MA,95 min
305,Movie,Lady Boss: The Jackie Collins Story,"August 5, 2021",2021,TV-14,97 min
306,Movie,Tango Feroz,"August 5, 2021",1993,TV-MA,124 min
307,Movie,'76,"August 4, 2021",2016,TV-PG,118 min
308,Movie,Aftermath,"August 4, 2021",2021,TV-MA,115 min
309,Movie,American Masters: Inventing David Geffen,"August 4, 2021",2012,TV-MA,115 min
310,TV Show,Car Masters: Rust to Riches,"August 4, 2021",2021,TV-PG,3 Seasons
311,TV Show,Cocaine Cowboys: The Kings of Miami,"August 4, 2021",2021,TV-MA,1 Season
312,TV Show,Control Z,"August 4, 2021",2021,TV-MA,2 Seasons
313,TV Show,Cooking With Paris,"August 4, 2021",2021,TV-MA,1 Season
314,TV Show,Autumn's Concerto,"August 3, 2021",2009,TV-14,1 Season
315,Movie,Heavy,"August 3, 2021",1995,R,104 min
316,Movie,Ije: The Journey,"August 3, 2021",2010,TV-MA,106 min
317,TV Show,Office Girls,"August 3, 2021",2011,TV-14,1 Season
318,Movie,Pray Away,"August 3, 2021",2021,PG-13,102 min
319,Movie,Shiny_Flakes: The Teenage Drug Lord,"August 3, 2021",2021,TV-MA,97 min
320,TV Show,The Prince Who Turns into a Frog,"August 3, 2021",2005,TV-14,1 Season
321,TV Show,Top Secret UFO Projects: Declassified,"August 3, 2021",2021,TV-PG,1 Season
322,TV Show,Two Fathers,"August 3, 2021",2013,TV-14,1 Season
323,TV Show,You're My Destiny,"August 3, 2021",2008,TV-MA,1 Season
324,TV Show,30 Rock,"August 1, 2021",2012,TV-14,7 Seasons
325,TV Show,44 Cats,"August 1, 2021",2020,TV-Y7,3 Seasons
326,Movie,Beethoven,"August 1, 2021",1992,PG,87 min
327,Movie,Beethoven's 2nd,"August 1, 2021",1993,PG,88 min
328,Movie,Beowulf,"August 1, 2021",2007,PG-13,114 min
329,Movie,Boyka: Undisputed,"August 1, 2021",2016,R,90 min
330,Movie,Catch Me If You Can,"August 1, 2021",2002,PG-13,142 min
331,Movie,Cloudy with a Chance of Meatballs,"August 1, 2021",2009,PG,90 min
332,TV Show,Darwin’s Game,"August 1, 2021",2020,TV-MA,1 Season
333,Movie,Deep Blue Sea,"August 1, 2021",1999,R,105 min
334,Movie,Ferris Bueller's Day Off,"August 1, 2021",1986,PG-13,103 min
335,Movie,Five Feet Apart,"August 1, 2021",2019,PG-13,116 min
336,Movie,Freedomland,"August 1, 2021",2006,R,113 min
337,TV Show,Friday Night Lights,"August 1, 2021",2010,TV-14,5 Seasons
338,Movie,Good Luck Chuck,"August 1, 2021",2007,R,99 min
339,TV Show,Hunter X Hunter (2011),"August 1, 2021",2014,TV-14,6 Seasons
340,Movie,I missed you: Director's Cut,"August 1, 2021",2021,TV-14,96 min
341,Movie,Inception,"August 1, 2021",2010,PG-13,148 min
342,Movie,Magnolia,"August 1, 2021",1999,R,189 min
343,Movie,Major Payne,"August 1, 2021",1995,PG-13,97 min
344,Movie,My Girl,"August 1, 2021",1991,PG-13,102 min
345,Movie,My Girl 2,"August 1, 2021",1994,PG,99 min
346,Movie,Open Season: Scared Silly,"August 1, 2021",2015,PG,85 min
347,Movie,Pineapple Express,"August 1, 2021",2008,R,112 min
348,Movie,Planet 51,"August 1, 2021",2009,PG,91 min
349,Movie,Poms,"August 1, 2021",2019,PG-13,91 min
350,Movie,Seabiscuit,"August 1, 2021",2003,PG-13,141 min
351,Movie,Space Cowboys,"August 1, 2021",2000,PG-13,130 min
352,Movie,Team America: World Police,"August 1, 2021",2004,R,98 min
353,Movie,The Edge of Seventeen,"August 1, 2021",2016,R,105 min
354,Movie,The Haunting in Connecticut 2: Ghosts of Georgia,"August 1, 2021",2013,R,101 min
355,Movie,The Last Boy Scout,"August 1, 2021",1991,R,105 min
356,Movie,The Lincoln Lawyer,"August 1, 2021",2011,R,118 min
357,Movie,The Losers,"August 1, 2021",2010,PG-13,97 min
358,Movie,The Machinist,"August 1, 2021",2004,R,102 min
359,Movie,The Net,"August 1, 2021",1995,PG-13,114 min
360,Movie,The Original Kings of Comedy,"August 1, 2021",2000,R,111 min
361,Movie,Valentine's Day,"August 1, 2021",2010,PG-13,125 min
362,TV Show,Charmed,"July 31, 2021",2021,TV-14,3 Seasons
363,Movie,The Lost Café,"July 31, 2021",2018,TV-14,76 min
364,Movie,The Vault,"July 31, 2021",2021,R,118 min
365,TV Show,Centaurworld,"July 30, 2021",2021,TV-Y7,1 Season
366,Movie,Eyes of a Thief,"July 30, 2021",2014,TV-14,103 min
367,TV Show,Glow Up,"July 30, 2021",2021,TV-14,3 Seasons
368,Movie,I'm Glad I Did,"July 30, 2021",2020,TV-14,114 min
369,TV Show,Khawatir,"July 30, 2021",2009,TV-14,1 Season
370,TV Show,Myth & Mogul: John DeLorean,"July 30, 2021",2021,TV-14,1 Season
371,TV Show,Outer Banks,"July 30, 2021",2021,TV-MA,2 Seasons
372,Movie,Pomegranates and Myrrh,"July 30, 2021",2009,TV-14,95 min
373,Movie,Rurouni Kenshin: The Beginning,"July 30, 2021",2021,TV-MA,138 min
374,Movie,The Last Mercenary,"July 30, 2021",2021,TV-MA,112 min
375,Movie,Flower Girl,"July 29, 2021",2013,TV-PG,94 min
376,Movie,Resort to Love,"July 29, 2021",2021,TV-14,102 min
377,TV Show,Transformers: War for Cybertron: Kingdom,"July 29, 2021",2021,TV-Y7,1 Season
378,Movie,Bartkowiak,"July 28, 2021",2021,TV-MA,92 min
379,Movie,Fantastic Fungi,"July 28, 2021",2019,TV-14,81 min
380,TV Show,Tattoo Redo,"July 28, 2021",2021,TV-MA,1 Season
381,TV Show,The Flash,"July 28, 2021",2021,TV-14,7 Seasons
382,TV Show,The Snitch Cartel: Origins,"July 28, 2021",2021,TV-MA,1 Season
383,TV Show,All American,"July 27, 2021",2021,TV-14,3 Seasons
384,Movie,Department,"July 27, 2021",2012,TV-MA,143 min
385,Movie,Hostage House,"July 27, 2021",2021,TV-14,86 min
386,TV Show,How to Sell Drugs Online (Fast),"July 27, 2021",2021,TV-MA,3 Seasons
387,TV Show,Mighty Express,"July 27, 2021",2021,TV-Y,4 Seasons
388,Movie,Mimi,"July 27, 2021",2021,TV-14,132 min
389,TV Show,Plastic Cup Boyz: Laughing My Mask Off!,"July 27, 2021",2021,TV-MA,1 Season
390,Movie,The Operative,"July 27, 2021",2019,TV-MA,117 min
391,TV Show,The Walking Dead,"July 26, 2021",2019,TV-MA,10 Seasons
392,TV Show,Wynonna Earp,"July 26, 2021",2020,TV-MA,4 Seasons
393,Movie,Django Unchained,"July 24, 2021",2012,R,165 min
394,Movie,A Second Chance:  Rivals!,"July 23, 2021",2021,PG,91 min
395,Movie,African America,"July 23, 2021",2021,TV-MA,97 min
396,Movie,Bankrolled,"July 23, 2021",2021,TV-MA,97 min
397,Movie,Blood Red Sky,"July 23, 2021",2021,TV-MA,123 min
398,TV Show,Feels Like Ishq,"July 23, 2021",2021,TV-MA,1 Season
399,Movie,Kingdom: Ashin of the North,"July 23, 2021",2021,TV-MA,94 min
400,TV Show,Masters of the Universe: Revelation,"July 23, 2021",2021,TV-PG,1 Season
401,TV Show,Revelations: The Masters of the Universe: Revelation Aftershow,"July 23, 2021",2021,TV-PG,1 Season
402,TV Show,Sky Rojo,"July 23, 2021",2021,TV-MA,2 Seasons
403,Movie,The Last Letter From Your Lover,"July 23, 2021",2021,TV-MA,111 min
404,TV Show,The Movies That Made Us,"July 23, 2021",2021,TV-MA,2 Seasons
405,Movie,9to5: The Story of a Movement,"July 22, 2021",2021,TV-MA,85 min
406,Movie,Chhota Bheem - Dinosaur World,"July 22, 2021",2015,TV-Y,65 min
407,Movie,Chhota Bheem - Neeli Pahaadi,"July 22, 2021",2013,TV-Y7,64 min
408,Movie,Chhota Bheem & Ganesh,"July 22, 2021",2009,TV-Y7,68 min
409,Movie,Chhota Bheem & Krishna: Mayanagari,"July 22, 2021",2011,TV-Y7,67 min
410,Movie,Chhota Bheem & Krishna: Pataliputra- City of the Dead,"July 22, 2021",2010,TV-Y7,66 min
411,Movie,Chhota Bheem And The Broken Amulet,"July 22, 2021",2013,TV-Y7,64 min
412,Movie,Chhota Bheem And The Crown of Valhalla,"July 22, 2021",2013,TV-Y7,64 min
413,Movie,Chhota Bheem and the Incan Adventure,"July 22, 2021",2013,TV-Y7,65 min
414,Movie,Chhota Bheem and The ShiNobi Secret,"July 22, 2021",2013,TV-Y7,64 min
415,Movie,Chhota Bheem Aur Hanuman,"July 22, 2021",2012,TV-Y7,68 min
416,Movie,Chhota Bheem aur Krishna,"July 22, 2021",2009,TV-Y7,68 min
417,Movie,Chhota Bheem aur Krishna vs Zimbara,"July 22, 2021",2013,TV-Y7,64 min
418,Movie,Chhota Bheem in African Safari,"July 22, 2021",2015,TV-Y7,62 min
419,Movie,Chhota Bheem Ka Roosi Romanch,"July 22, 2021",2019,TV-Y,63 min
420,Movie,Chhota Bheem: Bheem vs Aliens,"July 22, 2021",2010,TV-Y7,69 min
421,Movie,Chhota Bheem: Dholakpur to Kathmandu,"July 22, 2021",2012,TV-Y7,70 min
422,Movie,Chhota Bheem: Dus Pe Dus,"July 22, 2021",2014,TV-Y7,63 min
423,Movie,Chhota Bheem: Journey to Petra,"July 22, 2021",2011,TV-Y7,68 min
424,Movie,Chhota Bheem: Master of Shaolin,"July 22, 2021",2011,TV-Y7,74 min
425,Movie,Chhota Bheem: The Rise of Kirmada,"July 22, 2021",2012,TV-Y7,68 min
426,TV Show,Chicago Med,"July 22, 2021",2019,TV-14,5 Seasons
427,Movie,Cousins,"July 22, 2021",2021,TV-MA,99 min
428,Movie,Wannabe Courageous,"July 22, 2021",2019,TV-14,90 min
429,Movie,Words Bubble Up Like Soda Pop,"July 22, 2021",2021,TV-G,87 min
430,Movie,Sanitation Day,"July 21, 2021",2020,TV-14,105 min
431,TV Show,Sexy Beasts,"July 21, 2021",2021,TV-14,1 Season
432,TV Show,Too Hot to Handle: Brazil,"July 21, 2021",2021,TV-MA,1 Season
433,Movie,Trollhunters: Rise of the Titans,"July 21, 2021",2021,TV-Y7,106 min
434,Movie,Milkwater,"July 20, 2021",2020,TV-MA,102 min
435,TV Show,Okupas,"July 20, 2021",2020,TV-MA,1 Season
436,TV Show,Touch Your Heart,"July 20, 2021",2019,TV-MA,1 Season
437,Movie,The Tambour of Retribution,"July 19, 2021",2021,TV-14,91 min
438,Movie,Cosmic Sin,"July 17, 2021",2021,R,88 min
439,Movie,2 Weeks in Lagos,"July 16, 2021",2020,TV-PG,107 min
440,Movie,Deep,"July 16, 2021",2021,TV-MA,101 min
441,TV Show,Explained,"July 16, 2021",2021,TV-MA,3 Seasons
442,Movie,Fear Street Part 3: 1666,"July 16, 2021",2021,R,114 min
443,TV Show,Johnny Test,"July 16, 2021",2021,TV-Y7,1 Season
444,Movie,La ley de Herodes,"July 16, 2021",1999,R,123 min
445,TV Show,Naomi Osaka,"July 16, 2021",2021,TV-14,1 Season
446,Movie,The Beguiled,"July 16, 2021",2017,R,94 min
447,Movie,The Book of Henry,"July 16, 2021",2017,PG-13,105 min
448,Movie,The Twilight Saga: Breaking Dawn: Part 1,"July 16, 2021",2011,PG-13,117 min
449,Movie,The Twilight Saga: Breaking Dawn: Part 2,"July 16, 2021",2012,PG-13,115 min
450,Movie,The Twilight Saga: Eclipse,"July 16, 2021",2010,PG-13,124 min
451,Movie,The Twilight Saga: New Moon,"July 16, 2021",2009,PG-13,131 min
452,Movie,Twilight,"July 16, 2021",2008,PG-13,122 min
453,Movie,A Perfect Fit,"July 15, 2021",2021,TV-PG,113 min
454,TV Show,BEASTARS,"July 15, 2021",2021,TV-MA,2 Seasons
455,Movie,Cheech & Chong's Still Smokin,"July 15, 2021",1983,TV-MA,91 min
456,Movie,Emicida: AmarElo - Live in São Paulo,"July 15, 2021",2021,TV-MA,100 min
457,TV Show,Her Private Life,"July 15, 2021",2019,TV-14,1 Season
458,Movie,Lift Like a Girl,"July 15, 2021",2021,TV-PG,93 min
459,Movie,My Amanda,"July 15, 2021",2021,TV-14,90 min
460,TV Show,Never Have I Ever,"July 15, 2021",2021,TV-14,2 Seasons
461,Movie,Surf's Up,"July 15, 2021",2007,PG,86 min
462,Movie,The Unknown Saint,"July 15, 2021",2019,TV-14,100 min
463,Movie,This Changes Everything,"July 15, 2021",2019,TV-MA,96 min
464,Movie,A Classic Horror Story,"July 14, 2021",2021,TV-MA,95 min
465,Movie,Gunpowder Milkshake,"July 14, 2021",2021,R,115 min
466,TV Show,Heist,"July 14, 2021",2021,TV-MA,1 Season
467,TV Show,My Unorthodox Life,"July 14, 2021",2021,TV-MA,1 Season
468,Movie,Private Network: Who Killed Manuel Buendía?,"July 14, 2021",2021,TV-MA,100 min
469,Movie,The Guide to the Perfect Family,"July 14, 2021",2021,TV-MA,102 min
470,Movie,American Woman,"July 13, 2021",2019,TV-MA,87 min
471,Movie,Bridgerton - The Afterparty,"July 13, 2021",2021,TV-14,39 min
472,Movie,Day of Destiny,"July 13, 2021",2021,TV-PG,110 min
473,TV Show,Ridley Jones,"July 13, 2021",2021,TV-Y,1 Season
474,Movie,Born to Play,"July 12, 2021",2020,TV-MA,93 min
475,Movie,American Ultra,"July 10, 2021",2015,R,96 min
476,Movie,The Stand-Up,"July 10, 2021",2019,TV-MA,93 min
477,Movie,The Tour,"July 10, 2021",2016,TV-MA,93 min
478,TV Show,Atypical,"July 9, 2021",2021,TV-14,4 Seasons
479,TV Show,Biohackers,"July 9, 2021",2021,TV-MA,2 Seasons
480,Movie,Fear Street Part 2: 1978,"July 9, 2021",2021,R,111 min
481,Movie,Finding Hubby,"July 9, 2021",2020,TV-14,105 min
482,Movie,How I Became a Superhero,"July 9, 2021",2021,TV-MA,101 min
483,TV Show,How to Become a Tyrant,"July 9, 2021",2021,TV-MA,1 Season
484,Movie,Last Summer,"July 9, 2021",2021,TV-MA,102 min
485,Movie,Lee Su-geun: The Sense Coach,"July 9, 2021",2021,TV-G,46 min
486,Movie,Lethal Love,"July 9, 2021",2021,TV-14,89 min
487,Movie,Ratchet and Clank,"July 9, 2021",2016,PG,94 min
488,TV Show,The Cook of Castamar,"July 9, 2021",2021,TV-MA,1 Season
489,TV Show,Virgin River,"July 9, 2021",2021,TV-14,3 Seasons
490,Movie,Back to Q82,"July 8, 2021",2017,TV-14,104 min
491,TV Show,Elize Matsunaga: Once Upon a Crime,"July 8, 2021",2021,TV-MA,1 Season
492,Movie,Home Again,"July 8, 2021",2017,PG-13,97 min
493,Movie,Midnight Sun,"July 8, 2021",2018,PG-13,91 min
494,TV Show,RESIDENT EVIL: Infinite Darkness,"July 8, 2021",2021,TV-MA,1 Season
495,Movie,Rock the Kasbah,"July 8, 2021",2015,R,106 min
496,Movie,Awon Boyz,"July 7, 2021",2019,TV-MA,38 min
497,Movie,Brick Mansions,"July 7, 2021",2014,PG-13,90 min
498,TV Show,Cat People,"July 7, 2021",2021,TV-14,1 Season
499,Movie,Clash,"July 7, 2021",2020,TV-MA,87 min
500,TV Show,Dogs,"July 7, 2021",2021,TV-PG,2 Seasons
501,Movie,Major Grom: Plague Doctor,"July 7, 2021",2021,TV-MA,138 min
502,Movie,Mama Drama,"July 7, 2021",2020,TV-MA,105 min
503,Movie,Tango With Me,"July 7, 2021",2010,TV-14,104 min
504,TV Show,The Mire,"July 7, 2021",2021,TV-MA,2 Seasons
505,TV Show,The War Next-door,"July 7, 2021",2021,TV-MA,1 Season
506,Movie,Therapy,"July 7, 2021",2020,TV-PG,85 min
507,Movie,This Little Love Of Mine,"July 7, 2021",2021,TV-G,92 min
508,Movie,Three Thieves,"July 7, 2021",2019,TV-14,108 min
509,Movie,A Land Imagined,"July 6, 2021",2019,TV-MA,95 min
510,TV Show,Ask the StoryBots,"July 6, 2021",2019,TV-Y,3 Seasons
511,TV Show,Between,"July 6, 2021",2016,TV-14,2 Seasons
512,TV Show,Chelsea,"July 6, 2021",2017,TV-MA,2 Seasons
513,TV Show,Code Lyoko,"July 6, 2021",2007,TV-Y7,4 Seasons
514,TV Show,Colony,"July 6, 2021",2018,TV-14,3 Seasons
515,TV Show,Cuckoo,"July 6, 2021",2019,TV-MA,5 Seasons
516,TV Show,Derry Girls,"July 6, 2021",2019,TV-MA,2 Seasons
517,TV Show,Girl from Nowhere,"July 6, 2021",2021,TV-MA,2 Seasons
518,TV Show,Good Morning Call,"July 6, 2021",2017,TV-14,2 Seasons
519,Movie,Har Kisse Ke Hisse: Kaamyaab,"July 6, 2021",2020,TV-14,105 min
520,TV Show,I AM A KILLER,"July 6, 2021",2020,TV-MA,2 Seasons
521,TV Show,I Think You Should Leave with Tim Robinson,"July 6, 2021",2021,TV-MA,2 Seasons
522,TV Show,Kim's Convenience,"July 6, 2021",2021,TV-MA,5 Seasons
523,TV Show,Larva,"July 6, 2021",2015,TV-Y7,3 Seasons
524,TV Show,Marcella,"July 6, 2021",2019,TV-MA,3 Seasons
525,TV Show,Midnight Diner: Tokyo Stories,"July 6, 2021",2019,TV-MA,2 Seasons
526,TV Show,My Little Pony: Friendship Is Magic,"July 6, 2021",2018,TV-Y,8 Seasons
527,TV Show,Orange Is the New Black,"July 6, 2021",2019,TV-MA,7 Seasons
528,TV Show,Puffin Rock,"July 6, 2021",2016,TV-Y,2 Seasons
529,Movie,Rehmataan,"July 6, 2021",2012,TV-14,116 min
530,Movie,Return of the Prodigal Son,"July 6, 2021",1976,TV-MA,124 min
531,TV Show,Richie Rich,"July 6, 2021",2015,TV-G,2 Seasons
532,Movie,Rise: Ini Kalilah,"July 6, 2021",2018,TV-PG,101 min
533,TV Show,Scream,"July 6, 2021",2019,TV-MA,3 Seasons
534,TV Show,Shtisel,"July 6, 2021",2021,TV-14,3 Seasons
535,Movie,Si Doel the Movie 2,"July 6, 2021",2019,TV-G,95 min
536,TV Show,Some Assembly Required,"July 6, 2021",2015,TV-Y,2 Seasons
537,TV Show,Tales by Light,"July 6, 2021",2018,TV-14,3 Seasons
538,TV Show,Terrace House: Opening New Doors,"July 6, 2021",2018,TV-14,6 Seasons
539,TV Show,The A List,"July 6, 2021",2021,TV-PG,2 Seasons
540,TV Show,The New Legends of Monkey,"July 6, 2021",2020,TV-PG,2 Seasons
541,TV Show,The Worst Witch,"July 6, 2021",2020,TV-G,4 Seasons
542,Movie,Truckbhar Swapna,"July 6, 2021",2018,TV-14,128 min
543,Movie,Ujala,"July 6, 2021",1959,TV-14,143 min
544,TV Show,Undercover,"July 6, 2021",2020,TV-MA,2 Seasons
545,TV Show,Workin' Moms,"July 6, 2021",2021,TV-MA,5 Seasons
546,TV Show,YooHoo to the Rescue,"July 6, 2021",2020,TV-Y,3 Seasons
547,TV Show,You Are My Spring,"July 6, 2021",2021,TV-14,1 Season
548,TV Show,We the People,"July 4, 2021",2021,TV-Y7,1 Season
549,TV Show,Grey's Anatomy,"July 3, 2021",2020,TV-14,17 Seasons
550,TV Show,Big Timber,"July 2, 2021",2020,TV-14,1 Season
551,Movie,Fear Street Part 1: 1994,"July 2, 2021",2021,R,107 min
552,Movie,Haseen Dillruba,"July 2, 2021",2021,TV-MA,136 min
553,Movie,Holiday on Mars,"July 2, 2021",2020,TV-MA,94 min
554,TV Show,Mortel,"July 2, 2021",2019,TV-MA,2 Seasons
555,Movie,RattleSnake - The Ahanna Story,"July 2, 2021",2020,TV-MA,136 min
556,Movie,Snowpiercer,"July 2, 2021",2013,R,126 min
557,Movie,The 8th Night,"July 2, 2021",2021,TV-14,116 min
558,Movie,Winchester,"July 2, 2021",2018,PG-13,100 min
559,Movie,6 Bullets,"July 1, 2021",2012,R,115 min
560,Movie,Air Force One,"July 1, 2021",1997,R,125 min
561,Movie,Audible,"July 1, 2021",2021,PG-13,39 min
562,Movie,Austin Powers in Goldmember,"July 1, 2021",2002,PG-13,94 min
563,Movie,Austin Powers: International Man of Mystery,"July 1, 2021",1997,PG-13,90 min
564,Movie,Austin Powers: The Spy Who Shagged Me,"July 1, 2021",1999,PG-13,95 min
565,Movie,Boogie Nights,"July 1, 2021",1997,R,155 min
566,TV Show,Bureau of Magical Things,"July 1, 2021",2020,TV-G,1 Season
567,Movie,Charlie's Angels,"July 1, 2021",2000,PG-13,98 min
568,Movie,Congo,"July 1, 2021",1995,PG-13,108 min
569,Movie,Dennis the Menace,"July 1, 2021",1993,PG,96 min
570,Movie,Dreamy Eyes,"July 1, 2021",2019,TV-14,117 min
571,Movie,Dynasty Warriors,"July 1, 2021",2021,TV-14,118 min
572,TV Show,Generation 56k,"July 1, 2021",2021,TV-MA,1 Season
573,Movie,Hampstead,"July 1, 2021",2019,PG-13,103 min
574,Movie,Kung Fu Panda,"July 1, 2021",2008,PG,94 min
575,Movie,Kung Fu Panda 2,"July 1, 2021",2011,PG,93 min
576,Movie,Life as We Know It,"July 1, 2021",2010,PG-13,115 min
577,Movie,Mary Magdalene,"July 1, 2021",2019,R,120 min
578,TV Show,Masameer County,"July 1, 2021",2021,TV-MA,1 Season
579,Movie,Memoirs of a Geisha,"July 1, 2021",2005,PG-13,145 min
580,Movie,Midnight Run,"July 1, 2021",1988,R,126 min
581,Movie,Mobile Suit Gundam Hathaway,"July 1, 2021",2021,TV-14,96 min
582,Movie,Mortal Kombat,"July 1, 2021",1995,PG-13,101 min
583,Movie,Mother's Day,"July 1, 2021",2016,PG-13,118 min
584,Movie,No Strings Attached,"July 1, 2021",2011,R,109 min
585,Movie,Not Another Teen Movie,"July 1, 2021",2001,R,89 min
586,Movie,Ophelia,"July 1, 2021",2018,PG-13,106 min
587,Movie,Pet Sematary 2,"July 1, 2021",1992,R,101 min
588,TV Show,Quarantine Tales,"July 1, 2021",2020,TV-MA,1 Season
589,TV Show,Rainbow Rangers,"July 1, 2021",2018,TV-Y,1 Season
590,Movie,Red Joan,"July 1, 2021",2019,R,101 min
591,TV Show,Sailor Moon Crystal,"July 1, 2021",2016,TV-Y7,3 Seasons
592,Movie,Seven Pounds,"July 1, 2021",2008,PG-13,123 min
593,Movie,She's Out of My League,"July 1, 2021",2010,R,106 min
594,Movie,Snow Day,"July 1, 2021",2000,PG,89 min
595,Movie,Star Trek,"July 1, 2021",2009,PG-13,128 min
596,Movie,Stuart Little,"July 1, 2021",1999,PG,85 min
597,Movie,Sword of Trust,"July 1, 2021",2019,R,89 min
598,Movie,Talladega Nights: The Ballad of Ricky Bobby,"July 1, 2021",2006,PG-13,108 min
599,Movie,The American,"July 1, 2021",2010,R,105 min
600,Movie,The Best of Enemies,"July 1, 2021",2019,PG-13,133 min
601,Movie,The Game,"July 1, 2021",1997,R,129 min
602,Movie,The Karate Kid,"July 1, 2021",1984,PG,127 min
603,Movie,The Karate Kid Part II,"July 1, 2021",1986,PG,113 min
604,Movie,The Karate Kid Part III,"July 1, 2021",1989,PG,112 min
605,Movie,The Life of David Gale,"July 1, 2021",2003,R,130 min
606,Movie,The Long Riders,"July 1, 2021",1980,R,100 min
607,Movie,The Queen,"July 1, 2021",2006,PG-13,103 min
608,Movie,The Strangers,"July 1, 2021",2008,R,85 min
609,Movie,The Sum of All Fears,"July 1, 2021",2002,PG-13,124 min
610,Movie,The Tourist,"July 1, 2021",2010,PG-13,103 min
611,Movie,Underworld,"July 1, 2021",2003,R,121 min
612,Movie,Underworld: Awakening,"July 1, 2021",2012,R,89 min
613,Movie,Underworld: Rise of the Lycans,"July 1, 2021",2009,R,92 min
614,Movie,Voiceless,"July 1, 2021",2020,TV-MA,112 min
615,Movie,What Dreams May Come,"July 1, 2021",1998,PG-13,114 min
616,Movie,Why Do Fools Fall in Love,"July 1, 2021",1998,R,116 min
617,Movie,Working Title,"July 1, 2021",2019,R,110 min
618,TV Show,Young Royals,"July 1, 2021",2021,TV-MA,1 Season
619,Movie,America: The Motion Picture,"June 30, 2021",2021,TV-MA,98 min
620,Movie,Deranged,"June 30, 2021",2020,TV-14,98 min
621,TV Show,Droppin' Cash: Los Angeles,"June 30, 2021",2019,TV-MA,1 Season
622,TV Show,Legend of Exorcism,"June 30, 2021",2020,TV-14,1 Season
623,Movie,Lying and Stealing,"June 30, 2021",2019,R,100 min
624,Movie,Mommy Issues,"June 30, 2021",2021,TV-MA,90 min
625,Movie,Prime Time,"June 30, 2021",2021,TV-MA,92 min
626,TV Show,Somos.,"June 30, 2021",2021,TV-MA,1 Season
627,TV Show,Sophie: A Murder in West Cork,"June 30, 2021",2021,TV-MA,1 Season
628,TV Show,The Daily Life of the Immortal King,"June 30, 2021",2020,TV-14,1 Season
629,TV Show,StarBeam,"June 29, 2021",2021,TV-Y,4 Seasons
630,Movie,A Way Back Home,"June 28, 2021",2020,TV-14,82 min
631,Movie,Killing Them Softly,"June 28, 2021",2012,R,97 min
632,TV Show,The Seven Deadly Sins,"June 28, 2021",2021,TV-14,5 Seasons
633,Movie,Wanted,"June 28, 2021",2019,TV-14,90 min
634,Movie,Into the Wind,"June 26, 2021",2018,TV-MA,76 min
635,Movie,Wonder Boy,"June 26, 2021",2019,TV-14,83 min
636,Movie,Here Comes the Rain,"June 25, 2021",2010,TV-MA,101 min
637,Movie,The Ice Road,"June 25, 2021",2021,PG-13,109 min
638,TV Show,Ray,"June 25, 2021",2021,TV-MA,1 Season
639,TV Show,Sex/Life,"June 25, 2021",2021,TV-MA,1 Season
640,TV Show,Godzilla Singular Point,"June 24, 2021",2021,TV-14,1 Season
641,TV Show,Jiva!,"June 24, 2021",2021,TV-MA,1 Season
642,Movie,Sisters on Track,"June 24, 2021",2021,PG,97 min
643,TV Show,The Naked Director,"June 24, 2021",2021,TV-MA,2 Seasons
644,Movie,The Seventh Day,"June 24, 2021",2021,R,87 min
645,Movie,Good on Paper,"June 23, 2021",2021,TV-MA,94 min
646,Movie,Murder by the Coast,"June 23, 2021",2021,TV-14,89 min
647,Movie,The House of Flowers: The Movie,"June 23, 2021",2021,TV-MA,88 min
648,TV Show,The Parisian Agency: Exclusive Properties,"June 23, 2021",2021,TV-G,1 Season
649,TV Show,Too Hot to Handle,"June 23, 2021",2021,TV-MA,2 Seasons
650,Movie,Broken,"June 22, 2021",2019,TV-14,108 min
651,Movie,O Vendedor de Sonhos,"June 22, 2021",2016,TV-14,96 min
652,Movie,Osuofia in London,"June 22, 2021",2003,TV-MA,84 min
653,Movie,Osuofia in London II,"June 22, 2021",2004,TV-14,70 min
654,TV Show,This Is Pop,"June 22, 2021",2021,TV-MA,1 Season
655,Movie,#Selfie,"June 21, 2021",2014,TV-MA,125 min
656,Movie,#Selfie 69,"June 21, 2021",2016,TV-MA,119 min
657,Movie,Love Is a Story,"June 21, 2021",2015,TV-MA,105 min
658,TV Show,The Mole,"June 21, 2021",2001,TV-14,2 Seasons
659,TV Show,"Nevertheless,","June 20, 2021",2021,TV-14,1 Season
660,TV Show,Bangkok Love Stories: Innocence,"June 19, 2021",2018,TV-14,1 Season
661,TV Show,Black Lightning,"June 19, 2021",2021,TV-14,4 Seasons
662,TV Show,Call My Agent!,"June 19, 2021",2018,TV-MA,4 Seasons
663,TV Show,Champions,"June 19, 2021",2018,TV-14,1 Season
664,TV Show,Charité at War,"June 19, 2021",2019,TV-MA,1 Season
665,TV Show,Cleo & Cuquin,"June 19, 2021",2020,TV-Y,2 Seasons
666,TV Show,Deadwind,"June 19, 2021",2020,TV-MA,2 Seasons
667,TV Show,Gameboys Level-Up Edition,"June 19, 2021",2020,TV-14,1 Season
668,TV Show,Glee,"June 19, 2021",2015,TV-14,6 Seasons
669,TV Show,Hap and Leonard,"June 19, 2021",2018,TV-MA,3 Seasons
670,TV Show,Locked Up,"June 19, 2021",2020,TV-MA,5 Seasons
671,Movie,Mobile Suit Gundam II: Soldiers of Sorrow,"June 19, 2021",1981,TV-14,133 min
672,Movie,Mobile Suit Gundam III: Encounters in Space,"June 19, 2021",1982,TV-MA,140 min
673,Movie,Mobile Suit Gundam: Char's Counterattack,"June 19, 2021",1988,TV-14,120 min
674,TV Show,No Time for Shame,"June 19, 2021",2019,TV-MA,1 Season
675,TV Show,Pose,"June 19, 2021",2019,TV-MA,2 Seasons
676,TV Show,REA(L)OVE,"June 19, 2021",2018,TV-MA,1 Season
677,TV Show,Riverdale,"June 19, 2021",2019,TV-14,4 Seasons
678,TV Show,Schitt's Creek,"June 19, 2021",2020,TV-MA,6 Seasons
679,TV Show,The Assassination of Gianni Versace,"June 19, 2021",2018,TV-MA,1 Season
680,TV Show,The Judgement,"June 19, 2021",2018,TV-MA,1 Season
681,TV Show,The Last Dance,"June 19, 2021",2020,TV-MA,1 Season
682,TV Show,They've Gotta Have Us,"June 19, 2021",2018,TV-MA,1 Season
683,TV Show,Why Are You Like This,"June 19, 2021",2021,TV-MA,1 Season
684,Movie,A Family,"June 18, 2021",2021,TV-MA,135 min
685,TV Show,Elite,"June 18, 2021",2021,TV-MA,4 Seasons
686,Movie,Fatherhood,"June 18, 2021",2021,PG-13,111 min
687,TV Show,Hospital Playlist,"June 18, 2021",2021,TV-14,2 Seasons
688,Movie,Jagame Thandhiram,"June 18, 2021",2021,TV-MA,159 min
689,Movie,Kambili: The Whole 30 Yards,"June 18, 2021",2020,TV-14,119 min
690,Movie,Mobile Suit Gundam I,"June 18, 2021",1981,TV-14,139 min
691,Movie,Rurouni Kenshin: The Final,"June 18, 2021",2021,TV-14,137 min
692,TV Show,So Not Worth It,"June 18, 2021",2021,TV-14,1 Season
693,TV Show,The Rational Life,"June 18, 2021",2021,TV-14,1 Season
694,Movie,Ali & Ratu Ratu Queens,"June 17, 2021",2021,TV-14,101 min
695,Movie,Aziza,"June 17, 2021",2019,TV-PG,13 min
696,Movie,Besieged Bread,"June 17, 2021",2015,TV-14,12 min
697,TV Show,Black Summer,"June 17, 2021",2021,TV-MA,2 Seasons
698,TV Show,Elite Short Stories: Carla Samuel,"June 17, 2021",2021,TV-MA,1 Season
699,Movie,Fan Girl,"June 17, 2021",2020,TV-MA,101 min
700,TV Show,Katla,"June 17, 2021",2021,TV-MA,1 Season
701,TV Show,Record of Ragnarok,"June 17, 2021",2021,TV-MA,1 Season
702,Movie,Red Snow,"June 17, 2021",2019,TV-MA,96 min
703,Movie,Silver Linings Playbook,"June 17, 2021",2012,R,122 min
704,TV Show,The Gift,"June 17, 2021",2021,TV-MA,3 Seasons
705,Movie,A Man For The Week End,"June 16, 2021",2018,TV-14,95 min
706,Movie,Biking Borders,"June 16, 2021",2019,TV-14,89 min
707,TV Show,Elite Short Stories: Omar Ander Alexis,"June 16, 2021",2021,TV-MA,1 Season
708,TV Show,Let's Eat,"June 16, 2021",2021,TV-14,1 Season
709,Movie,Lowriders,"June 16, 2021",2016,PG-13,98 min
710,TV Show,Millennials,"June 16, 2021",2020,TV-MA,3 Seasons
711,TV Show,Penguin Town,"June 16, 2021",2021,TV-PG,1 Season
712,Movie,Security,"June 16, 2021",2021,TV-MA,119 min
713,Movie,Silver Skates,"June 16, 2021",2020,TV-MA,138 min
714,TV Show,Avengers Climate Conundrum,"June 15, 2021",2020,TV-Y7,1 Season
715,TV Show,Beyond Evil,"June 15, 2021",2021,TV-MA,1 Season
716,TV Show,Elite Short Stories: Nadia Guzmán,"June 15, 2021",2021,TV-MA,1 Season
717,Movie,FTA,"June 15, 2021",1972,TV-MA,104 min
718,Movie,Headspace: Unwind Your Mind,"June 15, 2021",2021,TV-G,273 min
719,Movie,Life of Crime,"June 15, 2021",2013,R,101 min
720,TV Show,Power Rangers Dino Fury,"June 15, 2021",2021,TV-G,1 Season
721,TV Show,Rhyme Time Town,"June 15, 2021",2021,TV-Y,2 Seasons
722,Movie,Rogue Warfare: Death of a Nation,"June 15, 2021",2020,R,99 min
723,Movie,Sir! No Sir!,"June 15, 2021",2005,TV-MA,84 min
724,TV Show,The American Bible Challenge,"June 15, 2021",2014,TV-G,1 Season
725,Movie,The Reason I Jump,"June 15, 2021",2021,TV-14,82 min
726,TV Show,Elite Short Stories: Guzmán Caye Rebe,"June 14, 2021",2021,TV-MA,1 Season
727,TV Show,Metallica: Some Kind of Monster,"June 13, 2021",2014,TV-MA,1 Season
728,Movie,Picture a Scientist,"June 13, 2021",2020,TV-MA,97 min
729,Movie,The Devil Below,"June 13, 2021",2021,TV-MA,89 min
730,Movie,Bling Empire - The Afterparty,"June 12, 2021",2021,TV-MA,36 min
731,Movie,Cobra Kai - The Afterparty,"June 12, 2021",2021,TV-MA,34 min
732,TV Show,Love (ft. Marriage and Divorce),"June 12, 2021",2021,TV-14,2 Seasons
733,Movie,To All the Boys: Always and Forever - The Afterparty,"June 12, 2021",2021,TV-MA,36 min
734,TV Show,LEGO Friends: The Power of Friendship,"June 11, 2021",2016,TV-Y7,2 Seasons
735,TV Show,Lupin,"June 11, 2021",2021,TV-MA,2 Seasons
736,Movie,Sarbath,"June 11, 2021",2021,TV-PG,113 min
737,Movie,Skater Girl,"June 11, 2021",2021,PG,110 min
738,TV Show,Trese,"June 11, 2021",2021,TV-MA,1 Season
739,Movie,Trese After Dark,"June 11, 2021",2021,TV-14,36 min
740,Movie,Wish Dragon,"June 11, 2021",2021,PG,102 min
741,Movie,A Haunted House 2,"June 10, 2021",2014,R,86 min
742,Movie,Blind Intersections,"June 10, 2021",2012,TV-MA,91 min
743,Movie,Camellia Sisters,"June 10, 2021",2021,TV-MA,117 min
744,Movie,Copenhagen,"June 10, 2021",2014,TV-MA,99 min
745,TV Show,Locombianos,"June 10, 2021",2021,TV-MA,1 Season
746,Movie,Until Midnight,"June 10, 2021",2019,TV-14,77 min
747,Movie,Awake,"June 9, 2021",2021,TV-MA,97 min
748,Movie,Confusion Na Wa,"June 9, 2021",2013,TV-MA,106 min
749,TV Show,"Fresh, Fried & Crispy","June 9, 2021",2021,TV-PG,1 Season
750,TV Show,L.A.’s Finest,"June 9, 2021",2021,TV-MA,2 Seasons
751,Movie,Tragic Jungle,"June 9, 2021",2021,TV-MA,97 min
752,TV Show,Guru Aur Bhole,"June 8, 2021",2018,TV-Y7,2 Seasons
753,Movie,Vampire Academy,"June 7, 2021",2014,PG-13,104 min
754,TV Show,"Newly Rich, Newly Poor","June 6, 2021",2007,TV-MA,1 Season
755,Movie,A Private War,"June 5, 2021",2018,R,110 min
756,Movie,Kitty Love: An Homage to Cats,"June 5, 2021",2021,TV-G,61 min
757,Movie,Small Chops,"June 5, 2021",2020,TV-MA,98 min
758,Movie,Breaking Boundaries: The Science Of Our Planet,"June 4, 2021",2021,TV-PG,74 min
759,TV Show,Feel Good,"June 4, 2021",2021,TV-MA,2 Seasons
760,Movie,Fireplace 4K: Classic Crackling Fireplace from Fireplace for Your Home,"June 4, 2021",2015,TV-G,60 min
761,Movie,Fireplace 4K: Crackling Birchwood from Fireplace for Your Home,"June 4, 2021",2015,TV-G,60 min
762,TV Show,Human: The World Within,"June 4, 2021",2021,TV-PG,1 Season
763,Movie,Sweet & Sour,"June 4, 2021",2021,TV-14,103 min
764,TV Show,Sweet Tooth,"June 4, 2021",2021,TV-14,1 Season
765,Movie,Trippin' with the Kandasamys,"June 4, 2021",2021,TV-14,94 min
766,Movie,Xtreme,"June 4, 2021",2021,TV-MA,112 min
767,Movie,Alan Saldaña: Locked Up,"June 3, 2021",2021,TV-MA,49 min
768,TV Show,Creator's File: GOLD,"June 3, 2021",2021,TV-14,1 Season
769,Movie,Dancing Queens,"June 3, 2021",2021,TV-MA,111 min
770,Movie,From Stress to Happiness,"June 3, 2021",2020,TV-G,58 min
771,Movie,Myriam Fares: The Journey,"June 3, 2021",2021,TV-14,72 min
772,TV Show,Pretty Guardian Sailor Moon Eternal The Movie,"June 3, 2021",2021,TV-14,1 Season
773,TV Show,Summertime,"June 3, 2021",2021,TV-MA,2 Seasons
774,Movie,The Girl and the Gun,"June 3, 2021",2019,TV-MA,78 min
775,Movie,2 Hearts,"June 2, 2021",2020,PG-13,101 min
776,Movie,A Perfect Ending,"June 2, 2021",2012,TV-MA,110 min
777,Movie,American Outlaws,"June 2, 2021",2001,PG-13,94 min
778,Movie,And Then Came Lola,"June 2, 2021",2009,TV-MA,70 min
779,TV Show,Attack on Titan,"June 2, 2021",2013,TV-MA,1 Season
780,Movie,Battlefield Earth,"June 2, 2021",2000,PG-13,118 min
781,TV Show,Ben & Holly's Little Kingdom,"June 2, 2021",2019,TV-Y,2 Seasons
782,Movie,Black Holes | The Edge of All We Know,"June 2, 2021",2021,TV-14,99 min
783,Movie,Bliss,"June 2, 2021",1997,R,103 min
784,Movie,Carnaval,"June 2, 2021",2021,TV-MA,95 min
785,Movie,Cloudburst,"June 2, 2021",2011,TV-MA,93 min
786,TV Show,Cocomelon,"June 2, 2021",2021,TV-Y,3 Seasons
787,Movie,Company of Heroes,"June 2, 2021",2013,R,101 min
788,Movie,Cradle 2 the Grave,"June 2, 2021",2003,R,101 min
789,Movie,Domestic Disturbance,"June 2, 2021",2001,PG-13,89 min
790,TV Show,Downton Abbey,"June 2, 2021",2015,TV-14,6 Seasons
791,Movie,Dream/Killer,"June 2, 2021",2015,TV-MA,109 min
792,Movie,Felon,"June 2, 2021",2008,R,104 min
793,Movie,Flipped,"June 2, 2021",2010,PG,90 min
794,Movie,Fools Rush In,"June 2, 2021",1997,PG-13,109 min
795,Movie,Gold Statue,"June 2, 2021",2019,TV-14,145 min
796,TV Show,Happy Endings,"June 2, 2021",2012,TV-14,3 Seasons
797,Movie,Hostel: Part III,"June 2, 2021",2011,R,88 min
798,Movie,I Am Sam,"June 2, 2021",2001,PG-13,132 min
799,Movie,Love Jones,"June 2, 2021",1997,R,109 min
800,Movie,Million Dollar Baby,"June 2, 2021",2004,PG-13,133 min
801,Movie,Mosquita y Mari,"June 2, 2021",2012,TV-14,85 min
802,Movie,Never Back Down 2: The Beatdown,"June 2, 2021",2011,R,104 min
803,Movie,Ninja Assassin,"June 2, 2021",2009,R,99 min
804,TV Show,Ouran High School Host Club,"June 2, 2021",2006,TV-PG,1 Season
805,Movie,Population 436,"June 2, 2021",2006,R,93 min
806,TV Show,Racket Boys,"June 2, 2021",2021,TV-14,1 Season
807,Movie,Seven Souls in the Skull Castle: Season Moon Jogen,"June 2, 2021",2017,TV-14,204 min
808,Movie,Seven Souls in the Skull Castle: Season Moon Kagen,"June 2, 2021",2017,TV-PG,212 min
809,Movie,Sniper: Legacy,"June 2, 2021",2014,R,98 min
810,Movie,Starsky & Hutch,"June 2, 2021",2004,PG-13,101 min
811,Movie,Streets of Fire,"June 2, 2021",1984,PG,94 min
812,Movie,Super Monsters: Once Upon a Rhyme,"June 2, 2021",2021,TV-Y,25 min
813,Movie,Swordfish,"June 2, 2021",2001,R,99 min
814,TV Show,The Adventures of Sonic the Hedgehog,"June 2, 2021",1993,TV-Y7,1 Season
815,Movie,The Four Seasons,"June 2, 2021",1981,PG,108 min
816,Movie,The Girl King,"June 2, 2021",2015,TV-MA,106 min
817,Movie,The Interpreter,"June 2, 2021",2005,PG-13,128 min
818,Movie,The Meddler,"June 2, 2021",2015,PG-13,104 min
819,Movie,The Mirror Has Two Faces,"June 2, 2021",1996,PG-13,127 min
820,Movie,The Outlaw Josey Wales,"June 2, 2021",1976,PG,136 min
821,TV Show,The Platform,"June 2, 2021",2021,TV-14,3 Seasons
822,Movie,The Wedding Guest,"June 2, 2021",2018,R,97 min
823,Movie,The Wind,"June 2, 2021",2019,R,88 min
824,Movie,Then Came You,"June 2, 2021",2019,TV-MA,97 min
825,Movie,Welcome Home,"June 2, 2021",2018,R,97 min
826,TV Show,Dirty John,"May 31, 2021",2020,TV-MA,2 Seasons
827,Movie,Bo Burnham: Inside,"May 30, 2021",2021,TV-MA,88 min
828,Movie,One Lagos Night,"May 29, 2021",2021,TV-14,103 min
829,Movie,Collateral Beauty,"May 28, 2021",2016,PG-13,97 min
830,Movie,Dog Gone Trouble,"May 28, 2021",2021,TV-Y7,88 min
831,TV Show,The Kominsky Method,"May 28, 2021",2021,TV-MA,3 Seasons
832,TV Show,The Least Expected Day: Inside the Movistar Team 2019,"May 28, 2021",2021,TV-MA,2 Seasons
833,TV Show,Word of Honor,"May 28, 2021",2021,TV-14,1 Season
834,TV Show,Black Space,"May 27, 2021",2021,TV-MA,1 Season
835,Movie,Blue Miracle,"May 27, 2021",2021,TV-PG,97 min
836,TV Show,Eden,"May 27, 2021",2021,TV-PG,1 Season
837,Movie,Ghost Lab,"May 27, 2021",2021,TV-MA,118 min
838,TV Show,Ragnarok,"May 27, 2021",2021,TV-MA,2 Seasons
839,Movie,Soy Rada: Serendipity,"May 27, 2021",2021,TV-MA,70 min
840,Movie,The Day I lost My Shadow,"May 27, 2021",2018,TV-MA,91 min
841,Movie,Baggio: The Divine Ponytail,"May 26, 2021",2021,TV-MA,92 min
842,Movie,Gatao - The Last Stray,"May 26, 2021",2021,TV-MA,120 min
843,TV Show,High on the Hog: How African American Cuisine Transformed America,"May 26, 2021",2021,TV-14,1 Season
844,TV Show,JoJo's Bizarre Adventure,"May 26, 2021",2016,TV-MA,3 Seasons
845,Movie,Nail Bomber: Manhunt,"May 26, 2021",2021,TV-MA,73 min
846,Movie,A Place in the Stars,"May 25, 2021",2014,TV-14,110 min
847,Movie,Home,"May 25, 2021",2015,PG,94 min
848,TV Show,Mad for Each Other,"May 24, 2021",2021,TV-MA,1 Season
849,TV Show,Master of None,"May 23, 2021",2021,TV-MA,3 Seasons
850,Movie,Sam Smith: Love Goes - Live at Abbey Road Studios,"May 22, 2021",2020,TV-G,61 min
851,Movie,99 Songs,"May 21, 2021",2021,TV-14,131 min
852,Movie,99 Songs (Tamil),"May 21, 2021",2021,TV-14,131 min
853,Movie,99 Songs (Telugu),"May 21, 2021",2021,TV-14,131 min
854,Movie,Army of the Dead,"May 21, 2021",2021,R,148 min
855,Movie,Creating an Army of the Dead,"May 21, 2021",2021,TV-MA,29 min
856,TV Show,Jurassic World Camp Cretaceous,"May 21, 2021",2021,TV-Y7,3 Seasons
857,Movie,Strain,"May 21, 2021",2020,TV-MA,107 min
858,TV Show,The Neighbor,"May 21, 2021",2021,TV-MA,2 Seasons
859,Movie,678,"May 20, 2021",2009,TV-14,99 min
860,Movie,Asmaa,"May 20, 2021",2011,TV-14,92 min
861,Movie,Hating Peter Tatchell,"May 20, 2021",2020,TV-MA,91 min
862,Movie,Little Singham Future mein Satakli,"May 20, 2021",2021,TV-Y7,47 min
863,TV Show,Special,"May 20, 2021",2021,TV-MA,2 Seasons
864,Movie,Spy Kids: All the Time in the World,"May 20, 2021",2011,PG,88 min
865,Movie,Taxi No. 9211,"May 20, 2021",2006,TV-14,116 min
866,Movie,Sabotage,"May 19, 2021",2014,R,109 min
867,Movie,Small Town Crime,"May 19, 2021",2017,R,92 min
868,Movie,The Last Days,"May 19, 2021",1998,PG-13,87 min
869,TV Show,The Magic School Bus,"May 19, 2021",1997,TV-Y,1 Season
870,TV Show,Who Killed Sara?,"May 19, 2021",2021,TV-MA,2 Seasons
871,Movie,Amy Tan: Unintended Memoir,"May 18, 2021",2021,TV-14,101 min
872,Movie,Sardar Ka Grandson,"May 18, 2021",2021,TV-14,140 min
873,Movie,Sleight,"May 16, 2021",2016,R,89 min
874,Movie,Ahaan,"May 15, 2021",2021,TV-MA,81 min
875,TV Show,Booba: Food Puzzle,"May 15, 2021",2021,TV-Y,1 Season
876,Movie,Love or Money,"May 15, 2021",2020,TV-MA,116 min
877,TV Show,Alma Matters,"May 14, 2021",2021,TV-MA,1 Season
878,Movie,Cinema Bandi,"May 14, 2021",2021,TV-MA,99 min
879,Movie,Ferry,"May 14, 2021",2021,TV-MA,107 min
880,TV Show,Halston,"May 14, 2021",2021,TV-MA,1 Season
881,TV Show,Haunted,"May 14, 2021",2021,TV-MA,3 Seasons
882,Movie,I Am All Girls,"May 14, 2021",2021,TV-MA,107 min
883,Movie,Jungle Beat: The Movie,"May 14, 2021",2021,TV-Y7,90 min
884,TV Show,"Love, Death & Robots","May 14, 2021",2021,TV-MA,2 Seasons
885,TV Show,Move to Heaven,"May 14, 2021",2021,TV-MA,1 Season
886,Movie,Table Manners,"May 14, 2021",2018,TV-MA,104 min
887,TV Show,The Mystic River,"May 14, 2021",2020,TV-14,1 Season
888,Movie,The Strange House,"May 14, 2021",2020,TV-MA,100 min
889,Movie,The Upshaws - The Afterparty,"May 14, 2021",2021,TV-14,32 min
890,Movie,The Woman in the Window,"May 14, 2021",2021,R,102 min
891,TV Show,Castlevania,"May 13, 2021",2021,TV-MA,4 Seasons
892,Movie,Layer Cake,"May 13, 2021",2004,R,105 min
893,Movie,Tottaa Pataaka Item Maal,"May 13, 2021",2018,TV-MA,107 min
894,Movie,Wave of Cinema: Filosofi Kopi,"May 13, 2021",2020,TV-14,64 min
895,Movie,Dance of the Forty One,"May 12, 2021",2021,TV-MA,99 min
896,Movie,Oxygen,"May 12, 2021",2021,TV-14,102 min
897,TV Show,The Upshaws,"May 12, 2021",2021,TV-14,1 Season
898,TV Show,Use For My Talent,"May 12, 2021",2021,TV-14,1 Season
899,Movie,Dear Affy,"May 11, 2021",2020,TV-14,126 min
900,Movie,Illegal Woman,"May 11, 2021",2020,TV-MA,119 min
901,TV Show,"Money, Explained","May 11, 2021",2021,TV-14,1 Season
902,Movie,Deadly Switch,"May 10, 2021",2019,TV-PG,86 min
903,TV Show,Mine,"May 9, 2021",2021,TV-14,1 Season
904,Movie,Nayattu,"May 9, 2021",2021,TV-MA,122 min
905,Movie,Sleepless,"May 8, 2021",2017,R,95 min
906,Movie,Super Me,"May 8, 2021",2021,TV-14,104 min
907,Movie,Have You Ever Seen Fireflies? - Theatre Play,"May 7, 2021",1999,TV-MA,118 min
908,Movie,In Our Mothers' Gardens,"May 7, 2021",2020,TV-MA,85 min
909,TV Show,Jupiter's Legacy,"May 7, 2021",2021,TV-MA,1 Season
910,Movie,Milestone,"May 7, 2021",2021,TV-14,98 min
911,Movie,Monster,"May 7, 2021",2021,TV-MA,99 min
912,TV Show,Sab Jholmaal Hai,"May 7, 2021",2017,TV-Y7,2 Seasons
913,Movie,The Circle - The Afterparty,"May 7, 2021",2021,TV-14,35 min
914,Movie,Time to Dance,"May 7, 2021",2020,TV-PG,107 min
915,Movie,Unrest,"May 7, 2021",2017,TV-MA,97 min
916,Movie,And Tomorrow the Entire World,"May 6, 2021",2020,TV-MA,112 min
917,Movie,Dead Man Down,"May 6, 2021",2013,R,118 min
918,Movie,Framing John DeLorean,"May 5, 2021",2019,TV-MA,109 min
919,TV Show,Lava Ka Dhaava,"May 5, 2021",2021,TV-PG,1 Season
920,TV Show,The Sons of Sam: A Descent into Darkness,"May 5, 2021",2021,TV-MA,1 Season
921,TV Show,Selena: The Series,"May 4, 2021",2020,TV-PG,2 Seasons
922,TV Show,StartUp,"May 4, 2021",2018,TV-MA,3 Seasons
923,Movie,The Clovehitch Killer,"May 4, 2021",2018,TV-MA,109 min
924,TV Show,Trash Truck,"May 4, 2021",2021,TV-Y,2 Seasons
925,Movie,Aliens Stole My Body,"May 1, 2021",2020,PG,88 min
926,TV Show,Angelina Ballerina,"May 1, 2021",2010,TV-Y,2 Seasons
927,Movie,Au coeur des gangs,"May 1, 2021",2006,R,97 min
928,TV Show,Barney and Friends,"May 1, 2021",2010,TV-Y,2 Seasons
929,Movie,Best of the Best,"May 1, 2021",1989,PG-13,97 min
930,Movie,Dead Again in Tombstone,"May 1, 2021",2017,R,99 min
931,Movie,Due Date,"May 1, 2021",2010,R,95 min
932,Movie,Fun with Dick & Jane,"May 1, 2021",2005,PG-13,91 min
933,Movie,Green Zone,"May 1, 2021",2010,R,115 min
934,Movie,Hachi: A Dog's Tale,"May 1, 2021",2009,G,93 min
935,Movie,JT LeRoy,"May 1, 2021",2018,R,109 min
936,Movie,Madagascar 3: Europe's Most Wanted,"May 1, 2021",2012,PG,96 min
937,TV Show,Miniforce: Super Dino Power,"May 1, 2021",2020,TV-Y7,1 Season
938,Movie,Motu Patlu in Dragon's World,"May 1, 2021",2017,TV-Y7,78 min
939,Movie,Motu Patlu in the Game of Zones,"May 1, 2021",2019,TV-Y7,87 min
940,Movie,Motu Patlu in Wonderland,"May 1, 2021",2013,TV-Y7,76 min
941,Movie,Motu Patlu: Deep Sea Adventure,"May 1, 2021",2014,TV-Y7,76 min
942,Movie,Motu Patlu: Mission Moon,"May 1, 2021",2013,TV-Y7,71 min
943,Movie,Mystic River,"May 1, 2021",2003,R,138 min
944,Movie,Never Back Down,"May 1, 2021",2008,PG-13,113 min
945,Movie,S.M.A.R.T Chase,"May 1, 2021",2018,TV-MA,94 min
946,Movie,Sitting in Limbo,"May 1, 2021",2020,TV-MA,89 min
947,Movie,Stargate,"May 1, 2021",1994,PG-13,121 min
948,Movie,State of Play,"May 1, 2021",2009,PG-13,127 min
949,Movie,Swiped,"May 1, 2021",2018,TV-14,94 min
950,Movie,The Darkest Hour,"May 1, 2021",2011,PG-13,89 min
951,Movie,The Lovely Bones,"May 1, 2021",2009,PG-13,136 min
952,Movie,The Sweetest Thing,"May 1, 2021",2002,R,89 min
953,Movie,The Whole Nine Yards,"May 1, 2021",2000,R,99 min
954,Movie,The Whole Truth,"May 1, 2021",2016,R,93 min
955,Movie,The Yeti Adventures,"May 1, 2021",2018,TV-PG,85 min
956,Movie,Under Siege,"May 1, 2021",1992,R,102 min
957,Movie,Zack and Miri Make a Porno,"May 1, 2021",2008,R,101 min
958,TV Show,Pet Stars,"April 30, 2021",2021,TV-PG,1 Season
959,Movie,Seven,"April 30, 2021",2019,TV-14,113 min
960,Movie,The Disciple,"April 30, 2021",2021,TV-MA,128 min
961,TV Show,The Innocent,"April 30, 2021",2021,TV-MA,1 Season
962,Movie,The Mitchells vs. The Machines,"April 30, 2021",2021,PG,114 min
963,Movie,The Strangers: Prey at Night,"April 30, 2021",2018,R,85 min
964,TV Show,The Unremarkable Juanquini,"April 30, 2021",2021,TV-MA,2 Seasons
965,Movie,Things Heard & Seen,"April 29, 2021",2021,TV-MA,121 min
966,TV Show,Yasuke,"April 29, 2021",2021,TV-MA,1 Season
967,Movie,Get the Grift,"April 28, 2021",2021,TV-MA,95 min
968,TV Show,Headspace Guide to Sleep,"April 28, 2021",2021,TV-G,1 Season
969,TV Show,Sexify,"April 28, 2021",2021,TV-MA,1 Season
970,Movie,August: Osage County,"April 27, 2021",2014,R,121 min
971,Movie,Battle: Los Angeles,"April 27, 2021",2011,PG-13,116 min
972,Movie,Between Worlds,"April 27, 2021",2018,R,91 min
973,TV Show,Fatma,"April 27, 2021",2021,TV-MA,1 Season
974,Movie,One,"April 27, 2021",2020,TV-PG,149 min
975,Movie,Ram Prasad Ki Tehrvi,"April 24, 2021",2019,TV-14,113 min
976,Movie,Shadow and Bone - The Afterparty,"April 24, 2021",2021,TV-14,33 min
977,Movie,Among Family,"April 23, 2021",2017,TV-14,127 min
978,Movie,Dedemin Fisi,"April 23, 2021",2016,TV-14,101 min
979,Movie,Deliha,"April 23, 2021",2014,TV-MA,102 min
980,Movie,Düğün Dernek,"April 23, 2021",2013,TV-MA,102 min
981,Movie,Dügün Dernek 2: Sünnet,"April 23, 2021",2015,TV-MA,107 min
982,Movie,G.O.R.A,"April 23, 2021",2004,TV-MA,123 min
983,Movie,Hayat Öpücügü,"April 23, 2021",2015,TV-14,98 min
984,Movie,Heroes: Silence and Rock & Roll,"April 23, 2021",2021,TV-MA,95 min
985,Movie,Kara Bela,"April 23, 2021",2015,TV-MA,101 min
986,Movie,Kocan Kadar Konus,"April 23, 2021",2015,TV-MA,104 min
987,Movie,Kocan Kadar Konus 2: Dirilis,"April 23, 2021",2016,TV-14,104 min
988,Movie,Legal Hash,"April 23, 2021",2019,TV-MA,103 min
989,TV Show,Let's Fight Ghost,"April 23, 2021",2021,TV-14,1 Season
990,Movie,My Travel Buddy,"April 23, 2021",2017,TV-MA,111 min
991,Movie,Niyazi Gül Dörtnala,"April 23, 2021",2015,TV-MA,102 min
992,Movie,One Like It,"April 23, 2021",2020,TV-G,15 min
993,Movie,Perfume Imaginary Museum “Time Warp”,"April 23, 2021",2020,TV-G,54 min
994,TV Show,Shadow and Bone,"April 23, 2021",2021,TV-14,1 Season
995,Movie,This Lady Called Life,"April 23, 2021",2020,TV-14,120 min
996,Movie,Vizontele,"April 23, 2021",2001,TV-MA,106 min
997,Movie,HOMUNCULUS,"April 22, 2021",2021,TV-MA,116 min
998,TV Show,Life in Color with David Attenborough,"April 22, 2021",2021,TV-PG,1 Season
999,Movie,Searching For Sheela,"April 22, 2021",2021,TV-14,58 min
1000,Movie,Stowaway,"April 22, 2021",2021,TV-MA,116 min
1001,Movie,Wild Dog,"April 22, 2021",2020,TV-MA,126 min
1002,Movie,Oloibiri,"April 21, 2021",2015,TV-14,86 min
1003,Movie,Tell Me When,"April 21, 2021",2021,TV-MA,97 min
1004,TV Show,Zero,"April 21, 2021",2021,TV-MA,1 Season
1005,TV Show,Izzy's Koala World,"April 20, 2021",2021,TV-Y,2 Seasons
1006,Movie,Keymon and Nani in Space Adventure,"April 20, 2021",2013,TV-Y,76 min
1007,Movie,Motu Patlu Dino Invasion,"April 20, 2021",2018,TV-Y7,80 min
1008,Movie,Motu Patlu in Octupus World,"April 20, 2021",2017,TV-Y,81 min
1009,Movie,Motu Patlu VS Robo Kids,"April 20, 2021",2019,TV-Y,84 min
1010,Movie,Rudra: Secret of the Black Moon,"April 20, 2021",2020,TV-Y7,87 min
1011,Movie,Rudra: The Rise of King Pharaoh,"April 20, 2021",2019,TV-Y7,91 min
1012,Movie,Free to Play,"April 19, 2021",2014,TV-14,76 min
1013,TV Show,Luis Miguel - The Series,"April 19, 2021",2021,TV-MA,2 Seasons
1014,Movie,Miss Sloane,"April 19, 2021",2016,R,132 min
1015,TV Show,PJ Masks,"April 19, 2021",2019,TV-Y,3 Seasons
1016,Movie,American Me,"April 17, 2021",1992,R,126 min
1017,Movie,Delhi Belly,"April 17, 2021",2011,TV-MA,101 min
1018,Movie,Dhobi Ghat (Mumbai Diaries),"April 17, 2021",2010,TV-MA,102 min
1019,Movie,Jaane Tu... Ya Jaane Na,"April 17, 2021",2008,TV-14,147 min
1020,Movie,Lagaan,"April 17, 2021",2001,PG,224 min
1021,Movie,Madness in the Desert,"April 17, 2021",2004,TV-14,141 min
1022,Movie,Peepli Live,"April 17, 2021",2010,TV-MA,109 min
1023,Movie,Taare Zameen Par,"April 17, 2021",2007,PG,162 min
1024,Movie,Ajeeb Daastaans,"April 16, 2021",2021,TV-MA,142 min
1025,Movie,Arlo the Alligator Boy,"April 16, 2021",2021,TV-Y7,93 min
1026,TV Show,Bakugan: Geogan Rising,"April 16, 2021",2021,TV-Y7,1 Season
1027,Movie,Barbie & Chelsea: The Lost Birthday,"April 16, 2021",2021,TV-Y,60 min
1028,Movie,Crimson Peak,"April 16, 2021",2015,R,119 min
1029,Movie,Dad Stop Embarrassing Me - The Afterparty,"April 16, 2021",2021,TV-14,37 min
1030,Movie,Doctor Bello,"April 16, 2021",2013,TV-MA,96 min
1031,Movie,Four Sisters Before the Wedding,"April 16, 2021",2020,TV-MA,116 min
1032,Movie,Into the Beat,"April 16, 2021",2020,TV-14,102 min
1033,TV Show,Love Naggers,"April 16, 2021",2021,TV-14,1 Season
1034,Movie,Rush,"April 16, 2021",2013,R,123 min
1035,Movie,Synchronic,"April 16, 2021",2020,R,102 min
1036,Movie,The Zookeeper's Wife,"April 16, 2021",2017,PG-13,127 min
1037,Movie,Time Trap,"April 16, 2021",2017,TV-14,88 min
1038,Movie,Tuesdays & Fridays,"April 16, 2021",2021,TV-14,106 min
1039,TV Show,Dancing Angels,"April 15, 2021",2016,TV-PG,1 Season
1040,Movie,Dark City Beneath the Beat,"April 15, 2021",2020,TV-MA,65 min
1041,TV Show,Durarara!!,"April 15, 2021",2016,TV-MA,1 Season
1042,Movie,GANTZ:O,"April 15, 2021",2016,TV-MA,96 min
1043,TV Show,Garth Brooks: The Road I’m On,"April 15, 2021",2019,TV-PG,1 Season
1044,TV Show,Gilmore Girls,"April 15, 2021",2006,TV-14,7 Seasons
1045,TV Show,High-Rise Invasion,"April 15, 2021",2021,TV-MA,1 Season
1046,TV Show,Next in Fashion,"April 15, 2021",2020,TV-14,1 Season
1047,Movie,Only Mine,"April 15, 2021",2019,TV-14,88 min
1048,TV Show,Peasants Rebellion,"April 15, 2021",2018,TV-14,1 Season
1049,TV Show,Power Players,"April 15, 2021",2020,TV-Y,3 Seasons
1050,TV Show,Ricky Zoom,"April 15, 2021",2019,TV-Y,1 Season
1051,Movie,Ride or Die,"April 15, 2021",2021,TV-MA,143 min
1052,TV Show,Sonic X,"April 15, 2021",2003,TV-Y7,2 Seasons
1053,Movie,The Master,"April 15, 2021",2012,R,137 min
1054,Movie,Time Is Illmatic,"April 15, 2021",2014,TV-MA,75 min
1055,Movie,Wave of Cinema: One Day We'll Talk About Today,"April 15, 2021",2020,TV-14,71 min
1056,Movie,Zoot Suit,"April 15, 2021",1981,R,103 min
1057,TV Show,Ajaibnya Cinta,"April 14, 2021",2015,TV-PG,1 Season
1058,TV Show,Dad Stop Embarrassing Me!,"April 14, 2021",2021,TV-14,1 Season
1059,TV Show,Fate: The Winx Saga,"April 14, 2021",2021,TV-MA,1 Season
1060,TV Show,House of Cards,"April 14, 2021",2018,TV-MA,6 Seasons
1061,TV Show,Indian Matchmaking,"April 14, 2021",2020,TV-14,1 Season
1062,TV Show,Jeffrey Epstein: Filthy Rich,"April 14, 2021",2020,TV-MA,1 Season
1063,TV Show,Law School,"April 14, 2021",2021,TV-14,1 Season
1064,TV Show,Living with Yourself,"April 14, 2021",2019,TV-MA,1 Season
1065,TV Show,Signal,"April 14, 2021",2016,TV-MA,1 Season
1066,TV Show,Slasher,"April 14, 2021",2019,TV-MA,3 Seasons
1067,Movie,The Soul,"April 14, 2021",2021,TV-MA,130 min
1068,TV Show,The Underclass,"April 14, 2021",2020,TV-MA,1 Season
1069,TV Show,Unnatural Selection,"April 14, 2021",2019,TV-MA,1 Season
1070,Movie,Uppena,"April 14, 2021",2020,TV-14,145 min
1071,Movie,Why Did You Kill Me?,"April 14, 2021",2021,TV-MA,84 min
1072,Movie,Motu Patlu in Hong Kong: Kung Fu Kings 3,"April 13, 2021",2017,TV-Y7,84 min
1073,Movie,Motu Patlu in the City of Gold,"April 13, 2021",2018,TV-Y7,77 min
1074,Movie,Motu Patlu Kung Fu Kings 4 The Challenge of Kung Fu Brothers,"April 13, 2021",2018,TV-Y7,86 min
1075,Movie,Motu Patlu the Superheroes – Super Villains from Mars,"April 13, 2021",2019,TV-Y7,79 min
1076,TV Show,My Love: Six Stories of True Love,"April 13, 2021",2021,TV-PG,1 Season
1077,Movie,Shiva VS Autobots,"April 13, 2021",2018,TV-Y7,80 min
1078,Movie,Shiva: Journey to Plunotaria,"April 13, 2021",2019,TV-Y7,81 min
1079,Movie,Shiva: The Secret World Of Vedas City,"April 13, 2021",2017,TV-Y,78 min
1080,TV Show,The Baker and the Beauty,"April 13, 2021",2020,TV-PG,1 Season
1081,Movie,New Gods: Nezha Reborn,"April 12, 2021",2021,TV-14,118 min
1082,TV Show,"Nicky, Ricky, Dicky & Dawn","April 12, 2021",2018,TV-G,4 Seasons
1083,TV Show,Don't be the First one,"April 11, 2021",2021,TV-14,1 Season
1084,Movie,The Stand-In,"April 10, 2021",2020,R,102 min
1085,TV Show,Heaven Official's Blessing,"April 9, 2021",2020,TV-14,1 Season
1086,Movie,Night in Paradise,"April 9, 2021",2021,TV-MA,132 min
1087,Movie,Ojukokoro: Greed,"April 9, 2021",2016,TV-MA,108 min
1088,Movie,Roohi,"April 9, 2021",2021,TV-14,133 min
1089,Movie,Thunder Force,"April 9, 2021",2021,PG-13,107 min
1090,Movie,Two Distant Strangers,"April 9, 2021",2021,TV-MA,32 min
1091,Movie,Story of Kale: When Someone's in Love,"April 8, 2021",2020,TV-PG,78 min
1092,TV Show,The Way of the Househusband,"April 8, 2021",2021,TV-MA,1 Season
1093,Movie,Dolly Parton: A MusiCares Tribute,"April 7, 2021",2021,TV-PG,55 min
1094,TV Show,The Big Day,"April 7, 2021",2021,TV-14,2 Seasons
1095,TV Show,The Wedding Coach,"April 7, 2021",2021,TV-MA,1 Season
1096,TV Show,This Is a Robbery: The World's Biggest Art Heist,"April 7, 2021",2021,TV-MA,1 Season
1097,Movie,The Last Kids on Earth: Happy Apocalypse to You,"April 6, 2021",2021,TV-Y7,92 min
1098,Movie,Coded Bias,"April 5, 2021",2020,TV-MA,86 min
1099,Movie,Mandela,"April 5, 2021",2021,TV-14,140 min
1100,Movie,The Fisherman's Diary,"April 4, 2021",2020,TV-MA,143 min
1101,Movie,What Lies Below,"April 4, 2021",2020,TV-MA,88 min
1102,Movie,Escape from Planet Earth,"April 3, 2021",2013,PG,89 min
1103,Movie,Accepted,"April 2, 2021",2006,PG-13,93 min
1104,Movie,Air Strike,"April 2, 2021",2018,R,97 min
1105,Movie,An American Girl: McKenna Shoots for the Stars,"April 2, 2021",2012,TV-Y,94 min
1106,Movie,Concrete Cowboy,"April 2, 2021",2021,R,112 min
1107,Movie,Cross: Rise of the Villains,"April 2, 2021",2019,R,100 min
1108,Movie,God Calling,"April 2, 2021",2018,TV-MA,120 min
1109,Movie,Irul,"April 2, 2021",2021,TV-MA,91 min
1110,Movie,Just Say Yes,"April 2, 2021",2021,TV-MA,98 min
1111,Movie,Madame Claude,"April 2, 2021",2021,TV-MA,113 min
1112,Movie,Wild Child,"April 2, 2021",2008,PG-13,98 min
1113,Movie,Woody Woodpecker,"April 2, 2021",2017,PG,91 min
1114,Movie,2012,"April 1, 2021",2009,PG-13,158 min
1115,Movie,3 Idiots,"April 1, 2021",2009,PG-13,164 min
1116,Movie,Ferrari Ki Sawaari,"April 1, 2021",2012,TV-PG,133 min
1117,TV Show,Glimpses of a Future,"April 1, 2021",2020,TV-PG,1 Season
1118,Movie,Ibrahim a Fate to Define,"April 1, 2021",2019,TV-PG,75 min
1119,Movie,Insidious,"April 1, 2021",2010,PG-13,103 min
1120,Movie,Into the Grizzly Maze,"April 1, 2021",2015,R,90 min
1121,Movie,Kingsglaive: Final Fantasy XV,"April 1, 2021",2016,PG-13,116 min
1122,Movie,Legally Blonde,"April 1, 2021",2001,PG-13,96 min
1123,Movie,Madam Chief Minister,"April 1, 2021",2020,TV-14,121 min
1124,TV Show,Magical Andes,"April 1, 2021",2021,TV-G,2 Seasons
1125,Movie,Maximum Risk,"April 1, 2021",1996,R,101 min
1126,TV Show,Murder Maps,"April 1, 2021",2017,TV-MA,2 Seasons
1127,Movie,My Fair Lady,"April 1, 2021",1964,G,173 min
1128,TV Show,Prank Encounters,"April 1, 2021",2021,TV-MA,2 Seasons
1129,Movie,S.W.A.T.: Under Siege,"April 1, 2021",2017,R,89 min
1130,TV Show,Secrets of Great British Castles,"April 1, 2021",2016,TV-PG,2 Seasons
1131,Movie,Seven Souls in the Skull Castle: Season Bird,"April 1, 2021",2017,TV-14,182 min
1132,Movie,Seven Souls in the Skull Castle: Season Flower,"April 1, 2021",2017,TV-14,181 min
1133,Movie,Seven Souls in the Skull Castle: Season Wind,"April 1, 2021",2017,TV-14,185 min
1134,Movie,Sniper: Ghost Shooter,"April 1, 2021",2016,R,99 min
1135,Movie,Starship Troopers: Traitor of Mars,"April 1, 2021",2017,R,88 min
1136,Movie,Takers,"April 1, 2021",2010,PG-13,107 min
1137,Movie,Tersanjung the Movie,"April 1, 2021",2021,TV-14,114 min
1138,Movie,The Knight and the Princess,"April 1, 2021",2019,TV-PG,96 min
1139,Movie,The Pianist,"April 1, 2021",2002,R,149 min
1140,Movie,The Stepfather,"April 1, 2021",2009,PG-13,102 min
1141,Movie,Universal Soldier: The Return,"April 1, 2021",1999,R,83 min
1142,Movie,Wazir,"April 1, 2021",2016,TV-14,98 min
1143,Movie,White Boy,"April 1, 2021",2017,TV-MA,83 min
1144,TV Show,Worn Stories,"April 1, 2021",2021,TV-MA,1 Season
1145,Movie,Yes Man,"April 1, 2021",2008,PG-13,104 min
1146,Movie,At Eternity's Gate,"March 31, 2021",2018,PG-13,111 min
1147,TV Show,Haunted: Latin America,"March 31, 2021",2021,TV-14,1 Season
1148,Movie,Not a Game,"March 31, 2021",2020,TV-MA,98 min
1149,TV Show,Robocar Poli,"March 31, 2021",2015,TV-Y,2 Seasons
1150,TV Show,Yu-Gi-Oh!,"March 31, 2021",2005,TV-Y7,1 Season
1151,Movie,7 Yards: The Chris Norton Story,"March 30, 2021",2021,TV-PG,93 min
1152,Movie,Octonauts & the Ring of Fire,"March 30, 2021",2021,TV-Y,73 min
1153,TV Show,Rainbow High,"March 30, 2021",2020,TV-Y,1 Season
1154,Movie,Mandela: Long Walk to Freedom,"March 29, 2021",2013,PG-13,141 min
1155,Movie,Lawless,"March 28, 2021",2012,R,116 min
1156,Movie,Marked,"March 28, 2021",2021,TV-PG,21 min
1157,Movie,A Week Away,"March 26, 2021",2021,TV-PG,98 min
1158,Movie,Bad Trip,"March 26, 2021",2021,TV-MA,87 min
1159,TV Show,Big Time Rush,"March 26, 2021",2013,TV-G,4 Seasons
1160,Movie,Black Is Beltza,"March 26, 2021",2018,TV-MA,87 min
1161,Movie,Croupier,"March 26, 2021",1998,TV-MA,95 min
1162,Movie,Elizabeth and Margaret: Love and Loyalty,"March 26, 2021",2020,TV-PG,87 min
1163,Movie,Keeping the Bees,"March 26, 2021",2020,TV-14,93 min
1164,TV Show,Magic for Humans Spain,"March 26, 2021",2021,TV-MA,1 Season
1165,Movie,Ni de coña,"March 26, 2021",2020,TV-MA,97 min
1166,Movie,Pagglait,"March 26, 2021",2021,TV-PG,114 min
1167,TV Show,The Irregulars,"March 26, 2021",2021,TV-14,1 Season
1168,Movie,Caught by a Wave,"March 25, 2021",2021,TV-14,100 min
1169,TV Show,DOTA: Dragon's Blood,"March 25, 2021",2021,TV-MA,1 Season
1170,TV Show,Pui Pui Molcar,"March 25, 2021",2021,TV-Y7,1 Season
1171,Movie,Secret Magic Control Agency,"March 25, 2021",2021,TV-Y7,105 min
1172,Movie,Seaspiracy,"March 24, 2021",2021,TV-14,90 min
1173,Movie,Loyiso Gola: Unlearning,"March 23, 2021",2021,TV-MA,60 min
1174,TV Show,Men on a Mission,"March 23, 2021",2021,TV-14,6 Seasons
1175,TV Show,Navillera,"March 23, 2021",2021,TV-14,1 Season
1176,Movie,Philomena,"March 22, 2021",2013,PG-13,98 min
1177,Movie,Any Crybabies Around?,"March 20, 2021",2020,TV-MA,108 min
1178,Movie,Hospital,"March 20, 2021",2020,TV-MA,90 min
1179,Movie,Jiu Jitsu,"March 20, 2021",2020,R,102 min
1180,TV Show,Mighty Morphin Power Rangers,"March 20, 2021",2010,TV-Y7,4 Seasons
1181,TV Show,Alien TV,"March 19, 2021",2021,TV-Y7,2 Seasons
1182,TV Show,Country Comfort,"March 19, 2021",2021,TV-PG,1 Season
1183,TV Show,Formula 1: Drive to Survive,"March 19, 2021",2021,TV-MA,3 Seasons
1184,Movie,Reframe THEATER EXPERIENCE with you,"March 19, 2021",2020,TV-G,84 min
1185,Movie,The Yin Yang Master,"March 19, 2021",2021,TV-14,120 min
1186,Movie,Who's the Boss,"March 19, 2021",2020,TV-MA,106 min
1187,TV Show,B: The Beginning,"March 18, 2021",2021,TV-MA,2 Seasons
1188,Movie,Deadly Illusions,"March 18, 2021",2021,R,115 min
1189,Movie,Get the Goat,"March 18, 2021",2021,TV-14,98 min
1190,Movie,Nate Bargatze: The Greatest Average American,"March 18, 2021",2021,TV-G,60 min
1191,Movie,Skylines,"March 18, 2021",2020,R,113 min
1192,Movie,The Fluffy Movie,"March 18, 2021",2014,PG-13,101 min
1193,Movie,The Present,"March 18, 2021",2020,TV-MA,24 min
1194,Movie,Wave of Cinema: 90's Generation,"March 18, 2021",2020,TV-PG,51 min
1195,Movie,Catch.er,"March 17, 2021",2017,TV-14,80 min
1196,Movie,Operation Varsity Blues: The College Admissions Scandal,"March 17, 2021",2021,R,100 min
1197,TV Show,Under Suspicion: Uncovering the Wesphael Case,"March 17, 2021",2021,TV-14,1 Season
1198,Movie,Get on Up,"March 16, 2021",2014,PG-13,139 min
1199,Movie,RebellComedy: Straight Outta the Zoo,"March 16, 2021",2021,TV-MA,74 min
1200,Movie,Savages,"March 16, 2021",2012,R,131 min
1201,TV Show,Waffles + Mochi,"March 16, 2021",2021,TV-Y,1 Season
1202,TV Show,Abla Fahita: Drama Queen,"March 15, 2021",2021,TV-14,1 Season
1203,Movie,C/O Kaadhal,"March 15, 2021",2021,TV-14,131 min
1204,Movie,The BFG,"March 15, 2021",2016,PG,118 min
1205,Movie,The Last Blockbuster,"March 15, 2021",2020,TV-14,87 min
1206,TV Show,The Lost Pirate Kingdom,"March 15, 2021",2021,TV-MA,1 Season
1207,TV Show,Zero Chill,"March 15, 2021",2021,TV-G,1 Season
1208,Movie,Audrey,"March 14, 2021",2020,TV-14,101 min
1209,Movie,Çarsi Pazar,"March 12, 2021",2015,TV-MA,97 min
1210,Movie,Just In Time,"March 12, 2021",2020,TV-G,92 min
1211,TV Show,Love Alarm,"March 12, 2021",2021,TV-MA,2 Seasons
1212,Movie,Mucize,"March 12, 2021",2015,TV-14,136 min
1213,Movie,Paper Lives,"March 12, 2021",2021,TV-MA,97 min
1214,TV Show,Paradise PD,"March 12, 2021",2021,TV-MA,3 Seasons
1215,Movie,Quiet,"March 12, 2021",2020,TV-MA,103 min
1216,Movie,Romantik Komedi,"March 12, 2021",2010,TV-MA,110 min
1217,Movie,Romantik Komedi 2: Bekarlığa Veda,"March 12, 2021",2013,TV-MA,105 min
1218,TV Show,The One,"March 12, 2021",2021,TV-MA,1 Season
1219,Movie,YES DAY,"March 12, 2021",2021,PG,90 min
1220,Movie,You're Everything To Me,"March 12, 2021",2016,TV-PG,107 min
1221,Movie,Coven of Sisters,"March 11, 2021",2021,TV-MA,92 min
1222,Movie,Generasi 90an: Melankolia,"March 11, 2021",2020,TV-14,94 min
1223,Movie,The Block Island Sound,"March 11, 2021",2020,TV-MA,99 min
1224,TV Show,Dealer,"March 10, 2021",2021,TV-MA,1 Season
1225,TV Show,Last Chance U: Basketball,"March 10, 2021",2021,TV-MA,1 Season
1226,TV Show,Marriage or Mortgage,"March 10, 2021",2021,TV-G,1 Season
1227,TV Show,The Houseboat,"March 9, 2021",2021,TV-14,1 Season
1228,TV Show,Bombay Begums,"March 8, 2021",2021,TV-MA,1 Season
1229,Movie,Bombay Rose,"March 8, 2021",2021,PG-13,97 min
1230,TV Show,My Way,"March 6, 2021",2015,TV-14,1 Season
1231,Movie,Aelay,"March 5, 2021",2021,TV-14,151 min
1232,TV Show,City of Ghosts,"March 5, 2021",2021,TV-Y7,1 Season
1233,Movie,Dogwashers,"March 5, 2021",2021,TV-MA,108 min
1234,Movie,Fate of Alakada,"March 5, 2021",2020,TV-14,113 min
1235,TV Show,Nevenka: Breaking the Silence,"March 5, 2021",2021,TV-MA,1 Season
1236,TV Show,Pokémon Journeys: The Series,"March 5, 2021",2021,TV-Y7,4 Seasons
1237,Movie,Sentinelle,"March 5, 2021",2021,TV-MA,81 min
1238,Movie,Mariposa,"March 4, 2021",2020,TV-14,116 min
1239,TV Show,Pacific Rim: The Black,"March 4, 2021",2021,TV-14,1 Season
1240,Movie,Parker,"March 4, 2021",2013,R,119 min
1241,Movie,Safe Haven,"March 4, 2021",2013,PG-13,116 min
1242,Movie,Moxie,"March 3, 2021",2021,PG-13,112 min
1243,TV Show,Murder Among the Mormons,"March 3, 2021",2021,TV-14,1 Season
1244,Movie,Black or White,"March 2, 2021",2014,PG-13,121 min
1245,Movie,Indoo Ki Jawani,"March 2, 2021",2020,TV-14,115 min
1246,TV Show,Word Party,"March 2, 2021",2021,TV-Y,5 Seasons
1247,TV Show,A Perfect Day For Arsenide,"March 1, 2021",2019,TV-MA,1 Season
1248,Movie,Banyuki,"March 1, 2021",2009,TV-PG,182 min
1249,Movie,Biggie: I Got a Story to Tell,"March 1, 2021",2021,R,98 min
1250,Movie,Blanche Gardin: The All-Nighter,"March 1, 2021",2021,TV-MA,96 min
1251,Movie,Connected,"March 1, 2021",2021,TV-G,42 min
1252,Movie,Dances with Wolves,"March 1, 2021",1990,PG-13,181 min
1253,Movie,How to Be Really Bad,"March 1, 2021",2018,TV-14,100 min
1254,Movie,LEGO Marvel Spider-Man: Vexed by Venom,"March 1, 2021",2019,TV-Y,22 min
1255,Movie,Rain Man,"March 1, 2021",1988,R,134 min
1256,Movie,Seven Souls in the Skull Castle 2011,"March 1, 2021",2011,TV-14,177 min
1257,Movie,Tenacious D in The Pick of Destiny,"March 1, 2021",2006,R,94 min
1258,TV Show,TIGER & BUNNY,"February 28, 2021",2011,TV-14,1 Season
1259,Movie,Bigfoot Family,"February 26, 2021",2021,TV-Y7,88 min
1260,Movie,Captain Fantastic,"February 26, 2021",2016,R,119 min
1261,Movie,Crazy About Her,"February 26, 2021",2021,TV-MA,107 min
1262,Movie,Fuga,"February 26, 2021",2006,TV-MA,112 min
1263,Movie,Ginny & Georgia - The Afterparty,"February 26, 2021",2021,TV-MA,35 min
1264,Movie,No Escape,"February 26, 2021",2015,R,103 min
1265,Movie,Our Idiot Brother,"February 26, 2021",2011,R,90 min
1266,Movie,The Girl on the Train,"February 26, 2021",2021,TV-MA,120 min
1267,Movie,Tony Manero,"February 26, 2021",2008,TV-MA,97 min
1268,Movie,Who Am I,"February 26, 2021",2014,TV-MA,102 min
1269,TV Show,El final del paraíso,"February 25, 2021",2019,TV-MA,1 Season
1270,Movie,Geez & Ann,"February 25, 2021",2021,TV-PG,106 min
1271,TV Show,Sin senos sí hay paraíso,"February 25, 2021",2018,TV-MA,3 Seasons
1272,TV Show,The Last Bastion,"February 25, 2021",2018,TV-MA,1 Season
1273,TV Show,Age of Samurai: Battle for Japan,"February 24, 2021",2021,TV-MA,1 Season
1274,Movie,"Blue, Painful, Fragile","February 24, 2021",2020,TV-14,119 min
1275,TV Show,Canine Intervention,"February 24, 2021",2021,TV-PG,1 Season
1276,TV Show,Ginny & Georgia,"February 24, 2021",2021,TV-14,1 Season
1277,Movie,M8 - When Death Rescues Life,"February 24, 2021",2019,TV-MA,84 min
1278,TV Show,Two Sentence Horror Stories,"February 24, 2021",2021,TV-14,2 Seasons
1279,Movie,Brian Regan: On the Rocks,"February 23, 2021",2021,TV-G,58 min
1280,Movie,Made You Look: A True Story About Fake Art,"February 23, 2021",2020,TV-14,90 min
1281,Movie,Pelé,"February 23, 2021",2021,TV-14,109 min
1282,Movie,Red,"February 23, 2021",2021,TV-14,143 min
1283,TV Show,Zindagi in Short,"February 22, 2021",2020,TV-MA,1 Season
1284,Movie,The Conjuring,"February 21, 2021",2013,R,112 min
1285,Movie,The Conjuring 2,"February 21, 2021",2016,R,134 min
1286,TV Show,Vincenzo,"February 21, 2021",2021,TV-14,1 Season
1287,Movie,Classmates Minus,"February 20, 2021",2020,TV-MA,123 min
1288,Movie,Fate: The Winx Saga - The Afterparty,"February 20, 2021",2021,TV-14,36 min
1289,Movie,Operation Finale,"February 20, 2021",2018,PG-13,123 min
1290,Movie,Wave of Cinema: Surat dari Timur,"February 20, 2021",2020,TV-G,58 min
1291,Movie,I Care a Lot,"February 19, 2021",2021,R,118 min
1292,Movie,Love,"February 19, 2021",2020,TV-14,91 min
1293,Movie,Perú: Tesoro escondido,"February 19, 2021",2017,TV-PG,76 min
1294,TV Show,Pitta Kathalu,"February 19, 2021",2021,TV-MA,1 Season
1295,TV Show,Tribes of Europa,"February 19, 2021",2021,TV-MA,1 Season
1296,Movie,Eeb Allay Ooo!,"February 18, 2021",2019,TV-MA,97 min
1297,TV Show,"Hello, Me!","February 18, 2021",2021,TV-14,1 Season
1298,Movie,No Escape Room,"February 18, 2021",2018,TV-14,85 min
1299,TV Show,Sisyphus,"February 18, 2021",2021,TV-14,1 Season
1300,TV Show,Thus Spoke Kishibe Rohan,"February 18, 2021",2021,TV-MA,1 Season
1301,TV Show,Amend: The Fight for America,"February 17, 2021",2021,TV-MA,1 Season
1302,TV Show,Behind Her Eyes,"February 17, 2021",2021,TV-MA,1 Season
1303,TV Show,MeatEater,"February 17, 2021",2021,TV-14,4 Seasons
1304,Movie,The Most Unknown,"February 17, 2021",2018,TV-PG,92 min
1305,Movie,Animals on the Loose: A You vs. Wild Movie,"February 16, 2021",2021,TV-PG,139 min
1306,Movie,Awara Paagal Deewana,"February 16, 2021",2002,TV-14,162 min
1307,TV Show,Good Girls,"February 16, 2021",2020,TV-MA,3 Seasons
1308,Movie,The Resurrection of Gavin Stone,"February 16, 2021",2017,PG,92 min
1309,TV Show,Booba,"February 15, 2021",2021,TV-Y7,4 Seasons
1310,Movie,"My Teacher, My Obsession","February 15, 2021",2018,TV-14,86 min
1311,TV Show,The Crew,"February 15, 2021",2021,TV-14,1 Season
1312,Movie,Namaste Wahala,"February 14, 2021",2021,TV-14,107 min
1313,Movie,Monsoon,"February 13, 2021",2020,TV-MA,85 min
1314,TV Show,Buried by the Bernards,"February 12, 2021",2021,TV-14,1 Season
1315,TV Show,Chappelle's Show,"February 12, 2021",2005,TV-MA,2 Seasons
1316,Movie,Hate by Dani Rovira,"February 12, 2021",2021,TV-MA,83 min
1317,Movie,Mundina Nildana,"February 12, 2021",2019,TV-MA,104 min
1318,TV Show,Nadiya Bakes,"February 12, 2021",2021,TV-G,1 Season
1319,Movie,To All The Boys: Always And Forever,"February 12, 2021",2021,TV-14,116 min
1320,Movie,Xico's Journey,"February 12, 2021",2021,TV-Y7,87 min
1321,TV Show,Capitani,"February 11, 2021",2019,TV-MA,1 Season
1322,TV Show,El Chema,"February 11, 2021",2016,TV-MA,1 Season
1323,Movie,Growing up and other problems,"February 11, 2021",2018,TV-14,91 min
1324,Movie,Layla Majnun,"February 11, 2021",2020,TV-14,119 min
1325,Movie,Middle of Nowhere,"February 11, 2021",2012,R,102 min
1326,Movie,Red Dot,"February 11, 2021",2021,TV-MA,86 min
1327,Movie,Squared Love,"February 11, 2021",2021,TV-14,102 min
1328,Movie,This Is the Life,"February 11, 2021",2008,TV-MA,98 min
1329,TV Show,Crime Scene: The Vanishing at the Cecil Hotel,"February 10, 2021",2021,TV-MA,1 Season
1330,Movie,The Misadventures of Hedi and Cokeman,"February 10, 2021",2021,TV-MA,99 min
1331,Movie,The World We Make,"February 10, 2021",2019,PG,108 min
1332,TV Show,Five Came Back: The Reference Films,"February 9, 2021",1945,TV-MA,1 Season
1333,TV Show,ICarly,"February 8, 2021",2008,TV-G,2 Seasons
1334,Movie,War Dogs,"February 8, 2021",2016,R,114 min
1335,Movie,Monster Run,"February 7, 2021",2020,TV-14,104 min
1336,TV Show,The Sinner,"February 6, 2021",2020,TV-MA,3 Seasons
1337,Movie,Blanche Gardin: I talk to myself,"February 5, 2021",2017,TV-MA,88 min
1338,Movie,Doob: No Bed of Roses,"February 5, 2021",2017,TV-PG,104 min
1339,TV Show,Hache,"February 5, 2021",2021,TV-MA,2 Seasons
1340,TV Show,Invisible City,"February 5, 2021",2021,TV-MA,1 Season
1341,Movie,Little Big Women,"February 5, 2021",2020,TV-14,123 min
1342,Movie,Malcolm & Marie,"February 5, 2021",2021,R,106 min
1343,Movie,Space Sweepers,"February 5, 2021",2021,TV-MA,138 min
1344,Movie,"Strip Down, Rise Up","February 5, 2021",2021,R,113 min
1345,Movie,The Last Paradiso,"February 5, 2021",2020,TV-MA,107 min
1346,Movie,The Yin-Yang Master: Dream Of Eternity,"February 5, 2021",2021,TV-14,133 min
1347,Movie,All My Friends Are Dead,"February 3, 2021",2020,TV-MA,97 min
1348,Movie,Black Beach,"February 3, 2021",2020,TV-MA,116 min
1349,TV Show,Firefly Lane,"February 3, 2021",2021,TV-MA,1 Season
1350,TV Show,"Pablo Escobar, el patrón del mal","February 3, 2021",2012,TV-MA,1 Season
1351,TV Show,Power Rangers Ninja Steel,"February 3, 2021",2018,TV-Y7,2 Seasons
1352,Movie,"Our Lady of San Juan, Four Centuries of Miracles","February 2, 2021",2020,TV-PG,123 min
1353,TV Show,Tiffany Haddish Presents: They Ready,"February 2, 2021",2021,TV-MA,2 Seasons
1354,Movie,Beverly Hills Ninja,"February 1, 2021",1997,PG-13,89 min
1355,TV Show,Heartland,"February 1, 2021",2019,TV-14,13 Seasons
1356,TV Show,Love Daily,"February 1, 2021",2018,TV-14,1 Season
1357,TV Show,My Dead Ex,"February 1, 2021",2018,TV-14,1 Season
1358,Movie,Rocks,"February 1, 2021",2019,TV-MA,93 min
1359,Movie,Shutter Island,"February 1, 2021",2010,R,139 min
1360,Movie,The Bank Job,"February 1, 2021",2008,R,112 min
1361,TV Show,The House Arrest of Us,"February 1, 2021",2020,TV-MA,1 Season
1362,TV Show,The Unsettling,"February 1, 2021",2019,TV-14,1 Season
1363,TV Show,Total Drama,"February 1, 2021",2015,TV-PG,7 Seasons
1364,TV Show,Zac and Mia,"February 1, 2021",2019,TV-14,2 Seasons
1365,Movie,Zathura,"February 1, 2021",2005,PG,101 min
1366,TV Show,Zig & Sharko,"February 1, 2021",2019,TV-Y7,2 Seasons
1367,Movie,Fatima,"January 31, 2021",2020,PG-13,113 min
1368,Movie,Hell Fest,"January 31, 2021",2018,R,89 min
1369,Movie,Below Zero,"January 29, 2021",2021,TV-MA,107 min
1370,Movie,Finding ‘Ohana,"January 29, 2021",2021,PG,123 min
1371,Movie,The Dig,"January 29, 2021",2021,PG-13,113 min
1372,TV Show,We Are: The Brooklyn Saints,"January 29, 2021",2021,TV-14,1 Season
1373,Movie,June & Kopi,"January 28, 2021",2021,TV-PG,90 min
1374,TV Show,50M2,"January 27, 2021",2021,TV-MA,1 Season
1375,Movie,Accomplice,"January 27, 2021",2021,TV-14,52 min
1376,TV Show,BONDING,"January 27, 2021",2021,TV-MA,2 Seasons
1377,Movie,Kilometers and Kilometers,"January 27, 2021",2020,TV-MA,127 min
1378,TV Show,Outlander,"January 27, 2021",2018,TV-MA,4 Seasons
1379,Movie,Penguin Bloom,"January 27, 2021",2021,TV-14,95 min
1380,Movie,Black Rose,"January 26, 2021",2018,TV-14,121 min
1381,TV Show,Go Dog Go,"January 26, 2021",2021,TV-Y,1 Season
1382,Movie,Hire a Woman,"January 26, 2021",2019,TV-14,108 min
1383,Movie,She Is,"January 26, 2021",2019,TV-PG,102 min
1384,TV Show,Blown Away,"January 22, 2021",2021,TV-14,2 Seasons
1385,TV Show,Busted!,"January 22, 2021",2021,TV-14,3 Seasons
1386,TV Show,Demon Slayer: Kimetsu no Yaiba,"January 22, 2021",2019,TV-14,1 Season
1387,Movie,So My Grandma’s a Lesbian!,"January 22, 2021",2020,TV-MA,95 min
1388,Movie,The Next Three Days,"January 22, 2021",2010,PG-13,133 min
1389,Movie,The White Tiger,"January 22, 2021",2021,R,127 min
1390,Movie,Friendsgiving,"January 21, 2021",2020,R,95 min
1391,Movie,The Shadow of Violence,"January 21, 2021",2020,R,101 min
1392,Movie,Cut Throat City,"January 20, 2021",2020,R,123 min
1393,TV Show,Daughter From Another Mother,"January 20, 2021",2021,TV-MA,1 Season
1394,Movie,Sightless,"January 20, 2021",2020,TV-14,89 min
1395,TV Show,Spycraft,"January 20, 2021",2021,TV-MA,1 Season
1396,TV Show,Hello Ninja,"January 19, 2021",2021,TV-Y,4 Seasons
1397,Movie,Homefront,"January 18, 2021",2013,R,100 min
1398,Movie,A Monster Calls,"January 16, 2021",2016,PG-13,108 min
1399,Movie,Death of Me,"January 16, 2021",2020,R,94 min
1400,Movie,Radium Girls,"January 16, 2021",2018,TV-14,103 min
1401,TV Show,Bling Empire,"January 15, 2021",2021,TV-MA,1 Season
1402,TV Show,Carmen Sandiego,"January 15, 2021",2021,TV-Y7,4 Seasons
1403,TV Show,Disenchantment,"January 15, 2021",2021,TV-14,3 Seasons
1404,Movie,Double Dad,"January 15, 2021",2020,TV-G,105 min
1405,TV Show,Henry Danger,"January 15, 2021",2016,TV-G,3 Seasons
1406,Movie,Outside the Wire,"January 15, 2021",2021,R,116 min
1407,Movie,Penguins of Madagascar: The Movie,"January 15, 2021",2014,PG,92 min
1408,Movie,Pinkfong & Baby Shark's Space Adventure,"January 15, 2021",2019,TV-Y,65 min
1409,TV Show,The Magicians,"January 15, 2021",2020,TV-MA,5 Seasons
1410,Movie,The Vanished,"January 15, 2021",2020,R,115 min
1411,Movie,Tribhanga - Tedhi Medhi Crazy,"January 15, 2021",2021,TV-MA,96 min
1412,Movie,What Would Sophia Loren Do?,"January 15, 2021",2021,TV-14,32 min
1413,Movie,Wish You,"January 15, 2021",2021,TV-PG,102 min
1414,Movie,Tanda Tanya,"January 14, 2021",2011,TV-MA,102 min
1415,Movie,The Heartbreak Club,"January 14, 2021",2020,TV-14,101 min
1416,Movie,An Imperfect Murder,"January 13, 2021",2017,R,71 min
1417,TV Show,Night Stalker: The Hunt for a Serial Killer,"January 13, 2021",2021,TV-MA,1 Season
1418,Movie,Al acecho,"January 12, 2021",2019,TV-MA,81 min
1419,Movie,Chris Rock Total Blackout: The Tamborine Extended Cut,"January 12, 2021",2021,TV-MA,98 min
1420,TV Show,Last Tango in Halifax,"January 12, 2021",2020,TV-MA,4 Seasons
1421,Movie,"Crack: Cocaine, Corruption & Conspiracy","January 11, 2021",2021,TV-MA,90 min
1422,Movie,The Intouchables,"January 11, 2021",2011,R,112 min
1423,Movie,Apaharan,"January 8, 2021",2005,TV-14,161 min
1424,Movie,BluffMaster!,"January 8, 2021",2005,TV-14,129 min
1425,Movie,Charming,"January 8, 2021",2021,TV-Y7,85 min
1426,Movie,Creating The Queen's Gambit,"January 8, 2021",2021,TV-14,14 min
1427,Movie,Gangaajal,"January 8, 2021",2003,TV-MA,148 min
1428,TV Show,Inside the World’s Toughest Prisons,"January 8, 2021",2021,TV-MA,5 Seasons
1429,Movie,Is Love Enough? Sir,"January 8, 2021",2018,TV-MA,99 min
1430,TV Show,Mighty Little Bheem: Kite Festival,"January 8, 2021",2021,TV-Y,1 Season
1431,TV Show,Pretend It’s a City,"January 8, 2021",2021,TV-14,1 Season
1432,Movie,Stuck Apart,"January 8, 2021",2021,TV-MA,97 min
1433,TV Show,The Idhun Chronicles,"January 8, 2021",2021,TV-14,2 Seasons
1434,Movie,100% Halal,"January 7, 2021",2020,TV-14,101 min
1435,Movie,Leap!,"January 7, 2021",2016,PG,89 min
1436,Movie,Pieces of a Woman,"January 7, 2021",2020,R,128 min
1437,Movie,Ratones Paranoicos: The Band that Rocked Argentina,"January 6, 2021",2021,TV-MA,76 min
1438,TV Show,Surviving Death,"January 6, 2021",2021,TV-MA,1 Season
1439,Movie,Tony Parker: The Final Shot,"January 6, 2021",2020,TV-14,99 min
1440,TV Show,History of Swear Words,"January 5, 2021",2021,TV-MA,1 Season
1441,TV Show,Nailed It! Mexico,"January 5, 2021",2021,TV-PG,3 Seasons
1442,Movie,Hello Brother,"January 4, 2021",1999,TV-14,126 min
1443,TV Show,Korean Pork Belly Rhapsody,"January 4, 2021",2020,TV-G,1 Season
1444,TV Show,QB1: Beyond the Lights,"January 4, 2021",2019,TV-14,1 Season
1445,Movie,Playing for Keeps,"January 3, 2021",2012,PG-13,106 min
1446,Movie,Asphalt Burning,"January 2, 2021",2020,TV-14,101 min
1447,Movie,Bad Grandpa .5,"January 1, 2021",2014,TV-MA,87 min
1448,Movie,Case 39,"January 1, 2021",2009,R,111 min
1449,TV Show,Cobra Kai,"January 1, 2021",2021,TV-14,3 Seasons
1450,TV Show,Dream Home Makeover,"January 1, 2021",2021,TV-G,2 Seasons
1451,Movie,Eddie Murphy: Raw,"January 1, 2021",1987,R,90 min
1452,Movie,Full Out 2: You Got This!,"January 1, 2021",2020,TV-Y,91 min
1453,Movie,Gimme Shelter,"January 1, 2021",2013,PG-13,101 min
1454,Movie,Good Burger,"January 1, 2021",1997,PG,96 min
1455,Movie,Good Hair,"January 1, 2021",2009,PG-13,96 min
1456,TV Show,Headspace Guide to Meditation,"January 1, 2021",2021,TV-G,1 Season
1457,Movie,Into the Wild,"January 1, 2021",2007,R,148 min
1458,TV Show,Jenni Rivera: Mariposa de Barrio,"January 1, 2021",2017,TV-MA,1 Season
1459,Movie,London Heist,"January 1, 2021",2017,R,96 min
1460,Movie,Mean Girls 2,"January 1, 2021",2011,PG-13,98 min
1461,TV Show,Monarca,"January 1, 2021",2021,TV-MA,2 Seasons
1462,Movie,Mystic Pizza,"January 1, 2021",1988,R,104 min
1463,TV Show,Running Man,"January 1, 2021",2020,TV-Y7,1 Season
1464,TV Show,The Cat in the Hat Knows a Lot About That!,"January 1, 2021",2014,TV-Y,1 Season
1465,Movie,The Creative Brain,"January 1, 2021",2019,TV-14,53 min
1466,TV Show,The Haunted Hathaways,"January 1, 2021",2013,TV-G,2 Seasons
1467,Movie,The Minimalists: Less Is Now,"January 1, 2021",2021,TV-14,54 min
1468,Movie,Unknown,"January 1, 2021",2011,PG-13,113 min
1469,Movie,What Happened to Mr. Cha?,"January 1, 2021",2021,TV-MA,102 min
1470,Movie,What's Eating Gilbert Grape,"January 1, 2021",1993,PG-13,118 min
1471,Movie,Alaska Is a Drag,"December 31, 2020",2017,TV-MA,83 min
1472,Movie,Best of Stand-Up 2020,"December 31, 2020",2020,TV-MA,77 min
1473,Movie,Bobby Jasoos,"December 31, 2020",2014,TV-14,116 min
1474,TV Show,Chilling Adventures of Sabrina,"December 31, 2020",2020,TV-14,4 Seasons
1475,Movie,Tarung Sarung,"December 31, 2020",2020,TV-PG,116 min
1476,Movie,Too Handsome to Handle,"December 31, 2020",2019,TV-14,106 min
1477,TV Show,Best Leftovers Ever!,"December 30, 2020",2020,TV-G,1 Season
1478,TV Show,Dare Me,"December 30, 2020",2019,TV-MA,1 Season
1479,TV Show,Equinox,"December 30, 2020",2020,TV-MA,1 Season
1480,TV Show,SanPa: Sins of the Savior,"December 30, 2020",2020,TV-MA,1 Season
1481,TV Show,Still Game,"December 30, 2020",2018,TV-14,9 Seasons
1482,Movie,The Rope Curse 2,"December 30, 2020",2020,TV-MA,105 min
1483,TV Show,Transformers: War for Cybertron: Earthrise,"December 30, 2020",2020,TV-Y7,1 Season
1484,TV Show,A Love So Beautiful,"December 28, 2020",2020,TV-PG,1 Season
1485,Movie,Cops and Robbers,"December 28, 2020",2020,PG-13,8 min
1486,Movie,Rango,"December 28, 2020",2011,PG,110 min
1487,Movie,Death to 2020,"December 27, 2020",2020,TV-MA,71 min
1488,TV Show,Sakho & Mangane,"December 27, 2020",2019,TV-MA,1 Season
1489,Movie,DNA,"December 26, 2020",2020,TV-MA,91 min
1490,TV Show,Regiment Diaries,"December 26, 2020",2020,TV-PG,2 Seasons
1491,Movie,The Magic School Bus Rides Again In the Zone,"December 26, 2020",2020,TV-Y,46 min
1492,Movie,AK vs AK,"December 25, 2020",2020,TV-MA,109 min
1493,TV Show,Bridgerton,"December 25, 2020",2020,TV-MA,1 Season
1494,Movie,Isa Pa with Feelings,"December 25, 2020",2019,TV-G,102 min
1495,Movie,We Can Be Heroes,"December 25, 2020",2020,PG,101 min
1496,Movie,Bridezilla,"December 24, 2020",2019,TV-MA,94 min
1497,Movie,Cemara's Family,"December 24, 2020",2018,TV-G,110 min
1498,Movie,"Hello, Love, Goodbye","December 24, 2020",2019,TV-14,117 min
1499,Movie,The History of Future Folk,"December 23, 2020",2012,TV-14,85 min
1500,Movie,The Midnight Sky,"December 23, 2020",2020,PG-13,119 min
1501,Movie,Your Name Engraved Herein,"December 23, 2020",2020,TV-MA,115 min
1502,Movie,After We Collided,"December 22, 2020",2020,R,105 min
1503,Movie,London Hughes: To Catch a D*ck,"December 22, 2020",2020,TV-MA,68 min
1504,TV Show,Lovestruck in the City,"December 22, 2020",2020,TV-14,1 Season
1505,Movie,QLIMAX THE SOURCE,"December 22, 2020",2020,TV-14,57 min
1506,TV Show,Rhyme Time Town Singalongs,"December 22, 2020",2020,TV-Y,1 Season
1507,TV Show,Shaun the Sheep,"December 22, 2020",2016,TV-Y,2 Seasons
1508,Movie,Shaun the Sheep: The Farmer’s Llamas,"December 22, 2020",2020,TV-Y,28 min
1509,TV Show,Timmy Time,"December 22, 2020",2010,TV-Y,1 Season
1510,Movie,"Ariana grande: excuse me, i love you","December 21, 2020",2020,TV-MA,98 min
1511,Movie,The Con Is On,"December 21, 2020",2018,R,95 min
1512,Movie,Mohamed Hussein,"December 20, 2020",2019,TV-14,96 min
1513,Movie,Rhys Nicholson Live at the Athenaeum,"December 20, 2020",2020,TV-MA,66 min
1514,Movie,Atlas Shrugged: Part II,"December 19, 2020",2012,PG-13,112 min
1515,TV Show,Diamond City,"December 18, 2020",2019,TV-MA,1 Season
1516,Movie,Guest House,"December 18, 2020",2020,R,84 min
1517,TV Show,Home for Christmas,"December 18, 2020",2020,TV-MA,2 Seasons
1518,Movie,Ma Rainey's Black Bottom,"December 18, 2020",2020,R,94 min
1519,Movie,Ma Rainey's Black Bottom: A Legacy Brought to Screen,"December 18, 2020",2020,TV-PG,32 min
1520,Movie,Mukhsin,"December 18, 2020",2006,TV-PG,98 min
1521,TV Show,Paava Kadhaigal,"December 18, 2020",2020,TV-MA,1 Season
1522,Movie,Rabun,"December 18, 2020",2004,TV-PG,85 min
1523,Movie,Talentime,"December 18, 2020",2009,TV-14,120 min
1524,Movie,An Unremarkable Christmas,"December 17, 2020",2020,TV-14,83 min
1525,Movie,Braven,"December 17, 2020",2018,R,94 min
1526,Movie,Eggnoid: Love & Time Portal,"December 17, 2020",2019,TV-14,102 min
1527,Movie,Love You to the Stars and Back,"December 17, 2020",2017,TV-14,111 min
1528,TV Show,Morphle,"December 17, 2020",2020,TV-Y,2 Seasons
1529,TV Show,Run On,"December 17, 2020",2020,TV-MA,1 Season
1530,Movie,Sakaling Maging Tayo,"December 17, 2020",2019,TV-14,90 min
1531,TV Show,Schulz Saves America,"December 17, 2020",2020,TV-MA,1 Season
1532,Movie,The Wedding Shaman,"December 17, 2020",2019,TV-PG,111 min
1533,TV Show,Anitta: Made In Honório,"December 16, 2020",2020,TV-MA,1 Season
1534,TV Show,BREAK IT ALL: The History of Rock in Latin America,"December 16, 2020",2020,TV-MA,1 Season
1535,Movie,Bwakaw,"December 16, 2020",2012,TV-MA,110 min
1536,TV Show,How To Ruin Christmas,"December 16, 2020",2020,TV-MA,1 Season
1537,Movie,Incarnate,"December 16, 2020",2016,PG-13,87 min
1538,Movie,Lee Daniels' The Butler,"December 16, 2020",2013,PG-13,132 min
1539,TV Show,Marvel Anime: Wolverine,"December 16, 2020",2011,TV-14,1 Season
1540,TV Show,Marvel Anime: X-Men,"December 16, 2020",2011,TV-14,1 Season
1541,Movie,Nocturnal Animals,"December 16, 2020",2016,R,117 min
1542,TV Show,The Ripper,"December 16, 2020",2020,TV-MA,1 Season
1543,Movie,Vir Das: Outside In - The Lockdown Special,"December 16, 2020",2020,TV-MA,50 min
1544,TV Show,Black Ink Crew New York,"December 15, 2020",2014,TV-14,2 Seasons
1545,Movie,Grizzlies,"December 15, 2020",2018,R,106 min
1546,TV Show,Pup Academy,"December 15, 2020",2020,TV-Y,2 Seasons
1547,TV Show,Song Exploder,"December 15, 2020",2020,TV-MA,2 Seasons
1548,TV Show,Teen Mom 2,"December 15, 2020",2011,TV-14,2 Seasons
1549,TV Show,The Challenge,"December 15, 2020",2006,TV-14,2 Seasons
1550,Movie,The Professor and the Madman,"December 15, 2020",2019,TV-14,125 min
1551,Movie,A California Christmas,"December 14, 2020",2020,PG-13,107 min
1552,TV Show,Hilda,"December 14, 2020",2021,TV-Y7,2 Seasons
1553,TV Show,Tiny Pretty Things,"December 14, 2020",2020,TV-MA,1 Season
1554,Movie,The Netflix Afterparty: The Best Shows of The Worst Year,"December 13, 2020",2020,TV-MA,59 min
1555,TV Show,Children of Adam,"December 12, 2020",2020,TV-14,1 Season
1556,TV Show,Grizzy et les Lemmings,"December 12, 2020",2018,TV-Y,2 Seasons
1557,Movie,A Trash Truck Christmas,"December 11, 2020",2020,TV-Y,28 min
1558,Movie,Canvas,"December 11, 2020",2020,G,9 min
1559,Movie,Giving Voice,"December 11, 2020",2020,PG-13,91 min
1560,TV Show,The Mess You Leave Behind,"December 11, 2020",2020,TV-MA,1 Season
1561,Movie,The Prom,"December 11, 2020",2020,PG-13,132 min
1562,Movie,Torbaaz,"December 11, 2020",2020,TV-MA,133 min
1563,TV Show,Alice in Borderland,"December 10, 2020",2020,TV-MA,1 Season
1564,Movie,Funny Boy,"December 10, 2020",2020,TV-MA,109 min
1565,TV Show,Futmalls.com,"December 10, 2020",2020,TV-14,1 Season
1566,Movie,Just The Way You Are,"December 10, 2020",2016,TV-G,107 min
1567,Movie,She's the One,"December 10, 2020",2013,TV-14,111 min
1568,Movie,The Panti Sisters,"December 10, 2020",2019,TV-MA,108 min
1569,Movie,"Kalel, 15","December 9, 2020",2019,TV-MA,105 min
1570,TV Show,Masameer Classics,"December 9, 2020",2013,TV-14,4 Seasons
1571,TV Show,Once Upon a Time,"December 9, 2020",2019,TV-14,1 Season
1572,Movie,Rose Island,"December 9, 2020",2020,TV-14,119 min
1573,TV Show,The Big Show Show,"December 9, 2020",2020,TV-G,2 Seasons
1574,TV Show,The Expanding Universe of Ashley Garcia,"December 9, 2020",2020,TV-PG,3 Seasons
1575,TV Show,The Surgeon's Cut,"December 9, 2020",2020,TV-14,1 Season
1576,Movie,André & his olive tree,"December 8, 2020",2020,TV-PG,104 min
1577,Movie,Bobbleheads The Movie,"December 8, 2020",2020,PG,83 min
1578,Movie,Emicida: AmarElo - It’s All For Yesterday,"December 8, 2020",2020,TV-MA,90 min
1579,TV Show,Juman,"December 8, 2020",2019,TV-PG,1 Season
1580,TV Show,Mr. Iglesias,"December 8, 2020",2020,TV-14,3 Seasons
1581,Movie,Spirit Riding Free: Ride Along Adventure,"December 8, 2020",2020,TV-Y7,79 min
1582,Movie,Super Monsters: Santa’s Super Monster Helpers,"December 8, 2020",2020,TV-Y,24 min
1583,Movie,Triple 9,"December 8, 2020",2016,R,115 min
1584,TV Show,100 Days My Prince,"December 7, 2020",2018,TV-14,1 Season
1585,Movie,Ava,"December 7, 2020",2020,R,97 min
1586,TV Show,Manhunt: Deadly Games,"December 7, 2020",2020,TV-14,1 Season
1587,TV Show,Room 2806: The Accusation,"December 7, 2020",2020,TV-MA,1 Season
1588,TV Show,Detention,"December 5, 2020",2020,TV-MA,1 Season
1589,Movie,Mighty Express: A Mighty Christmas,"December 5, 2020",2020,TV-Y,26 min
1590,TV Show,Bhaag Beanie Bhaag,"December 4, 2020",2020,TV-MA,1 Season
1591,TV Show,Big Mouth,"December 4, 2020",2020,TV-MA,4 Seasons
1592,Movie,Captain Underpants Mega Blissmas,"December 4, 2020",2020,TV-Y7,46 min
1593,Movie,Christmas Crossfire,"December 4, 2020",2020,TV-MA,106 min
1594,TV Show,Kings of Jo'Burg,"December 4, 2020",2020,TV-MA,1 Season
1595,Movie,Leyla Everlasting,"December 4, 2020",2020,TV-MA,113 min
1596,Movie,MANK,"December 4, 2020",2020,R,133 min
1597,TV Show,The Great British Baking Show: Holidays,"December 4, 2020",2020,TV-MA,3 Seasons
1598,Movie,You Are My Home,"December 4, 2020",2020,TV-PG,93 min
1599,Movie,Between Maybes,"December 3, 2020",2019,TV-14,108 min
1600,Movie,Break,"December 3, 2020",2018,TV-MA,96 min
1601,Movie,Chico Bon Bon and the Very Berry Holiday,"December 3, 2020",2020,TV-Y,25 min
1602,Movie,Just Another Christmas,"December 3, 2020",2020,TV-MA,101 min
1603,Movie,Must Be... Love,"December 3, 2020",2013,TV-14,106 min
1604,TV Show,Alien Worlds,"December 2, 2020",2020,TV-PG,1 Season
1605,Movie,Ari Eldjárn: Pardon My Icelandic,"December 2, 2020",2020,TV-MA,54 min
1606,TV Show,Check The Store Next Door: The Next Chapter,"December 2, 2020",2020,TV-14,2 Seasons
1607,Movie,Fierce,"December 2, 2020",2020,TV-MA,118 min
1608,Movie,Hazel Brugger: Tropical,"December 2, 2020",2020,TV-MA,58 min
1609,Movie,3 Days to Kill,"December 1, 2020",2014,PG-13,117 min
1610,Movie,Angela's Christmas Wish,"December 1, 2020",2020,TV-Y,48 min
1611,Movie,Angels & Demons,"December 1, 2020",2009,PG-13,139 min
1612,TV Show,Are You The One,"December 1, 2020",2014,TV-14,2 Seasons
1613,Movie,Chef,"December 1, 2020",2014,R,115 min
1614,Movie,Effie Gray,"December 1, 2020",2014,PG-13,109 min
1615,TV Show,Gormiti,"December 1, 2020",2018,TV-Y,1 Season
1616,TV Show,Ink Master,"December 1, 2020",2012,TV-14,2 Seasons
1617,Movie,Monster House,"December 1, 2020",2006,PG,91 min
1618,Movie,Natalie Palamides: Nate - A One Man Show,"December 1, 2020",2020,TV-MA,60 min
1619,TV Show,Octonauts,"December 1, 2020",2015,TV-Y,4 Seasons
1620,TV Show,Oddbods,"December 1, 2020",2017,TV-Y,1 Season
1621,Movie,Peppermint,"December 1, 2020",2018,R,102 min
1622,Movie,Quigley Down Under,"December 1, 2020",1990,PG-13,120 min
1623,TV Show,Stargate SG-1,"December 1, 2020",2006,TV-MA,10 Seasons
1624,TV Show,The Bachelorette,"December 1, 2020",2010,TV-14,1 Season
1625,Movie,The Da Vinci Code,"December 1, 2020",2006,PG-13,149 min
1626,TV Show,The Guest,"December 1, 2020",2018,TV-14,1 Season
1627,Movie,The Happytime Murders,"December 1, 2020",2018,R,91 min
1628,TV Show,The Holiday Movies That Made Us,"December 1, 2020",2020,TV-PG,1 Season
1629,TV Show,The Repair Shop,"December 1, 2020",2018,TV-PG,1 Season
1630,Movie,U-Turn,"December 1, 2020",2020,TV-MA,99 min
1631,Movie,Finding Agnes,"November 30, 2020",2020,TV-PG,106 min
1632,Movie,Rust Creek,"November 30, 2020",2018,R,108 min
1633,Movie,Spookley and the Christmas Kittens,"November 30, 2020",2019,TV-Y,45 min
1634,Movie,The 2nd,"November 30, 2020",2020,TV-MA,93 min
1635,TV Show,The Uncanny Counter,"November 29, 2020",2020,TV-14,1 Season
1636,Movie,A Go! Go! Cory Carson Christmas,"November 27, 2020",2020,TV-Y,22 min
1637,Movie,Dance Dreams: Hot Chocolate Nutcracker,"November 27, 2020",2020,TV-PG,81 min
1638,Movie,Don’t Listen,"November 27, 2020",2020,TV-MA,98 min
1639,TV Show,Fabulous Lives of Bollywood Wives,"November 27, 2020",2020,TV-MA,1 Season
1640,TV Show,Heartbreak High,"November 27, 2020",1999,TV-14,7 Seasons
1641,TV Show,Over Christmas,"November 27, 2020",2020,TV-MA,1 Season
1642,TV Show,Sugar Rush Christmas,"November 27, 2020",2020,TV-14,2 Seasons
1643,Movie,The Beast,"November 27, 2020",2020,TV-MA,100 min
1644,Movie,The Call,"November 27, 2020",2020,TV-MA,112 min
1645,Movie,Fantastica,"November 26, 2020",2018,TV-PG,114 min
1646,Movie,Larry the Cable Guy: Remain Seated,"November 26, 2020",2020,TV-14,68 min
1647,Movie,Mosul,"November 26, 2020",2020,TV-MA,103 min
1648,Movie,Unexpectedly Yours,"November 26, 2020",2017,TV-14,121 min
1649,Movie,Ghosts of War,"November 25, 2020",2020,R,95 min
1650,TV Show,Great Pretender,"November 25, 2020",2020,TV-MA,2 Seasons
1651,Movie,Shawn Mendes: Live in Concert,"November 25, 2020",2020,TV-PG,87 min
1652,Movie,The Christmas Chronicles: Part Two,"November 25, 2020",2020,PG,115 min
1653,Movie,Andhaghaaram,"November 24, 2020",2020,TV-14,171 min
1654,Movie,Andhakaaram,"November 24, 2020",2020,TV-14,171 min
1655,TV Show,Before 30,"November 24, 2020",2015,TV-MA,1 Season
1656,Movie,Dragons: Rescue Riders: Huttsgalor Holiday,"November 24, 2020",2020,TV-Y,46 min
1657,Movie,Hillbilly Elegy,"November 24, 2020",2020,R,117 min
1658,Movie,Notes for My Son,"November 24, 2020",2020,TV-MA,84 min
1659,TV Show,Valentino,"November 24, 2020",2020,TV-14,1 Season
1660,Movie,Hard Kill,"November 23, 2020",2020,R,98 min
1661,Movie,Shawn Mendes: In Wonder,"November 23, 2020",2020,TV-MA,83 min
1662,TV Show,Strongest Deliveryman,"November 23, 2020",2017,TV-MA,1 Season
1663,Movie,The Suit,"November 23, 2020",2018,TV-14,97 min
1664,Movie,Dolly Parton’s Christmas on the Square,"November 22, 2020",2020,TV-PG,99 min
1665,Movie,Machete Kills,"November 22, 2020",2013,R,108 min
1666,Movie,40 Sticks,"November 20, 2020",2019,TV-14,93 min
1667,Movie,Alien Xmas,"November 20, 2020",2020,TV-Y,42 min
1668,TV Show,Flavorful Origins,"November 20, 2020",2020,TV-G,3 Seasons
1669,TV Show,Heart & Soul,"November 20, 2020",2019,TV-14,1 Season
1670,Movie,If Anything Happens I Love You,"November 20, 2020",2020,PG,13 min
1671,TV Show,Mismatched,"November 20, 2020",2020,TV-MA,1 Season
1672,Movie,The App That Stole Christmas,"November 20, 2020",2020,TV-PG,64 min
1673,TV Show,Voices of Fire,"November 20, 2020",2020,TV-PG,1 Season
1674,Movie,Black Friday,"November 19, 2020",2004,TV-MA,162 min
1675,Movie,Bodyguard,"November 19, 2020",2011,TV-14,130 min
1676,Movie,Break Ke Baad,"November 19, 2020",2010,TV-14,108 min
1677,Movie,Hawaizaada,"November 19, 2020",2015,TV-14,129 min
1678,Movie,My Amnesia Girl,"November 19, 2020",2010,TV-14,105 min
1679,Movie,Raman Raghav 2.0,"November 19, 2020",2016,TV-MA,133 min
1680,Movie,Singham,"November 19, 2020",2011,TV-14,142 min
1681,Movie,TE3N,"November 19, 2020",2016,TV-14,128 min
1682,Movie,The Princess Switch: Switched Again,"November 19, 2020",2020,TV-G,97 min
1683,Movie,Three Words to Forever,"November 19, 2020",2018,TV-G,107 min
1684,Movie,Well Done Abba,"November 19, 2020",2009,TV-14,135 min
1685,TV Show,Holiday Home Makeover with Mr. Christmas,"November 18, 2020",2020,TV-G,1 Season
1686,Movie,Ainu Mosir,"November 17, 2020",2020,TV-PG,84 min
1687,Movie,Kevin Hart: Zero F**ks Given,"November 17, 2020",2020,TV-MA,70 min
1688,TV Show,The Boss Baby: Back in Business,"November 17, 2020",2020,TV-Y7,4 Seasons
1689,TV Show,We Are the Champions,"November 17, 2020",2020,TV-MA,1 Season
1690,Movie,Loving,"November 16, 2020",2016,PG-13,124 min
1691,Movie,Whose Streets?,"November 16, 2020",2017,R,102 min
1692,Movie,A Very Country Christmas,"November 15, 2020",2017,TV-G,84 min
1693,TV Show,America's Next Top Model,"November 15, 2020",2013,TV-14,2 Seasons
1694,TV Show,Beyblade Burst Rise,"November 15, 2020",2019,TV-Y,1 Season
1695,Movie,Cloudy with a Chance of Meatballs 2,"November 15, 2020",2013,PG,95 min
1696,Movie,Hometown Holiday,"November 15, 2020",2018,TV-G,84 min
1697,TV Show,Polly Pocket,"November 15, 2020",2021,TV-Y,2 Seasons
1698,TV Show,Survivor,"November 15, 2020",2014,TV-14,2 Seasons
1699,TV Show,The Crown,"November 15, 2020",2020,TV-MA,4 Seasons
1700,Movie,White Christmas,"November 15, 2020",1954,TV-G,120 min
1701,Movie,Killer Cove,"November 14, 2020",2019,TV-14,87 min
1702,TV Show,American Horror Story,"November 13, 2020",2019,TV-MA,9 Seasons
1703,Movie,Fukrey Boyzzz: Space Mein Fukrapanti,"November 13, 2020",2020,TV-Y7,75 min
1704,Movie,Jingle Jangle: A Christmas Journey,"November 13, 2020",2020,PG,124 min
1705,Movie,The Beginning of Life 2: Outside,"November 13, 2020",2020,TV-PG,92 min
1706,Movie,The Life Ahead,"November 13, 2020",2020,PG-13,95 min
1707,TV Show,The Minions of Midas,"November 13, 2020",2020,TV-MA,1 Season
1708,Movie,A Very Special Love,"November 12, 2020",2008,TV-G,107 min
1709,TV Show,Ethos,"November 12, 2020",2020,TV-MA,1 Season
1710,Movie,First Love,"November 12, 2020",2018,TV-MA,123 min
1711,Movie,Fruitvale Station,"November 12, 2020",2013,R,85 min
1712,TV Show,Graceful Friends,"November 12, 2020",2020,TV-MA,1 Season
1713,Movie,Ludo,"November 12, 2020",2020,TV-MA,150 min
1714,Movie,Memories of a Teenager,"November 12, 2020",2019,TV-MA,97 min
1715,Movie,Prom Night,"November 12, 2020",2008,PG-13,88 min
1716,TV Show,A Queen Is Born,"November 11, 2020",2020,TV-14,1 Season
1717,TV Show,Aunty Donna's Big Ol' House of Fun,"November 11, 2020",2020,TV-MA,1 Season
1718,TV Show,The Liberator,"November 11, 2020",2020,TV-MA,1 Season
1719,TV Show,Trial 4,"November 11, 2020",2020,TV-MA,1 Season
1720,Movie,We Are All For The Fatherland,"November 11, 2020",1979,TV-14,74 min
1721,Movie,What We Wanted,"November 11, 2020",2020,TV-MA,93 min
1722,TV Show,A Lion in the House,"November 10, 2020",2006,TV-14,1 Season
1723,TV Show,DASH & LILY,"November 10, 2020",2020,TV-14,1 Season
1724,TV Show,Bakugan: Armored Alliance,"November 6, 2020",2020,TV-Y7,1 Season
1725,TV Show,Bakugan: Battle Planet,"November 6, 2020",2018,TV-PG,1 Season
1726,Movie,Citation,"November 6, 2020",2020,TV-MA,151 min
1727,TV Show,Country Ever After,"November 6, 2020",2020,TV-PG,1 Season
1728,Movie,Girl's Revenge,"November 6, 2020",2020,TV-MA,82 min
1729,Movie,The Endless Trench,"November 6, 2020",2019,TV-MA,148 min
1730,Movie,The Late Bloomer,"November 6, 2020",2016,R,95 min
1731,TV Show,Wrong Kind of Black,"November 6, 2020",2018,TV-MA,1 Season
1732,Movie,A New York Christmas Wedding,"November 5, 2020",2020,TV-MA,90 min
1733,Movie,Alone/Together,"November 5, 2020",2019,TV-14,103 min
1734,TV Show,Carmel: Who Killed Maria Marta?,"November 5, 2020",2020,TV-14,1 Season
1735,Movie,Midnight at the Magnolia,"November 5, 2020",2020,TV-G,87 min
1736,Movie,One More Try,"November 5, 2020",2012,TV-14,102 min
1737,Movie,Operation Christmas Drop,"November 5, 2020",2020,TV-G,96 min
1738,TV Show,Paranormal,"November 5, 2020",2020,TV-14,1 Season
1739,Movie,A Christmas Catch,"November 4, 2020",2018,TV-G,87 min
1740,Movie,Christmas with a Prince,"November 4, 2020",2018,TV-PG,86 min
1741,TV Show,Love & Anarchy,"November 4, 2020",2020,TV-MA,1 Season
1742,Movie,Miss India,"November 4, 2020",2020,TV-PG,136 min
1743,Movie,Felix Lobrecht: Hype,"November 3, 2020",2020,TV-MA,60 min
1744,Movie,MOTHER,"November 3, 2020",2020,TV-14,127 min
1745,Movie,The Beginning of Life,"November 3, 2020",2016,TV-PG,96 min
1746,Movie,Ya no estoy aquí: Una conversación entre Guillermo del Toro y Alfonso Cuarón,"November 3, 2020",2020,TV-PG,15 min
1747,TV Show,Can You Hear Me?,"November 2, 2020",2020,TV-MA,2 Seasons
1748,Movie,Prospect,"November 2, 2020",2018,R,100 min
1749,TV Show,60 Days In,"November 1, 2020",2019,TV-MA,1 Season
1750,Movie,Christmas Break-In,"November 1, 2020",2019,TV-PG,87 min
1751,TV Show,Dawson's Creek,"November 1, 2020",2002,TV-14,6 Seasons
1752,Movie,Elf Pets: A Fox Cub’s Christmas Tale,"November 1, 2020",2020,TV-Y,28 min
1753,Movie,Elf Pets: Santa’s Reindeer Rescue,"November 1, 2020",2020,TV-Y,27 min
1754,Movie,Elliot the Littlest Reindeer,"November 1, 2020",2018,PG,90 min
1755,TV Show,Forged in Fire,"November 1, 2020",2019,TV-14,1 Season
1756,TV Show,Leah Remini: Scientology and the Aftermath,"November 1, 2020",2018,TV-14,3 Seasons
1757,TV Show,LEGO Jurassic World: Legend of Isla Nublar,"November 1, 2020",2019,TV-Y,1 Season
1758,TV Show,LEGO Jurassic World: Secret Exhibit,"November 1, 2020",2018,TV-Y,1 Season
1759,TV Show,LEGO Ninjago,"November 1, 2020",2020,TV-Y7,2 Seasons
1760,TV Show,LEGO Ninjago: Masters of Spinjitzu,"November 1, 2020",2019,TV-Y7,10 Seasons
1761,TV Show,LEGO: CITY Adventures,"November 1, 2020",2019,TV-Y,1 Season
1762,Movie,Little Monsters,"November 1, 2020",1989,PG,102 min
1763,Movie,Mile 22,"November 1, 2020",2018,R,94 min
1764,Movie,Piercing,"November 1, 2020",2018,R,81 min
1765,Movie,Snowden,"November 1, 2020",2016,R,134 min
1766,TV Show,The Garfield Show,"November 1, 2020",2018,TV-Y,4 Seasons
1767,TV Show,The Good Detective,"November 1, 2020",2020,TV-MA,1 Season
1768,Movie,The Impossible,"November 1, 2020",2012,PG-13,114 min
1769,Movie,The Next Karate Kid,"November 1, 2020",1994,PG,107 min
1770,TV Show,Voice,"November 1, 2020",2018,TV-14,2 Seasons
1771,Movie,Wheels of Fortune,"November 1, 2020",2020,R,107 min
1772,TV Show,Afronta! Facing It!,"October 31, 2020",2017,TV-PG,1 Season
1773,Movie,The 12th Man,"October 31, 2020",2018,TV-MA,130 min
1774,TV Show,Zumbo's Just Desserts,"October 31, 2020",2019,TV-PG,1 Season
1775,Movie,Hidden in Plain Sight,"October 30, 2020",2019,TV-14,87 min
1776,Movie,His House,"October 30, 2020",2020,TV-14,93 min
1777,Movie,In Line,"October 30, 2020",2017,TV-14,114 min
1778,Movie,Kaali Khuhi,"October 30, 2020",2020,TV-14,91 min
1779,TV Show,Kongsuni and Friends,"October 30, 2020",2020,TV-Y,2 Seasons
1780,TV Show,Marvel's Agents of S.H.I.E.L.D.,"October 30, 2020",2020,TV-14,7 Seasons
1781,Movie,Rogue City,"October 30, 2020",2020,TV-MA,116 min
1782,TV Show,Somebody Feed Phil,"October 30, 2020",2020,TV-14,4 Seasons
1783,TV Show,Suburra: Blood on Rome,"October 30, 2020",2020,TV-MA,3 Seasons
1784,Movie,The Day of the Lord,"October 30, 2020",2020,TV-MA,93 min
1785,Movie,Pagpag: Nine Lives,"October 29, 2020",2013,TV-14,106 min
1786,Movie,Holidate,"October 28, 2020",2020,TV-MA,105 min
1787,Movie,La Gran Ilusión,"October 28, 2020",2016,TV-14,50 min
1788,Movie,Metallica Through The Never,"October 28, 2020",2013,R,93 min
1789,Movie,Nobody Sleeps in the Woods Tonight,"October 28, 2020",2020,TV-MA,103 min
1790,Movie,Secrets of the Saqqara Tomb,"October 28, 2020",2020,TV-PG,114 min
1791,TV Show,Blood of Zeus,"October 27, 2020",2020,TV-MA,1 Season
1792,TV Show,Chico Bon Bon: Monkey with a Tool Belt,"October 27, 2020",2020,TV-Y,4 Seasons
1793,Movie,Guillermo Vilas: Settling the Score,"October 27, 2020",2020,TV-14,95 min
1794,Movie,Sarah Cooper: Everything's Fine,"October 27, 2020",2020,TV-MA,50 min
1795,TV Show,The Devil Punisher,"October 26, 2020",2020,TV-14,1 Season
1796,Movie,Ajab Prem Ki Ghazab Kahani,"October 25, 2020",2009,TV-14,150 min
1797,Movie,Black '47,"October 24, 2020",2018,R,100 min
1798,Movie,I Am Woman,"October 24, 2020",2019,TV-MA,117 min
1799,Movie,Alice Junior,"October 23, 2020",2019,TV-MA,87 min
1800,TV Show,Barbarians,"October 23, 2020",2020,TV-MA,1 Season
1801,TV Show,Move,"October 23, 2020",2020,TV-MA,1 Season
1802,Movie,Over the Moon,"October 23, 2020",2020,PG,100 min
1803,Movie,Shattered Memories,"October 23, 2020",2018,TV-14,86 min
1804,TV Show,Stolen Away,"October 23, 2020",2020,TV-MA,1 Season
1805,TV Show,The Queen's Gambit,"October 23, 2020",2020,TV-MA,1 Season
1806,Movie,Bending the Arc,"October 22, 2020",2017,TV-MA,102 min
1807,Movie,Cadaver,"October 22, 2020",2020,TV-MA,87 min
1808,Movie,Exes Baggage,"October 22, 2020",2018,TV-MA,103 min
1809,Movie,Fisherman's Friends,"October 22, 2020",2019,PG-13,112 min
1810,Movie,The Hows of Us,"October 22, 2020",2018,TV-14,120 min
1811,Movie,The Hummingbird Project,"October 22, 2020",2018,R,111 min
1812,Movie,"Yes, God, Yes","October 22, 2020",2020,R,78 min
1813,Movie,Brave Blue World: Racing to Solve Our Water Crisis,"October 21, 2020",2020,TV-PG,51 min
1814,TV Show,My Next Guest Needs No Introduction With David Letterman,"October 21, 2020",2020,TV-MA,3 Seasons
1815,Movie,Rebecca,"October 21, 2020",2020,PG-13,123 min
1816,Movie,The Magic School Bus Rides Again The Frizz Connection,"October 20, 2020",2020,TV-Y,46 min
1817,Movie,Tremors: Shrieker Island,"October 20, 2020",2020,PG-13,102 min
1818,Movie,Beirut Oh Beirut,"October 19, 2020",1975,TV-14,106 min
1819,Movie,Bosta,"October 19, 2020",2005,TV-14,112 min
1820,Movie,Ghadi,"October 19, 2020",2013,TV-MA,101 min
1821,Movie,Heritages,"October 19, 2020",2014,TV-14,96 min
1822,Movie,Listen,"October 19, 2020",2017,TV-MA,103 min
1823,Movie,Out of Life,"October 19, 2020",1991,TV-MA,94 min
1824,Movie,Panoptic,"October 19, 2020",2017,TV-MA,69 min
1825,Movie,Taxi Ballad,"October 19, 2020",2012,TV-MA,81 min
1826,Movie,The Kite,"October 19, 2020",2003,TV-MA,76 min
1827,Movie,The Little Wars,"October 19, 2020",1982,TV-14,108 min
1828,Movie,Under the Bombs,"October 19, 2020",2007,TV-MA,94 min
1829,TV Show,Unsolved Mysteries,"October 19, 2020",2020,TV-MA,2 Seasons
1830,Movie,West Beirut,"October 19, 2020",1999,TV-MA,106 min
1831,Movie,What Did I Mess,"October 19, 2020",2018,TV-14,98 min
1832,Movie,Whispers,"October 19, 2020",1980,TV-14,93 min
1833,Movie,Zozo,"October 19, 2020",2005,TV-MA,99 min
1834,Movie,ParaNorman,"October 18, 2020",2012,PG,93 min
1835,TV Show,Start-Up,"October 18, 2020",2020,TV-14,1 Season
1836,Movie,I Am Vengeance: Retaliation,"October 17, 2020",2020,R,82 min
1837,Movie,Disconnect,"October 16, 2020",2018,TV-MA,107 min
1838,TV Show,Grand Army,"October 16, 2020",2020,TV-MA,1 Season
1839,Movie,In a Valley of Violence,"October 16, 2020",2016,R,104 min
1840,TV Show,La Révolution,"October 16, 2020",2020,TV-MA,1 Season
1841,TV Show,Someone Has to Die,"October 16, 2020",2020,TV-MA,1 Season
1842,TV Show,The Last Kids on Earth,"October 16, 2020",2020,TV-Y7,3 Seasons
1843,Movie,The Trial of the Chicago 7,"October 16, 2020",2020,R,130 min
1844,Movie,Unfriended,"October 16, 2020",2014,R,83 min
1845,Movie,A Babysitter's Guide to Monster Hunting,"October 15, 2020",2020,TV-PG,99 min
1846,Movie,Batman: The Killing Joke,"October 15, 2020",2016,R,77 min
1847,Movie,El-Khawaga's Dilemma,"October 15, 2020",2018,TV-14,94 min
1848,TV Show,Fireman Sam,"October 15, 2020",2018,TV-Y,4 Seasons
1849,TV Show,Half & Half,"October 15, 2020",2005,TV-14,4 Seasons
1850,Movie,Kartini: Princess of Java,"October 15, 2020",2017,TV-PG,118 min
1851,Movie,Love Like the Falling Rain,"October 15, 2020",2020,TV-14,87 min
1852,TV Show,One on One,"October 15, 2020",2006,TV-14,5 Seasons
1853,TV Show,Power Rangers Beast Morphers,"October 15, 2020",2020,TV-Y7,2 Seasons
1854,Movie,Rooting for Roona,"October 15, 2020",2020,TV-PG,42 min
1855,TV Show,Social Distance,"October 15, 2020",2020,TV-MA,1 Season
1856,Movie,A Choo,"October 14, 2020",2020,TV-14,101 min
1857,Movie,BLACKPINK: Light Up the Sky,"October 14, 2020",2020,TV-14,80 min
1858,Movie,The Three Deaths of Marisela Escobedo,"October 14, 2020",2020,TV-MA,110 min
1859,Movie,Fida,"October 13, 2020",2004,TV-14,117 min
1860,Movie,Octonauts & the Great Barrier Reef,"October 13, 2020",2020,TV-Y,47 min
1861,TV Show,The Cabin with Bert Kreischer,"October 13, 2020",2020,TV-MA,1 Season
1862,Movie,Dil,"October 12, 2020",1990,TV-14,165 min
1863,Movie,Disco Dancer,"October 12, 2020",1982,TV-14,134 min
1864,Movie,Hunterrr,"October 12, 2020",2015,TV-MA,140 min
1865,TV Show,Kipo and the Age of Wonderbeasts,"October 12, 2020",2020,TV-Y7,3 Seasons
1866,Movie,Phir Hera Pheri,"October 12, 2020",2006,TV-14,150 min
1867,Movie,The Legend of Bhagat Singh,"October 12, 2020",2002,TV-14,156 min
1868,Movie,House of the Witch,"October 11, 2020",2017,TV-MA,86 min
1869,TV Show,Deaf U,"October 9, 2020",2020,TV-MA,1 Season
1870,Movie,Ginny Weds Sunny,"October 9, 2020",2020,TV-MA,126 min
1871,Movie,My Step Dad: The Hippie,"October 9, 2020",2018,TV-MA,100 min
1872,Movie,Super Monsters: Dia de los Monsters,"October 9, 2020",2020,TV-Y,25 min
1873,Movie,The Forty-Year-Old Version,"October 9, 2020",2020,R,124 min
1874,TV Show,The Haunting of Bly Manor,"October 9, 2020",2020,TV-MA,1 Season
1875,Movie,Bigflo & Oli: Hip Hop Frenzy,"October 8, 2020",2020,TV-MA,100 min
1876,TV Show,Do Do Sol Sol La La Sol,"October 8, 2020",2020,TV-14,1 Season
1877,Movie,Palermo Hollywood,"October 8, 2020",2004,TV-MA,106 min
1878,TV Show,Private Lives,"October 8, 2020",2020,TV-14,1 Season
1879,TV Show,The 100,"October 8, 2020",2020,TV-MA,7 Seasons
1880,Movie,Hubie Halloween,"October 7, 2020",2020,PG-13,104 min
1881,TV Show,To the Lake,"October 7, 2020",2020,TV-MA,1 Season
1882,Movie,American Pie 9: Girls' Rules,"October 6, 2020",2020,R,96 min
1883,Movie,Dolly Parton: Here I Am,"October 6, 2020",2019,TV-14,90 min
1884,Movie,StarBeam: Halloween Hero,"October 6, 2020",2020,TV-Y,33 min
1885,Movie,Walk Away from Love,"October 6, 2020",2017,TV-14,81 min
1886,TV Show,Bad Boy Billionaires: India,"October 5, 2020",2020,TV-14,1 Season
1887,Movie,David Attenborough: A Life on Our Planet,"October 4, 2020",2020,PG,84 min
1888,Movie,"Best Wishes, Warmest Regards: A Schitt's Creek Farewell","October 3, 2020",2020,TV-MA,44 min
1889,Movie,Good Game: The Beginning,"October 3, 2020",2018,TV-14,115 min
1890,TV Show,Pat a Pat Como,"October 3, 2020",2016,TV-Y,1 Season
1891,TV Show,Qurious Como,"October 3, 2020",2017,TV-Y,1 Season
1892,Movie,A Chaster Marriage,"October 2, 2020",2016,TV-14,94 min
1893,Movie,A Go! Go! Cory Carson Halloween,"October 2, 2020",2020,TV-Y,22 min
1894,TV Show,DreamWorks Happy Holidays from Madagascar,"October 2, 2020",2005,TV-PG,1 Season
1895,TV Show,Emily in Paris,"October 2, 2020",2020,TV-MA,1 Season
1896,TV Show,H2O: Just Add Water,"October 2, 2020",2009,TV-PG,3 Seasons
1897,Movie,Òlòtūré,"October 2, 2020",2020,TV-MA,107 min
1898,Movie,Serious Men,"October 2, 2020",2020,TV-MA,115 min
1899,Movie,The Binding,"October 2, 2020",2020,TV-MA,93 min
1900,Movie,Turkish Dance School,"October 2, 2020",2017,TV-MA,107 min
1901,Movie,Vampires vs. the Bronx,"October 2, 2020",2020,PG-13,86 min
1902,Movie,You've Got This,"October 2, 2020",2020,TV-MA,112 min
1903,Movie,All Because of You,"October 1, 2020",2020,TV-PG,102 min
1904,Movie,An Ordinary Man,"October 1, 2020",2017,R,91 min
1905,Movie,Carlos Almaraz: Playing with Fire,"October 1, 2020",2019,TV-14,83 min
1906,Movie,Cold Harbour,"October 1, 2020",2013,TV-MA,73 min
1907,TV Show,Evil,"October 1, 2020",2019,TV-14,1 Season
1908,TV Show,Familiar Wife,"October 1, 2020",2018,TV-MA,1 Season
1909,TV Show,Food Wars!: Shokugeki no Soma,"October 1, 2020",2016,TV-MA,2 Seasons
1910,Movie,Free State of Jones,"October 1, 2020",2016,R,139 min
1911,TV Show,"Good Morning, Verônica","October 1, 2020",2020,TV-MA,1 Season
1912,Movie,Human Nature,"October 1, 2020",2019,TV-14,95 min
1913,Movie,Hunt for the Wilderpeople,"October 1, 2020",2016,PG-13,101 min
1914,Movie,I'm Leaving Now,"October 1, 2020",2019,TV-MA,75 min
1915,TV Show,Journey of an African Colony,"October 1, 2020",2018,TV-MA,1 Season
1916,TV Show,Oktoberfest: Beer & Blood,"October 1, 2020",2020,TV-MA,1 Season
1917,Movie,Rize,"October 1, 2020",2005,PG-13,87 min
1918,TV Show,Secreto bien guardado,"October 1, 2020",2019,TV-MA,1 Season
1919,TV Show,Sword Art Online,"October 1, 2020",2018,TV-MA,3 Seasons
1920,Movie,The American Game,"October 1, 2020",2019,TV-PG,91 min
1921,Movie,The Book of Sun,"October 1, 2020",2020,TV-14,120 min
1922,Movie,The Outpost,"October 1, 2020",2020,R,123 min
1923,TV Show,The Parkers,"October 1, 2020",2003,TV-PG,5 Seasons
1924,TV Show,The Unicorn,"October 1, 2020",2019,TV-14,1 Season
1925,Movie,We Have Always Lived in the Castle,"October 1, 2020",2018,TV-14,95 min
1926,TV Show,You Cannot Hide,"October 1, 2020",2020,TV-MA,1 Season
1927,Movie,American Murder: The Family Next Door,"September 30, 2020",2020,TV-MA,84 min
1928,Movie,Baxu and the Giants,"September 30, 2020",2019,TV-PG,29 min
1929,TV Show,Black Butler,"September 30, 2020",2010,TV-MA,3 Seasons
1930,TV Show,Man with a Plan,"September 30, 2020",2020,TV-PG,4 Seasons
1931,Movie,Poacher,"September 30, 2020",2018,TV-MA,28 min
1932,Movie,The Boys in the Band,"September 30, 2020",2020,R,122 min
1933,Movie,The Boys in the Band: Something Personal,"September 30, 2020",2020,TV-MA,28 min
1934,TV Show,Wentworth,"September 30, 2020",2020,TV-MA,8 Seasons
1935,Movie,Bully,"September 29, 2020",2012,PG-13,98 min
1936,Movie,Michelle Buteau: Welcome to Buteaupia,"September 29, 2020",2020,TV-MA,59 min
1937,Movie,Welcome to Sudden Death,"September 29, 2020",2020,R,80 min
1938,Movie,Amandla! A Revolution in Four Part Harmony,"September 28, 2020",2002,PG-13,103 min
1939,Movie,Ankhon Dekhi,"September 28, 2020",2013,TV-PG,104 min
1940,Movie,Dedh Ishqiya,"September 28, 2020",2014,TV-14,146 min
1941,Movie,Golmaal Returns,"September 28, 2020",2008,TV-MA,135 min
1942,Movie,Ishq Vishk,"September 28, 2020",2003,TV-PG,129 min
1943,Movie,Ishqiya,"September 28, 2020",2009,TV-14,115 min
1944,Movie,Jab We Met,"September 28, 2020",2007,TV-14,143 min
1945,Movie,Mann,"September 28, 2020",1999,TV-14,173 min
1946,Movie,Manorama Six Feet Under,"September 28, 2020",2007,TV-14,129 min
1947,Movie,Welcome,"September 28, 2020",2007,TV-PG,149 min
1948,TV Show,"Whose Vote Counts, Explained","September 28, 2020",2020,TV-PG,1 Season
1949,TV Show,Van Helsing,"September 27, 2020",2019,TV-MA,4 Seasons
1950,TV Show,The Good Place,"September 26, 2020",2020,TV-14,4 Seasons
1951,Movie,Time Out,"September 26, 2020",2015,TV-14,98 min
1952,TV Show,A Perfect Crime,"September 25, 2020",2020,TV-14,1 Season
1953,TV Show,Mighty Little Bheem,"September 25, 2020",2020,TV-Y,3 Seasons
1954,Movie,My Mother's Wound,"September 25, 2020",2016,TV-MA,115 min
1955,TV Show,Sneakerheads,"September 25, 2020",2020,TV-MA,1 Season
1956,TV Show,The School Nurse Files,"September 25, 2020",2020,TV-MA,1 Season
1957,Movie,Zulu Man in Japan,"September 25, 2020",2019,TV-MA,44 min
1958,Movie,Real Steel,"September 24, 2020",2011,PG-13,127 min
1959,TV Show,The Chef Show,"September 24, 2020",2020,TV-MA,4 Seasons
1960,Movie,Enola Holmes,"September 23, 2020",2020,PG-13,124 min
1961,Movie,Kiss the Ground,"September 22, 2020",2020,TV-G,85 min
1962,TV Show,The Playbook,"September 22, 2020",2020,TV-MA,1 Season
1963,Movie,A Love Song for Latasha,"September 21, 2020",2020,TV-PG,20 min
1964,Movie,DTC Yukemuri Junjo Hen From High & Low,"September 20, 2020",2018,TV-PG,102 min
1965,Movie,High & Low The Movie,"September 20, 2020",2016,TV-MA,129 min
1966,Movie,High & Low The Movie 2 / End of Sky,"September 20, 2020",2017,TV-MA,124 min
1967,Movie,High & Low The Movie 3 / Final Mission,"September 20, 2020",2017,TV-MA,118 min
1968,Movie,High & Low The Red Rain,"September 20, 2020",2016,TV-MA,111 min
1969,Movie,High & Low The Worst,"September 20, 2020",2019,TV-MA,125 min
1970,Movie,Road To High & Low,"September 20, 2020",2016,TV-MA,94 min
1971,Movie,The Blue Elephant 2,"September 20, 2020",2019,TV-MA,130 min
1972,Movie,Bhaji In Problem,"September 19, 2020",2013,TV-14,117 min
1973,Movie,Black,"September 19, 2020",2015,TV-14,137 min
1974,TV Show,Fukrey Boyzzz,"September 19, 2020",2020,TV-Y,1 Season
1975,Movie,Saheb Biwi Aur Gangster Returns,"September 19, 2020",2013,TV-MA,139 min
1976,Movie,Santa Banta Pvt Ltd,"September 19, 2020",2016,TV-14,111 min
1977,Movie,The Royal Bengal Tiger,"September 19, 2020",2014,TV-MA,103 min
1978,Movie,Dolly Kitty Aur Woh Chamakte Sitare,"September 18, 2020",2020,TV-MA,120 min
1979,TV Show,Ratched,"September 18, 2020",2020,TV-MA,1 Season
1980,TV Show,The American Barbecue Showdown,"September 18, 2020",2020,TV-G,1 Season
1981,TV Show,The Blacklist,"September 18, 2020",2019,TV-14,7 Seasons
1982,Movie,Whipped,"September 18, 2020",2020,TV-14,98 min
1983,Movie,Anaamika,"September 17, 2020",2014,TV-14,130 min
1984,TV Show,Dragon's Dogma,"September 17, 2020",2020,TV-MA,1 Season
1985,Movie,GIMS: On the Record,"September 17, 2020",2020,TV-MA,96 min
1986,Movie,Horrid Henry's Gross Day Out,"September 17, 2020",2020,TV-Y,61 min
1987,Movie,Nee Enge En Anbe,"September 17, 2020",2014,TV-14,137 min
1988,Movie,Residue,"September 17, 2020",2020,TV-MA,90 min
1989,TV Show,The Last Word,"September 17, 2020",2020,TV-MA,1 Season
1990,TV Show,Baby,"September 16, 2020",2020,TV-MA,3 Seasons
1991,TV Show,Challenger,"September 16, 2020",2020,TV-14,1 Season
1992,TV Show,Criminal: UK,"September 16, 2020",2020,TV-MA,2 Seasons
1993,Movie,Dr Jason Leong Hashtag Blessed,"September 16, 2020",2018,TV-MA,69 min
1994,TV Show,Signs,"September 16, 2020",2020,TV-MA,2 Seasons
1995,TV Show,Sing On!,"September 16, 2020",2020,TV-PG,1 Season
1996,Movie,The Devil All The Time,"September 16, 2020",2020,R,139 min
1997,Movie,The Paramedic,"September 16, 2020",2020,TV-MA,94 min
1998,Movie,The Take,"September 16, 2020",2016,R,92 min
1999,TV Show,Call the Midwife,"September 15, 2020",2020,TV-MA,9 Seasons
2000,Movie,Hope Frozen: A Quest to Live Twice,"September 15, 2020",2020,TV-PG,80 min
2001,Movie,Michael McIntyre: Showman,"September 15, 2020",2020,TV-MA,63 min
2002,Movie,Raising Victor Vargas,"September 15, 2020",2002,R,88 min
2003,TV Show,Taco Chronicles,"September 15, 2020",2020,TV-MA,2 Seasons
2004,Movie,The Smurfs 2,"September 15, 2020",2013,PG,105 min
2005,Movie,Wish Upon a Unicorn,"September 15, 2020",2020,PG,93 min
2006,Movie,Lara and the Beat,"September 14, 2020",2018,TV-MA,140 min
2007,TV Show,Buddi,"September 11, 2020",2020,TV-Y,2 Seasons
2008,Movie,Dad Wanted,"September 11, 2020",2020,TV-14,103 min
2009,TV Show,Family Business,"September 11, 2020",2020,TV-MA,2 Seasons
2010,TV Show,Girlfriends,"September 11, 2020",2007,TV-14,8 Seasons
2011,Movie,How to Train Your Dragon 2,"September 11, 2020",2014,PG,102 min
2012,Movie,Pets United,"September 11, 2020",2020,TV-Y7,93 min
2013,TV Show,The Barrier,"September 11, 2020",2020,TV-MA,1 Season
2014,TV Show,The Duchess,"September 11, 2020",2020,TV-MA,1 Season
2015,Movie,Wonho Chung: Live in New York,"September 11, 2020",2014,TV-14,69 min
2016,Movie,Aapla Manus,"September 10, 2020",2018,TV-14,133 min
2017,Movie,Ani... Dr. Kashinath Ghanekar,"September 10, 2020",2018,TV-14,157 min
2018,Movie,Bhai: Vyakti Ki Valli - Poorvardha,"September 10, 2020",2019,TV-14,116 min
2019,Movie,Bhai: Vyakti Ki Valli - Uttarardh,"September 10, 2020",2019,TV-PG,112 min
2020,Movie,Cycle,"September 10, 2020",2018,TV-PG,96 min
2021,Movie,Dhh,"September 10, 2020",2017,TV-G,127 min
2022,TV Show,Greenleaf,"September 10, 2020",2020,TV-14,5 Seasons
2023,TV Show,Julie and the Phantoms,"September 10, 2020",2020,TV-G,1 Season
2024,Movie,Kaagar,"September 10, 2020",2019,TV-MA,130 min
2025,Movie,Night of Knots,"September 10, 2020",2018,TV-MA,93 min
2026,Movie,PhotoCopy,"September 10, 2020",2016,TV-14,138 min
2027,Movie,Poshter Girl,"September 10, 2020",2016,TV-14,138 min
2028,Movie,Satria Heroes: Revenge of the Darkness,"September 10, 2020",2017,TV-G,92 min
2029,Movie,Son Of Adam,"September 10, 2020",2018,TV-14,110 min
2030,Movie,The Babysitter: Killer Queen,"September 10, 2020",2020,TV-MA,102 min
2031,Movie,Cargo,"September 9, 2020",2020,TV-14,113 min
2032,Movie,Cuties,"September 9, 2020",2020,TV-MA,96 min
2033,TV Show,Get Organized with The Home Edit,"September 9, 2020",2020,TV-PG,1 Season
2034,TV Show,La Línea: Shadow of Narco,"September 9, 2020",2020,TV-MA,1 Season
2035,Movie,So Much Love to Give,"September 9, 2020",2020,TV-14,108 min
2036,Movie,The Social Dilemma,"September 9, 2020",2020,PG-13,94 min
2037,Movie,#Alive,"September 8, 2020",2020,TV-MA,99 min
2038,TV Show,Record of Youth,"September 8, 2020",2020,TV-14,1 Season
2039,Movie,My Octopus Teacher,"September 7, 2020",2020,TV-G,86 min
2040,Movie,Toll Booth,"September 7, 2020",2010,TV-MA,98 min
2041,TV Show,Transformers: Cyberverse,"September 7, 2020",2020,TV-Y7,2 Seasons
2042,Movie,"Waiting for ""Superman""","September 7, 2020",2010,PG,111 min
2043,TV Show,Cleverman,"September 5, 2020",2017,TV-MA,1 Season
2044,Movie,Villain,"September 5, 2020",2020,R,97 min
2045,TV Show,Away,"September 4, 2020",2020,TV-14,1 Season
2046,Movie,I'm Thinking of Ending Things,"September 4, 2020",2020,R,135 min
2047,Movie,Kandasamys: The Wedding,"September 4, 2020",2019,TV-14,93 min
2048,TV Show,Spirit Riding Free: Riding Academy,"September 4, 2020",2020,TV-Y7,2 Seasons
2049,Movie,The Lost Okoroshi,"September 4, 2020",2019,TV-MA,94 min
2050,Movie,You're My Boss,"September 4, 2020",2015,TV-14,117 min
2051,Movie,Afonso Padilha: Classless,"September 3, 2020",2020,TV-MA,63 min
2052,Movie,Ave Maryam,"September 3, 2020",2018,TV-PG,73 min
2053,Movie,"Love, Guaranteed","September 3, 2020",2020,TV-PG,91 min
2054,TV Show,Young Wallander,"September 3, 2020",2020,TV-MA,1 Season
2055,TV Show,Chef's Table: BBQ,"September 2, 2020",2020,TV-14,1 Season
2056,Movie,Freaks – You're One of Us,"September 2, 2020",2020,TV-MA,93 min
2057,Movie,Hotel for Dogs,"September 2, 2020",2009,PG,101 min
2058,Movie,Sky Tour: The Movie,"September 2, 2020",2020,TV-G,93 min
2059,TV Show,The Witcher: A Look Inside the Episodes,"September 2, 2020",2020,TV-MA,1 Season
2060,Movie,Adrift,"September 1, 2020",2018,PG-13,96 min
2061,Movie,Always Be My Maybe,"September 1, 2020",2016,TV-14,112 min
2062,Movie,Barbie Princess Adventure,"September 1, 2020",2020,TV-Y,72 min
2063,TV Show,Blue Exorcist,"September 1, 2020",2017,TV-MA,2 Seasons
2064,TV Show,Bookmarks,"September 1, 2020",2020,TV-Y,1 Season
2065,TV Show,Borgen,"September 1, 2020",2012,TV-MA,3 Seasons
2066,Movie,Children of the Sea,"September 1, 2020",2019,TV-PG,112 min
2067,TV Show,Erased,"September 1, 2020",2016,TV-14,1 Season
2068,Movie,Fate/Grand Order -First Order-,"September 1, 2020",2016,TV-14,72 min
2069,TV Show,Felipe Esparza: Bad Decisions,"September 1, 2020",2020,TV-MA,1 Season
2070,TV Show,H,"September 1, 2020",2002,TV-MA,4 Seasons
2071,TV Show,Heidi,"September 1, 2020",2020,TV-Y7,1 Season
2072,Movie,Puss in Boots,"September 1, 2020",2011,PG,92 min
2073,Movie,Sex Drive,"September 1, 2020",2008,R,109 min
2074,TV Show,"Sister, Sister","September 1, 2020",1998,TV-PG,6 Seasons
2075,Movie,Soldier,"September 1, 2020",1998,TV-14,155 min
2076,Movie,"Take the Ball, Pass the Ball","September 1, 2020",2018,TV-MA,109 min
2077,Movie,The Boss Baby: Get That Baby!,"September 1, 2020",2020,TV-Y7,115 min
2078,Movie,The Match,"September 1, 2020",2020,TV-MA,97 min
2079,TV Show,The Promised Neverland,"September 1, 2020",2019,TV-14,1 Season
2080,Movie,The Smurfs,"September 1, 2020",2011,PG,103 min
2081,TV Show,Thomas and Friends,"September 1, 2020",2020,TV-Y,2 Seasons
2082,Movie,True: Friendship Day,"September 1, 2020",2020,TV-Y,24 min
2083,Movie,Maniyarayile Ashokan,"August 31, 2020",2020,TV-14,110 min
2084,Movie,The Debt Collector 2,"August 31, 2020",2020,TV-MA,97 min
2085,Movie,All Together Now,"August 29, 2020",2020,PG,94 min
2086,TV Show,I AM A KILLER: RELEASED,"August 28, 2020",2020,TV-MA,1 Season
2087,TV Show,Masaba Masaba,"August 28, 2020",2020,TV-MA,1 Season
2088,Movie,Santana,"August 28, 2020",2020,TV-MA,107 min
2089,Movie,Unknown Origins,"August 28, 2020",2020,TV-MA,97 min
2090,TV Show,Aggretsuko,"August 27, 2020",2020,TV-14,3 Seasons
2091,Movie,Edge of Seventeen,"August 27, 2020",1998,TV-MA,103 min
2092,Movie,The Bridge Curse,"August 27, 2020",2020,TV-MA,88 min
2093,Movie,The Young Messiah,"August 27, 2020",2016,PG-13,111 min
2094,TV Show,Her Mother's Killer,"August 26, 2020",2020,TV-MA,1 Season
2095,Movie,Lingua Franca,"August 26, 2020",2019,TV-MA,94 min
2096,Movie,Making The Witcher,"August 26, 2020",2020,TV-MA,33 min
2097,TV Show,Million Dollar Beach House,"August 26, 2020",2020,TV-MA,1 Season
2098,Movie,Rising Phoenix,"August 26, 2020",2020,PG-13,107 min
2099,TV Show,Emily's Wonder Lab,"August 25, 2020",2020,TV-Y,1 Season
2100,TV Show,Trinkets,"August 25, 2020",2020,TV-MA,2 Seasons
2101,Movie,Septembers of Shiraz,"August 24, 2020",2016,PG-13,110 min
2102,TV Show,Baewatch: Parental Guidance,"August 22, 2020",2019,TV-MA,1 Season
2103,TV Show,Ojos in d' House,"August 22, 2020",2013,TV-G,1 Season
2104,Movie,Class of '83,"August 21, 2020",2020,TV-14,98 min
2105,Movie,Dark Forces,"August 21, 2020",2020,TV-MA,81 min
2106,TV Show,Hoops,"August 21, 2020",2020,TV-MA,1 Season
2107,TV Show,Rust Valley Restorers,"August 21, 2020",2020,TV-14,3 Seasons
2108,Movie,The Sleepover,"August 21, 2020",2020,TV-PG,104 min
2109,TV Show,Goedam,"August 20, 2020",2020,TV-MA,1 Season
2110,Movie,John Was Trying to Contact Aliens,"August 20, 2020",2020,TV-PG,17 min
2111,Movie,Scarecrow,"August 20, 2020",2019,TV-MA,121 min
2112,Movie,The Crimes That Bind,"August 20, 2020",2020,TV-14,100 min
2113,TV Show,DeMarcus Family Rules,"August 19, 2020",2020,TV-14,1 Season
2114,TV Show,High Score,"August 19, 2020",2020,TV-14,1 Season
2115,Movie,Little Singham: Kaal Ka Badla,"August 19, 2020",2020,TV-Y7,70 min
2116,Movie,Drunk Parents,"August 18, 2020",2019,R,97 min
2117,Movie,Meet the In-Laws,"August 18, 2020",2017,TV-PG,75 min
2118,Movie,Crazy Awesome Teachers,"August 17, 2020",2020,TV-PG,102 min
2119,TV Show,Glitch Techs,"August 17, 2020",2020,TV-Y7,2 Seasons
2120,Movie,Islands of Faith,"August 17, 2020",2018,TV-PG,88 min
2121,Movie,Les Misérables,"August 16, 2020",2012,PG-13,158 min
2122,Movie,Seventh Son,"August 16, 2020",2014,PG-13,102 min
2123,TV Show,Stranger,"August 16, 2020",2020,TV-MA,2 Seasons
2124,TV Show,Dérè: An African Tale,"August 15, 2020",2016,TV-PG,1 Season
2125,TV Show,Rita,"August 15, 2020",2020,TV-MA,5 Seasons
2126,TV Show,Takki,"August 15, 2020",2014,TV-14,2 Seasons
2127,Movie,What's Your Raashee?,"August 15, 2020",2009,TV-PG,203 min
2128,TV Show,3%,"August 14, 2020",2020,TV-MA,4 Seasons
2129,Movie,Beyond the Boundary: ICC Women's T20 World Cup Australia 2020,"August 14, 2020",2020,TV-G,59 min
2130,Movie,Fearless,"August 14, 2020",2020,TV-Y7,92 min
2131,Movie,Nigerian Prince,"August 14, 2020",2018,TV-MA,104 min
2132,Movie,Octonauts & the Caves of Sac Actun,"August 14, 2020",2020,TV-Y,72 min
2133,Movie,Project Power,"August 14, 2020",2020,R,113 min
2134,TV Show,Teenage Bounty Hunters,"August 14, 2020",2020,TV-MA,1 Season
2135,TV Show,The Great Heist,"August 14, 2020",2020,TV-MA,1 Season
2136,TV Show,The Legend of Korra,"August 14, 2020",2014,TV-Y7,4 Seasons
2137,TV Show,Zoids Wild,"August 14, 2020",2018,TV-Y7,1 Season
2138,Movie,An Easy Girl,"August 13, 2020",2019,TV-MA,93 min
2139,Movie,Christine,"August 13, 2020",2016,R,119 min
2140,Movie,Simon Killer,"August 13, 2020",2012,TV-MA,105 min
2141,TV Show,(Un)Well,"August 12, 2020",2020,TV-MA,1 Season
2142,Movie,Gunjan Saxena: The Kargil Girl,"August 12, 2020",2020,TV-14,113 min
2143,Movie,Mr. Peabody & Sherman,"August 11, 2020",2014,PG,93 min
2144,Movie,"Rob Schneider: Asian Momma, Mexican Kids","August 11, 2020",2020,TV-MA,44 min
2145,TV Show,GAME ON: A Comedy Crossover Event,"August 10, 2020",2020,TV-G,1 Season
2146,TV Show,Terrace House: Tokyo 2019-2020,"August 10, 2020",2019,TV-MA,2 Seasons
2147,Movie,The Lost Husband,"August 10, 2020",2020,PG-13,110 min
2148,Movie,Diamonds in the Sky,"August 8, 2020",2018,TV-14,113 min
2149,TV Show,The Governor,"August 8, 2020",2016,TV-14,1 Season
2150,Movie,We Summon the Darkness,"August 8, 2020",2020,R,90 min
2151,Movie,"Berlin, Berlin: Lolle on the Run","August 7, 2020",2020,TV-MA,82 min
2152,TV Show,High Seas,"August 7, 2020",2020,TV-MA,3 Seasons
2153,TV Show,Selling Sunset,"August 7, 2020",2020,TV-MA,3 Seasons
2154,TV Show,Sing On! Germany,"August 7, 2020",2020,TV-PG,1 Season
2155,Movie,Stars in the Sky: A Hunting Story,"August 7, 2020",2018,TV-14,69 min
2156,Movie,The Magic School Bus Rides Again Kids In Space,"August 7, 2020",2020,TV-Y,46 min
2157,TV Show,Tiny Creatures,"August 7, 2020",2020,TV-PG,1 Season
2158,TV Show,Wizards: Tales of Arcadia,"August 7, 2020",2020,TV-Y7,1 Season
2159,TV Show,Word Party Songs,"August 7, 2020",2020,TV-Y,1 Season
2160,Movie,Work It,"August 7, 2020",2020,TV-14,94 min
2161,TV Show,Ever After High,"August 6, 2020",2016,TV-Y7,5 Seasons
2162,Movie,Nasha Natasha,"August 6, 2020",2020,TV-PG,72 min
2163,TV Show,The Rain,"August 6, 2020",2020,TV-MA,3 Seasons
2164,Movie,Anelka: Misunderstood,"August 5, 2020",2020,TV-14,95 min
2165,Movie,Sin City,"August 5, 2020",2019,TV-14,101 min
2166,TV Show,World's Most Wanted,"August 5, 2020",2020,TV-14,1 Season
2167,Movie,A Go! Go! Cory Carson Summer Camp,"August 4, 2020",2020,TV-Y,21 min
2168,Movie,Malibu Rescue: The Next Wave,"August 4, 2020",2020,TV-G,71 min
2169,TV Show,Mystery Lab,"August 4, 2020",2020,TV-PG,1 Season
2170,Movie,Sam Jay: 3 In The Morning,"August 4, 2020",2020,TV-MA,64 min
2171,TV Show,Immigration Nation,"August 3, 2020",2020,TV-MA,1 Season
2172,Movie,Almost Love,"August 2, 2020",2020,TV-MA,92 min
2173,Movie,Killing Hasselhoff,"August 1, 2020",2017,R,80 min
2174,TV Show,Moesha,"August 1, 2020",2000,TV-PG,6 Seasons
2175,TV Show,My Perfect Landing,"August 1, 2020",2020,TV-G,1 Season
2176,TV Show,Nagi-Asu: A Lull in the Sea,"August 1, 2020",2014,TV-14,1 Season
2177,Movie,Rogue Warfare: The Hunt,"August 1, 2020",2020,R,104 min
2178,Movie,Super Monsters: The New Class,"August 1, 2020",2020,TV-Y,25 min
2179,TV Show,The Next Step,"August 1, 2020",2018,TV-G,1 Season
2180,Movie,The Ottoman Lieutenant,"August 1, 2020",2017,R,111 min
2181,TV Show,Toradora!,"August 1, 2020",2008,TV-14,1 Season
2182,TV Show,Transformers Rescue Bots Academy,"August 1, 2020",2020,TV-Y,2 Seasons
2183,Movie,Tumi or not Tumi,"August 1, 2020",2020,TV-MA,72 min
2184,Movie,What Keeps You Alive,"August 1, 2020",2018,R,99 min
2185,TV Show,Get Even,"July 31, 2020",2020,TV-PG,1 Season
2186,Movie,Latte and the Magic Waterstone,"July 31, 2020",2020,TV-Y,83 min
2187,Movie,Raat Akeli Hai,"July 31, 2020",2020,TV-MA,150 min
2188,Movie,Seriously Single,"July 31, 2020",2020,TV-MA,108 min
2189,Movie,Sugar High,"July 31, 2020",2020,TV-G,44 min
2190,TV Show,Sugar Rush,"July 31, 2020",2020,TV-PG,3 Seasons
2191,TV Show,The Umbrella Academy,"July 31, 2020",2020,TV-14,2 Seasons
2192,Movie,Retablo,"July 30, 2020",2017,TV-MA,102 min
2193,TV Show,Transformers: War For Cybertron Trilogy,"July 30, 2020",2020,TV-Y7,1 Season
2194,Movie,Uma Maheswara Ugra Roopasya,"July 30, 2020",2020,TV-MA,137 min
2195,TV Show,Unlucky Ploy,"July 30, 2020",2020,TV-MA,1 Season
2196,Movie,It's Her Day,"July 29, 2020",2016,TV-MA,112 min
2197,Movie,Redemption,"July 29, 2020",2019,TV-MA,102 min
2198,Movie,Shine Your Eyes,"July 29, 2020",2020,TV-MA,103 min
2199,Movie,The Hater,"July 29, 2020",2020,TV-MA,136 min
2200,Movie,The Speed Cubers,"July 29, 2020",2020,TV-PG,41 min
2201,Movie,Tread,"July 29, 2020",2019,TV-MA,88 min
2202,TV Show,Last Chance U,"July 28, 2020",2020,TV-MA,5 Seasons
2203,Movie,Banana Split,"July 26, 2020",2020,TV-MA,84 min
2204,TV Show,Shameless (U.S.),"July 26, 2020",2019,TV-MA,10 Seasons
2205,Movie,Door Ke Darshan,"July 25, 2020",2020,TV-14,114 min
2206,Movie,Double World,"July 25, 2020",2020,TV-14,110 min
2207,Movie,Project Marathwada,"July 25, 2020",2016,TV-MA,103 min
2208,Movie,Animal Crackers,"July 24, 2020",2020,TV-Y7,106 min
2209,Movie,Dragons: Rescue Riders: Secrets of the Songwing,"July 24, 2020",2020,TV-Y,46 min
2210,Movie,Nimbe,"July 24, 2020",2019,TV-MA,115 min
2211,Movie,Offering to the Storm,"July 24, 2020",2020,TV-MA,140 min
2212,Movie,Romance Doll,"July 24, 2020",2020,TV-MA,124 min
2213,TV Show,Sing On! Spain,"July 24, 2020",2020,TV-G,1 Season
2214,Movie,The Kissing Booth 2,"July 24, 2020",2020,TV-14,133 min
2215,TV Show,Sinatra: All or Nothing at All,"July 23, 2020",2015,TV-14,1 Season
2216,Movie,The Larva Island Movie,"July 23, 2020",2020,TV-Y7,91 min
2217,Movie,The Letter Reader,"July 23, 2020",2019,TV-PG,30 min
2218,TV Show,Fear City: New York vs The Mafia,"July 22, 2020",2020,TV-MA,1 Season
2219,TV Show,Norsemen,"July 22, 2020",2020,TV-MA,3 Seasons
2220,Movie,The Remix: Hip Hop X Fashion,"July 22, 2020",2019,TV-MA,67 min
2221,Movie,Ip Man 4: The Finale,"July 21, 2020",2019,TV-MA,105 min
2222,Movie,Jack Whitehall: I'm Only Joking,"July 21, 2020",2020,TV-MA,58 min
2223,TV Show,Street Food: Latin America,"July 21, 2020",2020,TV-PG,1 Season
2224,TV Show,Killer Women with Piers Morgan,"July 19, 2020",2017,TV-MA,1 Season
2225,Movie,Funan,"July 18, 2020",2018,TV-14,87 min
2226,TV Show,Gigantosaurus,"July 18, 2020",2019,TV-Y,1 Season
2227,TV Show,Single Wives,"July 18, 2020",2018,TV-MA,1 Season
2228,TV Show,Cursed,"July 17, 2020",2020,TV-MA,1 Season
2229,Movie,Father Soldier Son,"July 17, 2020",2020,R,100 min
2230,TV Show,In The Dark,"July 17, 2020",2020,TV-14,2 Seasons
2231,TV Show,Kissing Game,"July 17, 2020",2020,TV-MA,1 Season
2232,Movie,The Millions,"July 17, 2020",2019,TV-MA,95 min
2233,Movie,Fatal Affair,"July 16, 2020",2020,TV-14,90 min
2234,Movie,MILF,"July 16, 2020",2018,TV-MA,102 min
2235,Movie,Cold Feet,"July 15, 2020",2019,TV-14,98 min
2236,TV Show,Dark Desire,"July 15, 2020",2020,TV-MA,1 Season
2237,Movie,Little Singham: Legend of Dugabakka,"July 15, 2020",2020,TV-Y7,68 min
2238,TV Show,Skin Decision: Before and After,"July 15, 2020",2020,TV-MA,1 Season
2239,TV Show,Sunny Bunnies,"July 15, 2020",2016,TV-Y,2 Seasons
2240,Movie,Sylvia,"July 15, 2020",2018,TV-14,104 min
2241,Movie,The Players,"July 15, 2020",2020,TV-MA,89 min
2242,TV Show,The Business of Drugs,"July 14, 2020",2020,TV-MA,1 Season
2243,Movie,Urzila Carlson: Overqualified Loser,"July 14, 2020",2020,TV-MA,62 min
2244,Movie,We Are One,"July 14, 2020",2020,TV-MA,86 min
2245,Movie,Hole in the Wall,"July 11, 2020",2016,TV-MA,104 min
2246,TV Show,Dating Around: Brazil,"July 10, 2020",2020,TV-14,1 Season
2247,TV Show,Down to Earth with Zac Efron,"July 10, 2020",2020,TV-PG,1 Season
2248,Movie,Mama's Boy,"July 10, 2020",2018,TV-14,101 min
2249,Movie,The Claudia Kishi Club,"July 10, 2020",2020,TV-14,17 min
2250,TV Show,The Epic Tales of Captain Underpants in Space,"July 10, 2020",2020,TV-Y7,1 Season
2251,Movie,The Old Guard,"July 10, 2020",2020,R,126 min
2252,TV Show,The Twelve,"July 10, 2020",2019,TV-MA,1 Season
2253,Movie,Your Excellency,"July 10, 2020",2019,TV-G,120 min
2254,TV Show,Japan Sinks: 2020,"July 9, 2020",2020,TV-MA,1 Season
2255,TV Show,The Protector,"July 9, 2020",2020,TV-MA,4 Seasons
2256,TV Show,Was It Love?,"July 9, 2020",2020,TV-14,1 Season
2257,Movie,Born Racer,"July 8, 2020",2018,R,89 min
2258,Movie,Mucho Mucho Amor: The Legend of Walter Mercado,"July 8, 2020",2020,TV-14,96 min
2259,TV Show,Stateless,"July 8, 2020",2020,TV-MA,1 Season
2260,Movie,The Long Dumb Road,"July 8, 2020",2018,R,91 min
2261,Movie,Dr. Seuss' The Lorax,"July 7, 2020",2012,PG,86 min
2262,Movie,Jim Jefferies: Intolerant,"July 7, 2020",2020,TV-MA,67 min
2263,Movie,A Kid from Coney Island,"July 6, 2020",2019,TV-MA,89 min
2264,Movie,PNL - Dans la légende tour,"July 6, 2020",2020,TV-MA,65 min
2265,Movie,Aiyyaa,"July 5, 2020",2012,TV-14,151 min
2266,Movie,Bbuddah Hoga Terra Baap,"July 5, 2020",2011,TV-14,116 min
2267,Movie,Blood Money,"July 5, 2020",2012,TV-14,110 min
2268,Movie,Bombay Talkies,"July 5, 2020",2013,TV-MA,123 min
2269,Movie,Boss,"July 5, 2020",2013,TV-14,139 min
2270,Movie,Budhia Singh: Born to Run,"July 5, 2020",2016,TV-MA,95 min
2271,Movie,Chashme Baddoor,"July 5, 2020",2013,TV-14,121 min
2272,Movie,Dharam Sankat Mein,"July 5, 2020",2015,TV-PG,127 min
2273,Movie,Drishyam,"July 5, 2020",2015,TV-14,162 min
2274,Movie,Gabbar Is Back,"July 5, 2020",2015,TV-14,128 min
2275,Movie,Gollu Aur Pappu,"July 5, 2020",2014,TV-14,112 min
2276,TV Show,Hook,"July 5, 2020",2020,TV-MA,1 Season
2277,Movie,Inkaar,"July 5, 2020",2013,TV-MA,125 min
2278,Movie,Madras Café,"July 5, 2020",2013,TV-14,128 min
2279,Movie,Mary Kom,"July 5, 2020",2014,TV-PG,120 min
2280,Movie,Michael,"July 5, 2020",2011,TV-MA,86 min
2281,Movie,Mumbai Delhi Mumbai,"July 5, 2020",2014,TV-MA,107 min
2282,Movie,Oh My God,"July 5, 2020",2012,TV-PG,129 min
2283,Movie,One by Two,"July 5, 2020",2014,TV-14,135 min
2284,Movie,Only,"July 5, 2020",2019,TV-MA,97 min
2285,Movie,Penalty,"July 5, 2020",2019,TV-14,125 min
2286,Movie,Players,"July 5, 2020",2012,TV-14,162 min
2287,Movie,Pyaar Ka Punchnama 2,"July 5, 2020",2015,TV-MA,136 min
2288,Movie,Queen,"July 5, 2020",2014,TV-MA,138 min
2289,Movie,Shaitan,"July 5, 2020",2011,TV-MA,126 min
2290,Movie,Special 26,"July 5, 2020",2013,TV-PG,137 min
2291,Movie,Tanu Weds Manu,"July 5, 2020",2011,TV-14,114 min
2292,Movie,What the Fish,"July 5, 2020",2013,TV-14,96 min
2293,TV Show,Little Singham,"July 4, 2020",2020,TV-Y7,2 Seasons
2294,TV Show,Cable Girls,"July 3, 2020",2019,TV-MA,6 Seasons
2295,Movie,Desperados,"July 3, 2020",2020,TV-MA,107 min
2296,Movie,Hunter in the Blue Side of Manchester,"July 3, 2020",2020,TV-MA,89 min
2297,Movie,I Am Not Your Negro,"July 3, 2020",2017,PG-13,94 min
2298,TV Show,JU-ON: Origins,"July 3, 2020",2020,TV-MA,1 Season
2299,TV Show,Southern Survival,"July 3, 2020",2020,TV-PG,1 Season
2300,TV Show,The Baby-Sitters Club,"July 3, 2020",2020,TV-G,1 Season
2301,Movie,The Perfect Picture: Ten Years Later,"July 3, 2020",2019,TV-MA,148 min
2302,TV Show,Supermarket Sweep,"July 2, 2020",1993,TV-G,1 Season
2303,Movie,Thiago Ventura: POKAS,"July 2, 2020",2020,TV-MA,82 min
2304,TV Show,Warrior Nun,"July 2, 2020",2020,TV-MA,1 Season
2305,Movie,#AnneFrank - Parallel Stories,"July 1, 2020",2019,TV-14,95 min
2306,TV Show,21 Again,"July 1, 2020",2019,TV-MA,1 Season
2307,TV Show,A Touch of Green,"July 1, 2020",2016,TV-MA,1 Season
2308,TV Show,Abby Hatcher,"July 1, 2020",2019,TV-Y,1 Season
2309,Movie,Adú,"July 1, 2020",2020,TV-MA,120 min
2310,Movie,Ali Baba ve 7 Cüceler,"July 1, 2020",2015,TV-MA,115 min
2311,Movie,David Foster: Off the Record,"July 1, 2020",2019,TV-MA,107 min
2312,Movie,Double Jeopardy,"July 1, 2020",1999,R,105 min
2313,Movie,Pek Yakında,"July 1, 2020",2014,TV-MA,134 min
2314,TV Show,Say I Do,"July 1, 2020",2020,TV-14,1 Season
2315,Movie,Stardust,"July 1, 2020",2007,PG-13,128 min
2316,Movie,The F**k-It List,"July 1, 2020",2019,TV-MA,103 min
2317,Movie,The Silence of Others,"July 1, 2020",2019,TV-14,96 min
2318,Movie,Total Recall,"July 1, 2020",1990,R,114 min
2319,TV Show,Trotro,"July 1, 2020",2004,TV-Y,1 Season
2320,Movie,Under the Riccione Sun,"July 1, 2020",2020,TV-MA,102 min
2321,TV Show,BNA,"June 30, 2020",2020,TV-14,1 Season
2322,Movie,George Lopez: We'll Do It For Half,"June 30, 2020",2020,TV-MA,52 min
2323,TV Show,Homemade,"June 30, 2020",2020,TV-MA,1 Season
2324,Movie,The Mirror Boy,"June 30, 2020",2011,TV-14,86 min
2325,Movie,#FriendButMarried 2,"June 28, 2020",2020,TV-G,104 min
2326,Movie,Skin,"June 28, 2020",2019,TV-MA,76 min
2327,Movie,Thackeray (Marathi),"June 28, 2020",2019,TV-14,135 min
2328,TV Show,Dark,"June 27, 2020",2020,TV-MA,3 Seasons
2329,Movie,Ride Like a Girl,"June 27, 2020",2020,PG,99 min
2330,TV Show,All For Love,"June 26, 2020",2020,TV-MA,1 Season
2331,Movie,Eurovision Song Contest: The Story of Fire Saga,"June 26, 2020",2020,PG-13,124 min
2332,TV Show,Home Game,"June 26, 2020",2020,TV-MA,1 Season
2333,Movie,Kasanova,"June 26, 2020",2019,TV-14,117 min
2334,Movie,Ordinary People,"June 26, 2020",2016,TV-MA,107 min
2335,Movie,Seven (Tamil),"June 26, 2020",2019,TV-MA,111 min
2336,Movie,Seven (Telugu),"June 26, 2020",2019,TV-14,116 min
2337,Movie,Thackeray (Hindi),"June 26, 2020",2019,TV-14,135 min
2338,TV Show,Twogether,"June 26, 2020",2020,TV-G,1 Season
2339,Movie,Krishna and His Leela,"June 25, 2020",2020,TV-MA,126 min
2340,Movie,Prem Ratan Dhan Payo,"June 25, 2020",2015,TV-14,164 min
2341,Movie,Vivah,"June 25, 2020",2006,TV-14,166 min
2342,Movie,Athlete A,"June 24, 2020",2020,PG-13,104 min
2343,Movie,Bulbbul,"June 24, 2020",2020,TV-MA,94 min
2344,TV Show,Crazy Delicious,"June 24, 2020",2020,TV-PG,1 Season
2345,Movie,Nobody Knows I'm Here,"June 24, 2020",2020,TV-MA,92 min
2346,Movie,Eric Andre: Legalize Everything,"June 23, 2020",2020,TV-MA,52 min
2347,TV Show,"Roswell, New Mexico","June 23, 2020",2020,TV-14,2 Seasons
2348,Movie,Kappela,"June 22, 2020",2020,TV-14,112 min
2349,Movie,The Royal Hibiscus Hotel,"June 22, 2020",2017,TV-PG,90 min
2350,TV Show,It's Okay to Not Be Okay,"June 21, 2020",2020,TV-MA,1 Season
2351,Movie,Woodshock,"June 21, 2020",2017,R,101 min
2352,Movie,Elevator Baby,"June 20, 2020",2019,TV-MA,84 min
2353,TV Show,Babies,"June 19, 2020",2020,TV-14,2 Seasons
2354,Movie,Chaman Bahaar,"June 19, 2020",2020,TV-MA,112 min
2355,Movie,Destiny,"June 19, 2020",1997,TV-14,136 min
2356,Movie,Disclosure,"June 19, 2020",2020,TV-MA,108 min
2357,Movie,Feel the Beat,"June 19, 2020",2020,TV-G,110 min
2358,TV Show,Floor Is Lava,"June 19, 2020",2020,TV-PG,1 Season
2359,Movie,Lost Bullet,"June 19, 2020",2020,TV-MA,93 min
2360,TV Show,Most Beautiful Thing,"June 19, 2020",2020,TV-MA,2 Seasons
2361,Movie,One-Way to Tomorrow,"June 19, 2020",2020,TV-MA,90 min
2362,Movie,The Emigrant,"June 19, 2020",1994,TV-14,130 min
2363,TV Show,The Politician,"June 19, 2020",2020,TV-MA,2 Seasons
2364,Movie,Wasp Network,"June 19, 2020",2020,TV-MA,128 min
2365,Movie,A Whisker Away,"June 18, 2020",2020,TV-PG,104 min
2366,Movie,Alexandria ... Why?,"June 18, 2020",1979,TV-MA,131 min
2367,Movie,Alexandria: Again and Forever,"June 18, 2020",1989,TV-MA,109 min
2368,Movie,An Egyptian Story,"June 18, 2020",1982,TV-MA,129 min
2369,Movie,Cairo Station,"June 18, 2020",1958,TV-14,73 min
2370,Movie,Dark Waters,"June 18, 2020",1956,TV-14,104 min
2371,Movie,El límite infinito,"June 18, 2020",2020,TV-PG,48 min
2372,Movie,Lola Igna,"June 18, 2020",2019,TV-14,114 min
2373,Movie,One Take,"June 18, 2020",2020,TV-G,86 min
2374,Movie,Saladin,"June 18, 2020",1963,TV-MA,194 min
2375,Movie,Stray Bullet,"June 18, 2020",2010,TV-MA,76 min
2376,Movie,The Blazing Sun,"June 18, 2020",1954,TV-14,116 min
2377,Movie,The Land,"June 18, 2020",1970,TV-MA,130 min
2378,Movie,The Nut Job,"June 18, 2020",2014,PG,85 min
2379,TV Show,The Order,"June 18, 2020",2020,TV-MA,2 Seasons
2380,Movie,An Evening with Beverly Luff Linn,"June 17, 2020",2018,R,108 min
2381,Movie,Riding Faith,"June 17, 2020",2020,TV-PG,81 min
2382,Movie,Last Flight to Abuja,"June 16, 2020",2012,TV-14,76 min
2383,Movie,The Darkness,"June 16, 2020",2016,PG-13,92 min
2384,TV Show,The Chase,"June 15, 2020",2015,TV-PG,2 Seasons
2385,Movie,The Show Must Go On: The Queen + Adam Lambert Story,"June 15, 2020",2019,TV-MA,85 min
2386,Movie,Underdogs,"June 15, 2020",2013,PG,85 min
2387,Movie,Wira,"June 15, 2020",2019,TV-14,108 min
2388,Movie,4th Republic,"June 13, 2020",2019,TV-MA,120 min
2389,TV Show,Alexa & Katie,"June 13, 2020",2020,TV-G,4 Seasons
2390,Movie,Asura Guru,"June 13, 2020",2020,TV-14,117 min
2391,TV Show,How to Get Away with Murder,"June 13, 2020",2020,TV-14,6 Seasons
2392,Movie,Milea,"June 13, 2020",2020,TV-14,100 min
2393,Movie,Axone,"June 12, 2020",2020,TV-MA,101 min
2394,Movie,Da 5 Bloods,"June 12, 2020",2020,R,156 min
2395,TV Show,Dating Around,"June 12, 2020",2020,TV-MA,2 Seasons
2396,TV Show,F is for Family,"June 12, 2020",2020,TV-MA,4 Seasons
2397,TV Show,Frank Elstner: Just One Last Question,"June 12, 2020",2020,TV-MA,1 Season
2398,Movie,Jo Koy: In His Elements,"June 12, 2020",2020,TV-MA,55 min
2399,Movie,Okko's Inn,"June 12, 2020",2018,PG,96 min
2400,TV Show,ONE PIECE,"June 12, 2020",2002,TV-14,4 Seasons
2401,TV Show,The Search,"June 12, 2020",2020,TV-MA,1 Season
2402,TV Show,The Woods,"June 12, 2020",2020,TV-MA,1 Season
2403,Movie,From A to B,"June 11, 2020",2014,TV-MA,104 min
2404,Movie,Menahi,"June 11, 2020",2008,TV-14,101 min
2405,TV Show,Curon,"June 10, 2020",2020,TV-MA,1 Season
2406,TV Show,DC's Legends of Tomorrow,"June 10, 2020",2020,TV-14,5 Seasons
2407,TV Show,Lenox Hill,"June 10, 2020",2020,TV-MA,1 Season
2408,Movie,Middle Men,"June 10, 2020",2009,R,113 min
2409,TV Show,My Mister,"June 10, 2020",2018,TV-MA,1 Season
2410,TV Show,Reality Z,"June 10, 2020",2020,TV-MA,1 Season
2411,Movie,The Witch: Part 1 - The Subversion,"June 10, 2020",2018,TV-MA,126 min
2412,Movie,Before I Fall,"June 8, 2020",2017,PG-13,98 min
2413,Movie,365 Days,"June 7, 2020",2020,TV-MA,114 min
2414,Movie,Forensic,"June 7, 2020",2020,TV-14,132 min
2415,Movie,Project Papa,"June 7, 2020",2018,TV-14,92 min
2416,TV Show,Queen of the South,"June 6, 2020",2018,TV-MA,4 Seasons
2417,Movie,The Night Clerk,"June 6, 2020",2020,R,90 min
2418,TV Show,13 Reasons Why,"June 5, 2020",2020,TV-MA,4 Seasons
2419,Movie,Before the Summer Crowds,"June 5, 2020",2016,TV-14,86 min
2420,Movie,Big Stone Gap,"June 5, 2020",2014,PG-13,103 min
2421,Movie,Choked: Paisa Bolta Hai,"June 5, 2020",2020,TV-14,114 min
2422,Movie,Merry Men 2: Another Mission,"June 5, 2020",2019,TV-MA,115 min
2423,TV Show,Queer Eye,"June 5, 2020",2020,TV-14,5 Seasons
2424,TV Show,Supernatural,"June 5, 2020",2019,TV-14,15 Seasons
2425,Movie,The Last Days of American Crime,"June 5, 2020",2020,TV-MA,149 min
2426,Movie,The Light of My Eyes,"June 5, 2020",2010,TV-MA,96 min
2427,TV Show,BAKI,"June 4, 2020",2020,TV-MA,3 Seasons
2428,Movie,Hot Sweet Sour,"June 4, 2020",2017,TV-14,102 min
2429,Movie,Overnight Republic,"June 4, 2020",2017,TV-MA,105 min
2430,Movie,Can’t Complain,"June 3, 2020",2007,TV-MA,114 min
2431,Movie,Lady Bird,"June 3, 2020",2017,R,94 min
2432,Movie,Spelling the Dream,"June 3, 2020",2020,TV-G,83 min
2433,TV Show,Alone,"June 2, 2020",2019,TV-14,1 Season
2434,Movie,Andaleeb El Dokki,"June 2, 2020",2008,TV-14,106 min
2435,Movie,Let's Dance,"June 2, 2020",2006,TV-14,116 min
2436,Movie,Life's Speed Bump,"June 2, 2020",2006,TV-14,109 min
2437,Movie,Mr. Romantic,"June 2, 2020",2009,TV-14,97 min
2438,Movie,My Horrible Grandma,"June 2, 2020",2012,TV-MA,100 min
2439,Movie,Sorry To Disturb,"June 2, 2020",2008,TV-14,116 min
2440,Movie,The Student Cop,"June 2, 2020",2004,TV-14,111 min
2441,Movie,True: Rainbow Rescue,"June 2, 2020",2020,TV-Y,24 min
2442,Movie,What's Up?,"June 2, 2020",2006,TV-PG,95 min
2443,Movie,X Large,"June 2, 2020",2011,TV-14,135 min
2444,Movie,122,"June 1, 2020",2019,TV-MA,95 min
2445,TV Show,Cardcaptor Sakura,"June 1, 2020",1999,TV-Y7,2 Seasons
2446,Movie,Chippa,"June 1, 2020",2020,TV-14,92 min
2447,Movie,Cook Off,"June 1, 2020",2017,TV-G,100 min
2448,TV Show,Dear My Friends,"June 1, 2020",2016,TV-MA,1 Season
2449,Movie,Kalek Shanab,"June 1, 2020",2019,TV-PG,80 min
2450,TV Show,Megalobox,"June 1, 2020",2018,TV-MA,1 Season
2451,TV Show,Midnight Diner,"June 1, 2020",2014,TV-MA,3 Seasons
2452,Movie,Mirai,"June 1, 2020",2018,PG,98 min
2453,TV Show,My Shy Boss,"June 1, 2020",2017,TV-MA,1 Season
2454,TV Show,Revolutionary Love,"June 1, 2020",2017,TV-MA,1 Season
2455,Movie,The Disaster Artist,"June 1, 2020",2017,R,104 min
2456,Movie,The Stolen,"June 1, 2020",2016,TV-14,98 min
2457,Movie,High Strung Free Dance,"May 31, 2020",2019,TV-14,104 min
2458,Movie,Freej Al Taibeen,"May 29, 2020",2018,TV-PG,99 min
2459,Movie,Kenny Sebastian: The Most Interesting Person in the Room,"May 29, 2020",2020,TV-MA,68 min
2460,TV Show,Space Force,"May 29, 2020",2020,TV-MA,1 Season
2461,Movie,The Other,"May 29, 2020",1999,TV-MA,106 min
2462,TV Show,"Can't Cope, Won't Cope","May 28, 2020",2018,TV-MA,2 Seasons
2463,TV Show,Dorohedoro,"May 28, 2020",2020,TV-MA,1 Season
2464,Movie,Grandmother's Farm,"May 28, 2020",2014,TV-14,71 min
2465,Movie,Grandmother's Farm Part 2,"May 28, 2020",2015,TV-14,80 min
2466,Movie,Intuition,"May 28, 2020",2020,TV-MA,116 min
2467,TV Show,Mako Mermaids: An H2O Adventure,"May 28, 2020",2016,TV-G,4 Seasons
2468,Movie,I'm No Longer Here,"May 27, 2020",2019,TV-MA,112 min
2469,Movie,Hannah Gadsby: Douglas,"May 26, 2020",2020,TV-MA,73 min
2470,Movie,Ne Zha,"May 25, 2020",2019,TV-14,110 min
2471,TV Show,Supergirl,"May 25, 2020",2019,TV-14,5 Seasons
2472,Movie,Uncut Gems,"May 25, 2020",2019,R,135 min
2473,TV Show,Betaal,"May 24, 2020",2020,TV-MA,1 Season
2474,TV Show,Dynasty,"May 23, 2020",2019,TV-14,3 Seasons
2475,Movie,One Day We'll Talk About Today,"May 23, 2020",2020,TV-G,128 min
2476,Movie,Si Doel the Movie 3,"May 23, 2020",2020,TV-G,93 min
2477,TV Show,History 101,"May 22, 2020",2020,TV-14,1 Season
2478,Movie,Living in Bondage: Breaking Free,"May 22, 2020",2019,TV-MA,149 min
2479,Movie,Modest Heroes: Ponoc Short Films Theatre,"May 22, 2020",2018,PG,54 min
2480,Movie,The Lovebirds,"May 22, 2020",2020,R,87 min
2481,TV Show,Trailer Park Boys: The Animated Series,"May 22, 2020",2020,TV-MA,2 Seasons
2482,Movie,#FriendButMarried,"May 21, 2020",2018,TV-G,102 min
2483,Movie,Bye Bye London,"May 21, 2020",1981,TV-14,177 min
2484,Movie,Fifty Year Old Teenager,"May 21, 2020",1996,TV-14,204 min
2485,Movie,Lock Your Girls In,"May 21, 2020",1982,TV-PG,233 min
2486,Movie,Mujeres arriba,"May 21, 2020",2019,TV-14,98 min
2487,TV Show,Mystic Pop-up Bar,"May 21, 2020",2020,TV-MA,1 Season
2488,Movie,No Longer kids,"May 21, 2020",1979,TV-14,237 min
2489,Movie,Raya and Sakina,"May 21, 2020",1984,TV-14,230 min
2490,Movie,Sayed the Servant,"May 21, 2020",1985,TV-14,173 min
2491,Movie,The Married Couples,"May 21, 2020",1981,TV-14,195 min
2492,Movie,The School of Mischief,"May 21, 2020",1973,TV-14,253 min
2493,Movie,The Witness Who Didn't See Anything,"May 21, 2020",1976,TV-PG,157 min
2494,Movie,Anchor Baby,"May 20, 2020",2010,TV-MA,97 min
2495,Movie,Ben Platt Live from Radio City Music Hall,"May 20, 2020",2020,TV-PG,85 min
2496,TV Show,Especial 20 años Fútbol de Primera,"May 20, 2020",2020,TV-14,1 Season
2497,Movie,Honeytrap,"May 20, 2020",2014,TV-MA,94 min
2498,Movie,I Will Follow,"May 20, 2020",2010,TV-14,80 min
2499,Movie,Mutiny of the Worker Bees,"May 20, 2020",2020,TV-MA,94 min
2500,TV Show,The Queen and the Conqueror,"May 20, 2020",2020,TV-14,1 Season
2501,Movie,What Are the Odds?,"May 20, 2020",2020,TV-MA,92 min
2502,Movie,Either Me Or My Auntie,"May 19, 2020",2006,TV-PG,105 min
2503,Movie,Escaping Tel Aviv,"May 19, 2020",2009,TV-14,120 min
2504,Movie,Game Over,"May 19, 2020",2012,TV-14,96 min
2505,Movie,Karkar,"May 19, 2020",2007,TV-14,107 min
2506,Movie,My Sleeping Lover,"May 19, 2020",2008,TV-PG,93 min
2507,Movie,Omar & Salma 2,"May 19, 2020",2009,TV-14,101 min
2508,TV Show,Patton Oswalt: I Love Everything,"May 19, 2020",2020,TV-MA,1 Season
2509,TV Show,Sweet Magnolias,"May 19, 2020",2020,TV-14,1 Season
2510,Movie,Tarek's Situation,"May 19, 2020",2006,TV-14,110 min
2511,Movie,The Beach Loafer,"May 19, 2020",2004,TV-14,112 min
2512,Movie,Wadjda,"May 19, 2020",2012,PG,93 min
2513,Movie,Zaki Chan,"May 19, 2020",2005,TV-PG,109 min
2514,Movie,Light in the Dark,"May 18, 2020",2019,TV-14,105 min
2515,TV Show,The Big Flower Fight,"May 18, 2020",2020,TV-PG,1 Season
2516,TV Show,Patriot Act with Hasan Minhaj,"May 17, 2020",2020,TV-MA,6 Seasons
2517,Movie,The End,"May 17, 2020",2019,TV-MA,97 min
2518,TV Show,Boys Over Flowers,"May 16, 2020",2009,TV-14,1 Season
2519,TV Show,Iris,"May 16, 2020",2009,TV-14,1 Season
2520,TV Show,Avatar: The Last Airbender,"May 15, 2020",2007,TV-Y7,3 Seasons
2521,Movie,Heaven Without People,"May 15, 2020",2017,TV-MA,91 min
2522,Movie,"I love you, stupid","May 15, 2020",2019,TV-MA,88 min
2523,TV Show,Inhuman Resources,"May 15, 2020",2020,TV-MA,1 Season
2524,TV Show,Madam Secretary,"May 15, 2020",2019,TV-PG,6 Seasons
2525,TV Show,Magic for Humans,"May 15, 2020",2020,TV-14,3 Seasons
2526,TV Show,Parasyte: The Maxim,"May 15, 2020",2014,TV-MA,1 Season
2527,TV Show,She-Ra and the Princesses of Power,"May 15, 2020",2020,TV-Y7,5 Seasons
2528,TV Show,Sleepless Society: Two Pillows & A Lost Soul,"May 15, 2020",2020,TV-MA,1 Season
2529,TV Show,Strangers from Hell,"May 15, 2020",2019,TV-MA,1 Season
2530,TV Show,The Wiggles,"May 15, 2020",2015,TV-Y,2 Seasons
2531,TV Show,White Lines,"May 15, 2020",2020,TV-MA,1 Season
2532,Movie,Dilan 1990,"May 14, 2020",2018,TV-14,109 min
2533,Movie,Dilan 1991,"May 14, 2020",2019,TV-14,118 min
2534,Movie,Fan of Amoory,"May 14, 2020",2018,TV-G,109 min
2535,Movie,Malang,"May 14, 2020",2020,TV-MA,131 min
2536,Movie,Match,"May 14, 2020",2017,TV-14,91 min
2537,Movie,Rencor tatuado,"May 14, 2020",2018,TV-MA,152 min
2538,Movie,The Delivery Boy,"May 14, 2020",2018,TV-14,67 min
2539,Movie,Wedy Atkalam,"May 14, 2020",2018,TV-PG,72 min
2540,Movie,Fire in the Blood,"May 13, 2020",2012,TV-14,83 min
2541,Movie,The Wrong Missy,"May 13, 2020",2020,TV-MA,90 min
2542,Movie,Ali & Alia,"May 12, 2020",2019,TV-14,106 min
2543,TV Show,True: Terrific Tales,"May 12, 2020",2020,TV-Y,1 Season
2544,Movie,Unbreakable Kimmy Schmidt: Kimmy vs. the Reverend,"May 12, 2020",2020,TV-14,190 min
2545,Movie,Action Replayy,"May 11, 2020",2010,TV-PG,129 min
2546,Movie,Andaz Apna Apna,"May 11, 2020",1994,TV-14,160 min
2547,TV Show,Bordertown,"May 11, 2020",2019,TV-MA,3 Seasons
2548,Movie,Have a Good Trip: Adventures in Psychedelics,"May 11, 2020",2020,TV-MA,86 min
2549,TV Show,Trial By Media,"May 11, 2020",2020,TV-MA,1 Season
2550,Movie,John Henry,"May 9, 2020",2020,R,92 min
2551,Movie,18 Presents,"May 8, 2020",2020,TV-MA,114 min
2552,TV Show,Dead to Me,"May 8, 2020",2020,TV-MA,2 Seasons
2553,TV Show,Restaurants on the Edge,"May 8, 2020",2020,TV-14,2 Seasons
2554,TV Show,The Eddy,"May 8, 2020",2020,TV-MA,1 Season
2555,TV Show,The Hollow,"May 8, 2020",2020,TV-Y7,2 Seasons
2556,Movie,Aerials,"May 7, 2020",2016,TV-14,90 min
2557,Movie,In Paradox,"May 7, 2020",2019,TV-14,94 min
2558,TV Show,Scissor Seven,"May 7, 2020",2020,TV-MA,2 Seasons
2559,Movie,Si Doel the Movie,"May 7, 2020",2018,TV-PG,86 min
2560,Movie,Becoming,"May 6, 2020",2020,PG,89 min
2561,Movie,"Sí, Mi Amor","May 6, 2020",2020,TV-MA,107 min
2562,Movie,Jerry Seinfeld: 23 Hours To Kill,"May 5, 2020",2020,TV-PG,61 min
2563,Movie,Arctic Dogs,"May 4, 2020",2019,PG,93 min
2564,Movie,Luccas Neto em: Acampamento de Férias 2,"May 4, 2020",2020,TV-G,81 min
2565,Movie,One Day: Justice Delivered,"May 3, 2020",2019,TV-14,120 min
2566,TV Show,Almost Happy,"May 2, 2020",2020,TV-MA,1 Season
2567,Movie,Bennett's War,"May 2, 2020",2019,PG-13,94 min
2568,Movie,Death Can Wait,"May 2, 2020",2020,TV-14,91 min
2569,TV Show,Hangar 1: The UFO Files,"May 2, 2020",2015,TV-PG,1 Season
2570,TV Show,Hoarders,"May 2, 2020",2020,TV-PG,1 Season
2571,Movie,Lady Driver,"May 2, 2020",2019,PG,104 min
2572,Movie,Mike Birbiglia: My Girlfriend's Boyfriend,"May 2, 2020",2013,TV-14,76 min
2573,Movie,Roped,"May 2, 2020",2020,PG,90 min
2574,Movie,The Stand at Paxton County,"May 2, 2020",2020,R,103 min
2575,TV Show,The Universe: Ancient Mysteries Solved,"May 2, 2020",2015,TV-PG,1 Season
2576,TV Show,WWII in HD,"May 2, 2020",2009,TV-14,1 Season
2577,Movie,All Day and a Night,"May 1, 2020",2020,R,122 min
2578,Movie,Cracked Up: The Darrell Hammond Story,"May 1, 2020",2018,TV-MA,97 min
2579,Movie,Get In,"May 1, 2020",2019,TV-MA,98 min
2580,Movie,Go! Go! Cory Carson: The Chrissy,"May 1, 2020",2020,TV-Y,42 min
2581,TV Show,Hollywood,"May 1, 2020",2020,TV-MA,1 Season
2582,Movie,I Am Divine,"May 1, 2020",2013,TV-MA,90 min
2583,Movie,Madagascar: Escape 2 Africa,"May 1, 2020",2008,PG,91 min
2584,TV Show,Masha and the Bear,"May 1, 2020",2019,TV-Y,4 Seasons
2585,Movie,Material,"May 1, 2020",2012,TV-14,94 min
2586,TV Show,Medici: Masters of Florence,"May 1, 2020",2019,TV-MA,3 Seasons
2587,TV Show,Monthly Girls' Nozaki Kun,"May 1, 2020",2014,TV-PG,1 Season
2588,Movie,Mrs. Serial Killer,"May 1, 2020",2020,TV-MA,107 min
2589,TV Show,Oh Yuck,"May 1, 2020",2020,TV-G,1 Season
2590,Movie,Psycho,"May 1, 2020",2020,TV-MA,143 min
2591,TV Show,Reckoning,"May 1, 2020",2019,TV-MA,1 Season
2592,Movie,The Half Of It,"May 1, 2020",2020,PG-13,105 min
2593,Movie,The Heartbreak Kid,"May 1, 2020",2007,R,116 min
2594,Movie,Thomas & Friends: Marvelous Machinery: A New Arrival,"May 1, 2020",2020,TV-Y,23 min
2595,Movie,Thomas & Friends: Marvelous Machinery: World of Tomorrow,"May 1, 2020",2020,TV-Y,23 min
2596,Movie,Thomas & Friends: Thomas and the Royal Engine,"May 1, 2020",2020,TV-Y,23 min
2597,Movie,What a Girl Wants,"May 1, 2020",2003,PG,105 min
2598,Movie,Dangerous Lies,"April 30, 2020",2020,TV-14,97 min
2599,TV Show,DRIFTING DRAGONS,"April 30, 2020",2020,TV-14,1 Season
2600,TV Show,El señor de los Cielos,"April 30, 2020",2019,TV-MA,7 Seasons
2601,TV Show,Good Witch,"April 30, 2020",2019,TV-PG,5 Seasons
2602,Movie,Rich in Love,"April 30, 2020",2020,TV-14,105 min
2603,TV Show,The Forest of Love: Deep Cut,"April 30, 2020",2020,TV-MA,1 Season
2604,TV Show,The Victims' Game,"April 30, 2020",2020,TV-MA,1 Season
2605,Movie,A Secret Love,"April 29, 2020",2020,TV-14,83 min
2606,Movie,Ekşi Elmalar,"April 29, 2020",2016,TV-PG,109 min
2607,TV Show,Extracurricular,"April 29, 2020",2020,TV-MA,1 Season
2608,Movie,Love Is War,"April 29, 2020",2019,TV-14,111 min
2609,Movie,Murder to Mercy: The Cyntoia Brown Story,"April 29, 2020",2020,TV-MA,97 min
2610,TV Show,Nadiya’s Time to Eat,"April 29, 2020",2020,TV-G,1 Season
2611,Movie,R.K.Nagar,"April 29, 2020",2019,TV-14,132 min
2612,TV Show,Tjovitjo,"April 29, 2020",2017,TV-MA,2 Seasons
2613,Movie,Beynelmilel,"April 28, 2020",2006,TV-MA,102 min
2614,Movie,Bir Baba Hindu,"April 28, 2020",2016,TV-MA,107 min
2615,Movie,Boushkash,"April 28, 2020",2008,TV-MA,100 min
2616,Movie,Cinar Agaci,"April 28, 2020",2011,TV-14,115 min
2617,Movie,Görümce,"April 28, 2020",2016,TV-MA,104 min
2618,Movie,İstanbul Kırmızısı,"April 28, 2020",2017,TV-MA,110 min
2619,Movie,Küçük Esnaf,"April 28, 2020",2016,TV-MA,100 min
2620,Movie,Lembi 8 Giga,"April 28, 2020",2010,TV-MA,111 min
2621,Movie,Neseli Hayat,"April 28, 2020",2009,TV-14,108 min
2622,Movie,Organize Isler,"April 28, 2020",2005,TV-14,104 min
2623,Movie,The Reliant,"April 28, 2020",2019,PG-13,116 min
2624,Movie,We'll Be Right Back After The Break,"April 28, 2020",2012,TV-14,106 min
2625,Movie,5Gang,"April 27, 2020",2019,TV-14,96 min
2626,Movie,Love Aaj Kal,"April 27, 2020",2020,TV-MA,140 min
2627,Movie,The Lift Boy,"April 27, 2020",2020,TV-MA,107 min
2628,TV Show,"Coronavirus, Explained","April 26, 2020",2020,TV-PG,1 Season
2629,TV Show,The Last Kingdom,"April 26, 2020",2020,TV-MA,4 Seasons
2630,Movie,Bheeshma,"April 25, 2020",2020,TV-14,138 min
2631,Movie,Bittersweet,"April 25, 2020",2010,TV-MA,132 min
2632,TV Show,My Secret Romance,"April 25, 2020",2017,TV-14,1 Season
2633,Movie,No Direction Home: Bob Dylan,"April 25, 2020",2005,TV-MA,208 min
2634,Movie,She Made Me a Criminal,"April 25, 2020",2006,TV-14,105 min
2635,Movie,The Artist,"April 25, 2020",2011,PG-13,101 min
2636,Movie,The Dealer,"April 25, 2020",2010,TV-14,124 min
2637,Movie,The International Player,"April 25, 2020",2009,TV-14,93 min
2638,Movie,The Promise,"April 25, 2020",2008,TV-14,110 min
2639,Movie,الف مبروك,"April 25, 2020",2009,TV-14,115 min
2640,TV Show,دفعة القاهرة,"April 25, 2020",2019,TV-14,1 Season
2641,TV Show,After Life,"April 24, 2020",2020,TV-MA,2 Seasons
2642,TV Show,DreamWorks Spooky Stories: Volume 2,"April 24, 2020",2011,TV-PG,1 Season
2643,Movie,Kolaiyuthir Kaalam,"April 24, 2020",2019,TV-14,107 min
2644,TV Show,Love 101,"April 24, 2020",2020,TV-MA,1 Season
2645,Movie,"Yours Sincerely, Kanan Gill","April 24, 2020",2020,TV-MA,72 min
2646,TV Show,Ghost in the Shell: SAC_2045,"April 23, 2020",2020,TV-14,1 Season
2647,Movie,My Stupid Boss,"April 23, 2020",2016,TV-G,107 min
2648,Movie,My Stupid Boss 2,"April 23, 2020",2019,TV-14,95 min
2649,TV Show,The House of Flowers,"April 23, 2020",2020,TV-MA,3 Seasons
2650,Movie,This Earth of Mankind,"April 23, 2020",2019,TV-14,180 min
2651,Movie,Time to Hunt,"April 23, 2020",2020,TV-MA,135 min
2652,TV Show,Absurd Planet,"April 22, 2020",2020,TV-PG,1 Season
2653,Movie,Circus of Books,"April 22, 2020",2020,TV-MA,87 min
2654,Movie,The Plagues of Breslau,"April 22, 2020",2018,TV-MA,94 min
2655,Movie,The Set Up,"April 22, 2020",2019,TV-MA,105 min
2656,Movie,The Silence of the Marsh,"April 22, 2020",2019,TV-MA,93 min
2657,Movie,The Willoughbys,"April 22, 2020",2020,PG,92 min
2658,TV Show,Win the Wilderness,"April 22, 2020",2020,TV-14,1 Season
2659,TV Show,Bleach,"April 21, 2020",2006,TV-14,5 Seasons
2660,TV Show,Middleditch & Schwartz,"April 21, 2020",2020,TV-MA,1 Season
2661,TV Show,Nicky Jam: El Ganador,"April 21, 2020",2018,TV-MA,1 Season
2662,TV Show,Cooked with Cannabis,"April 20, 2020",2020,TV-MA,1 Season
2663,TV Show,The Midnight Gospel,"April 20, 2020",2020,TV-MA,1 Season
2664,Movie,Varane Avashyamund,"April 20, 2020",2020,TV-14,144 min
2665,TV Show,ChuChu TV Nursery Rhymes & Kids Songs (Hindi),"April 18, 2020",2019,TV-Y,1 Season
2666,TV Show,The King: Eternal Monarch,"April 18, 2020",2020,TV-14,1 Season
2667,TV Show,#blackAF,"April 17, 2020",2020,TV-MA,1 Season
2668,Movie,Babamın Ceketi,"April 17, 2020",2018,TV-MA,101 min
2669,Movie,Earth and Blood,"April 17, 2020",2020,TV-MA,81 min
2670,TV Show,El Dragón: Return of a Warrior,"April 17, 2020",2020,TV-MA,2 Seasons
2671,TV Show,Hasmukh,"April 17, 2020",2020,TV-MA,1 Season
2672,Movie,Rising High,"April 17, 2020",2020,TV-MA,95 min
2673,Movie,Sergio,"April 17, 2020",2020,R,119 min
2674,Movie,The Legacy of the Bones,"April 17, 2020",2019,TV-MA,121 min
2675,Movie,Alelí,"April 16, 2020",2019,TV-MA,88 min
2676,TV Show,Fary : Hexagone,"April 16, 2020",2020,TV-MA,2 Seasons
2677,TV Show,Fauda,"April 16, 2020",2020,TV-MA,3 Seasons
2678,Movie,"Hail, Caesar!","April 16, 2020",2016,PG-13,106 min
2679,Movie,Jem and the Holograms,"April 16, 2020",2015,PG,119 min
2680,Movie,Maurício Meirelles: Generating Chaos,"April 16, 2020",2020,TV-MA,63 min
2681,Movie,Puerto Ricans in Paris,"April 16, 2020",2015,R,82 min
2682,Movie,Stunt School,"April 16, 2020",2019,TV-G,95 min
2683,Movie,For the Broken Hearted,"April 15, 2020",2018,TV-14,93 min
2684,Movie,Mischief,"April 15, 2020",2019,TV-PG,120 min
2685,TV Show,The Innocence Files,"April 15, 2020",2020,TV-MA,1 Season
2686,Movie,World Famous Lover,"April 15, 2020",2020,TV-MA,147 min
2687,Movie,Chris D'Elia: No Pain,"April 14, 2020",2020,TV-MA,55 min
2688,Movie,New Money,"April 14, 2020",2018,TV-14,107 min
2689,Movie,Moms at War,"April 13, 2020",2018,TV-14,92 min
2690,Movie,Surviving R. Kelly: The Impact,"April 13, 2020",2019,TV-14,85 min
2691,Movie,Code 8,"April 11, 2020",2019,TV-MA,98 min
2692,TV Show,Brews Brothers,"April 10, 2020",2020,TV-MA,1 Season
2693,Movie,LA Originals,"April 10, 2020",2020,TV-MA,92 min
2694,Movie,Love Wedding Repeat,"April 10, 2020",2020,TV-MA,101 min
2695,Movie,School Life,"April 10, 2020",2019,TV-MA,112 min
2696,Movie,The Main Event,"April 10, 2020",2020,TV-G,103 min
2697,TV Show,The Trial,"April 10, 2020",2019,TV-MA,1 Season
2698,Movie,Tigertail,"April 10, 2020",2020,PG,91 min
2699,TV Show,Hi Score Girl,"April 9, 2020",2019,TV-14,2 Seasons
2700,TV Show,The Circle France,"April 9, 2020",2020,TV-MA,1 Season
2701,Movie,Born Beautiful,"April 8, 2020",2019,TV-MA,96 min
2702,Movie,The Last Airbender,"April 8, 2020",2010,PG,104 min
2703,Movie,Tiffany Haddish: She Ready! From the Hood To Hollywood!,"April 7, 2020",2017,TV-MA,66 min
2704,Movie,Mine 9,"April 6, 2020",2019,TV-MA,83 min
2705,Movie,The Florida Project,"April 6, 2020",2017,R,111 min
2706,Movie,Dark Light,"April 5, 2020",2019,TV-MA,90 min
2707,Movie,The Killing of a Sacred Deer,"April 5, 2020",2017,R,121 min
2708,Movie,Angel Has Fallen,"April 4, 2020",2019,R,121 min
2709,TV Show,El Reemplazante,"April 4, 2020",2013,TV-MA,2 Seasons
2710,Movie,Coffee & Kareem,"April 3, 2020",2020,TV-MA,88 min
2711,TV Show,Legacies,"April 3, 2020",2019,TV-14,2 Seasons
2712,Movie,Money Heist: The Phenomenon,"April 3, 2020",2020,TV-MA,57 min
2713,Movie,The Death of Stalin,"April 3, 2020",2017,R,107 min
2714,Movie,Sol Levante,"April 2, 2020",2020,TV-14,5 min
2715,Movie,Violet Evergarden: Eternity and the Auto Memory Doll,"April 2, 2020",2019,TV-PG,91 min
2716,Movie,Agneepath,"April 1, 2020",1990,TV-14,174 min
2717,Movie,Brothers,"April 1, 2020",2015,TV-14,155 min
2718,Movie,Chhota Bheem and the Curse of Damyaan,"April 1, 2020",2012,TV-Y7,87 min
2719,TV Show,Community,"April 1, 2020",2015,TV-14,6 Seasons
2720,Movie,David Batra: Elefanten i rummet,"April 1, 2020",2020,TV-MA,77 min
2721,Movie,Dostana,"April 1, 2020",2008,TV-14,142 min
2722,Movie,Duniya,"April 1, 2020",1984,TV-14,170 min
2723,Movie,Duplicate,"April 1, 2020",1998,TV-14,165 min
2724,Movie,Friendship,"April 1, 2020",1980,TV-14,161 min
2725,Movie,Gori Tere Pyaar Mein,"April 1, 2020",2013,TV-14,144 min
2726,Movie,Gumrah,"April 1, 2020",1993,TV-14,149 min
2727,Movie,Hasee Toh Phasee,"April 1, 2020",2014,TV-14,135 min
2728,TV Show,How to Fix a Drug Scandal,"April 1, 2020",2020,TV-MA,1 Season
2729,Movie,Humpty Sharma Ki Dulhania,"April 1, 2020",2014,TV-14,131 min
2730,Movie,Kaal,"April 1, 2020",2005,TV-14,126 min
2731,Movie,Kabhi Alvida Naa Kehna,"April 1, 2020",2006,TV-14,192 min
2732,Movie,Kabhi Khushi Kabhie Gham,"April 1, 2020",2001,TV-14,209 min
2733,Movie,Kal Ho Naa Ho,"April 1, 2020",2003,TV-14,187 min
2734,Movie,Kapoor & Sons,"April 1, 2020",2016,TV-14,138 min
2735,Movie,Kuch Kuch Hota Hai,"April 1, 2020",1998,TV-14,185 min
2736,Movie,Magnificent,"April 1, 2020",2015,TV-14,143 min
2737,TV Show,Man Like Mobeen,"April 1, 2020",2020,TV-MA,3 Seasons
2738,Movie,Mighty Raju Rio Calling,"April 1, 2020",2014,TV-Y7,97 min
2739,Movie,Muqaddar ka Faisla,"April 1, 2020",1987,TV-14,172 min
2740,TV Show,Pokémon the Series,"April 1, 2020",2019,TV-Y7,3 Seasons
2741,TV Show,Saint Seiya,"April 1, 2020",1986,TV-14,6 Seasons
2742,Movie,SETHUM AAYIRAM PON,"April 1, 2020",2020,TV-MA,103 min
2743,TV Show,Sunderland 'Til I Die,"April 1, 2020",2020,TV-MA,2 Seasons
2744,TV Show,The Iliza Shlesinger Sketch Show,"April 1, 2020",2020,TV-MA,1 Season
2745,Movie,The Little Vampire,"April 1, 2020",2017,TV-G,83 min
2746,Movie,The Runaways,"April 1, 2020",2010,R,107 min
2747,TV Show,The Windsors,"April 1, 2020",2020,TV-MA,3 Seasons
2748,Movie,Ungli,"April 1, 2020",2014,TV-14,114 min
2749,TV Show,Well-Intended Love,"April 1, 2020",2020,TV-14,2 Seasons
2750,Movie,Wildling,"April 1, 2020",2018,R,93 min
2751,Movie,A truthful Mother,"March 31, 2020",2020,TV-Y7,85 min
2752,TV Show,Akbar Birbal,"March 31, 2020",2019,TV-G,1 Season
2753,TV Show,Bal Ganesh,"March 31, 2020",2019,TV-Y7,1 Season
2754,Movie,Dave Chappelle: The Kennedy Center Mark Twain Prize for American Humor,"March 31, 2020",2020,TV-MA,85 min
2755,Movie,Greater,"March 31, 2020",2016,PG,131 min
2756,Movie,Indian Horse,"March 31, 2020",2017,TV-MA,101 min
2757,Movie,Paharganj,"March 31, 2020",2019,TV-MA,107 min
2758,Movie,Pretty Little Stalker,"March 31, 2020",2018,TV-14,84 min
2759,Movie,Through My Father's Eyes: The Ronda Rousey Story,"March 31, 2020",2019,R,104 min
2760,TV Show,Tree House Tales,"March 31, 2020",2019,TV-Y,1 Season
2761,Movie,Kannum Kannum Kollaiyadithaal,"March 29, 2020",2020,TV-14,160 min
2762,TV Show,Rugal,"March 29, 2020",2020,TV-MA,1 Season
2763,Movie,Rogue Warfare,"March 28, 2020",2019,R,103 min
2764,Movie,Dragons: Rescue Riders: Hunt for the Golden Dragon,"March 27, 2020",2020,TV-Y,46 min
2765,TV Show,Happy!,"March 27, 2020",2019,TV-MA,2 Seasons
2766,TV Show,Ladies Up,"March 27, 2020",2019,TV-MA,1 Season
2767,Movie,Maska,"March 27, 2020",2020,TV-MA,112 min
2768,TV Show,Ozark,"March 27, 2020",2020,TV-MA,3 Seasons
2769,Movie,The Decline,"March 27, 2020",2020,TV-MA,83 min
2770,Movie,There's Something in the Water,"March 27, 2020",2019,TV-14,72 min
2771,Movie,True: Wuzzle Wegg Day,"March 27, 2020",2020,TV-Y,24 min
2772,Movie,Uncorked,"March 27, 2020",2020,TV-MA,104 min
2773,TV Show,Wassup Man GO!,"March 27, 2020",2020,TV-MA,1 Season
2774,Movie,Willy and the Guardians of the Lake: Tales from the Lakeside Winter Adventure,"March 27, 2020",2019,TV-Y,72 min
2775,TV Show,7SEEDS,"March 26, 2020",2020,TV-MA,2 Seasons
2776,Movie,Happy Old Year,"March 26, 2020",2019,TV-MA,113 min
2777,Movie,Making Unorthodox,"March 26, 2020",2020,TV-G,21 min
2778,TV Show,Unorthodox,"March 26, 2020",2020,TV-MA,1 Season
2779,Movie,Bethany Hamilton: Unstoppable,"March 25, 2020",2019,PG,100 min
2780,Movie,Crip Camp: A Disability Revolution,"March 25, 2020",2020,R,108 min
2781,Movie,Curtiz,"March 25, 2020",2018,TV-MA,99 min
2782,Movie,The Occupant,"March 25, 2020",2020,TV-MA,104 min
2783,Movie,Tom Segura: Ball Hog,"March 24, 2020",2020,TV-MA,70 min
2784,TV Show,Freud,"March 23, 2020",2020,TV-MA,1 Season
2785,TV Show,J-Style Trip,"March 22, 2020",2020,TV-14,1 Season
2786,TV Show,Barbie Dreamhouse Adventures: Go Team Roberts,"March 21, 2020",2020,TV-Y,2 Seasons
2787,Movie,A Life of Speed: The Juan Manuel Fangio Story,"March 20, 2020",2020,TV-14,93 min
2788,TV Show,Archibald's Next Big Thing,"March 20, 2020",2020,TV-Y7,2 Seasons
2789,TV Show,Dino Girl Gauko,"March 20, 2020",2020,TV-Y7,2 Seasons
2790,Movie,El silencio es bienvenido,"March 20, 2020",2017,TV-14,95 min
2791,TV Show,Greenhouse Academy,"March 20, 2020",2020,TV-PG,4 Seasons
2792,TV Show,Self Made: Inspired by the Life of Madam C.J. Walker,"March 20, 2020",2020,TV-MA,1 Season
2793,TV Show,She,"March 20, 2020",2020,TV-MA,1 Season
2794,TV Show,The English Game,"March 20, 2020",2020,TV-14,1 Season
2795,TV Show,The Letter for the King,"March 20, 2020",2020,TV-PG,1 Season
2796,TV Show,"Tiger King: Murder, Mayhem and Madness","March 20, 2020",2020,TV-MA,1 Season
2797,Movie,Ultras,"March 20, 2020",2020,TV-MA,109 min
2798,TV Show,Vampires,"March 20, 2020",2020,TV-MA,1 Season
2799,Movie,3022,"March 19, 2020",2019,R,91 min
2800,Movie,Altered Carbon: Resleeved,"March 19, 2020",2020,TV-MA,75 min
2801,Movie,Masameer - The Movie,"March 19, 2020",2020,TV-14,100 min
2802,Movie,AllI Wish,"March 18, 2020",2017,R,95 min
2803,TV Show,Caliphate,"March 18, 2020",2020,TV-MA,1 Season
2804,Movie,Lu Over the Wall,"March 18, 2020",2017,PG,113 min
2805,TV Show,Women Of The Night,"March 18, 2020",2019,TV-MA,1 Season
2806,Movie,XV: Beyond the Tryline,"March 18, 2020",2016,TV-14,91 min
2807,Movie,Bert Kreischer: Hey Big Boy,"March 17, 2020",2020,TV-MA,62 min
2808,TV Show,Shaun the Sheep: Adventures from Mossy Bottom,"March 17, 2020",2020,TV-Y7,1 Season
2809,TV Show,We Speak Dance,"March 17, 2020",2018,TV-MA,1 Season
2810,Movie,Search Party,"March 16, 2020",2014,R,93 min
2811,Movie,Bypass Road,"March 15, 2020",2019,TV-14,135 min
2812,Movie,Digs & Discoveries: All Track's Lead to Rome,"March 15, 2020",2019,TV-Y,23 min
2813,Movie,Digs & Discoveries: Mines of Mystery,"March 15, 2020",2019,TV-Y,23 min
2814,TV Show,Ken Burns Presents: College Behind Bars: A Film by Lynn Novick and Produced by Sarah Botstein,"March 15, 2020",2019,TV-MA,1 Season
2815,Movie,Steam Team to the Rescue,"March 15, 2020",2019,TV-Y,23 min
2816,Movie,Jai Mummy Di,"March 14, 2020",2020,TV-MA,101 min
2817,TV Show,100 Humans,"March 13, 2020",2020,TV-14,1 Season
2818,Movie,Baby Mamas,"March 13, 2020",2018,TV-14,98 min
2819,TV Show,Bloodride,"March 13, 2020",2020,TV-MA,1 Season
2820,Movie,Go Karts,"March 13, 2020",2020,TV-PG,103 min
2821,Movie,Justine,"March 13, 2020",2019,TV-MA,106 min
2822,TV Show,Kingdom,"March 13, 2020",2020,TV-MA,2 Seasons
2823,Movie,Lost Girls,"March 13, 2020",2020,R,95 min
2824,Movie,Miracle in Cell No. 7,"March 13, 2020",2019,TV-14,132 min
2825,TV Show,The Valhalla Murders,"March 13, 2020",2020,TV-MA,1 Season
2826,TV Show,Dirty Money,"March 11, 2020",2020,TV-MA,2 Seasons
2827,TV Show,On My Block,"March 11, 2020",2020,TV-14,3 Seasons
2828,TV Show,The Circle Brazil,"March 11, 2020",2020,TV-MA,1 Season
2829,Movie,Carmen Sandiego: To Steal or Not to Steal,"March 10, 2020",2020,TV-Y7,82 min
2830,Movie,Marc Maron: End Times Fun,"March 10, 2020",2020,TV-MA,71 min
2831,Movie,Sitara: Let Girls Dream,"March 8, 2020",2020,TV-PG,16 min
2832,Movie,Alakada Reloaded,"March 6, 2020",2017,TV-MA,104 min
2833,Movie,All About Love,"March 6, 2020",2017,TV-MA,79 min
2834,Movie,Guilty,"March 6, 2020",2020,TV-MA,120 min
2835,Movie,I am Jonas,"March 6, 2020",2019,TV-MA,82 min
2836,Movie,Miles Davis: Birth of the Cool,"March 6, 2020",2019,TV-MA,115 min
2837,Movie,Spenser Confidential,"March 6, 2020",2020,R,111 min
2838,Movie,Twin Murders: the Silence of the White City,"March 6, 2020",2020,TV-MA,110 min
2839,TV Show,Ugly Delicious,"March 6, 2020",2020,TV-MA,2 Seasons
2840,Movie,93 Days,"March 5, 2020",2016,TV-PG,121 min
2841,Movie,Angu Vaikuntapurathu (Malayalam),"March 5, 2020",2020,TV-14,162 min
2842,TV Show,Mighty Little Bheem: Festival of Colors,"March 5, 2020",2020,TV-Y,1 Season
2843,Movie,Tootsies & The Fake,"March 5, 2020",2019,TV-MA,108 min
2844,Movie,Aurora,"March 4, 2020",2010,TV-MA,186 min
2845,Movie,Lil Peep: Everybody’s Everything,"March 4, 2020",2019,TV-MA,116 min
2846,Movie,The Death of Mr. Lazarescu,"March 4, 2020",2005,R,154 min
2847,TV Show,Velvet,"March 4, 2020",2016,TV-14,4 Seasons
2848,Movie,Freaks,"March 3, 2020",2018,R,105 min
2849,Movie,Luccas Neto in: The End of Christmas,"March 3, 2020",2019,TV-Y,71 min
2850,Movie,Taylor Tomlinson: Quarter-Life Crisis,"March 3, 2020",2020,TV-MA,61 min
2851,Movie,The Last Bomb of the Second World War,"March 3, 2020",2019,TV-14,133 min
2852,Movie,Uncovered,"March 3, 2020",2019,TV-MA,98 min
2853,Movie,W.E.,"March 3, 2020",2011,R,119 min
2854,Movie,Fat Ballerina - David A. Arnold,"March 2, 2020",2020,TV-MA,61 min
2855,TV Show,Akame ga Kill!,"March 1, 2020",2014,TV-14,1 Season
2856,TV Show,Babylon Berlin,"March 1, 2020",2020,TV-MA,3 Seasons
2857,Movie,Bhangra Paa Le,"March 1, 2020",2019,TV-14,130 min
2858,TV Show,Calico Critters Mini Episodes Clover,"March 1, 2020",2020,TV-Y,1 Season
2859,Movie,Calico Critters: Everyone's Big Dream Flying in the Sky,"March 1, 2020",2019,TV-Y,11 min
2860,Movie,Frank & Lola,"March 1, 2020",2016,TV-MA,87 min
2861,Movie,Hugo,"March 1, 2020",2011,PG,127 min
2862,Movie,Ordinary World,"March 1, 2020",2016,TV-14,87 min
2863,Movie,"Pop, Lock 'n Roll","March 1, 2020",2017,TV-14,88 min
2864,Movie,There Will Be Blood,"March 1, 2020",2007,R,158 min
2865,Movie,Velvet Colección: Grand Finale,"March 1, 2020",2020,TV-14,82 min
2866,Movie,Voulez-vous rire avec moi ce soir?,"March 1, 2020",2018,TV-MA,93 min
2867,Movie,ZZ TOP: THAT LITTLE OL' BAND FROM TEXAS,"March 1, 2020",2019,TV-MA,90 min
2868,Movie,All The Bright Places,"February 28, 2020",2020,TV-MA,109 min
2869,TV Show,Always a Witch,"February 28, 2020",2019,TV-14,2 Seasons
2870,Movie,Amit Tandon: Family Tandoncies,"February 28, 2020",2019,TV-14,72 min
2871,TV Show,Queen Sono,"February 28, 2020",2020,TV-MA,1 Season
2872,TV Show,Toy Boy,"February 28, 2020",2019,TV-MA,1 Season
2873,TV Show,Unstoppable,"February 28, 2020",2020,TV-MA,1 Season
2874,Movie,Ala Vaikunthapurramuloo,"February 27, 2020",2020,TV-14,162 min
2875,TV Show,Altered Carbon,"February 27, 2020",2020,TV-MA,2 Seasons
2876,TV Show,Followers,"February 27, 2020",2020,TV-MA,1 Season
2877,Movie,Pokémon: Mewtwo Strikes Back - Evolution,"February 27, 2020",2019,TV-Y7,98 min
2878,TV Show,Six Windows in the Desert,"February 27, 2020",2020,TV-14,1 Season
2879,Movie,Couple of Days,"February 26, 2020",2016,TV-14,103 min
2880,Movie,Gbomo Gbomo Express,"February 26, 2020",2015,TV-MA,97 min
2881,TV Show,I Am Not Okay With This,"February 26, 2020",2020,TV-MA,1 Season
2882,Movie,Taxi Driver,"February 26, 2020",2015,TV-MA,94 min
2883,Movie,The Arbitration,"February 26, 2020",2016,TV-MA,101 min
2884,TV Show,The Trials of Gabriel Fernandez,"February 26, 2020",2020,TV-MA,1 Season
2885,Movie,The Visit,"February 26, 2020",2015,TV-MA,138 min
2886,Movie,When Love Happens,"February 26, 2020",2014,TV-14,109 min
2887,Movie,Pete Davidson: Alive From New York,"February 25, 2020",2020,TV-MA,50 min
2888,Movie,Full Count,"February 23, 2020",2019,TV-PG,110 min
2889,TV Show,"Hi Bye, Mama!","February 23, 2020",2020,TV-14,1 Season
2890,Movie,Girl on the Third Floor,"February 22, 2020",2019,TV-MA,92 min
2891,TV Show,Unabomber - In His Own Words,"February 22, 2020",2018,TV-MA,1 Season
2892,TV Show,Gentefied,"February 21, 2020",2020,TV-MA,1 Season
2893,TV Show,Hyena,"February 21, 2020",2020,TV-MA,1 Season
2894,TV Show,Passion. Panache. Pep,"February 21, 2020",2020,TV-G,1 Season
2895,TV Show,Puerta 7,"February 21, 2020",2020,TV-MA,1 Season
2896,Movie,System Crasher,"February 21, 2020",2020,TV-MA,120 min
2897,Movie,The Body,"February 21, 2020",2019,TV-14,101 min
2898,Movie,The Last Thing He Wanted,"February 21, 2020",2020,R,116 min
2899,Movie,Yeh Ballet,"February 21, 2020",2020,TV-MA,117 min
2900,Movie,Pretville,"February 20, 2020",2012,TV-PG,95 min
2901,TV Show,Spectros,"February 20, 2020",2020,TV-MA,1 Season
2902,Movie,Untamed Romania,"February 20, 2020",2018,TV-PG,93 min
2903,TV Show,DreamWorks Shrek's Swamp Stories,"February 17, 2020",2008,TV-PG,1 Season
2904,Movie,By the Sea,"February 16, 2020",2015,R,122 min
2905,Movie,Miss Virginia,"February 16, 2020",2019,TV-MA,102 min
2906,Movie,MR. RIGHT,"February 16, 2020",2015,R,96 min
2907,TV Show,On the Real,"February 16, 2020",2017,TV-MA,1 Season
2908,Movie,Term Life,"February 16, 2020",2016,R,93 min
2909,Movie,The Forest,"February 16, 2020",2016,PG-13,93 min
2910,Movie,Monster High: Electrified,"February 15, 2020",2017,TV-Y,72 min
2911,TV Show,Talking Tom and Friends,"February 15, 2020",2017,TV-Y,1 Season
2912,Movie,A Shaun the Sheep Movie: Farmageddon,"February 14, 2020",2019,G,87 min
2913,Movie,Cuddle Weather,"February 14, 2020",2019,TV-MA,95 min
2914,Movie,Fanatyk,"February 14, 2020",2017,TV-MA,33 min
2915,Movie,Isi & Ossi,"February 14, 2020",2020,TV-MA,113 min
2916,Movie,Liefling,"February 14, 2020",2010,TV-PG,118 min
2917,Movie,Panipat - The Great Betrayal,"February 14, 2020",2019,TV-14,171 min
2918,TV Show,Taj Mahal 1989,"February 14, 2020",2020,TV-MA,1 Season
2919,Movie,The Ghost and the Tout,"February 14, 2020",2018,TV-14,100 min
2920,Movie,Dragon Quest Your Story,"February 13, 2020",2019,TV-PG,103 min
2921,TV Show,Love Is Blind,"February 13, 2020",2021,TV-MA,1 Season
2922,TV Show,Narcos: Mexico,"February 13, 2020",2020,TV-MA,2 Seasons
2923,TV Show,Palazuelos mi rey,"February 13, 2020",2019,TV-14,1 Season
2924,TV Show,Sleepless Society: Insomnia,"February 13, 2020",2019,TV-MA,1 Season
2925,Movie,French Toast,"February 12, 2020",2015,TV-PG,86 min
2926,Movie,To All the Boys: P.S. I Still Love You,"February 12, 2020",2020,TV-14,102 min
2927,TV Show,We Bare Bears,"February 12, 2020",2018,TV-Y,2 Seasons
2928,Movie,Captain Underpants Epic Choice-o-Rama,"February 11, 2020",2020,TV-Y7,81 min
2929,Movie,Good Time,"February 11, 2020",2017,R,101 min
2930,Movie,ROAD TO ROMA,"February 11, 2020",2020,TV-PG,73 min
2931,Movie,Love for Sale 2,"February 10, 2020",2019,TV-14,96 min
2932,TV Show,Better Call Saul,"February 9, 2020",2018,TV-MA,4 Seasons
2933,Movie,Fronteras,"February 9, 2020",2018,TV-MA,106 min
2934,Movie,Polaroid,"February 9, 2020",2019,PG-13,88 min
2935,Movie,The Coldest Game,"February 8, 2020",2019,TV-MA,103 min
2936,Movie,Thottappan,"February 8, 2020",2019,TV-14,139 min
2937,Movie,Azali,"February 7, 2020",2018,TV-14,89 min
2938,TV Show,Dragons: Rescue Riders,"February 7, 2020",2020,TV-Y,2 Seasons
2939,TV Show,Fifty: The Series,"February 7, 2020",2018,TV-14,2 Seasons
2940,Movie,Horse Girl,"February 7, 2020",2020,R,104 min
2941,Movie,Jada,"February 7, 2020",2019,TV-14,124 min
2942,TV Show,Locke & Key,"February 7, 2020",2020,TV-14,1 Season
2943,TV Show,My Holo Love,"February 7, 2020",2020,TV-14,1 Season
2944,Movie,The Ballad of Lefty Brown,"February 7, 2020",2017,R,112 min
2945,TV Show,Who Killed Malcolm X?,"February 7, 2020",2020,TV-MA,1 Season
2946,TV Show,Cagaster of an Insect Cage,"February 6, 2020",2020,TV-MA,1 Season
2947,Movie,Gardeners of Eden,"February 6, 2020",2014,TV-14,70 min
2948,TV Show,Arrow,"February 5, 2020",2019,TV-14,8 Seasons
2949,TV Show,The Pharmacist,"February 5, 2020",2020,TV-MA,1 Season
2950,Movie,Uppity: The Willy T. Ribbs Story,"February 5, 2020",2020,TV-MA,106 min
2951,Movie,Dragonheart: Vengeance,"February 4, 2020",2020,PG-13,97 min
2952,Movie,"Faith, Hope & Love","February 4, 2020",2019,PG,106 min
2953,Movie,Tom Papa: You're Doing Great!,"February 4, 2020",2020,TV-14,60 min
2954,TV Show,Team Kaylie,"February 3, 2020",2020,TV-PG,3 Seasons
2955,Movie,Thambi,"February 3, 2020",2019,TV-14,148 min
2956,Movie,The Silent War,"February 3, 2020",2020,TV-MA,122 min
2957,Movie,Chronically Metropolitan,"February 1, 2020",2016,TV-MA,86 min
2958,Movie,Hum Aapke Hain Koun,"February 1, 2020",1994,TV-14,193 min
2959,TV Show,Is It Wrong to Try to Pick Up Girls in a Dungeon?,"February 1, 2020",2015,TV-MA,1 Season
2960,TV Show,Itaewon Class,"February 1, 2020",2020,TV-MA,1 Season
2961,Movie,Justice,"February 1, 2020",2017,R,92 min
2962,Movie,Love Jacked,"February 1, 2020",2018,PG-13,94 min
2963,TV Show,Miraculous: Tales of Ladybug & Cat Noir,"February 1, 2020",2019,TV-Y7,5 Seasons
2964,Movie,Misfit 2,"February 1, 2020",2019,TV-G,82 min
2965,Movie,Night on Earth: Shot in the Dark,"February 1, 2020",2020,TV-PG,59 min
2966,TV Show,No Game No Life,"February 1, 2020",2014,TV-MA,1 Season
2967,TV Show,Pop Team Epic,"February 1, 2020",2018,TV-14,1 Season
2968,TV Show,Shopkins,"February 1, 2020",2014,TV-Y,1 Season
2969,Movie,The Car: Road to Revenge,"February 1, 2020",2019,TV-MA,89 min
2970,Movie,Together For Eternity,"February 1, 2020",1999,TV-G,176 min
2971,Movie,37 Seconds,"January 31, 2020",2020,TV-MA,116 min
2972,TV Show,Diablero,"January 31, 2020",2020,TV-MA,2 Seasons
2973,Movie,Gang of the Caribbean,"January 31, 2020",2016,TV-MA,86 min
2974,Movie,Hakkunde,"January 31, 2020",2017,TV-14,93 min
2975,TV Show,Luna Nera,"January 31, 2020",2020,TV-MA,1 Season
2976,Movie,Miss Americana,"January 31, 2020",2020,TV-MA,85 min
2977,TV Show,Unauthorized Living,"January 31, 2020",2020,TV-MA,2 Seasons
2978,TV Show,Ainori Love Wagon: African Journey,"January 30, 2020",2019,TV-14,1 Season
2979,Movie,Kevin Hart: I'm a Grown Little Man,"January 30, 2020",2009,TV-MA,62 min
2980,TV Show,THE STRANGER,"January 30, 2020",2020,TV-MA,1 Season
2981,TV Show,What the Love! with Karan Johar,"January 30, 2020",2020,TV-14,1 Season
2982,Movie,Close Enemies,"January 29, 2020",2018,TV-MA,112 min
2983,TV Show,Find Yourself,"January 29, 2020",2020,TV-14,1 Season
2984,TV Show,Night on Earth,"January 29, 2020",2020,TV-PG,1 Season
2985,TV Show,Omniscient,"January 29, 2020",2020,TV-MA,1 Season
2986,Movie,Shimla Mirchi,"January 27, 2020",2020,TV-14,121 min
2987,Movie,Sillu Karuppatti,"January 26, 2020",2019,TV-14,133 min
2988,Movie,Vir Das: For India,"January 26, 2020",2020,TV-MA,76 min
2989,Movie,Menashe,"January 25, 2020",2017,PG,82 min
2990,Movie,A Sun,"January 24, 2020",2019,TV-MA,156 min
2991,Movie,Die Ontwaking,"January 24, 2020",2015,TV-MA,90 min
2992,TV Show,Rise of Empires: Ottoman,"January 24, 2020",2020,TV-MA,1 Season
2993,TV Show,Sons of the Caliphate,"January 24, 2020",2017,TV-14,2 Seasons
2994,TV Show,The goop lab with Gwyneth Paltrow,"January 24, 2020",2020,TV-MA,1 Season
2995,TV Show,The Ranch,"January 24, 2020",2020,TV-MA,8 Seasons
2996,Movie,Airplane Mode,"January 23, 2020",2020,TV-PG,97 min
2997,Movie,Alex Fernández: The Best Comedian in the World,"January 23, 2020",2020,TV-MA,51 min
2998,TV Show,October Faction,"January 23, 2020",2020,TV-MA,1 Season
2999,TV Show,​SAINT SEIYA: Knights of the Zodiac,"January 23, 2020",2020,TV-14,2 Seasons
3000,TV Show,The Ghost Bride,"January 23, 2020",2020,TV-14,1 Season
3001,TV Show,Pandemic: How to Prevent an Outbreak,"January 22, 2020",2020,TV-14,1 Season
3002,TV Show,Playing with Fire,"January 22, 2020",2019,TV-MA,1 Season
3003,Movie,Whisky,"January 22, 2020",2004,TV-MA,98 min
3004,Movie,Fortune Feimster: Sweet & Salty,"January 21, 2020",2020,TV-MA,61 min
3005,Movie,KD (A) Karuppudurai,"January 21, 2020",2019,TV-14,116 min
3006,TV Show,DreamWorks How to Train Your Dragon Legends,"January 20, 2020",2011,TV-PG,1 Season
3007,Movie,Motichoor Chaknachoor,"January 20, 2020",2019,TV-14,132 min
3008,Movie,WHAT DID JACK DO?,"January 20, 2020",2020,TV-14,17 min
3009,Movie,The Bling Ring,"January 18, 2020",2013,R,91 min
3010,Movie,A Fall from Grace,"January 17, 2020",2020,TV-MA,121 min
3011,TV Show,Ares,"January 17, 2020",2020,TV-MA,1 Season
3012,TV Show,Hip-Hop Evolution,"January 17, 2020",2020,TV-MA,4 Seasons
3013,TV Show,Nailed It! Germany,"January 17, 2020",2020,TV-14,1 Season
3014,TV Show,Tiny House Nation,"January 17, 2020",2019,TV-PG,2 Seasons
3015,Movie,Deadcon,"January 16, 2020",2019,TV-14,78 min
3016,TV Show,Handsome Siblings,"January 16, 2020",2020,TV-14,1 Season
3017,Movie,Hop,"January 16, 2020",2011,PG,95 min
3018,Movie,Jezebel,"January 16, 2020",2019,TV-MA,86 min
3019,Movie,Legend,"January 16, 2020",2015,R,132 min
3020,Movie,NiNoKuni,"January 16, 2020",2019,TV-14,107 min
3021,TV Show,Soul Eater,"January 16, 2020",2008,TV-14,1 Season
3022,Movie,Steve Jobs,"January 16, 2020",2015,R,122 min
3023,Movie,Bulbul Can Sing,"January 15, 2020",2018,TV-14,95 min
3024,Movie,Eye For An Eye,"January 15, 2020",2019,TV-MA,108 min
3025,TV Show,Killer Inside: The Mind of Aaron Hernandez,"January 15, 2020",2020,TV-MA,1 Season
3026,Movie,MindGamers,"January 15, 2020",2017,R,99 min
3027,Movie,The Brave,"January 15, 2020",2019,TV-MA,103 min
3028,Movie,Leslie Jones: Time Machine,"January 14, 2020",2020,TV-MA,66 min
3029,TV Show,The Ollie & Moon Show,"January 14, 2020",2018,TV-Y,1 Season
3030,Movie,Women of Mafia 2,"January 14, 2020",2019,TV-MA,132 min
3031,TV Show,The Healing Powers of Dude,"January 13, 2020",2020,TV-G,1 Season
3032,Movie,Betty White: First Lady of Television,"January 12, 2020",2018,TV-14,56 min
3033,Movie,Made in China,"January 12, 2020",2019,TV-MA,128 min
3034,TV Show,AJ and the Queen,"January 10, 2020",2020,TV-14,1 Season
3035,TV Show,Giri / Haji,"January 10, 2020",2019,TV-MA,1 Season
3036,TV Show,Harvey Street Kids,"January 10, 2020",2020,TV-Y7,4 Seasons
3037,TV Show,Jamtara - Sabka Number Ayega,"January 10, 2020",2020,TV-MA,1 Season
3038,TV Show,Medical Police,"January 10, 2020",2020,TV-MA,1 Season
3039,Movie,Monsters: Dark Continent,"January 10, 2020",2014,R,119 min
3040,TV Show,The InBESTigators,"January 10, 2020",2020,TV-Y,2 Seasons
3041,TV Show,Until Dawn,"January 10, 2020",2020,TV-MA,1 Season
3042,Movie,Bulletproof 2,"January 9, 2020",2020,TV-MA,97 min
3043,TV Show,Cheer,"January 8, 2020",2020,TV-MA,1 Season
3044,Movie,A Ghost Story,"January 7, 2020",2017,R,92 min
3045,Movie,"Live Twice, Love Once","January 7, 2020",2020,TV-MA,102 min
3046,TV Show,Dracula,"January 4, 2020",2020,TV-14,1 Season
3047,Movie,All the Freckles in the World,"January 3, 2020",2020,TV-14,90 min
3048,TV Show,Anne with an E,"January 3, 2020",2019,TV-PG,3 Seasons
3049,Movie,Half Girlfriend,"January 2, 2020",2017,TV-14,129 min
3050,TV Show,"Sex, Explained","January 2, 2020",2020,TV-MA,1 Season
3051,TV Show,Thieves of the Wood,"January 2, 2020",2019,TV-MA,1 Season
3052,Movie,Aruna & Her Palate,"January 1, 2020",2018,TV-14,106 min
3053,TV Show,Because This Is My First Life,"January 1, 2020",2017,TV-14,1 Season
3054,TV Show,Border Security: America's Front Line,"January 1, 2020",2018,TV-14,1 Season
3055,Movie,Breaking the Bank,"January 1, 2020",2014,TV-PG,105 min
3056,TV Show,Cells at Work!,"January 1, 2020",2018,TV-PG,1 Season
3057,TV Show,Chhota Bheem Kung Fu Dhamaka Series,"January 1, 2020",2019,TV-Y7,1 Season
3058,Movie,Garfield Gets Real,"January 1, 2020",2007,TV-Y,78 min
3059,Movie,Garfield's Fun Fest,"January 1, 2020",2008,TV-Y7,79 min
3060,Movie,Garfield's Pet Force,"January 1, 2020",2009,G,78 min
3061,Movie,Ghost Stories,"January 1, 2020",2020,TV-MA,145 min
3062,Movie,Jeff Dunham: Unhinged in Hollywood,"January 1, 2020",2015,TV-MA,71 min
3063,Movie,Jimmy Neutron: Boy Genius,"January 1, 2020",2001,G,83 min
3064,TV Show,Live Up To Your Name,"January 1, 2020",2017,TV-MA,1 Season
3065,Movie,Luccas Neto in: Children's Day,"January 1, 2020",2019,TV-G,81 min
3066,TV Show,Messiah,"January 1, 2020",2020,TV-MA,1 Season
3067,TV Show,Mia and Me,"January 1, 2020",2017,TV-Y7,2 Seasons
3068,TV Show,"Nisman: The Prosecutor, the President, and the Spy","January 1, 2020",2020,TV-MA,1 Season
3069,Movie,Pan's Labyrinth,"January 1, 2020",2006,R,119 min
3070,Movie,Pokémon the Movie: Power of Us,"January 1, 2020",2018,TV-Y7,98 min
3071,Movie,Posesif,"January 1, 2020",2017,TV-MA,102 min
3072,TV Show,Reply 1988,"January 1, 2020",2015,TV-14,1 Season
3073,Movie,Riot,"January 1, 2020",2015,TV-MA,88 min
3074,Movie,Road Trip: Beer Pong,"January 1, 2020",2009,R,97 min
3075,TV Show,Save Me,"January 1, 2020",2017,TV-MA,1 Season
3076,TV Show,Spinning Out,"January 1, 2020",2020,TV-MA,1 Season
3077,TV Show,The Bride of Habaek,"January 1, 2020",2017,TV-14,1 Season
3078,Movie,Aaviri,"December 31, 2019",2019,TV-14,110 min
3079,Movie,Albert Pinto Ko Gussa Kyun Aata Hai?,"December 31, 2019",2019,TV-MA,85 min
3080,TV Show,ARASHI's Diary -Voyage-,"December 31, 2019",2019,TV-PG,1 Season
3081,Movie,Benchwarmers 2: Breaking Balls,"December 31, 2019",2019,PG-13,90 min
3082,Movie,How High 2,"December 31, 2019",2019,TV-MA,89 min
3083,TV Show,Occupied,"December 31, 2019",2019,TV-MA,3 Seasons
3084,TV Show,Pucca: Love Recipe,"December 31, 2019",2018,TV-Y7,1 Season
3085,TV Show,Rainbow Ruby,"December 31, 2019",2016,TV-Y,1 Season
3086,TV Show,Robot Trains,"December 31, 2019",2018,TV-Y7,2 Seasons
3087,TV Show,The Degenerates,"December 31, 2019",2019,TV-MA,2 Seasons
3088,TV Show,Yanxi Palace: Princess Adventures,"December 31, 2019",2019,TV-14,1 Season
3089,TV Show,The Disastrous Life of Saiki K.: Reawakened,"December 30, 2019",2019,TV-14,1 Season
3090,Movie,Hot Gimmick: Girl Meets Boy,"December 28, 2019",2019,TV-MA,120 min
3091,Movie,Blitz Patrollie,"December 27, 2019",2013,TV-MA,102 min
3092,Movie,"El Pepe, a Supreme Life","December 27, 2019",2018,TV-14,73 min
3093,TV Show,Kevin Hart: Don’t F**k This Up,"December 27, 2019",2019,TV-MA,1 Season
3094,Movie,The Vendor,"December 27, 2019",2018,TV-MA,103 min
3095,Movie,The App,"December 26, 2019",2019,TV-MA,79 min
3096,TV Show,The Bonfire of Destiny,"December 26, 2019",2019,TV-MA,1 Season
3097,TV Show,You,"December 26, 2019",2019,TV-MA,2 Seasons
3098,Movie,Doom: Annihilation,"December 25, 2019",2019,R,97 min
3099,Movie,Fireworks,"December 25, 2019",2017,TV-PG,91 min
3100,Movie,Grand-Daddy Day Care,"December 25, 2019",2019,PG-13,96 min
3101,Movie,Jarhead: Law of Return,"December 25, 2019",2019,R,103 min
3102,Movie,MFKZ,"December 25, 2019",2017,R,95 min
3103,Movie,Sweetheart,"December 25, 2019",2019,PG-13,83 min
3104,TV Show,CAROLE & TUESDAY,"December 24, 2019",2019,TV-MA,2 Seasons
3105,Movie,Como caído del cielo,"December 24, 2019",2019,TV-14,117 min
3106,Movie,John Mulaney & The Sack Lunch Bunch,"December 24, 2019",2019,TV-PG,70 min
3107,TV Show,Lost in Space,"December 24, 2019",2019,TV-PG,2 Seasons
3108,Movie,Jacob's Ladder,"December 22, 2019",2019,R,90 min
3109,TV Show,Private Practice,"December 22, 2019",2012,TV-14,6 Seasons
3110,Movie,Back of the Net,"December 21, 2019",2019,TV-Y,86 min
3111,Movie,Lost in London,"December 21, 2019",2017,TV-PG,86 min
3112,TV Show,Agent,"December 20, 2019",2019,TV-MA,1 Season
3113,Movie,Being Mrs Elliot,"December 20, 2019",2014,TV-14,113 min
3114,Movie,Falz Experience,"December 20, 2019",2018,TV-MA,82 min
3115,Movie,Iyore,"December 20, 2019",2015,TV-PG,141 min
3116,Movie,The First Lady,"December 20, 2019",2015,TV-MA,107 min
3117,Movie,The Two Popes,"December 20, 2019",2019,PG-13,126 min
3118,TV Show,The Witcher,"December 20, 2019",2019,TV-MA,1 Season
3119,Movie,After the Raid,"December 19, 2019",2019,TV-PG,25 min
3120,TV Show,Twice Upon A Time,"December 19, 2019",2019,TV-MA,1 Season
3121,TV Show,Ultraviolet,"December 19, 2019",2019,TV-MA,2 Seasons
3122,TV Show,Don't F**k with Cats: Hunting an Internet Killer,"December 18, 2019",2019,TV-MA,1 Season
3123,TV Show,Soundtrack,"December 18, 2019",2019,TV-MA,1 Season
3124,Movie,Ronny Chieng: Asian Comedian Destroys America!,"December 17, 2019",2019,TV-MA,63 min
3125,Movie,"Sincerely Yours, Dhaka","December 16, 2019",2018,TV-MA,136 min
3126,Movie,The Danish Girl,"December 16, 2019",2015,R,120 min
3127,Movie,Bangistan,"December 15, 2019",2015,TV-14,134 min
3128,TV Show,Cinderella and the Four Knights,"December 15, 2019",2016,TV-PG,1 Season
3129,TV Show,Cocomong,"December 15, 2019",2015,TV-Y,2 Seasons
3130,TV Show,Crash Landing on You,"December 15, 2019",2019,TV-14,1 Season
3131,TV Show,"Crazy, Lovely, Cool","December 15, 2019",2018,TV-MA,1 Season
3132,Movie,Dil Chahta Hai,"December 15, 2019",2001,TV-14,185 min
3133,Movie,Dil Dhadakne Do,"December 15, 2019",2015,TV-MA,174 min
3134,Movie,Don,"December 15, 2019",2006,TV-14,169 min
3135,Movie,Don 2,"December 15, 2019",2011,TV-14,148 min
3136,Movie,Fukrey,"December 15, 2019",2013,TV-14,135 min
3137,Movie,Game,"December 15, 2019",2011,TV-14,135 min
3138,TV Show,Girls und Panzer,"December 15, 2019",2012,TV-PG,1 Season
3139,Movie,Holy Expectations,"December 15, 2019",2019,TV-14,89 min
3140,Movie,Honeymoon Travels Pvt. Ltd.,"December 15, 2019",2007,TV-14,119 min
3141,Movie,Isoken,"December 15, 2019",2017,TV-14,98 min
3142,Movie,Karthik Calling Karthik,"December 15, 2019",2010,TV-14,135 min
3143,Movie,Lakshya,"December 15, 2019",2004,TV-PG,185 min
3144,Movie,Luck by Chance,"December 15, 2019",2009,TV-14,156 min
3145,Movie,Potato Potahto,"December 15, 2019",2017,TV-MA,104 min
3146,Movie,Rock On!!,"December 15, 2019",2008,TV-14,139 min
3147,TV Show,Scooby-Doo!: Mystery Incorporated,"December 15, 2019",2012,TV-Y7,2 Seasons
3148,Movie,Talaash,"December 15, 2019",2012,TV-14,140 min
3149,TV Show,What's New Scooby-Doo?,"December 15, 2019",2005,TV-Y7,3 Seasons
3150,Movie,Zindagi Na Milegi Dobara,"December 15, 2019",2011,TV-14,154 min
3151,Movie,6 Underground,"December 13, 2019",2019,R,129 min
3152,Movie,A Trip to Jamaica,"December 13, 2019",2016,TV-MA,99 min
3153,Movie,My Wife and I,"December 13, 2019",2017,TV-MA,100 min
3154,Movie,Okafor's Law,"December 13, 2019",2016,TV-14,110 min
3155,Movie,Seven and a half dates,"December 13, 2019",2018,TV-14,107 min
3156,Movie,The 9th Precinct,"December 13, 2019",2019,TV-MA,95 min
3157,Movie,Zero Hour,"December 13, 2019",2018,TV-MA,89 min
3158,Movie,Jack Whitehall: Christmas with My Father,"December 12, 2019",2019,TV-MA,65 min
3159,Movie,The Sky Is Pink,"December 11, 2019",2019,TV-MA,143 min
3160,Movie,Good and Prosperous,"December 10, 2019",2017,TV-14,101 min
3161,Movie,Michelle Wolf: Joke Show,"December 10, 2019",2019,TV-MA,60 min
3162,Movie,A Family Reunion Christmas,"December 9, 2019",2019,TV-PG,29 min
3163,Movie,It Comes at Night,"December 9, 2019",2017,R,92 min
3164,Movie,Saaho,"December 8, 2019",2019,TV-14,172 min
3165,Movie,Nothing to Lose 2,"December 7, 2019",2019,PG-13,97 min
3166,TV Show,Astronomy Club: The Sketch Show,"December 6, 2019",2019,TV-MA,1 Season
3167,Movie,Banana Island Ghost,"December 6, 2019",2017,TV-14,108 min
3168,Movie,Celebrity Marriage,"December 6, 2019",2017,TV-14,107 min
3169,TV Show,Fuller House,"December 6, 2019",2020,TV-PG,5 Seasons
3170,Movie,Marriage Story,"December 6, 2019",2019,R,137 min
3171,Movie,No Game No Life: Zero,"December 6, 2019",2017,TV-MA,106 min
3172,Movie,Slow Country,"December 6, 2019",2017,TV-MA,115 min
3173,Movie,Spirit Riding Free: Spirit of Christmas,"December 6, 2019",2019,TV-Y7,46 min
3174,TV Show,Teasing Master Takagi-san,"December 6, 2019",2019,TV-PG,1 Season
3175,TV Show,The Chosen One,"December 6, 2019",2019,TV-MA,2 Seasons
3176,TV Show,The Confession Killer,"December 6, 2019",2019,TV-14,1 Season
3177,TV Show,Three Days of Christmas,"December 6, 2019",2019,TV-MA,1 Season
3178,TV Show,Triad Princess,"December 6, 2019",2019,TV-MA,1 Season
3179,Movie,Wives on Strike,"December 6, 2019",2016,TV-14,92 min
3180,Movie,Wives on Strike: The Revolution,"December 6, 2019",2017,TV-PG,93 min
3181,Movie,A Christmas Prince: The Royal Baby,"December 5, 2019",2019,TV-PG,85 min
3182,Movie,The Irishman: In Conversation,"December 5, 2019",2019,TV-MA,24 min
3183,TV Show,V Wars,"December 5, 2019",2019,TV-MA,1 Season
3184,TV Show,The Last O.G.,"December 4, 2019",2019,TV-MA,2 Seasons
3185,TV Show,The Prince of Tennis ~ Match! Tennis Juniors ~,"December 4, 2019",2019,TV-PG,1 Season
3186,TV Show,The Road to Love,"December 4, 2019",2019,TV-14,1 Season
3187,Movie,Tiffany Haddish: Black Mitzvah,"December 3, 2019",2019,TV-MA,56 min
3188,TV Show,Nightflyers,"December 2, 2019",2018,TV-MA,1 Season
3189,Movie,A Cinderella Story: Christmas Wish,"December 1, 2019",2019,PG,86 min
3190,Movie,Baby Dolls,"December 1, 2019",2019,TV-PG,127 min
3191,Movie,Cut Bank,"December 1, 2019",2014,R,93 min
3192,Movie,Dead Kids,"December 1, 2019",2019,TV-MA,94 min
3193,TV Show,Eastsiders,"December 1, 2019",2018,TV-MA,4 Seasons
3194,Movie,High End Yaariyan,"December 1, 2019",2019,TV-14,120 min
3195,Movie,Iron Fists and Kung-Fu Kicks,"December 1, 2019",2019,TV-MA,108 min
3196,Movie,Jindua,"December 1, 2019",2017,TV-14,135 min
3197,Movie,Lakeeran,"December 1, 2019",2016,TV-PG,111 min
3198,Movie,Mahi NRI,"December 1, 2019",2017,TV-14,134 min
3199,Movie,Qismat,"December 1, 2019",2018,TV-PG,137 min
3200,TV Show,Space Jungle,"December 1, 2019",2016,TV-Y,2 Seasons
3201,Movie,Tee Shot: Ariya Jutanugarn,"December 1, 2019",2019,TV-14,103 min
3202,Movie,Thug Life,"December 1, 2019",2017,TV-14,133 min
3203,Movie,Wandering Stars,"December 1, 2019",2019,TV-MA,95 min
3204,Movie,Why Me?,"December 1, 2019",2015,TV-MA,126 min
3205,TV Show,Chocolate,"November 30, 2019",2019,TV-14,1 Season
3206,Movie,Guatemala: Heart of the Mayan World,"November 30, 2019",2019,TV-G,67 min
3207,Movie,The Zoya Factor,"November 30, 2019",2019,TV-14,135 min
3208,Movie,Atlantics,"November 29, 2019",2019,TV-14,106 min
3209,TV Show,Chip and Potato,"November 29, 2019",2019,TV-Y,2 Seasons
3210,Movie,Crazy people,"November 29, 2019",2018,TV-MA,107 min
3211,Movie,I Lost My Body,"November 29, 2019",2019,TV-MA,81 min
3212,Movie,Kalushi: The Story of Solomon Mahlangu,"November 29, 2019",2016,TV-MA,107 min
3213,TV Show,La Reina del Sur,"November 29, 2019",2019,TV-MA,2 Seasons
3214,Movie,Lagos Real Fake Life,"November 29, 2019",2018,TV-MA,118 min
3215,Movie,Payday,"November 29, 2019",2018,TV-MA,110 min
3216,Movie,The Accidental Spy,"November 29, 2019",2017,TV-MA,104 min
3217,TV Show,The Charming Stepmom,"November 29, 2019",2019,TV-14,1 Season
3218,Movie,The Island,"November 29, 2019",2018,TV-14,93 min
3219,Movie,Holiday Rush,"November 28, 2019",2019,TV-PG,94 min
3220,TV Show,Levius,"November 28, 2019",2019,TV-14,1 Season
3221,TV Show,Lugar de Mulher,"November 28, 2019",2019,TV-MA,1 Season
3222,TV Show,Merry Happy Whatever,"November 28, 2019",2019,TV-PG,1 Season
3223,TV Show,Mythomaniac,"November 28, 2019",2019,TV-MA,1 Season
3224,Movie,Defiance,"November 27, 2019",2008,R,137 min
3225,Movie,Evvarikee Cheppoddu,"November 27, 2019",2019,TV-14,134 min
3226,Movie,Little Singham: Mahabali,"November 27, 2019",2019,TV-Y7,69 min
3227,Movie,The Body Remembers When the World Broke Open,"November 27, 2019",2019,TV-MA,106 min
3228,Movie,The Irishman,"November 27, 2019",2019,R,209 min
3229,Movie,Mike Birbiglia: The New One,"November 26, 2019",2019,TV-MA,86 min
3230,Movie,Super Monsters Save Christmas,"November 26, 2019",2019,TV-Y,24 min
3231,TV Show,The Crime,"November 26, 2019",2015,TV-MA,2 Seasons
3232,Movie,True: Winter Wishes,"November 26, 2019",2019,TV-Y,46 min
3233,TV Show,Zona Rosa,"November 26, 2019",2019,TV-MA,1 Season
3234,Movie,Pranaam,"November 25, 2019",2019,TV-14,117 min
3235,Movie,What the F* Is Going On?,"November 25, 2019",2019,TV-MA,87 min
3236,Movie,Shot Caller,"November 24, 2019",2017,R,121 min
3237,TV Show,Once Upon A Time In Lingjian Mountain,"November 23, 2019",2019,TV-14,1 Season
3238,Movie,Brother,"November 22, 2019",2019,TV-MA,97 min
3239,TV Show,Dolly Parton's Heartstrings,"November 22, 2019",2019,TV-14,1 Season
3240,Movie,Girls und Panzer der Film,"November 22, 2019",2015,TV-MA,121 min
3241,Movie,Mike Birbiglia: What I Should Have Said Was Nothing: Tales from My Secret Public Journal,"November 22, 2019",2008,TV-MA,56 min
3242,TV Show,Nailed It! Holiday!,"November 22, 2019",2019,TV-PG,2 Seasons
3243,TV Show,Narcoworld: Dope Stories,"November 22, 2019",2019,TV-MA,1 Season
3244,TV Show,Nobody's Looking,"November 22, 2019",2019,TV-MA,1 Season
3245,Movie,Shelby American,"November 22, 2019",2019,TV-MA,119 min
3246,TV Show,Singapore Social,"November 22, 2019",2019,TV-MA,1 Season
3247,TV Show,The Dragon Prince,"November 22, 2019",2019,TV-Y7,3 Seasons
3248,TV Show,Trolls: The Beat Goes On!,"November 22, 2019",2019,TV-Y7,8 Seasons
3249,Movie,The Knight Before Christmas,"November 21, 2019",2019,TV-14,93 min
3250,TV Show,Bangkok Buddies,"November 20, 2019",2019,TV-MA,1 Season
3251,Movie,"Bikram: Yogi, Guru, Predator","November 20, 2019",2019,TV-MA,86 min
3252,Movie,Dorasaani,"November 20, 2019",2019,TV-14,134 min
3253,TV Show,Holiday Secrets,"November 20, 2019",2019,TV-MA,1 Season
3254,Movie,"Lorena, Light-Footed Woman","November 20, 2019",2019,TV-G,28 min
3255,Movie,Mallesham,"November 20, 2019",2019,TV-14,131 min
3256,TV Show,Who Killed Little Gregory?,"November 20, 2019",2019,TV-MA,1 Season
3257,Movie,Iliza Shlesinger: Unveiled,"November 19, 2019",2019,TV-MA,78 min
3258,TV Show,Miss Culinary,"November 19, 2019",2019,TV-14,1 Season
3259,TV Show,Candy Online,"November 17, 2019",2019,TV-MA,1 Season
3260,Movie,Iron Sky: The Coming Race,"November 16, 2019",2019,TV-MA,93 min
3261,Movie,Jeff Dunham: All Over the Map,"November 16, 2019",2014,TV-MA,84 min
3262,Movie,Suffragette,"November 16, 2019",2015,PG-13,107 min
3263,Movie,The Green Inferno,"November 16, 2019",2013,R,101 min
3264,TV Show,At the Dolphin Bay,"November 15, 2019",2003,TV-14,1 Season
3265,Movie,Earthquake Bird,"November 15, 2019",2019,R,107 min
3266,Movie,El sendero de la anaconda,"November 15, 2019",2019,TV-14,74 min
3267,Movie,GO! The Unforgettable Party,"November 15, 2019",2019,TV-PG,60 min
3268,Movie,Guna 369,"November 15, 2019",2019,TV-MA,143 min
3269,Movie,House Arrest,"November 15, 2019",2019,TV-14,105 min
3270,TV Show,I'm with the Band: Nasty Cherry,"November 15, 2019",2019,TV-MA,1 Season
3271,TV Show,Inheritors,"November 15, 2019",2013,TV-14,1 Season
3272,TV Show,K-On!,"November 15, 2019",2010,TV-PG,2 Seasons
3273,Movie,K-on! the movie,"November 15, 2019",2011,TV-PG,110 min
3274,Movie,Klaus,"November 15, 2019",2019,PG,98 min
3275,TV Show,La Robe De Mariee Des Cieux,"November 15, 2019",2004,TV-MA,1 Season
3276,TV Show,Llama Llama,"November 15, 2019",2019,TV-Y,2 Seasons
3277,TV Show,My MVP Valentine,"November 15, 2019",2002,TV-PG,1 Season
3278,TV Show,My Sassy Girl,"November 15, 2019",2017,TV-14,1 Season
3279,Movie,SunGanges,"November 15, 2019",2018,TV-14,74 min
3280,TV Show,The Club,"November 15, 2019",2019,TV-MA,1 Season
3281,Movie,The Garden of Words,"November 15, 2019",2013,TV-14,46 min
3282,TV Show,The Stranded,"November 15, 2019",2019,TV-MA,1 Season
3283,TV Show,The Toys That Made Us,"November 15, 2019",2019,TV-14,3 Seasons
3284,TV Show,The Yard,"November 15, 2019",2019,TV-MA,2 Seasons
3285,TV Show,Westside Story,"November 15, 2019",2003,TV-14,1 Season
3286,Movie,Fadily Camara : La plus drôle de tes copines,"November 14, 2019",2019,TV-MA,54 min
3287,TV Show,My Dear Warrior,"November 14, 2019",2019,TV-14,1 Season
3288,TV Show,Maradona in Mexico,"November 13, 2019",2020,TV-MA,1 Season
3289,TV Show,Chief of Staff,"November 12, 2019",2019,TV-14,2 Seasons
3290,Movie,Jeff Garlin: Our Man In Chicago,"November 12, 2019",2019,TV-MA,59 min
3291,Movie,A Single Man,"November 11, 2019",2009,R,100 min
3292,TV Show,Put Your Head on My Shoulder,"November 11, 2019",2019,TV-14,1 Season
3293,Movie,To Be of Service,"November 11, 2019",2019,TV-MA,88 min
3294,TV Show,Little Things,"November 9, 2019",2019,TV-MA,3 Seasons
3295,TV Show,Greatest Events of WWII in Colour,"November 8, 2019",2019,TV-14,1 Season
3296,TV Show,Green Eggs and Ham,"November 8, 2019",2019,TV-Y7,1 Season
3297,Movie,Let It Snow,"November 8, 2019",2019,PG-13,93 min
3298,Movie,Paradise Beach,"November 8, 2019",2019,TV-MA,94 min
3299,TV Show,Wild District,"November 8, 2019",2019,TV-MA,2 Seasons
3300,Movie,U Turn,"November 7, 2019",2016,TV-14,121 min
3301,Movie,Burning Cane,"November 6, 2019",2019,TV-MA,78 min
3302,TV Show,SCAMS,"November 6, 2019",2019,TV-14,1 Season
3303,Movie,Shadow,"November 6, 2019",2018,TV-14,116 min
3304,Movie,Luccas Neto in: Summer Camp,"November 5, 2019",2019,TV-G,87 min
3305,TV Show,Sam & Cat,"November 5, 2019",2014,TV-PG,2 Seasons
3306,Movie,Seth Meyers: Lobby Baby,"November 5, 2019",2019,TV-MA,61 min
3307,TV Show,The End of the F***ing World,"November 5, 2019",2019,TV-MA,2 Seasons
3308,Movie,The Lovers,"November 5, 2019",2017,R,98 min
3309,Movie,Tune in for Love,"November 5, 2019",2019,TV-MA,123 min
3310,Movie,Undercover Brother 2,"November 5, 2019",2019,R,85 min
3311,TV Show,Meet the Adebanjos,"November 4, 2019",2016,TV-PG,3 Seasons
3312,Movie,Minimalism: A Documentary About the Important Things,"November 4, 2019",2016,TV-14,78 min
3313,Movie,Oththa Seruppu Size 7,"November 4, 2019",2019,TV-MA,103 min
3314,TV Show,The Devil Next Door,"November 4, 2019",2019,TV-MA,1 Season
3315,Movie,100 Things to do Before High School,"November 2, 2019",2014,TV-Y,44 min
3316,Movie,A Fairly Odd Summer,"November 2, 2019",2014,TV-Y7,68 min
3317,TV Show,Bella and the Bulldogs,"November 2, 2019",2015,TV-G,1 Season
3318,Movie,Big Time Movie,"November 2, 2019",2012,TV-PG,68 min
3319,Movie,Escape from Mr. Lemoncello’s Library,"November 2, 2019",2017,TV-Y,69 min
3320,Movie,Hey Arnold! The Jungle Movie,"November 2, 2019",2017,TV-PG,81 min
3321,Movie,Jinxed,"November 2, 2019",2013,TV-Y,69 min
3322,Movie,LEGENDS OF THE HIDDEN TEMPLE,"November 2, 2019",2016,TV-PG,68 min
3323,Movie,"Liar, Liar, Vampire","November 2, 2019",2015,TV-PG,68 min
3324,Movie,The Boy Who Cried Werewolf,"November 2, 2019",2010,TV-Y,86 min
3325,Movie,The Massively Mixed-Up Middle School Mystery,"November 2, 2019",2015,TV-Y,40 min
3326,TV Show,Victorious,"November 2, 2019",2013,TV-G,3 Seasons
3327,Movie,A Remarkable Tale,"November 1, 2019",2019,TV-MA,94 min
3328,TV Show,A Year In Space,"November 1, 2019",2015,TV-PG,1 Season
3329,TV Show,Ad Vitam,"November 1, 2019",2018,TV-MA,1 Season
3330,Movie,American Son,"November 1, 2019",2019,TV-MA,90 min
3331,TV Show,Billy on the Street,"November 1, 2019",2016,TV-14,4 Seasons
3332,Movie,Christmas in the Heartland,"November 1, 2019",2017,TV-PG,112 min
3333,Movie,Christmas Survival,"November 1, 2019",2018,TV-MA,101 min
3334,TV Show,CLANNAD,"November 1, 2019",2008,TV-PG,2 Seasons
3335,Movie,Drive,"November 1, 2019",2019,TV-14,119 min
3336,Movie,Fire in Paradise,"November 1, 2019",2019,TV-MA,40 min
3337,TV Show,Haikyu!!,"November 1, 2019",2015,TV-14,2 Seasons
3338,Movie,Holiday in the Wild,"November 1, 2019",2019,TV-PG,86 min
3339,Movie,Holly Star,"November 1, 2019",2018,PG,92 min
3340,TV Show,"Love, Chunibyo & Other Delusions!","November 1, 2019",2014,TV-PG,2 Seasons
3341,TV Show,Maid-Sama!,"November 1, 2019",2010,TV-14,1 Season
3342,TV Show,Mobile Suit Gundam: Iron-Blooded Orphans,"November 1, 2019",2016,TV-14,2 Seasons
3343,TV Show,Queer Eye: We're in Japan!,"November 1, 2019",2019,TV-14,1 Season
3344,Movie,Santa Girl,"November 1, 2019",2019,TV-PG,91 min
3345,TV Show,The Boulet Brothers Dragula,"November 1, 2019",2019,TV-MA,2 Seasons
3346,TV Show,The Deep,"November 1, 2019",2019,TV-Y7,3 Seasons
3347,Movie,The House of Flowers Presents: The Funeral,"November 1, 2019",2019,TV-MA,36 min
3348,Movie,The King,"November 1, 2019",2019,R,141 min
3349,Movie,The Man Without Gravity,"November 1, 2019",2019,TV-MA,107 min
3350,Movie,The Old Thieves: The Legend of Artegios,"November 1, 2019",2007,TV-MA,97 min
3351,Movie,True: Grabbleapple Harvest,"November 1, 2019",2019,TV-Y,24 min
3352,TV Show,Vientos de agua,"November 1, 2019",2006,TV-MA,1 Season
3353,TV Show,We Are the Wave,"November 1, 2019",2019,TV-MA,1 Season
3354,Movie,Zoé: Panoramas,"November 1, 2019",2016,TV-MA,89 min
3355,Movie,Grego Rossello: Disculpe las molestias,"October 31, 2019",2019,TV-MA,65 min
3356,TV Show,KENGAN ASHURA,"October 31, 2019",2019,TV-MA,2 Seasons
3357,TV Show,Nowhere Man,"October 31, 2019",2019,TV-MA,1 Season
3358,TV Show,Sleepless Society: Bedtime Wishes,"October 31, 2019",2019,TV-MA,1 Season
3359,TV Show,"Bring It On, Ghost","October 30, 2019",2016,TV-14,1 Season
3360,Movie,Mehandi Circus,"October 30, 2019",2019,TV-MA,126 min
3361,TV Show,Tomorrow with You,"October 30, 2019",2017,TV-14,1 Season
3362,TV Show,Tunnel,"October 30, 2019",2019,TV-14,1 Season
3363,Movie,Arsenio Hall: Smart & Classy,"October 29, 2019",2019,TV-MA,63 min
3364,TV Show,Shine On with Reese,"October 29, 2019",2018,TV-MA,1 Season
3365,Movie,The Road to El Camino: Behind the Scenes of El Camino: A Breaking Bad Movie,"October 29, 2019",2019,TV-14,14 min
3366,Movie,A 3 Minute Hug,"October 28, 2019",2019,TV-PG,28 min
3367,Movie,Little Miss Sumo,"October 28, 2019",2018,TV-G,20 min
3368,TV Show,"Wait, My Youth","October 27, 2019",2019,TV-PG,1 Season
3369,TV Show,A Little Thing Called First Love,"October 26, 2019",2019,TV-G,1 Season
3370,TV Show,BoJack Horseman,"October 25, 2019",2020,TV-MA,6 Seasons
3371,TV Show,Brotherhood,"October 25, 2019",2019,TV-MA,1 Season
3372,Movie,Consequences,"October 25, 2019",2014,TV-MA,106 min
3373,Movie,Dolemite Is My Name,"October 25, 2019",2019,R,118 min
3374,TV Show,Drug Squad: Costa del Sol,"October 25, 2019",2019,TV-MA,1 Season
3375,Movie,It Takes a Lunatic,"October 25, 2019",2019,TV-MA,127 min
3376,TV Show,Monzón: A Knockout Blow,"October 25, 2019",2018,TV-MA,1 Season
3377,Movie,My Next Guest with David Letterman and Shah Rukh Khan,"October 25, 2019",2019,TV-PG,61 min
3378,TV Show,Nailed It! France,"October 25, 2019",2019,TV-14,1 Season
3379,TV Show,Nailed It! Spain,"October 25, 2019",2019,TV-PG,1 Season
3380,Movie,Rattlesnake,"October 25, 2019",2019,TV-MA,86 min
3381,Movie,The Awakening of Motti Wolkenbruch,"October 25, 2019",2018,TV-MA,94 min
3382,TV Show,The Untamed,"October 25, 2019",2019,TV-14,1 Season
3383,TV Show,Daybreak,"October 24, 2019",2019,TV-MA,1 Season
3384,Movie,Echo in the Canyon,"October 24, 2019",2019,PG-13,82 min
3385,Movie,Revenge of the Pontianak,"October 24, 2019",2019,TV-14,92 min
3386,TV Show,"Breakfast, Lunch & Dinner","October 23, 2019",2019,TV-MA,1 Season
3387,Movie,Dancing with the Birds,"October 23, 2019",2019,TV-PG,52 min
3388,Movie,Master Z: The Ip Man Legacy,"October 23, 2019",2018,TV-14,108 min
3389,Movie,Jenny Slate: Stage Fright,"October 22, 2019",2019,TV-MA,67 min
3390,Movie,Free Fire,"October 21, 2019",2016,R,91 min
3391,Movie,Little Singham: Kaal Ki Tabaahi,"October 19, 2019",2019,TV-Y7,66 min
3392,Movie,The Command,"October 19, 2019",2018,PG-13,118 min
3393,Movie,10 Days in Sun City,"October 18, 2019",2017,TV-14,87 min
3394,TV Show,"ChuChu TV Kids Songs, Learning Videos & Bedtime Stories","October 18, 2019",2019,TV-Y,1 Season
3395,Movie,ChuChuTV Bedtime Stories & Moral Stories for Kids (English),"October 18, 2019",2019,TV-Y,47 min
3396,Movie,ChuChuTV Bedtime Stories & Moral Stories for Kids (Hindi),"October 18, 2019",2019,TV-Y,56 min
3397,Movie,ChuChuTV Surprise Eggs Learning Videos (English),"October 18, 2019",2019,TV-Y,61 min
3398,Movie,ChuChuTV Surprise Eggs Learning Videos (Hindi),"October 18, 2019",2019,TV-Y,34 min
3399,Movie,Eli,"October 18, 2019",2019,TV-MA,98 min
3400,Movie,In My Country,"October 18, 2019",2018,TV-MA,99 min
3401,TV Show,Interior Design Masters,"October 18, 2019",2019,TV-PG,1 Season
3402,TV Show,Little Baby Bum: Nursery Rhyme Friends,"October 18, 2019",2019,TV-Y,2 Seasons
3403,Movie,"Love, Surreal and Odd","October 18, 2019",2017,TV-14,95 min
3404,TV Show,Mighty Little Bheem: Diwali,"October 18, 2019",2019,TV-Y,1 Season
3405,TV Show,MONKART,"October 18, 2019",2017,TV-Y7,1 Season
3406,Movie,Seventeen,"October 18, 2019",2019,TV-MA,100 min
3407,TV Show,Spirit Riding Free: Pony Tales,"October 18, 2019",2019,TV-Y7,2 Seasons
3408,Movie,Tatu,"October 18, 2019",2017,TV-MA,101 min
3409,Movie,Tell Me Who I Am,"October 18, 2019",2019,TV-MA,86 min
3410,Movie,The Laundromat,"October 18, 2019",2019,R,96 min
3411,TV Show,Toon,"October 18, 2019",2017,TV-MA,2 Seasons
3412,Movie,Up North,"October 18, 2019",2018,TV-14,99 min
3413,Movie,Upstarts,"October 18, 2019",2019,TV-14,112 min
3414,Movie,Verses of Love 2,"October 18, 2019",2017,TV-14,127 min
3415,TV Show,Chosen,"October 17, 2019",2019,TV-14,2 Seasons
3416,TV Show,THE UNLISTED,"October 17, 2019",2019,TV-PG,1 Season
3417,TV Show,Another Miss Oh,"October 16, 2019",2016,TV-MA,1 Season
3418,Movie,Ghosts of Sugar Land,"October 16, 2019",2019,TV-MA,22 min
3419,Movie,League of Legends Origins,"October 16, 2019",2019,TV-MA,78 min
3420,Movie,Park Na-rae: Glamour Warning,"October 16, 2019",2019,TV-MA,63 min
3421,TV Show,Second 20s,"October 16, 2019",2015,TV-14,1 Season
3422,Movie,Sinister 2,"October 16, 2019",2015,R,97 min
3423,Movie,The Game Changers,"October 16, 2019",2018,TV-MA,86 min
3424,TV Show,Black Money Love,"October 15, 2019",2014,TV-MA,1 Season
3425,Movie,"Martin Matte: La vie, la mort...eh la la..!","October 14, 2019",2019,TV-14,62 min
3426,Movie,Street Flow,"October 13, 2019",2019,TV-MA,96 min
3427,TV Show,The Lies Within,"October 13, 2019",2019,TV-14,1 Season
3428,Movie,Bygones Be Bygones,"October 11, 2019",2017,TV-MA,104 min
3429,Movie,El Camino: A Breaking Bad Movie,"October 11, 2019",2019,TV-MA,123 min
3430,Movie,Fractured,"October 11, 2019",2019,TV-MA,100 min
3431,TV Show,Insatiable,"October 11, 2019",2019,TV-MA,2 Seasons
3432,Movie,The Bling Lagosians,"October 11, 2019",2019,TV-14,99 min
3433,Movie,The Forest of Love,"October 11, 2019",2019,TV-MA,151 min
3434,TV Show,The Hook Up Plan,"October 11, 2019",2020,TV-MA,2 Seasons
3435,Movie,The Influence,"October 11, 2019",2019,TV-MA,102 min
3436,TV Show,Beyblade Burst Turbo,"October 10, 2019",2018,TV-Y7,1 Season
3437,Movie,GEN HOSHINO STADIUM TOUR “POP VIRUS”,"October 10, 2019",2019,TV-14,154 min
3438,TV Show,Ultramarine Magmell,"October 10, 2019",2019,TV-14,1 Season
3439,Movie,After,"October 9, 2019",2019,PG-13,106 min
3440,Movie,Home Is Where the Killer Is,"October 9, 2019",2019,TV-14,87 min
3441,TV Show,Rhythm + Flow,"October 9, 2019",2019,TV-MA,1 Season
3442,Movie,Deon Cole: Cole Hearted,"October 8, 2019",2019,TV-MA,70 min
3443,Movie,The Spooky Tale of Captain Underpants Hack-a-ween,"October 8, 2019",2019,TV-Y7,46 min
3444,Movie,Love for Sale,"October 6, 2019",2018,TV-14,101 min
3445,TV Show,Legend Quest: Masters of Myth,"October 5, 2019",2019,TV-Y7,1 Season
3446,TV Show,My Country: The New Age,"October 5, 2019",2019,TV-14,1 Season
3447,Movie,Noblemen,"October 5, 2019",2019,TV-MA,109 min
3448,Movie,A Plastic Ocean,"October 4, 2019",2016,TV-14,100 min
3449,Movie,Brother in Love,"October 4, 2019",2019,TV-MA,110 min
3450,TV Show,Creeped Out,"October 4, 2019",2019,TV-PG,2 Seasons
3451,Movie,In the Tall Grass,"October 4, 2019",2019,TV-MA,102 min
3452,Movie,Kids on the Block,"October 4, 2019",2019,TV-PG,102 min
3453,TV Show,Peaky Blinders,"October 4, 2019",2019,TV-MA,5 Seasons
3454,TV Show,Raising Dion,"October 4, 2019",2019,TV-PG,1 Season
3455,TV Show,Rotten,"October 4, 2019",2019,TV-MA,2 Seasons
3456,TV Show,Super Monsters,"October 4, 2019",2019,TV-Y,3 Seasons
3457,Movie,Super Monsters: Vida's First Halloween,"October 4, 2019",2019,TV-Y,24 min
3458,TV Show,Seis Manos,"October 3, 2019",2019,TV-MA,1 Season
3459,TV Show,Living Undocumented,"October 2, 2019",2019,TV-MA,1 Season
3460,Movie,Ready to Mingle,"October 2, 2019",2019,TV-MA,98 min
3461,Movie,Salam - The First ****** Nobel Laureate,"October 2, 2019",2018,TV-PG,76 min
3462,TV Show,Cheese in the Trap,"October 1, 2019",2016,TV-14,1 Season
3463,TV Show,Chicago Typewriter,"October 1, 2019",2017,TV-14,1 Season
3464,TV Show,College Romance,"October 1, 2019",2018,TV-MA,1 Season
3465,TV Show,Engineering Girls,"October 1, 2019",2018,TV-MA,1 Season
3466,Movie,First Kiss,"October 1, 2019",2018,TV-14,90 min
3467,TV Show,Girls Hostel,"October 1, 2019",2018,TV-MA,1 Season
3468,TV Show,Inmates,"October 1, 2019",2017,TV-MA,1 Season
3469,Movie,Limitless,"October 1, 2019",2017,TV-PG,59 min
3470,Movie,Little Baby Bum: Go Buster,"October 1, 2019",2019,TV-Y,58 min
3471,TV Show,Miniforce X,"October 1, 2019",2018,TV-Y7,1 Season
3472,Movie,Nikki Glaser: Bangin’,"October 1, 2019",2019,TV-MA,64 min
3473,Movie,Rugrats in Paris: The Movie,"October 1, 2019",2000,G,79 min
3474,TV Show,The K2,"October 1, 2019",2016,TV-14,1 Season
3475,TV Show,The Liar and His Lover,"October 1, 2019",2017,TV-PG,1 Season
3476,Movie,The Rugrats Movie,"October 1, 2019",1998,G,81 min
3477,Movie,The Squid and the Whale,"October 1, 2019",2005,R,81 min
3478,TV Show,Gotham,"September 30, 2019",2019,TV-MA,5 Seasons
3479,Movie,Mo Gilligan: Momentum,"September 30, 2019",2019,TV-MA,64 min
3480,Movie,Cultivating the Seas: History and Future of the Full-Cycle Cultured Kindai Tuna,"September 28, 2019",2019,TV-PG,45 min
3481,Movie,TUNA GIRL,"September 28, 2019",2019,TV-PG,90 min
3482,TV Show,Bard of Blood,"September 27, 2019",2019,TV-MA,1 Season
3483,Movie,Deliha 2,"September 27, 2019",2018,TV-PG,102 min
3484,TV Show,El Marginal,"September 27, 2019",2019,TV-MA,3 Seasons
3485,Movie,In the Shadow of the Moon,"September 27, 2019",2019,TV-MA,116 min
3486,Movie,Sturgill Simpson Presents Sound & Fury,"September 27, 2019",2019,TV-MA,42 min
3487,Movie,Malaal,"September 26, 2019",2019,TV-14,133 min
3488,Movie,The Grandmaster,"September 26, 2019",2013,PG-13,108 min
3489,TV Show,The Inmate,"September 26, 2019",2018,TV-MA,1 Season
3490,TV Show,Abstract: The Art of Design,"September 25, 2019",2019,TV-14,2 Seasons
3491,Movie,Birders,"September 25, 2019",2019,TV-G,38 min
3492,TV Show,Glitch,"September 25, 2019",2019,TV-MA,3 Seasons
3493,Movie,Oh! Baby (Malayalam),"September 25, 2019",2019,TV-14,146 min
3494,Movie,Oh! Baby (Tamil),"September 25, 2019",2019,TV-14,146 min
3495,Movie,Inside Man: Most Wanted,"September 24, 2019",2019,R,106 min
3496,Movie,Jeff Dunham: Beside Himself,"September 24, 2019",2019,TV-MA,58 min
3497,Movie,Manmadhudu 2,"September 23, 2019",2019,TV-MA,152 min
3498,Movie,Under the Eiffel Tower,"September 23, 2019",2018,TV-MA,87 min
3499,Movie,Do Paise Ki Dhoop Chaar Aane Ki Baarish,"September 22, 2019",2009,TV-MA,121 min
3500,TV Show,Vagabond,"September 21, 2019",2019,TV-MA,1 Season
3501,Movie,Between Two Ferns: The Movie,"September 20, 2019",2019,TV-MA,83 min
3502,TV Show,Criminal: France,"September 20, 2019",2019,TV-MA,1 Season
3503,TV Show,Criminal: Germany,"September 20, 2019",2019,TV-MA,1 Season
3504,TV Show,Criminal: Spain,"September 20, 2019",2019,TV-MA,1 Season
3505,TV Show,Fastest Car,"September 20, 2019",2019,TV-MA,2 Seasons
3506,TV Show,Inside Bill's Brain: Decoding Bill Gates,"September 20, 2019",2019,TV-14,1 Season
3507,TV Show,The Hockey Girls,"September 20, 2019",2019,TV-MA,1 Season
3508,Movie,Travel Mates 2,"September 20, 2019",2018,TV-MA,111 min
3509,Movie,True: Tricky Treat Day,"September 20, 2019",2019,TV-Y,24 min
3510,Movie,Kabir Singh,"September 19, 2019",2019,TV-MA,171 min
3511,TV Show,When the Camellia Blooms,"September 18, 2019",2019,TV-14,1 Season
3512,Movie,Avengement,"September 17, 2019",2019,TV-MA,88 min
3513,Movie,Sebastian Maniscalco: What's Wrong with People?,"September 17, 2019",2012,TV-MA,76 min
3514,Movie,Los Tigres del Norte at Folsom Prison,"September 15, 2019",2019,TV-PG,64 min
3515,Movie,Steal a Pencil for Me,"September 15, 2019",2006,TV-14,94 min
3516,TV Show,Surviving R. Kelly,"September 15, 2019",2019,TV-MA,1 Season
3517,Movie,Oh! Baby,"September 14, 2019",2019,TV-14,157 min
3518,Movie,The Crystal Calls Making the Dark Crystal: Age of Resistance,"September 14, 2019",2019,TV-PG,83 min
3519,Movie,"Hello, Privilege. It's Me, Chelsea","September 13, 2019",2019,TV-MA,65 min
3520,TV Show,Kabaneri of the Iron Fortress: The Battle of Unato,"September 13, 2019",2019,TV-MA,1 Season
3521,Movie,Locked on You,"September 13, 2019",2018,TV-14,105 min
3522,TV Show,Marianne,"September 13, 2019",2019,TV-MA,1 Season
3523,Movie,Shanghai Fortress,"September 13, 2019",2019,TV-14,107 min
3524,Movie,Tall Girl,"September 13, 2019",2019,TV-PG,103 min
3525,TV Show,Top Boy,"September 13, 2019",2019,TV-MA,1 Season
3526,TV Show,Unbelievable,"September 13, 2019",2019,TV-MA,1 Season
3527,TV Show,The I-Land,"September 12, 2019",2019,TV-MA,1 Season
3528,TV Show,"The Mind, Explained","September 12, 2019",2019,TV-14,1 Season
3529,Movie,Bill Burr: Paper Tiger,"September 10, 2019",2019,TV-MA,67 min
3530,Movie,Evelyn,"September 10, 2019",2019,TV-MA,96 min
3531,Movie,Article 15,"September 6, 2019",2019,TV-MA,125 min
3532,Movie,Care of Kancharapalem,"September 6, 2019",2018,TV-MA,142 min
3533,Movie,Ee Nagaraniki Emaindi,"September 6, 2019",2018,TV-14,133 min
3534,Movie,Kill Me If You Dare,"September 6, 2019",2019,TV-14,100 min
3535,TV Show,The Spy,"September 6, 2019",2019,TV-MA,1 Season
3536,Movie,American Factory: A Conversation with the Obamas,"September 5, 2019",2019,TV-G,10 min
3537,Movie,Saawan,"September 4, 2019",2016,TV-14,128 min
3538,Movie,Watchman,"September 4, 2019",2019,TV-14,93 min
3539,Movie,Elena,"September 1, 2019",2012,TV-MA,81 min
3540,TV Show,Loo Loo Kids: Johny & Friends Musical Adventures,"September 1, 2019",2016,TV-Y,1 Season
3541,TV Show,Moving Art,"September 1, 2019",2018,TV-G,3 Seasons
3542,TV Show,Naruto,"September 1, 2019",2006,TV-14,9 Seasons
3543,Movie,Olmo & the Seagull,"September 1, 2019",2014,TV-MA,82 min
3544,TV Show,Serial Killer with Piers Morgan,"September 1, 2019",2018,TV-14,1 Season
3545,Movie,Spookley the Square Pumpkin,"September 1, 2019",2004,G,47 min
3546,Movie,Uncle Naji in UAE,"September 1, 2019",2019,TV-14,95 min
3547,TV Show,Luo Bao Bei,"August 31, 2019",2018,TV-Y,1 Season
3548,Movie,Back to School,"August 30, 2019",2019,TV-MA,84 min
3549,Movie,Feo pero sabroso,"August 30, 2019",2018,TV-MA,91 min
3550,Movie,Mi amigo Alexis,"August 30, 2019",2019,TV-PG,102 min
3551,TV Show,Styling Hollywood,"August 30, 2019",2019,TV-14,1 Season
3552,TV Show,The Dark Crystal: Age of Resistance,"August 30, 2019",2019,TV-PG,1 Season
3553,TV Show,The Good Bandit,"August 30, 2019",2018,TV-MA,1 Season
3554,TV Show,True and the Rainbow Kingdom,"August 30, 2019",2019,TV-Y,3 Seasons
3555,Movie,Unbridled,"August 30, 2019",2018,TV-MA,100 min
3556,Movie,Falling Inn Love,"August 29, 2019",2019,TV-PG,98 min
3557,Movie,Kardec,"August 29, 2019",2019,TV-14,110 min
3558,Movie,Travis Scott: Look Mom I Can Fly,"August 28, 2019",2019,TV-MA,85 min
3559,TV Show,Million Pound Menu,"August 27, 2019",2019,TV-MA,2 Seasons
3560,Movie,Dave Chappelle: Sticks & Stones,"August 26, 2019",2019,TV-MA,66 min
3561,Movie,Drink Drank Drunk,"August 24, 2019",2016,TV-MA,92 min
3562,TV Show,13 Reasons Why: Beyond the Reasons,"August 23, 2019",2019,TV-MA,3 Seasons
3563,TV Show,HERO MASK,"August 23, 2019",2019,TV-14,2 Seasons
3564,Movie,Kaake Da Viyah,"August 23, 2019",2019,TV-PG,133 min
3565,Movie,Marriage Palace,"August 23, 2019",2018,TV-14,135 min
3566,Movie,Mayday Life,"August 23, 2019",2019,TV-PG,120 min
3567,Movie,Saavat,"August 23, 2019",2019,TV-14,118 min
3568,Movie,American Factory,"August 21, 2019",2019,TV-14,110 min
3569,Movie,Game Over (Hindi Version),"August 21, 2019",2019,TV-MA,98 min
3570,Movie,Game Over (Tamil Version),"August 21, 2019",2019,TV-MA,98 min
3571,Movie,Game Over (Telugu Version),"August 21, 2019",2019,TV-MA,98 min
3572,TV Show,Hyperdrive,"August 21, 2019",2019,TV-PG,1 Season
3573,Movie,The Girl Allergic to Wi-Fi,"August 21, 2019",2018,TV-MA,104 min
3574,Movie,Our Planet - Behind The Scenes,"August 20, 2019",2019,TV-G,63 min
3575,Movie,Simon Amstell: Set Free,"August 20, 2019",2019,TV-MA,52 min
3576,TV Show,45 rpm,"August 16, 2019",2019,TV-MA,1 Season
3577,TV Show,Apache: The Life of Carlos Tevez,"August 16, 2019",2019,TV-MA,1 Season
3578,TV Show,Better Than Us,"August 16, 2019",2019,TV-MA,1 Season
3579,TV Show,Diagnosis,"August 16, 2019",2019,TV-14,1 Season
3580,TV Show,Green Frontier,"August 16, 2019",2019,TV-MA,1 Season
3581,Movie,Invader Zim: Enter the Florpus,"August 16, 2019",2019,TV-Y7,72 min
3582,TV Show,MINDHUNTER,"August 16, 2019",2019,TV-MA,2 Seasons
3583,Movie,Selfless,"August 16, 2019",2015,PG-13,117 min
3584,Movie,Sextuplets,"August 16, 2019",2019,TV-14,100 min
3585,Movie,Super Monsters Back to School,"August 16, 2019",2019,TV-Y,24 min
3586,TV Show,The King's Avatar,"August 16, 2019",2019,TV-MA,1 Season
3587,Movie,The Little Switzerland,"August 16, 2019",2019,TV-MA,86 min
3588,TV Show,Victim Number 8,"August 16, 2019",2018,TV-MA,1 Season
3589,TV Show,Cannon Busters,"August 15, 2019",2019,TV-MA,1 Season
3590,TV Show,Sacred Games,"August 15, 2019",2019,TV-MA,2 Seasons
3591,TV Show,Til Death Do Us Part,"August 15, 2019",2019,TV-MA,1 Season
3592,Movie,Whindersson Nunes: Adult,"August 15, 2019",2019,TV-MA,69 min
3593,TV Show,Happy Jail,"August 14, 2019",2019,TV-MA,1 Season
3594,Movie,Uyare,"August 14, 2019",2019,TV-14,119 min
3595,Movie,90 ML,"August 13, 2019",2019,TV-MA,123 min
3596,Movie,Calum von Moger: Unbroken,"August 13, 2019",2019,TV-MA,93 min
3597,Movie,Hasta los dientes,"August 13, 2019",2018,TV-MA,109 min
3598,TV Show,Knightfall,"August 13, 2019",2019,TV-MA,2 Seasons
3599,TV Show,DC Super Hero Girls,"August 12, 2019",2019,TV-Y7,1 Season
3600,Movie,Colin Quinn: Red State Blue State,"August 9, 2019",2019,TV-14,66 min
3601,TV Show,GLOW,"August 9, 2019",2019,TV-MA,3 Seasons
3602,TV Show,IZombie,"August 9, 2019",2019,TV-MA,5 Seasons
3603,Movie,Jaoon Kahan Bata Ae Dil,"August 9, 2019",2018,TV-MA,107 min
3604,Movie,Rocko's Modern Life: Static Cling,"August 9, 2019",2019,TV-Y7,46 min
3605,TV Show,Sintonia,"August 9, 2019",2019,TV-MA,1 Season
3606,TV Show,The Family,"August 9, 2019",2019,TV-14,1 Season
3607,TV Show,Bad Guys,"August 8, 2019",2014,TV-MA,1 Season
3608,TV Show,Dollar,"August 8, 2019",2019,TV-MA,1 Season
3609,TV Show,Jane The Virgin,"August 8, 2019",2019,TV-14,5 Seasons
3610,TV Show,Let's Eat 2,"August 8, 2019",2015,TV-MA,1 Season
3611,TV Show,Let’s Eat,"August 8, 2019",2013,TV-PG,1 Season
3612,TV Show,Misaeng,"August 8, 2019",2014,TV-MA,1 Season
3613,TV Show,Oh My Ghost,"August 8, 2019",2015,TV-MA,1 Season
3614,TV Show,Reply 1994,"August 8, 2019",2014,TV-MA,1 Season
3615,TV Show,Reply 1997,"August 8, 2019",2012,TV-MA,1 Season
3616,TV Show,Wu Assassins,"August 8, 2019",2019,TV-MA,1 Season
3617,Movie,Badla,"August 7, 2019",2019,TV-14,117 min
3618,Movie,Theo Von: No Offense,"August 7, 2019",2016,TV-MA,67 min
3619,Movie,Crazy Beautiful You,"August 6, 2019",2015,TV-14,114 min
3620,Movie,I'm Brent Morin,"August 6, 2019",2015,TV-MA,67 min
3621,Movie,Jim Jefferies : BARE,"August 6, 2019",2014,TV-MA,77 min
3622,Movie,Screwball,"August 6, 2019",2018,TV-MA,105 min
3623,Movie,Sebastian Maniscalco: Why Would You Do That,"August 6, 2019",2016,TV-MA,63 min
3624,Movie,Enter the Anime,"August 5, 2019",2019,TV-MA,59 min
3625,TV Show,No Good Nick,"August 5, 2019",2019,TV-PG,2 Seasons
3626,Movie,No One Will Ever Know,"August 5, 2019",2017,TV-MA,102 min
3627,Movie,Misfit,"August 3, 2019",2017,TV-14,81 min
3628,TV Show,Basketball or Nothing,"August 2, 2019",2019,TV-PG,1 Season
3629,Movie,Léa & I,"August 2, 2019",2019,TV-MA,84 min
3630,Movie,Otherhood,"August 2, 2019",2019,R,101 min
3631,Movie,Uriyadi 2,"August 2, 2019",2019,TV-14,116 min
3632,Movie,Manu,"August 1, 2019",2018,TV-14,177 min
3633,TV Show,Sleepless Society: Nyctophobia,"August 1, 2019",2019,TV-MA,1 Season
3634,TV Show,The Letdown,"July 31, 2019",2019,TV-MA,2 Seasons
3635,Movie,The Red Sea Diving Resort,"July 31, 2019",2019,TV-MA,130 min
3636,Movie,Whitney Cummings: Can I Touch It?,"July 30, 2019",2019,TV-MA,59 min
3637,TV Show,Twelve Forever,"July 29, 2019",2019,TV-PG,1 Season
3638,Movie,Boi,"July 26, 2019",2018,TV-MA,111 min
3639,Movie,Eerie,"July 26, 2019",2019,TV-14,100 min
3640,Movie,Girls With Balls,"July 26, 2019",2019,TV-MA,77 min
3641,TV Show,My First First Love,"July 26, 2019",2019,TV-14,2 Seasons
3642,Movie,The Son,"July 26, 2019",2019,TV-MA,93 min
3643,TV Show,Another Life,"July 25, 2019",2019,TV-MA,1 Season
3644,Movie,The Great Hack,"July 24, 2019",2019,TV-MA,114 min
3645,TV Show,Beat Bugs,"July 21, 2019",2018,TV-Y,3 Seasons
3646,Movie,D.L. Hughley: Contrarian,"July 21, 2019",2018,TV-MA,58 min
3647,Movie,Demetri Martin: The Overthinker,"July 21, 2019",2018,TV-MA,56 min
3648,Movie,The Beast Stalker,"July 21, 2019",2008,TV-14,110 min
3649,Movie,The Midas Touch,"July 21, 2019",2013,TV-14,98 min
3650,Movie,The Twins Effect II,"July 21, 2019",2004,TV-14,106 min
3651,Movie,Twins Mission,"July 21, 2019",2007,TV-MA,102 min
3652,TV Show,Sexy Central,"July 20, 2019",2019,TV-MA,1 Season
3653,Movie,"¡Ay, mi madre!","July 19, 2019",2019,TV-MA,81 min
3654,TV Show,Comedians in Cars Getting Coffee,"July 19, 2019",2019,TV-14,6 Seasons
3655,TV Show,The Epic Tales of Captain Underpants,"July 19, 2019",2019,TV-Y7,3 Seasons
3656,TV Show,Typewriter,"July 19, 2019",2019,TV-MA,1 Season
3657,TV Show,Rookie Historian Goo Hae-Ryung,"July 18, 2019",2019,TV-14,1 Season
3658,Movie,Secret Obsession,"July 18, 2019",2019,TV-14,98 min
3659,Movie,Mauli,"July 17, 2019",2018,TV-14,136 min
3660,TV Show,Pinky Malinky,"July 17, 2019",2019,TV-Y7,3 Seasons
3661,TV Show,Unrequited Love,"July 17, 2019",2019,TV-14,1 Season
3662,Movie,Bogda,"July 16, 2019",2018,TV-PG,161 min
3663,Movie,"Frankenstein’s Monster’s Monster, Frankenstein","July 16, 2019",2019,TV-14,32 min
3664,TV Show,Angel Beats!,"July 15, 2019",2010,TV-PG,1 Season
3665,TV Show,Anohana: The Flower We Saw That Day,"July 15, 2019",2011,TV-14,1 Season
3666,TV Show,God Eater,"July 15, 2019",2015,TV-14,1 Season
3667,TV Show,GRANBLUE FANTASY the Animation,"July 15, 2019",2017,TV-PG,1 Season
3668,TV Show,3Below: Tales of Arcadia,"July 12, 2019",2019,TV-Y7,2 Seasons
3669,Movie,4L,"July 12, 2019",2019,TV-MA,105 min
3670,TV Show,Bonus Family,"July 12, 2019",2019,TV-MA,3 Seasons
3671,Movie,Cities of Last Things,"July 12, 2019",2018,TV-MA,106 min
3672,TV Show,Extreme Engagement,"July 12, 2019",2019,TV-MA,1 Season
3673,Movie,Kidnapping Stella,"July 12, 2019",2019,TV-MA,90 min
3674,TV Show,One Spring Night,"July 12, 2019",2019,TV-14,1 Season
3675,TV Show,PILI Fantasy: War of Dragons,"July 12, 2019",2019,TV-14,1 Season
3676,Movie,Point Blank,"July 12, 2019",2019,TV-MA,87 min
3677,Movie,The Milk System,"July 12, 2019",2017,TV-14,91 min
3678,TV Show,True Tunes,"July 12, 2019",2019,TV-Y,1 Season
3679,Movie,Parchís: the Documentary,"July 11, 2019",2019,TV-14,106 min
3680,Movie,Aziz Ansari: RIGHT NOW,"July 9, 2019",2019,TV-MA,65 min
3681,TV Show,Free Rein,"July 6, 2019",2019,TV-G,3 Seasons
3682,Movie,"River, el más grande siempre","July 5, 2019",2019,TV-G,105 min
3683,TV Show,The Legend of White Snake,"July 5, 2019",2019,TV-14,1 Season
3684,Movie,Cristina,"July 4, 2019",2016,TV-14,40 min
3685,TV Show,Kakegurui,"July 4, 2019",2019,TV-MA,2 Seasons
3686,TV Show,Stranger Things,"July 4, 2019",2019,TV-14,3 Seasons
3687,TV Show,The Last Czars,"July 3, 2019",2019,TV-MA,1 Season
3688,TV Show,Yummy Mummies,"July 3, 2019",2019,TV-MA,2 Seasons
3689,TV Show,Bangkok Love Stories: Objects of Affection,"July 2, 2019",2019,TV-14,1 Season
3690,TV Show,Bangkok Love Stories: Plead,"July 2, 2019",2019,TV-14,1 Season
3691,TV Show,Designated Survivor: 60 Days,"July 2, 2019",2019,TV-14,1 Season
3692,TV Show,DreamWorks Kung Fu Panda Awesome Secrets,"July 1, 2019",2008,TV-PG,1 Season
3693,TV Show,Hatchimals | Adventures in Hatchtopia,"July 1, 2019",2018,TV-Y,2 Seasons
3694,Movie,Katherine Ryan: Glitter Room,"July 1, 2019",2019,TV-MA,66 min
3695,TV Show,Molang,"July 1, 2019",2015,TV-Y,1 Season
3696,TV Show,Rabbids Invasion,"July 1, 2019",2018,TV-Y7,1 Season
3697,TV Show,Record of Grancrest War,"July 1, 2019",2018,TV-MA,1 Season
3698,Movie,War Against Women,"July 1, 2019",2013,TV-MA,61 min
3699,Movie,Inhuman Kiss,"June 30, 2019",2019,TV-MA,122 min
3700,Movie,Romeo Akbar Walter,"June 30, 2019",2019,TV-14,141 min
3701,TV Show,Scare Tactics,"June 30, 2019",2011,TV-MA,2 Seasons
3702,Movie,Super Deluxe,"June 29, 2019",2019,TV-MA,176 min
3703,TV Show,Dope,"June 28, 2019",2019,TV-MA,3 Seasons
3704,Movie,El testigo,"June 28, 2019",2018,TV-14,73 min
3705,TV Show,Exhibit A,"June 28, 2019",2019,TV-MA,1 Season
3706,TV Show,Instant Hotel,"June 28, 2019",2019,TV-MA,2 Seasons
3707,Movie,La Leyenda del Diamante,"June 28, 2019",2017,TV-MA,87 min
3708,TV Show,Motown Magic,"June 28, 2019",2019,TV-Y,2 Seasons
3709,TV Show,Paquita Salas,"June 28, 2019",2018,TV-MA,3 Seasons
3710,Movie,ANIMA,"June 27, 2019",2019,TV-PG,15 min
3711,TV Show,Answer for Heaven,"June 27, 2019",2019,TV-MA,1 Season
3712,Movie,Daniel Sosa: Maleducado,"June 27, 2019",2019,TV-MA,55 min
3713,Movie,Hikaru Utada Laughter in the Dark Tour 2018,"June 26, 2019",2018,TV-PG,141 min
3714,Movie,Kahaani,"June 26, 2019",2012,TV-14,122 min
3715,Movie,Unbroken,"June 26, 2019",2019,TV-14,109 min
3716,Movie,Mike Epps: Only One Mike,"June 25, 2019",2019,TV-MA,63 min
3717,TV Show,Forest of Piano,"June 24, 2019",2019,TV-14,2 Seasons
3718,Movie,Triple Threat,"June 22, 2019",2019,R,96 min
3719,Movie,Blood Will Tell,"June 21, 2019",2019,TV-MA,113 min
3720,TV Show,Bolívar,"June 21, 2019",2019,TV-MA,1 Season
3721,Movie,EVANGELION: DEATH (TRUE)²,"June 21, 2019",1998,TV-MA,69 min
3722,TV Show,Girls Incarcerated,"June 21, 2019",2019,TV-MA,2 Seasons
3723,TV Show,Go! Live Your Way,"June 21, 2019",2019,TV-PG,2 Seasons
3724,TV Show,Magi: The Labyrinth of Magic,"June 21, 2019",2013,TV-MA,2 Seasons
3725,TV Show,Neon Genesis Evangelion,"June 21, 2019",1995,TV-MA,1 Season
3726,TV Show,Shooter,"June 21, 2019",2018,TV-14,3 Seasons
3727,TV Show,The Casketeers,"June 21, 2019",2019,TV-14,2 Seasons
3728,TV Show,The Confession Tapes,"June 21, 2019",2019,TV-MA,2 Seasons
3729,Movie,The End of Evangelion,"June 21, 2019",1997,TV-MA,87 min
3730,Movie,Rakkhosh,"June 20, 2019",2019,TV-MA,116 min
3731,Movie,The Wolf's Call,"June 20, 2019",2019,TV-14,116 min
3732,Movie,Beats,"June 19, 2019",2019,TV-MA,110 min
3733,Movie,The Edge of Democracy,"June 19, 2019",2019,TV-14,122 min
3734,Movie,Adam Devine: Best Time of Our Lives,"June 18, 2019",2019,TV-MA,59 min
3735,Movie,Cop Car,"June 16, 2019",2015,R,88 min
3736,Movie,Right Here Right Now,"June 16, 2019",2018,TV-MA,91 min
3737,TV Show,Fate/Zero,"June 15, 2019",2012,TV-MA,2 Seasons
3738,TV Show,Kill la Kill,"June 15, 2019",2014,TV-MA,1 Season
3739,Movie,Life Overtakes Me,"June 15, 2019",2019,TV-PG,40 min
3740,Movie,Luckee,"June 15, 2019",2019,TV-14,113 min
3741,Movie,Pihu,"June 15, 2019",2018,TV-14,90 min
3742,TV Show,Puella Magi Madoka Magica,"June 15, 2019",2011,TV-14,1 Season
3743,TV Show,Somewhere Only We Know,"June 15, 2019",2019,TV-MA,1 Season
3744,TV Show,The Alcàsser Murders,"June 15, 2019",2019,TV-MA,1 Season
3745,TV Show,Unit 42,"June 15, 2019",2017,TV-MA,1 Season
3746,TV Show,Awake: The Million Dollar Game,"June 14, 2019",2019,TV-PG,1 Season
3747,TV Show,Black Spot,"June 14, 2019",2019,TV-MA,2 Seasons
3748,Movie,DJ Cinderella,"June 14, 2019",2019,TV-PG,95 min
3749,TV Show,El desconocido,"June 14, 2019",2019,TV-MA,2 Seasons
3750,TV Show,Girlfriends' Guide to Divorce,"June 14, 2019",2019,TV-MA,5 Seasons
3751,TV Show,Leila,"June 14, 2019",2019,TV-MA,1 Season
3752,TV Show,Marlon,"June 14, 2019",2018,TV-14,2 Seasons
3753,TV Show,Marvel's Jessica Jones,"June 14, 2019",2019,TV-MA,3 Seasons
3754,Movie,Murder Mystery,"June 14, 2019",2019,PG-13,98 min
3755,TV Show,Yankee,"June 14, 2019",2019,TV-MA,1 Season
3756,TV Show,Jinn,"June 13, 2019",2019,TV-MA,1 Season
3757,Movie,Oprah Presents When They See Us Now,"June 13, 2019",2019,TV-PG,61 min
3758,Movie,The 3rd Eye 2,"June 13, 2019",2019,TV-MA,117 min
3759,Movie,Jo Koy: Comin' In Hot,"June 12, 2019",2019,TV-MA,60 min
3760,Movie,Rolling Thunder Revue: A Bob Dylan Story by Martin Scorsese,"June 12, 2019",2019,TV-MA,142 min
3761,TV Show,Upin & Ipin,"June 10, 2019",2011,TV-Y,1 Season
3762,Movie,Belmonte,"June 7, 2019",2018,TV-MA,74 min
3763,TV Show,Designated Survivor,"June 7, 2019",2019,TV-MA,3 Seasons
3764,Movie,Elisa & Marcela,"June 7, 2019",2019,TV-MA,119 min
3765,Movie,I Am Mother,"June 7, 2019",2019,TV-PG,114 min
3766,Movie,Luka Chuppi,"June 7, 2019",2019,TV-PG,125 min
3767,Movie,Pachamama,"June 7, 2019",2019,PG,71 min
3768,Movie,Rock My Heart,"June 7, 2019",2019,TV-PG,110 min
3769,Movie,Stree,"June 7, 2019",2018,TV-MA,127 min
3770,TV Show,Super Monsters Monster Pets,"June 7, 2019",2019,TV-Y,1 Season
3771,TV Show,Tales of the City,"June 7, 2019",2019,TV-MA,1 Season
3772,Movie,The Black Godfather,"June 7, 2019",2019,TV-MA,118 min
3773,Movie,Alles ist gut,"June 6, 2019",2019,TV-MA,90 min
3774,Movie,A Silent Voice,"June 5, 2019",2016,TV-14,130 min
3775,TV Show,Black Mirror,"June 5, 2019",2019,TV-MA,5 Seasons
3776,Movie,Cosmos Laundromat: First Cycle,"June 4, 2019",2015,TV-MA,12 min
3777,Movie,Miranda Sings Live…Your Welcome,"June 4, 2019",2019,TV-14,62 min
3778,Movie,Silent,"June 4, 2019",2014,TV-Y,3 min
3779,TV Show,Documentary Now!,"June 3, 2019",2019,TV-14,3 Seasons
3780,TV Show,Malibu Rescue: The Series,"June 3, 2019",2019,TV-G,1 Season
3781,TV Show,Arthdal Chronicles,"June 2, 2019",2019,TV-MA,1 Season
3782,Movie,Krutant,"June 2, 2019",2019,TV-14,114 min
3783,TV Show,A Thousand Goodnights,"June 1, 2019",2019,TV-14,1 Season
3784,Movie,III Smoking Barrels,"June 1, 2019",2017,TV-MA,128 min
3785,TV Show,March Comes in Like a Lion,"June 1, 2019",2017,TV-14,2 Seasons
3786,Movie,"Oh, Ramona!","June 1, 2019",2019,TV-MA,109 min
3787,Movie,We Are Legends,"June 1, 2019",2019,TV-14,109 min
3788,TV Show,Bad Blood,"May 31, 2019",2019,TV-MA,2 Seasons
3789,Movie,Chopsticks,"May 31, 2019",2019,TV-MA,101 min
3790,TV Show,Killer Ratings,"May 31, 2019",2019,TV-MA,1 Season
3791,Movie,Mere Pyare Prime Minister,"May 31, 2019",2019,TV-MA,103 min
3792,Movie,Pegasus,"May 31, 2019",2019,TV-MA,98 min
3793,TV Show,When They See Us,"May 31, 2019",2019,TV-MA,1 Season
3794,Movie,Svaha: The Sixth Finger,"May 30, 2019",2019,TV-MA,123 min
3795,TV Show,Historical Roasts,"May 27, 2019",2019,TV-MA,1 Season
3796,Movie,After Maria,"May 24, 2019",2019,TV-PG,38 min
3797,TV Show,Hyper HardBoiled Gourmet Report,"May 24, 2019",2017,TV-MA,1 Season
3798,Movie,Joy,"May 24, 2019",2019,TV-MA,101 min
3799,Movie,Rim of the World,"May 24, 2019",2019,TV-14,99 min
3800,TV Show,She's Gotta Have It,"May 24, 2019",2018,TV-MA,2 Seasons
3801,Movie,The Perfection,"May 24, 2019",2019,TV-MA,91 min
3802,TV Show,WHAT / IF,"May 24, 2019",2019,TV-MA,1 Season
3803,Movie,The Lonely Island Presents: The Unauthorized Bash Brothers Experience,"May 23, 2019",2019,TV-MA,30 min
3804,Movie,A Tale of Two Kitchens,"May 22, 2019",2019,TV-PG,30 min
3805,Movie,The Man Who Feels No Pain,"May 22, 2019",2018,TV-14,137 min
3806,Movie,Wanda Sykes: Not Normal,"May 21, 2019",2019,TV-MA,66 min
3807,TV Show,Prince of Peoria,"May 20, 2019",2019,TV-G,2 Seasons
3808,TV Show,Rosario Tijeras,"May 20, 2019",2018,TV-MA,2 Seasons
3809,TV Show,1994,"May 17, 2019",2019,TV-MA,1 Season
3810,Movie,Born in Gaza,"May 17, 2019",2014,TV-14,70 min
3811,Movie,Born in Syria,"May 17, 2019",2016,TV-14,87 min
3812,Movie,Dying to Tell,"May 17, 2019",2018,TV-MA,88 min
3813,TV Show,It's Bruno!,"May 17, 2019",2019,TV-MA,1 Season
3814,Movie,Maria,"May 17, 2019",2019,TV-MA,90 min
3815,Movie,ReMastered: The Lion's Share,"May 17, 2019",2019,TV-14,84 min
3816,Movie,Saverio Raimondo: Il Satiro Parlante,"May 17, 2019",2019,TV-MA,53 min
3817,Movie,See You Yesterday,"May 17, 2019",2019,TV-MA,87 min
3818,TV Show,White Gold,"May 17, 2019",2019,TV-MA,2 Seasons
3819,Movie,Good Sam,"May 16, 2019",2019,TV-PG,90 min
3820,Movie,Jonaki,"May 16, 2019",2018,TV-MA,96 min
3821,Movie,PATRICK (2019),"May 16, 2019",2019,TV-PG,94 min
3822,TV Show,Dennis and Gnasher Unleashed,"May 15, 2019",2017,TV-Y,1 Season
3823,Movie,Hamid,"May 15, 2019",2018,TV-MA,108 min
3824,TV Show,"Heidi, bienvenida a casa","May 15, 2019",2017,TV-Y,1 Season
3825,TV Show,I Hear You,"May 15, 2019",2019,TV-14,1 Season
3826,Movie,Backdraft 2,"May 14, 2019",2019,R,102 min
3827,TV Show,Revisions,"May 14, 2019",2018,TV-14,1 Season
3828,Movie,Still LAUGH-IN: The Stars Celebrate,"May 14, 2019",2019,TV-MA,61 min
3829,Movie,Weed the People,"May 14, 2019",2018,TV-MA,94 min
3830,Movie,Malibu Rescue,"May 13, 2019",2019,TV-G,70 min
3831,Movie,Merata: How Mum Decolonised the Screen,"May 12, 2019",2018,TV-14,88 min
3832,TV Show,The Defected,"May 12, 2019",2019,TV-14,1 Season
3833,Movie,Dry Martina,"May 11, 2019",2018,TV-MA,100 min
3834,Movie,Shéhérazade,"May 11, 2019",2019,TV-MA,111 min
3835,Movie,The Great Magician,"May 11, 2019",2011,TV-14,128 min
3836,TV Show,Easy,"May 10, 2019",2019,TV-MA,3 Seasons
3837,Movie,In Family I Trust,"May 10, 2019",2018,TV-MA,98 min
3838,TV Show,Jailbirds,"May 10, 2019",2019,TV-MA,1 Season
3839,TV Show,The Mechanism,"May 10, 2019",2019,TV-MA,2 Seasons
3840,TV Show,The Princess Weiyoung,"May 10, 2019",2016,TV-14,1 Season
3841,TV Show,The Society,"May 10, 2019",2019,TV-MA,1 Season
3842,Movie,Wine Country,"May 10, 2019",2019,R,104 min
3843,Movie,Gatao 2: Rise of the King,"May 9, 2019",2018,TV-MA,126 min
3844,TV Show,Away From Home,"May 8, 2019",2015,TV-PG,1 Season
3845,TV Show,Bibik-Bibikku,"May 8, 2019",2016,TV-PG,1 Season
3846,TV Show,Cinta 100KG,"May 8, 2019",2016,TV-14,1 Season
3847,TV Show,Cinta Iris,"May 8, 2019",2015,TV-PG,1 Season
3848,TV Show,Cinta Si Wedding Planner,"May 8, 2019",2015,TV-14,1 Season
3849,TV Show,Cinta Teruna Kimchi,"May 8, 2019",2016,TV-PG,1 Season
3850,TV Show,Secret of Success,"May 8, 2019",2015,TV-14,1 Season
3851,TV Show,The Missing Menu,"May 8, 2019",2016,TV-PG,1 Season
3852,TV Show,Unchained Fate,"May 8, 2019",2016,TV-14,1 Season
3853,TV Show,Abyss,"May 7, 2019",2019,TV-14,1 Season
3854,TV Show,I Have a Script,"May 7, 2019",2019,TV-14,1 Season
3855,TV Show,In the Bosom of a Thorn,"May 7, 2019",2019,TV-14,1 Season
3856,TV Show,The Writer,"May 7, 2019",2019,TV-14,1 Season
3857,TV Show,What If?,"May 7, 2019",2019,TV-14,1 Season
3858,Movie,Last Breath,"May 6, 2019",2019,TV-MA,86 min
3859,Movie,The Wandering Earth,"May 6, 2019",2019,TV-MA,125 min
3860,Movie,All In My Family,"May 3, 2019",2019,TV-14,40 min
3861,TV Show,Crime Diaries: Night Out,"May 3, 2019",2019,TV-MA,1 Season
3862,TV Show,Cupcake & Dino - General Services,"May 3, 2019",2019,TV-Y7,2 Seasons
3863,Movie,Despite Everything,"May 3, 2019",2019,TV-MA,79 min
3864,Movie,"Extremely Wicked, Shockingly Evil and Vile","May 3, 2019",2019,R,110 min
3865,TV Show,Flinch,"May 3, 2019",2019,TV-PG,1 Season
3866,Movie,Jo Pil-ho: The Dawning Rage,"May 3, 2019",2018,TV-MA,128 min
3867,Movie,The Last Summer,"May 3, 2019",2019,TV-14,110 min
3868,TV Show,Tuca & Bertie,"May 3, 2019",2019,TV-MA,1 Season
3869,Movie,Laatu,"May 2, 2019",2018,TV-PG,116 min
3870,Movie,Olympus Has Fallen,"May 2, 2019",2013,R,119 min
3871,TV Show,Code Geass: Lelouch of the Rebellion,"May 1, 2019",2008,TV-MA,2 Seasons
3872,Movie,John & Yoko: Above Us Only Sky,"May 1, 2019",2018,TV-MA,90 min
3873,Movie,Knock Down The House,"May 1, 2019",2019,PG,88 min
3874,Movie,Munafik 2,"May 1, 2019",2018,TV-MA,104 min
3875,Movie,Sur Sapata,"May 1, 2019",2019,TV-14,140 min
3876,Movie,A Home with A View,"April 30, 2019",2019,TV-MA,92 min
3877,TV Show,Angel 'N' Devil,"April 30, 2019",2014,TV-14,1 Season
3878,Movie,Anthony Jeselnik: Fire in the Maternity Ward,"April 30, 2019",2019,TV-MA,64 min
3879,TV Show,Hong Kong West Side Stories,"April 30, 2019",2018,TV-MA,1 Season
3880,TV Show,Ingress: The Animation,"April 30, 2019",2018,TV-MA,1 Season
3881,TV Show,K.O. One Re-act,"April 30, 2019",2013,TV-14,1 Season
3882,TV Show,K.O.3an Guo,"April 30, 2019",2009,TV-14,1 Season
3883,TV Show,KO One Return,"April 30, 2019",2012,TV-MA,1 Season
3884,TV Show,The Outsiders,"April 30, 2019",2004,TV-MA,1 Season
3885,TV Show,Ash vs. Evil Dead,"April 29, 2019",2018,TV-MA,3 Seasons
3886,Movie,Teen Aur Aadha,"April 29, 2019",2018,TV-MA,119 min
3887,TV Show,Señora Acero,"April 28, 2019",2018,TV-MA,5 Seasons
3888,TV Show,Chambers,"April 26, 2019",2019,TV-MA,1 Season
3889,Movie,Loving is Losing,"April 26, 2019",2019,TV-MA,91 min
3890,Movie,Money Trap,"April 26, 2019",2019,TV-MA,122 min
3891,Movie,Njan Prakashan,"April 26, 2019",2018,TV-PG,125 min
3892,Movie,ReMastered: Devil at the Crossroads,"April 26, 2019",2019,TV-14,49 min
3893,TV Show,Street Food,"April 26, 2019",2019,TV-PG,1 Season
3894,TV Show,The Hateful Eight: Extended Version,"April 25, 2019",2015,R,1 Season
3895,Movie,A Fortunate Man,"April 20, 2019",2018,TV-MA,168 min
3896,Movie,Grass Is Greener,"April 20, 2019",2019,TV-MA,98 min
3897,Movie,Brené Brown: The Call to Courage,"April 19, 2019",2019,TV-14,77 min
3898,TV Show,KO One,"April 19, 2019",2005,TV-MA,1 Season
3899,TV Show,Lunatics,"April 19, 2019",2019,TV-MA,1 Season
3900,Movie,Music Teacher,"April 19, 2019",2019,TV-14,102 min
3901,TV Show,My Dear Boy,"April 19, 2019",2017,TV-MA,1 Season
3902,TV Show,Rilakkuma and Kaoru,"April 19, 2019",2019,TV-PG,1 Season
3903,TV Show,Samantha!,"April 19, 2019",2019,TV-MA,2 Seasons
3904,Movie,Someone Great,"April 19, 2019",2019,R,92 min
3905,Movie,The Ruthless,"April 19, 2019",2019,TV-MA,111 min
3906,Movie,A Little Chaos,"April 17, 2019",2014,R,113 min
3907,Movie,Franco Escamilla: Bienvenido al mundo,"April 17, 2019",2019,TV-MA,54 min
3908,Movie,HOMECOMING: A film by Beyoncé,"April 17, 2019",2019,TV-MA,138 min
3909,Movie,About Time,"April 16, 2019",2013,R,123 min
3910,Movie,Super Monsters Furever Friends,"April 16, 2019",2019,TV-Y,59 min
3911,Movie,Bollywood Calling,"April 15, 2019",2001,TV-MA,102 min
3912,Movie,Ek Khiladi Ek Haseena,"April 15, 2019",2005,TV-14,141 min
3913,Movie,Generation Iron 3,"April 15, 2019",2018,TV-MA,95 min
3914,Movie,Hazaaron Khwaishein Aisi,"April 15, 2019",2003,TV-MA,111 min
3915,Movie,Jhankaar Beats,"April 15, 2019",2003,TV-14,131 min
3916,Movie,Mumbai Matinee,"April 15, 2019",2003,TV-14,116 min
3917,Movie,Rainbow Jelly,"April 15, 2019",2018,TV-14,119 min
3918,Movie,Shabd,"April 15, 2019",2005,TV-14,146 min
3919,Movie,Shortcut Safari,"April 15, 2019",2016,TV-PG,101 min
3920,Movie,Thriller,"April 14, 2019",2018,TV-MA,87 min
3921,TV Show,Crazy Ex-Girlfriend,"April 13, 2019",2019,TV-MA,4 Seasons
3922,Movie,Who Would You Take to a Deserted Island?,"April 13, 2019",2019,TV-MA,94 min
3923,Movie,Dabbe 5: Zehr-i Cin,"April 12, 2019",2014,TV-MA,133 min
3924,Movie,Dabbe: The Possession,"April 12, 2019",2013,TV-MA,135 min
3925,Movie,Francesco De Carlo: Cose di Questo Mondo,"April 12, 2019",2019,TV-MA,61 min
3926,TV Show,Huge in France,"April 12, 2019",2019,TV-MA,1 Season
3927,Movie,The Perfect Date,"April 12, 2019",2019,TV-14,91 min
3928,TV Show,New Girl,"April 11, 2019",2018,TV-14,7 Seasons
3929,TV Show,Persona,"April 11, 2019",2019,TV-MA,1 Season
3930,Movie,Liss Pereira: Reteniendo líquidos,"April 10, 2019",2019,TV-14,59 min
3931,Movie,The Silence,"April 10, 2019",2019,PG-13,91 min
3932,TV Show,You vs. Wild,"April 10, 2019",2019,TV-PG,1 Season
3933,Movie,Sarvam Thaala Mayam (Telugu Version),"April 8, 2019",2018,TV-14,131 min
3934,Movie,Petta (Telugu Version),"April 7, 2019",2019,TV-14,170 min
3935,TV Show,Time: The Kalief Browder Story,"April 7, 2019",2017,TV-MA,1 Season
3936,Movie,Alien Warfare,"April 5, 2019",2019,TV-MA,88 min
3937,TV Show,Derek,"April 5, 2019",2015,TV-MA,3 Seasons
3938,TV Show,Imposters,"April 5, 2019",2017,TV-MA,2 Seasons
3939,TV Show,Our Planet,"April 5, 2019",2019,TV-PG,1 Season
3940,Movie,Petta,"April 5, 2019",2019,TV-14,170 min
3941,TV Show,Quicksand,"April 5, 2019",2019,TV-MA,1 Season
3942,TV Show,Rimba Racer,"April 5, 2019",2017,TV-PG,1 Season
3943,TV Show,Roman Empire: Reign of Blood,"April 5, 2019",2019,TV-MA,3 Seasons
3944,TV Show,Spirit: Riding Free,"April 5, 2019",2019,TV-Y7,8 Seasons
3945,TV Show,Tijuana,"April 5, 2019",2019,TV-MA,1 Season
3946,Movie,Unicorn Store,"April 5, 2019",2019,TV-14,92 min
3947,TV Show,Possessed,"April 4, 2019",2019,TV-MA,1 Season
3948,Movie,Ricardo Quevedo: Los amargados somos más,"April 3, 2019",2019,TV-MA,59 min
3949,Movie,Suzzanna: Buried Alive,"April 3, 2019",2018,TV-MA,126 min
3950,TV Show,Tango,"April 3, 2019",2018,TV-14,1 Season
3951,Movie,Ek Ladki Ko Dekha Toh Aisa Laga,"April 2, 2019",2019,TV-14,120 min
3952,Movie,Jagat,"April 2, 2019",2015,TV-MA,76 min
3953,Movie,Kevin Hart: Irresponsible,"April 2, 2019",2019,TV-MA,60 min
3954,TV Show,Kicko & Super Speedo,"April 1, 2019",2018,TV-Y7,1 Season
3955,Movie,Love O2O,"April 1, 2019",2016,TV-14,103 min
3956,Movie,Pinky Memsaab,"April 1, 2019",2018,TV-MA,124 min
3957,TV Show,"That Winter, the Wind Blows","April 1, 2019",2013,TV-MA,1 Season
3958,Movie,The Trap,"April 1, 2019",2017,TV-MA,91 min
3959,TV Show,Ultraman,"April 1, 2019",2019,TV-14,1 Season
3960,Movie,Mercy Black,"March 31, 2019",2019,TV-14,88 min
3961,Movie,The Burial of Kojo,"March 31, 2019",2018,TV-14,81 min
3962,TV Show,Pablo,"March 30, 2019",2017,TV-Y,1 Season
3963,Movie,15 August,"March 29, 2019",2019,TV-14,124 min
3964,Movie,Bayonet,"March 29, 2019",2019,TV-MA,102 min
3965,TV Show,Osmosis,"March 29, 2019",2019,TV-MA,1 Season
3966,TV Show,Santa Clarita Diet,"March 29, 2019",2019,TV-MA,3 Seasons
3967,Movie,The Highwaymen,"March 29, 2019",2019,R,132 min
3968,Movie,The Legend of Cocaine Island,"March 29, 2019",2019,TV-MA,87 min
3969,TV Show,The Terminal,"March 29, 2019",2018,TV-14,1 Season
3970,TV Show,Traitors,"March 29, 2019",2019,TV-MA,1 Season
3971,TV Show,Versailles,"March 29, 2019",2018,TV-MA,3 Seasons
3972,TV Show,Ainori Love Wagon: Asian Journey,"March 28, 2019",2018,TV-MA,2 Seasons
3973,Movie,Danur: I Can See Ghosts,"March 27, 2019",2017,TV-MA,75 min
3974,Movie,Verses of Love,"March 27, 2019",2008,TV-PG,126 min
3975,Movie,Nate Bargatze: The Tennessee Kid,"March 26, 2019",2019,TV-PG,61 min
3976,Movie,Sei,"March 25, 2019",2018,TV-14,126 min
3977,TV Show,The Eagle of El-Se'eed,"March 25, 2019",2018,TV-14,1 Season
3978,Movie,Superlopez,"March 24, 2019",2018,TV-MA,108 min
3979,Movie,Oversize Cops,"March 23, 2019",2017,TV-MA,100 min
3980,TV Show,Charlie's Colorforms City,"March 22, 2019",2019,TV-Y,1 Season
3981,TV Show,Crime Diaries: The Candidate,"March 22, 2019",2019,TV-MA,1 Season
3982,TV Show,Delhi Crime,"March 22, 2019",2019,TV-MA,1 Season
3983,Movie,Mirage,"March 22, 2019",2018,TV-MA,129 min
3984,Movie,ReMastered: The Miami Showband Massacre,"March 22, 2019",2019,TV-MA,71 min
3985,TV Show,The 10 Sins,"March 22, 2019",2018,TV-14,1 Season
3986,Movie,The Dirt,"March 22, 2019",2019,TV-MA,108 min
3987,TV Show,The OA,"March 22, 2019",2019,TV-MA,2 Seasons
3988,Movie,Antoine Griezmann: The Making of a Legend,"March 21, 2019",2019,TV-PG,60 min
3989,TV Show,Bo on the Go!,"March 21, 2019",2007,TV-Y,1 Season
3990,TV Show,Stay Tuned!,"March 21, 2019",2019,TV-14,1 Season
3991,Movie,The Amazing Praybeyt Benjamin,"March 21, 2019",2014,TV-14,105 min
3992,Movie,The Super Parental Guardians,"March 21, 2019",2016,TV-14,115 min
3993,Movie,The Third Party,"March 21, 2019",2016,TV-MA,118 min
3994,Movie,The Unmarried Wife,"March 21, 2019",2016,TV-MA,130 min
3995,Movie,Vince and Kath and James,"March 21, 2019",2016,TV-PG,115 min
3996,Movie,Alexis Viera: A Story of Surviving,"March 20, 2019",2019,TV-MA,69 min
3997,TV Show,February 9,"March 20, 2019",2018,TV-14,1 Season
3998,Movie,Imago,"March 20, 2019",2018,TV-PG,97 min
3999,TV Show,My Husband Won't Fit,"March 20, 2019",2019,TV-MA,1 Season
4000,Movie,Amy Schumer Growing,"March 19, 2019",2019,TV-MA,61 min
4001,Movie,5 Flights Up,"March 17, 2019",2014,PG-13,92 min
4002,TV Show,Green Door,"March 17, 2019",2019,TV-MA,1 Season
4003,Movie,Bombairiya,"March 15, 2019",2018,TV-MA,108 min
4004,Movie,Burn Out,"March 15, 2019",2017,TV-MA,104 min
4005,Movie,Edoardo Ferrario: Temi Caldi,"March 15, 2019",2019,TV-MA,65 min
4006,Movie,Girl,"March 15, 2019",2018,R,106 min
4007,TV Show,If I Hadn't Met You,"March 15, 2019",2018,TV-MA,1 Season
4008,Movie,Jeff Dunham: Arguing with Myself,"March 15, 2019",2006,TV-MA,69 min
4009,Movie,Jeff Dunham: Controlled Chaos,"March 15, 2019",2011,TV-MA,97 min
4010,Movie,Jeff Dunham: Minding the Monsters,"March 15, 2019",2012,TV-MA,80 min
4011,Movie,Jeff Dunham's Very Special Christmas Special,"March 15, 2019",2008,TV-MA,85 min
4012,Movie,Late Life: The Chien-Ming Wang Story,"March 15, 2019",2018,TV-14,98 min
4013,TV Show,My Pride,"March 15, 2019",2018,TV-14,1 Season
4014,Movie,Paskal,"March 15, 2019",2018,TV-14,115 min
4015,TV Show,Robozuna,"March 15, 2019",2018,TV-Y7,2 Seasons
4016,TV Show,The Disappearance of Madeleine McCann,"March 15, 2019",2019,TV-14,1 Season
4017,TV Show,Turn Up Charlie,"March 15, 2019",2019,TV-MA,1 Season
4018,Movie,A Love Story,"March 14, 2019",2007,TV-14,117 min
4019,Movie,Barcelona: A Love Untold,"March 14, 2019",2016,TV-14,132 min
4020,Movie,Everything About Her,"March 14, 2019",2016,TV-MA,127 min
4021,Movie,Finally Found Someone,"March 14, 2019",2017,TV-14,125 min
4022,Movie,Seven Sundays,"March 14, 2019",2017,TV-MA,128 min
4023,TV Show,More to Say,"March 13, 2019",2018,TV-14,1 Season
4024,TV Show,The Land of Hypocrisy,"March 13, 2019",2018,TV-14,1 Season
4025,Movie,Triple Frontier,"March 13, 2019",2019,R,126 min
4026,Movie,Jimmy Carr: The Best of Ultimate Gold Greatest Hits,"March 12, 2019",2019,TV-MA,58 min
4027,TV Show,Eugenie Nights,"March 11, 2019",2018,TV-14,1 Season
4028,TV Show,This Evening,"March 11, 2019",2017,TV-14,1 Season
4029,TV Show,Into the Badlands,"March 10, 2019",2018,TV-MA,3 Seasons
4030,TV Show,Bangkok Love Stories: Hey You!,"March 8, 2019",2018,TV-14,1 Season
4031,TV Show,Disappearance,"March 8, 2019",2018,TV-MA,1 Season
4032,Movie,Hajwala 2: Mysterious Mission,"March 8, 2019",2018,TV-14,116 min
4033,TV Show,Immortals,"March 8, 2019",2018,TV-MA,1 Season
4034,Movie,Juanita,"March 8, 2019",2019,TV-MA,90 min
4035,Movie,Lady J,"March 8, 2019",2019,TV-MA,111 min
4036,TV Show,The Confrontation,"March 8, 2019",2018,TV-PG,1 Season
4037,Movie,Walk. Ride. Rodeo.,"March 8, 2019",2019,TV-PG,100 min
4038,Movie,Nappily Ever After,"March 7, 2019",2018,TV-MA,99 min
4039,Movie,Sisterakas,"March 7, 2019",2012,TV-14,105 min
4040,Movie,Starting Over Again,"March 7, 2019",2014,TV-14,128 min
4041,Movie,That Thing Called Tadhana,"March 7, 2019",2015,TV-MA,91 min
4042,Movie,The Love Affair,"March 7, 2019",2015,TV-MA,127 min
4043,TV Show,American Crime Story: The People v. O.J. Simpson,"March 6, 2019",2016,TV-MA,1 Season
4044,TV Show,Secret City,"March 6, 2019",2016,TV-MA,2 Seasons
4045,TV Show,A Korean Odyssey,"March 5, 2019",2017,TV-MA,1 Season
4046,Movie,The Hard Way,"March 5, 2019",2019,TV-MA,94 min
4047,Movie,Everyday I Love You,"March 4, 2019",2015,TV-14,124 min
4048,Movie,No Other Woman,"March 4, 2019",2011,TV-MA,103 min
4049,Movie,River's Edge,"March 2, 2019",2018,TV-MA,118 min
4050,Movie,Sarkar,"March 2, 2019",2018,TV-MA,162 min
4051,Movie,Weapon of Choice,"March 2, 2019",2018,TV-MA,89 min
4052,Movie,"2,215","March 1, 2019",2018,TV-MA,89 min
4053,Movie,BNK48: Girls Don't Cry,"March 1, 2019",2018,TV-14,108 min
4054,Movie,Budapest,"March 1, 2019",2018,TV-MA,103 min
4055,TV Show,Cricket Fever: Mumbai Indians,"March 1, 2019",2019,TV-MA,1 Season
4056,TV Show,Larva Island,"March 1, 2019",2019,TV-Y7,2 Seasons
4057,TV Show,Losers,"March 1, 2019",2019,TV-MA,1 Season
4058,TV Show,Northern Rescue,"March 1, 2019",2019,TV-14,1 Season
4059,Movie,Pants on Fire,"March 1, 2019",2014,TV-G,87 min
4060,Movie,Paranormal Investigation,"March 1, 2019",2018,TV-14,93 min
4061,Movie,Radio Rebel,"March 1, 2019",2012,TV-G,90 min
4062,Movie,Sarvam Thaala Mayam (Tamil Version),"March 1, 2019",2018,TV-14,131 min
4063,Movie,The Boy Who Harnessed the Wind,"March 1, 2019",2019,TV-PG,114 min
4064,TV Show,The Disastrous Life of Saiki K.,"March 1, 2019",2018,TV-14,3 Seasons
4065,Movie,The Last Runway,"March 1, 2019",2018,TV-MA,107 min
4066,Movie,The Spiderwick Chronicles,"March 1, 2019",2008,PG,97 min
4067,Movie,Your Son,"March 1, 2019",2018,TV-MA,103 min
4068,Movie,Quién te cantará,"February 28, 2019",2018,TV-MA,125 min
4069,Movie,A Second Chance,"February 27, 2019",2015,TV-MA,130 min
4070,Movie,Beauty and the Bestie,"February 27, 2019",2015,TV-14,119 min
4071,Movie,Bride For Rent,"February 27, 2019",2014,TV-PG,110 min
4072,Movie,Can't Help Falling in Love,"February 27, 2019",2017,TV-14,120 min
4073,Movie,Evening Shadows,"February 27, 2019",2018,TV-PG,102 min
4074,Movie,Four Sisters and a Wedding,"February 27, 2019",2013,TV-14,125 min
4075,Movie,It Takes a Man and a Woman,"February 27, 2019",2013,TV-PG,127 min
4076,Movie,My Ex & Whys,"February 27, 2019",2017,TV-14,121 min
4077,Movie,She's Dating the Gangster,"February 27, 2019",2014,TV-14,113 min
4078,Movie,The Breakup Playlist,"February 27, 2019",2015,TV-MA,118 min
4079,Movie,The Mistress,"February 27, 2019",2012,TV-MA,132 min
4080,TV Show,Unsolved,"February 27, 2019",2018,TV-MA,1 Season
4081,Movie,Zach Galifianakis: Live at the Purple Onion,"February 26, 2019",2006,TV-MA,61 min
4082,Movie,Life of An Outcast,"February 25, 2019",2018,TV-PG,80 min
4083,Movie,The Photographer Of Mauthausen,"February 23, 2019",2018,TV-MA,110 min
4084,Movie,Bert Kreischer: The Machine,"February 22, 2019",2016,TV-MA,70 min
4085,TV Show,Chef's Table,"February 22, 2019",2019,TV-MA,6 Seasons
4086,Movie,Firebrand,"February 22, 2019",2019,TV-MA,117 min
4087,Movie,Paddleton,"February 22, 2019",2019,TV-MA,89 min
4088,Movie,Paris Is Us,"February 22, 2019",2019,TV-MA,84 min
4089,Movie,Shonar Pahar,"February 22, 2019",2018,TV-PG,131 min
4090,TV Show,The Big Family Cooking Showdown,"February 22, 2019",2018,TV-PG,2 Seasons
4091,TV Show,Z4,"February 22, 2019",2018,TV-PG,2 Seasons
4092,Movie,The Drug King,"February 21, 2019",2018,TV-MA,139 min
4093,Movie,Kevin James: Sweat the Small Stuff,"February 20, 2019",2001,TV-PG,42 min
4094,Movie,Transformer,"February 20, 2019",2017,TV-MA,79 min
4095,Movie,Genius,"February 17, 2019",2018,TV-14,96 min
4096,Movie,Black Sea,"February 16, 2019",2015,R,114 min
4097,Movie,Studio 54,"February 16, 2019",2018,TV-MA,99 min
4098,Movie,Awe,"February 15, 2019",2018,TV-MA,111 min
4099,Movie,Ayana,"February 15, 2019",2017,TV-MA,112 min
4100,Movie,Behind the Curve,"February 15, 2019",2018,TV-14,96 min
4101,Movie,Buddies,"February 15, 2019",2012,TV-MA,103 min
4102,Movie,Candyflip,"February 15, 2019",2017,TV-MA,104 min
4103,Movie,Chameli,"February 15, 2019",2004,TV-14,102 min
4104,Movie,Fatso,"February 15, 2019",2012,TV-14,97 min
4105,TV Show,Hjørdis,"February 15, 2019",2015,TV-MA,1 Season
4106,TV Show,Larry Charles' Dangerous World of Comedy,"February 15, 2019",2019,TV-MA,1 Season
4107,Movie,Neevevaro,"February 15, 2019",2018,TV-14,132 min
4108,Movie,Pyaar Ke Side Effects,"February 15, 2019",2006,TV-MA,120 min
4109,Movie,Sur: The Melody of Life,"February 15, 2019",2002,TV-14,137 min
4110,TV Show,The 43,"February 15, 2019",2019,TV-MA,1 Season
4111,Movie,The Breaker Upperers,"February 15, 2019",2018,TV-MA,82 min
4112,TV Show,The Kirlian Frequency,"February 15, 2019",2017,TV-14,1 Season
4113,Movie,Ugly Aur Pagli,"February 15, 2019",2008,TV-14,115 min
4114,Movie,Yucatán,"February 15, 2019",2018,TV-MA,130 min
4115,TV Show,Barbie Dreamhouse Adventures,"February 14, 2019",2018,TV-Y,3 Seasons
4116,Movie,"Ken Jeong: You Complete Me, Ho","February 14, 2019",2019,TV-MA,62 min
4117,TV Show,Velvet Colección,"February 14, 2019",2018,TV-14,2 Seasons
4118,Movie,Period. End of Sentence.,"February 12, 2019",2018,TV-PG,26 min
4119,TV Show,Iron Ladies,"February 9, 2019",2018,TV-14,1 Season
4120,TV Show,The Break,"February 9, 2019",2018,TV-MA,2 Seasons
4121,Movie,High Flying Bird,"February 8, 2019",2019,TV-MA,91 min
4122,Movie,Kevin Hart's Guide to Black History,"February 8, 2019",2019,TV-PG,63 min
4123,TV Show,One Day at a Time,"February 8, 2019",2019,TV-PG,3 Seasons
4124,Movie,ReMastered: The Two Killings of Sam Cooke,"February 8, 2019",2019,TV-MA,74 min
4125,Movie,The Tree of Blood,"February 8, 2019",2018,TV-MA,136 min
4126,TV Show,The Last of the Schmucks,"February 7, 2019",2017,TV-MA,1 Season
4127,TV Show,Hidden Worlds,"February 5, 2019",2018,TV-14,1 Season
4128,TV Show,Live,"February 5, 2019",2018,TV-MA,1 Season
4129,Movie,"Ray Romano: Right Here, Around the Corner","February 5, 2019",2019,TV-MA,59 min
4130,TV Show,Safe,"February 5, 2019",2018,TV-MA,1 Season
4131,TV Show,Tayee,"February 5, 2019",2018,TV-MA,1 Season
4132,TV Show,Violet Evergarden,"February 5, 2019",2018,TV-14,1 Season
4133,TV Show,Romance is a bonus book,"February 3, 2019",2019,TV-14,1 Season
4134,Movie,Await Further Instructions,"February 2, 2019",2018,TV-MA,91 min
4135,Movie,Manusangada,"February 2, 2019",2017,TV-14,93 min
4136,Movie,14 Minutes from Earth,"February 1, 2019",2016,TV-MA,84 min
4137,Movie,Dear Ex,"February 1, 2019",2018,TV-MA,100 min
4138,Movie,Free Rein: Valentine's Day,"February 1, 2019",2019,TV-G,51 min
4139,Movie,Lego DC Comics: Batman Be-Leaguered,"February 1, 2019",2014,TV-Y7,22 min
4140,Movie,LEGO Marvel Super Heroes: Black Panther,"February 1, 2019",2018,TV-Y7,22 min
4141,Movie,LEGO Marvel Super Heroes: Guardians of the Galaxy,"February 1, 2019",2017,TV-Y,22 min
4142,TV Show,Littlest Pet Shop: A World of Our Own,"February 1, 2019",2018,TV-Y7,2 Seasons
4143,TV Show,Russian Doll,"February 1, 2019",2019,TV-MA,1 Season
4144,TV Show,Sparta,"February 1, 2019",2018,TV-MA,1 Season
4145,TV Show,Sword Art Online Alternative: Gun Gale Online,"February 1, 2019",2018,TV-MA,1 Season
4146,Movie,True: Happy Hearts Day,"February 1, 2019",2019,TV-Y,24 min
4147,Movie,Velvet Buzzsaw,"February 1, 2019",2019,R,113 min
4148,Movie,Hantu Kak Limah,"January 31, 2019",2018,TV-PG,110 min
4149,Movie,Love Off the Cuff,"January 31, 2019",2017,TV-MA,120 min
4150,TV Show,Paprika,"January 31, 2019",2018,TV-Y,1 Season
4151,Movie,Maharaja: The Story of Ranjit Singh,"January 30, 2019",2010,TV-14,56 min
4152,Movie,Virsa,"January 30, 2019",2010,TV-14,127 min
4153,Movie,Bhasmasur,"January 29, 2019",2017,TV-14,74 min
4154,Movie,"Gabriel ""Fluffy"" Iglesias: One Show Fits All","January 29, 2019",2019,TV-14,91 min
4155,Movie,High Society,"January 29, 2019",2018,TV-MA,137 min
4156,Movie,Up Among  The Stars,"January 29, 2019",2018,TV-MA,86 min
4157,Movie,Alt-Right: Age of Rage,"January 28, 2019",2018,TV-MA,106 min
4158,Movie,Habibie & Ainun,"January 28, 2019",2012,TV-14,125 min
4159,Movie,Nathicharami,"January 28, 2019",2018,TV-MA,114 min
4160,Movie,Rudy Habibie,"January 28, 2019",2016,TV-14,143 min
4161,Movie,Surga Yang Tak Dirindukan,"January 28, 2019",2015,TV-14,121 min
4162,Movie,Surga Yang Tak Dirindukan 2,"January 28, 2019",2017,TV-14,119 min
4163,TV Show,A Taiwanese Tale of Two Cities,"January 27, 2019",2018,TV-MA,1 Season
4164,TV Show,Z Nation,"January 27, 2019",2018,TV-MA,5 Seasons
4165,Movie,Goyo: The Boy General,"January 26, 2019",2018,TV-MA,150 min
4166,Movie,Animas,"January 25, 2019",2018,TV-MA,88 min
4167,TV Show,Black Earth Rising,"January 25, 2019",2018,TV-MA,1 Season
4168,TV Show,Club of Crows,"January 25, 2019",2019,TV-MA,4 Seasons
4169,TV Show,Examination of Conscience,"January 25, 2019",2019,TV-MA,1 Season
4170,Movie,Mi Obra Maestra,"January 25, 2019",2018,TV-MA,105 min
4171,Movie,Polar,"January 25, 2019",2019,TV-MA,119 min
4172,TV Show,The Perfect Match,"January 25, 2019",2017,TV-14,1 Season
4173,TV Show,Conversations with a Killer: The Ted Bundy Tapes,"January 24, 2019",2019,TV-MA,1 Season
4174,Movie,Just Love,"January 24, 2019",2018,TV-MA,96 min
4175,TV Show,Innocent,"January 23, 2019",2017,TV-MA,1 Season
4176,Movie,Close,"January 18, 2019",2019,TV-MA,95 min
4177,Movie,FYRE: The Greatest Party That Never Happened,"January 18, 2019",2019,TV-MA,98 min
4178,Movie,IO,"January 18, 2019",2019,TV-14,96 min
4179,TV Show,Marvel's The Punisher,"January 18, 2019",2019,TV-MA,2 Seasons
4180,TV Show,Memory Love,"January 18, 2019",2017,TV-14,1 Season
4181,Movie,Old Lord Savanna,"January 18, 2019",2018,TV-14,96 min
4182,Movie,Patria,"January 18, 2019",2019,TV-MA,90 min
4183,Movie,Soni,"January 18, 2019",2018,TV-MA,97 min
4184,TV Show,The World's Most Extraordinary Homes,"January 18, 2019",2019,TV-G,3 Seasons
4185,TV Show,Trigger Warning with Killer Mike,"January 18, 2019",2019,TV-MA,1 Season
4186,Movie,Abducted in Plain Sight,"January 15, 2019",2017,TV-14,90 min
4187,Movie,"Abdullah, The Final Witness","January 15, 2019",2016,TV-14,88 min
4188,Movie,Adhugo,"January 15, 2019",2018,TV-14,105 min
4189,Movie,Echcharikkai,"January 15, 2019",2018,TV-14,127 min
4190,TV Show,Lavender,"January 15, 2019",2002,TV-14,1 Season
4191,Movie,Pandigai,"January 15, 2019",2017,TV-MA,125 min
4192,Movie,Pari,"January 15, 2019",2018,TV-14,116 min
4193,Movie,Revenger,"January 15, 2019",2018,TV-MA,102 min
4194,Movie,Sebastian Maniscalco: Stay Hungry,"January 15, 2019",2019,TV-MA,65 min
4195,Movie,The Doll,"January 15, 2019",2016,TV-MA,106 min
4196,Movie,The Doll 2,"January 15, 2019",2017,TV-MA,117 min
4197,TV Show,La Grande Chaumière Violette,"January 14, 2019",2016,TV-14,1 Season
4198,Movie,Baazaar,"January 13, 2019",2018,TV-MA,136 min
4199,Movie,All of You,"January 11, 2019",2017,TV-MA,104 min
4200,TV Show,Back with the Ex,"January 11, 2019",2018,TV-MA,1 Season
4201,TV Show,Friends from College,"January 11, 2019",2019,TV-MA,2 Seasons
4202,TV Show,Hardy Bucks,"January 11, 2019",2018,TV-MA,4 Seasons
4203,TV Show,Horrid Henry,"January 11, 2019",2019,TV-Y7,2 Seasons
4204,Movie,ReMastered: Massacre at the Stadium,"January 11, 2019",2019,TV-MA,65 min
4205,Movie,Solo,"January 11, 2019",2018,TV-MA,91 min
4206,Movie,The Last Laugh,"January 11, 2019",2019,TV-MA,99 min
4207,TV Show,Pocoyo,"January 10, 2019",2017,TV-Y,4 Seasons
4208,TV Show,When Heroes Fly,"January 10, 2019",2018,TV-MA,1 Season
4209,Movie,GODZILLA The Planet Eater,"January 9, 2019",2018,TV-PG,91 min
4210,Movie,Next Enti?,"January 9, 2019",2018,TV-14,117 min
4211,Movie,Komola Rocket,"January 7, 2019",2018,TV-14,95 min
4212,Movie,Nang Nak,"January 5, 2019",1999,TV-MA,101 min
4213,Movie,And Breathe Normally,"January 4, 2019",2018,TV-14,102 min
4214,Movie,El Potro: Unstoppable,"January 4, 2019",2018,TV-MA,122 min
4215,Movie,Lionheart,"January 4, 2019",2018,TV-PG,95 min
4216,TV Show,See You in Time,"January 4, 2019",2017,TV-14,1 Season
4217,TV Show,Déjà Vu,"January 2, 2019",2013,TV-14,1 Season
4218,Movie,Monty Python and the Holy Grail,"January 2, 2019",1975,PG,92 min
4219,TV Show,A Series of Unfortunate Events,"January 1, 2019",2019,TV-PG,3 Seasons
4220,Movie,Back to the 90s,"January 1, 2019",2015,TV-14,111 min
4221,TV Show,COMEDIANS of the world,"January 1, 2019",2019,TV-MA,13 Seasons
4222,Movie,Merku Thodarchi Malai,"January 1, 2019",2018,TV-MA,115 min
4223,Movie,Moshe Kasher: Live in Oakland,"January 1, 2019",2012,TV-MA,61 min
4224,Movie,Pokémon the Movie: I Choose You!,"January 1, 2019",2017,TV-Y7,97 min
4225,Movie,Puriyatha Puthir,"January 1, 2019",2017,TV-MA,120 min
4226,Movie,Taramani,"January 1, 2019",2017,TV-MA,148 min
4227,TV Show,The Paper,"January 1, 2019",2018,TV-MA,2 Seasons
4228,TV Show,Tidying Up with Marie Kondo,"January 1, 2019",2019,TV-PG,1 Season
4229,Movie,Whitney Cummings: Money Shot,"January 1, 2019",2010,TV-MA,48 min
4230,Movie,Bill Hicks: One Night Stand,"December 31, 2018",1991,TV-MA,28 min
4231,Movie,Bill Hicks: Reflections,"December 31, 2018",2015,TV-MA,34 min
4232,Movie,Bill Hicks: Relentless,"December 31, 2018",1992,TV-MA,61 min
4233,Movie,Bill Hicks: Revelations,"December 31, 2018",1993,TV-MA,56 min
4234,Movie,Bill Hicks: Sane Man,"December 31, 2018",1989,TV-MA,81 min
4235,Movie,Gina Yashere: Laughing to America,"December 31, 2018",2013,TV-MA,68 min
4236,Movie,Gina Yashere: Skinny B*tch,"December 31, 2018",2008,TV-MA,58 min
4237,Movie,Mexicanos de Bronce,"December 31, 2018",2016,TV-MA,100 min
4238,Movie,Sam Kinison: Breaking the Rules,"December 31, 2018",1987,TV-MA,50 min
4239,Movie,Sam Kinison: Family Entertainment Hour,"December 31, 2018",1991,TV-MA,49 min
4240,Movie,Sam Kinison: Live in Vegas,"December 31, 2018",1991,TV-MA,71 min
4241,Movie,Sam Kinison: The Scream Continues,"December 31, 2018",2016,TV-MA,29 min
4242,Movie,Secrets in the Hot Spring,"December 31, 2018",2018,TV-14,108 min
4243,Movie,Taylor Swift reputation Stadium Tour,"December 31, 2018",2018,TV-PG,125 min
4244,Movie,The Seven Deadly Sins the Movie: Prisoners of the Sky,"December 31, 2018",2018,TV-14,100 min
4245,Movie,Tim Allen: Men Are Pigs,"December 31, 2018",1990,TV-MA,30 min
4246,Movie,Tim Allen: ReWires America,"December 31, 2018",1991,TV-MA,30 min
4247,Movie,Tim Minchin And The Heritage Orchestra Live,"December 31, 2018",2011,TV-MA,146 min
4248,Movie,Tim Minchin: So F**king Rock,"December 31, 2018",2008,TV-MA,127 min
4249,Movie,Todd Glass: Stand-Up Special,"December 31, 2018",2012,TV-MA,46 min
4250,Movie,Tom Papa Live in New York City,"December 31, 2018",2011,TV-14,57 min
4251,TV Show,Pioneers: First Women Filmmakers*,"December 30, 2018",1925,TV-14,1 Season
4252,TV Show,In Family We Trust,"December 29, 2018",2018,TV-MA,1 Season
4253,Movie,A Twelve Year Night,"December 28, 2018",2018,TV-MA,122 min
4254,Movie,Black Mirror: Bandersnatch,"December 28, 2018",2018,TV-MA,312 min
4255,TV Show,Hashoter Hatov,"December 28, 2018",2015,TV-MA,1 Season
4256,Movie,Life Ki Toh Lag Gayi,"December 28, 2018",2012,TV-MA,109 min
4257,TV Show,Murder Mountain,"December 28, 2018",2018,TV-MA,1 Season
4258,TV Show,Selection Day,"December 28, 2018",2018,TV-14,1 Season
4259,Movie,The Birth Reborn 3,"December 28, 2018",2018,TV-14,73 min
4260,Movie,When Angels Sleep,"December 28, 2018",2018,TV-MA,96 min
4261,TV Show,Stand Up and Away! with Brian Regan,"December 24, 2018",2018,TV-PG,1 Season
4262,TV Show,Way Back into Love,"December 24, 2018",2011,TV-14,1 Season
4263,TV Show,Watership Down,"December 23, 2018",2018,TV-PG,1 Season
4264,TV Show,Demon's Path,"December 22, 2018",2018,TV-14,1 Season
4265,TV Show,People Just Do Nothing,"December 22, 2018",2018,TV-MA,5 Seasons
4266,TV Show,Single Ladies Senior,"December 22, 2018",2018,TV-MA,1 Season
4267,TV Show,7 Days Out,"December 21, 2018",2018,TV-PG,1 Season
4268,Movie,Bad Seeds,"December 21, 2018",2018,TV-MA,105 min
4269,Movie,Bird Box,"December 21, 2018",2018,R,124 min
4270,TV Show,Jojo's World,"December 21, 2018",2017,TV-14,1 Season
4271,TV Show,LAST HOPE,"December 21, 2018",2018,TV-14,2 Seasons
4272,TV Show,Lion Pride,"December 21, 2018",2017,TV-MA,1 Season
4273,TV Show,Love @ Seventeen,"December 21, 2018",2016,TV-14,1 Season
4274,TV Show,Perfume,"December 21, 2018",2018,TV-MA,1 Season
4275,TV Show,Sirius the Jaeger,"December 21, 2018",2018,TV-MA,1 Season
4276,Movie,Struggle: The Life and Lost Art of Szukalski,"December 21, 2018",2018,TV-MA,105 min
4277,TV Show,Wolf,"December 21, 2018",2018,TV-MA,1 Season
4278,Movie,23:59,"December 20, 2018",2011,R,78 min
4279,Movie,Aggretsuko: We Wish You a Metal Christmas,"December 20, 2018",2018,TV-PG,22 min
4280,TV Show,Fate/stay night: Unlimited Blade Works,"December 20, 2018",2015,TV-14,2 Seasons
4281,Movie,Imperfect,"December 20, 2018",2012,TV-MA,95 min
4282,Movie,Lang Tong,"December 20, 2018",2015,TV-MA,82 min
4283,Movie,Miss J Contemplates Her Choice,"December 20, 2018",2014,TV-MA,89 min
4284,Movie,Ascharyachakit!,"December 19, 2018",2018,TV-MA,90 min
4285,TV Show,Ellen DeGeneres: Relatable,"December 18, 2018",2018,TV-MA,1 Season
4286,Movie,Lilli,"December 17, 2018",2018,TV-MA,85 min
4287,Movie,Prince of Peoria: A Christmas Moose Miracle,"December 17, 2018",2018,TV-G,29 min
4288,Movie,Andhadhun,"December 16, 2018",2018,TV-14,137 min
4289,TV Show,Ashes of Love,"December 16, 2018",2018,TV-14,1 Season
4290,Movie,Dragons: Dawn of the Dragon Racers,"December 16, 2018",2014,TV-PG,27 min
4291,TV Show,DreamWorks Holiday Classics,"December 16, 2018",2011,TV-PG,1 Season
4292,Movie,Kill the Messenger,"December 16, 2018",2014,R,112 min
4293,Movie,Maps to the Stars,"December 16, 2018",2014,R,112 min
4294,Movie,Springsteen on Broadway,"December 16, 2018",2018,TV-MA,153 min
4295,Movie,The Theory of Everything,"December 16, 2018",2014,PG-13,123 min
4296,Movie,F.R.E.D.I.,"December 15, 2018",2018,TV-PG,90 min
4297,TV Show,Flowers,"December 15, 2018",2018,TV-MA,2 Seasons
4298,Movie,Kita Kita,"December 15, 2018",2017,TV-14,84 min
4299,Movie,Once in a Lifetime Sessions with George Ezra,"December 15, 2018",2018,TV-MA,78 min
4300,Movie,Once in a Lifetime Sessions with Kasabian,"December 15, 2018",2018,TV-MA,79 min
4301,Movie,Once in a Lifetime Sessions with OneRepublic,"December 15, 2018",2018,TV-PG,73 min
4302,Movie,Once in a Lifetime Sessions with Snow Patrol,"December 15, 2018",2018,TV-MA,83 min
4303,Movie,Sad Hill Unearthed,"December 15, 2018",2017,TV-14,83 min
4304,Movie,Vanjagar Ulagam,"December 15, 2018",2018,TV-MA,145 min
4305,TV Show,Hymn of Death,"December 14, 2018",2018,TV-14,1 Season
4306,TV Show,Inside the Real Narcos,"December 14, 2018",2018,TV-MA,1 Season
4307,Movie,ROMA,"December 14, 2018",2018,R,135 min
4308,TV Show,The Fix,"December 14, 2018",2018,TV-MA,1 Season
4309,TV Show,The Innocent Man,"December 14, 2018",2018,TV-MA,1 Season
4310,TV Show,Tidelands,"December 14, 2018",2018,TV-MA,1 Season
4311,TV Show,Travelers,"December 14, 2018",2018,TV-MA,3 Seasons
4312,TV Show,Voltron: Legendary Defender,"December 14, 2018",2018,TV-Y7,8 Seasons
4313,TV Show,Back Street Girls -GOKUDOLS-,"December 12, 2018",2018,TV-MA,1 Season
4314,Movie,"Out of Many, One","December 12, 2018",2018,TV-PG,35 min
4315,Movie,Vir Das: Losing It,"December 11, 2018",2018,TV-MA,68 min
4316,Movie,5 Star Christmas,"December 7, 2018",2018,TV-14,96 min
4317,TV Show,Dogs of Berlin,"December 7, 2018",2018,TV-MA,1 Season
4318,Movie,Dumplin',"December 7, 2018",2018,PG-13,110 min
4319,Movie,Free Rein: The Twelve Neighs of Christmas,"December 7, 2018",2018,TV-G,58 min
4320,Movie,Mowgli: Legend of the Jungle,"December 7, 2018",2018,PG-13,105 min
4321,TV Show,Neo Yokio,"December 7, 2018",2018,TV-MA,2 Seasons
4322,TV Show,Pine Gap,"December 7, 2018",2018,TV-MA,1 Season
4323,Movie,ReMastered: Who Killed Jam Master Jay?,"December 7, 2018",2018,TV-MA,59 min
4324,Movie,Super Monsters and the Wish Star,"December 7, 2018",2018,TV-Y,28 min
4325,Movie,The American Meme,"December 7, 2018",2018,TV-MA,98 min
4326,Movie,RUSSELL BRAND: RE:BIRTH,"December 4, 2018",2018,TV-MA,63 min
4327,TV Show,The Sound of Your Heart: Reboot,"December 3, 2018",2018,TV-14,2 Seasons
4328,TV Show,Memories of the Alhambra,"December 2, 2018",2018,TV-MA,1 Season
4329,Movie,Teefa in Trouble,"December 2, 2018",2018,TV-14,155 min
4330,Movie,A Beautiful Life,"December 1, 2018",2011,TV-14,122 min
4331,Movie,Accident,"December 1, 2018",2009,TV-MA,87 min
4332,Movie,"Ayotzinapa, el paso de la tortuga","December 1, 2018",2018,TV-MA,73 min
4333,Movie,Battle,"December 1, 2018",2018,TV-MA,98 min
4334,Movie,Blind Detective,"December 1, 2018",2013,TV-MA,130 min
4335,Movie,Break Up 100,"December 1, 2018",2014,TV-14,105 min
4336,Movie,Chal Bhaag,"December 1, 2018",2014,TV-14,110 min
4337,Movie,Crossroads: One Two Jaga,"December 1, 2018",2018,TV-14,81 min
4338,Movie,Don't Go Breaking My Heart,"December 1, 2018",2011,TV-PG,115 min
4339,Movie,Don't Go Breaking My Heart 2,"December 1, 2018",2014,TV-14,113 min
4340,Movie,Faraar,"December 1, 2018",2015,TV-14,146 min
4341,TV Show,Haunted House,"December 1, 2018",2017,TV-G,1 Season
4342,Movie,Helios,"December 1, 2018",2015,TV-14,118 min
4343,Movie,Line Walker,"December 1, 2018",2016,TV-MA,109 min
4344,Movie,Look for a Star,"December 1, 2018",2009,TV-14,117 min
4345,Movie,Oddbods: The Festive Menace,"December 1, 2018",2018,TV-Y,23 min
4346,Movie,Once a Gangster,"December 1, 2018",2010,TV-MA,95 min
4347,Movie,Power Paandi,"December 1, 2018",2017,TV-MA,124 min
4348,Movie,Roll With Me,"December 1, 2018",2017,TV-MA,90 min
4349,Movie,SDU: Sex Duties Unit,"December 1, 2018",2013,TV-MA,96 min
4350,Movie,Set Off,"December 1, 2018",2008,TV-MA,96 min
4351,TV Show,1983,"November 30, 2018",2018,TV-MA,1 Season
4352,Movie,A Christmas Prince: The Royal Wedding,"November 30, 2018",2018,TV-PG,93 min
4353,Movie,Angela's Christmas,"November 30, 2018",2018,TV-Y,30 min
4354,TV Show,Death by Magic,"November 30, 2018",2018,TV-PG,1 Season
4355,Movie,El club de los insomnes,"November 30, 2018",2018,TV-MA,82 min
4356,Movie,Happy as Lazzaro,"November 30, 2018",2018,PG-13,127 min
4357,TV Show,Love and Fortune,"November 30, 2018",2018,TV-MA,1 Season
4358,Movie,Manto,"November 30, 2018",2018,TV-MA,114 min
4359,Movie,Rajma Chawal,"November 30, 2018",2018,TV-MA,119 min
4360,TV Show,Spy Kids: Mission Critical,"November 30, 2018",2018,TV-Y7,2 Seasons
4361,Movie,The World Is Yours,"November 30, 2018",2018,TV-MA,101 min
4362,Movie,Time Share,"November 30, 2018",2018,TV-MA,96 min
4363,TV Show,Bumping Mics with Jeff Ross & Dave Attell,"November 27, 2018",2018,TV-MA,1 Season
4364,TV Show,Minecraft: Story Mode,"November 27, 2018",2015,TV-PG,1 Season
4365,Movie,My Little Pony Friendship Is Magic: Best Gift Ever,"November 25, 2018",2018,TV-Y,44 min
4366,TV Show,Frontier,"November 23, 2018",2018,TV-MA,3 Seasons
4367,TV Show,Fugitiva,"November 23, 2018",2018,TV-MA,1 Season
4368,TV Show,Sick Note,"November 23, 2018",2018,TV-MA,2 Seasons
4369,TV Show,Mystery Science Theater 3000: The Return,"November 22, 2018",2018,TV-14,2 Seasons
4370,Movie,The Christmas Chronicles,"November 22, 2018",2018,TV-PG,104 min
4371,Movie,The Tribe,"November 21, 2018",2018,TV-MA,91 min
4372,TV Show,Kulipari: Dream Walker,"November 20, 2018",2018,TV-Y7,1 Season
4373,TV Show,Paap-O-Meter,"November 20, 2018",2017,TV-Y7,1 Season
4374,Movie,Puppy Star Christmas,"November 20, 2018",2018,PG,91 min
4375,Movie,Sabrina,"November 20, 2018",2018,TV-MA,114 min
4376,Movie,Target,"November 20, 2018",2018,TV-14,91 min
4377,TV Show,The Final Table,"November 20, 2018",2018,TV-PG,1 Season
4378,Movie,Trevor Noah: Son of Patricia,"November 20, 2018",2018,TV-MA,64 min
4379,Movie,The Pixar Story,"November 18, 2018",2007,G,89 min
4380,TV Show,Eternal Love,"November 17, 2018",2017,TV-14,1 Season
4381,TV Show,La Doña,"November 17, 2018",2016,TV-14,1 Season
4382,TV Show,Silvana Sin Lana,"November 17, 2018",2016,TV-14,1 Season
4383,Movie,Cam,"November 16, 2018",2018,TV-MA,95 min
4384,Movie,Nothing to Hide,"November 16, 2018",2018,TV-MA,94 min
4385,TV Show,Ponysitters Club,"November 16, 2018",2018,TV-G,2 Seasons
4386,Movie,The Ballad of Buster Scruggs,"November 16, 2018",2018,R,133 min
4387,Movie,The Princess Switch,"November 16, 2018",2018,TV-G,102 min
4388,TV Show,Vai Anitta,"November 16, 2018",2018,TV-MA,1 Season
4389,Movie,Aalorukkam,"November 15, 2018",2018,TV-PG,122 min
4390,TV Show,Beyblade Burst Evolution,"November 15, 2018",2017,TV-Y,1 Season
4391,Movie,Christmas Wedding Planner,"November 15, 2018",2017,PG,86 min
4392,Movie,Halkaa,"November 15, 2018",2018,TV-14,111 min
4393,Movie,May the Devil Take You,"November 15, 2018",2018,TV-MA,111 min
4394,Movie,Muzaffarnagar Baaqi Hai,"November 15, 2018",2015,TV-MA,136 min
4395,Movie,Odu Raja Odu,"November 15, 2018",2018,TV-14,121 min
4396,Movie,Savita Damodar Paranjpe,"November 15, 2018",2018,TV-14,119 min
4397,Movie,The Giant,"November 15, 2018",2017,TV-14,115 min
4398,Movie,BuyBust,"November 13, 2018",2018,TV-MA,128 min
4399,Movie,Loudon Wainwright III: Surviving Twin,"November 13, 2018",2018,TV-14,92 min
4400,TV Show,Warrior,"November 13, 2018",2018,TV-MA,1 Season
4401,TV Show,Age of Tanks,"November 10, 2018",2017,TV-PG,1 Season
4402,Movie,"All's Well, End's Well (2009)","November 9, 2018",2009,TV-14,99 min
4403,Movie,Lommbock,"November 9, 2018",2017,TV-MA,106 min
4404,TV Show,Medal of Honor,"November 9, 2018",2018,TV-MA,1 Season
4405,Movie,Outlaw King,"November 9, 2018",2018,R,122 min
4406,TV Show,Super Drags,"November 9, 2018",2018,TV-MA,1 Season
4407,TV Show,The Queen of Flow,"November 9, 2018",2018,TV-MA,1 Season
4408,TV Show,Treehouse Detectives,"November 9, 2018",2018,TV-Y,2 Seasons
4409,TV Show,Westside,"November 9, 2018",2018,TV-MA,1 Season
4410,TV Show,Transfers,"November 8, 2018",2017,TV-MA,1 Season
4411,TV Show,Damnation,"November 7, 2018",2017,TV-MA,1 Season
4412,Movie,Bucket List,"November 5, 2018",2018,TV-14,129 min
4413,Movie,John Leguizamo's Latin History for Morons,"November 5, 2018",2018,TV-MA,90 min
4414,TV Show,Kopitiam,"November 3, 2018",2003,TV-14,7 Seasons
4415,Movie,Ana e Vitória,"November 2, 2018",2018,TV-MA,116 min
4416,TV Show,Brainchild,"November 2, 2018",2018,TV-G,1 Season
4417,Movie,ReMastered: Tricky Dick & The Man in Black,"November 2, 2018",2018,TV-14,59 min
4418,Movie,The Holiday Calendar,"November 2, 2018",2018,TV-G,95 min
4419,Movie,The Other Side of the Wind,"November 2, 2018",2018,R,122 min
4420,Movie,They’ll Love Me When I’m Dead,"November 2, 2018",2018,TV-MA,98 min
4421,Movie,Aagey Se Right,"November 1, 2018",2009,TV-14,117 min
4422,Movie,Aamir,"November 1, 2018",2008,TV-14,95 min
4423,Movie,ABCD 2,"November 1, 2018",2015,TV-14,146 min
4424,Movie,ABCD: Any Body Can Dance,"November 1, 2018",2013,TV-14,136 min
4425,Movie,Arjun: The Warrior Prince,"November 1, 2018",2011,TV-14,91 min
4426,Movie,Asees,"November 1, 2018",2018,TV-14,123 min
4427,Movie,Barfi!,"November 1, 2018",2012,TV-14,144 min
4428,Movie,Chance Pe Dance,"November 1, 2018",2010,TV-14,121 min
4429,Movie,Christmas With A View,"November 1, 2018",2018,TV-PG,91 min
4430,Movie,Chup Chup Ke,"November 1, 2018",2006,TV-14,158 min
4431,TV Show,Creators,"November 1, 2018",2015,TV-Y,2 Seasons
4432,Movie,Dhan Dhana Dhan Goal,"November 1, 2018",2007,TV-14,157 min
4433,Movie,Dhoondte Reh Jaoge,"November 1, 2018",2009,TV-14,124 min
4434,Movie,Do Dooni Chaar,"November 1, 2018",2010,TV-PG,106 min
4435,Movie,Edge of Fear,"November 1, 2018",2018,TV-MA,92 min
4436,Movie,"Edmilson Filho: Notas, Comedy about Relationships","November 1, 2018",2017,TV-MA,80 min
4437,TV Show,Follow This,"November 1, 2018",2018,TV-MA,3 Seasons
4438,Movie,Gaddar: the Traitor,"November 1, 2018",2015,TV-14,126 min
4439,Movie,Ghanchakkar,"November 1, 2018",2013,TV-MA,129 min
4440,Movie,Grandmaster,"November 1, 2018",2012,TV-14,133 min
4441,Movie,Hattrick,"November 1, 2018",2007,TV-14,109 min
4442,Movie,Heroine,"November 1, 2018",2012,TV-MA,143 min
4443,Movie,Himmatwala,"November 1, 2018",2013,TV-14,140 min
4444,Movie,Husbands in Goa,"November 1, 2018",2012,TV-14,150 min
4445,Movie,Jatts in Golmaal,"November 1, 2018",2013,TV-PG,128 min
4446,Movie,Kai Po Che!,"November 1, 2018",2013,TV-MA,120 min
4447,Movie,Kalakalappu,"November 1, 2018",2012,TV-14,154 min
4448,Movie,Katt Williams: The Pimp Chronicles: Pt. 1,"November 1, 2018",2006,TV-MA,45 min
4449,Movie,Katti Batti,"November 1, 2018",2015,TV-14,132 min
4450,Movie,Life in a ... Metro,"November 1, 2018",2007,TV-14,126 min
4451,Movie,Marc Maron: Thinky Pain,"November 1, 2018",2013,TV-MA,95 min
4452,Movie,Mumbai Meri Jaan,"November 1, 2018",2008,TV-MA,135 min
4453,Movie,Mundeyan Ton Bachke Rahin,"November 1, 2018",2014,TV-14,139 min
4454,Movie,No One Killed Jessica,"November 1, 2018",2011,TV-MA,131 min
4455,Movie,Oye Lucky! Lucky Oye!,"November 1, 2018",2008,TV-14,118 min
4456,Movie,Paan Singh Tomar,"November 1, 2018",2010,TV-14,129 min
4457,Movie,Raja Natwarlal,"November 1, 2018",2014,TV-14,131 min
4458,Movie,Satyagraha,"November 1, 2018",2013,TV-14,146 min
4459,Movie,Settai,"November 1, 2018",2013,TV-14,123 min
4460,Movie,Sigaram Thodu,"November 1, 2018",2014,TV-14,141 min
4461,Movie,Sommore: The Reign Continues,"November 1, 2018",2015,TV-MA,93 min
4462,TV Show,The Great British Baking Show: The Beginnings,"November 1, 2018",2012,TV-PG,1 Season
4463,Movie,The Untold Tales of Armistead Maupin,"November 1, 2018",2017,TV-MA,91 min
4464,Movie,Vaya,"November 1, 2018",2016,TV-MA,106 min
4465,Movie,Welcome to Sajjanpur,"November 1, 2018",2008,TV-14,131 min
4466,Movie,Yeh Hai Bakrapur,"November 1, 2018",2014,TV-PG,95 min
4467,Movie,Zokkomon,"November 1, 2018",2011,PG,104 min
4468,Movie,Gun City,"October 31, 2018",2018,TV-MA,126 min
4469,Movie,Heneral Luna,"October 31, 2018",2015,R,118 min
4470,TV Show,Fate/EXTRA Last Encore,"October 30, 2018",2018,TV-MA,2 Seasons
4471,Movie,Dragon Tiger Gate,"October 27, 2018",2006,TV-14,94 min
4472,Movie,Been So Long,"October 26, 2018",2018,TV-MA,100 min
4473,Movie,Dovlatov,"October 26, 2018",2018,PG-13,126 min
4474,Movie,Jefe,"October 26, 2018",2018,TV-MA,90 min
4475,Movie,Santo Cachón,"October 26, 2018",2018,TV-14,87 min
4476,Movie,Shirkers,"October 26, 2018",2018,TV-14,97 min
4477,TV Show,Terrorism Close Calls,"October 26, 2018",2018,TV-MA,1 Season
4478,Movie,W/O Ram,"October 26, 2018",2018,TV-MA,115 min
4479,TV Show,DreamWorks Spooky Stories,"October 25, 2018",2009,TV-PG,1 Season
4480,TV Show,Great News,"October 25, 2018",2017,TV-14,2 Seasons
4481,Movie,Ronnie Coleman: The King,"October 25, 2018",2018,TV-MA,93 min
4482,Movie,Baahubali: The Beginning (English Version),"October 24, 2018",2015,TV-14,138 min
4483,Movie,ADAM SANDLER 100% FRESH,"October 23, 2018",2018,TV-MA,74 min
4484,TV Show,Here to Heart,"October 23, 2018",2018,TV-14,1 Season
4485,Movie,Scorpion King 5: Book of Souls,"October 23, 2018",2018,PG-13,102 min
4486,TV Show,The Hollywood Masters,"October 23, 2018",2017,TV-MA,3 Seasons
4487,Movie,How to Get Over a Breakup,"October 20, 2018",2018,TV-MA,104 min
4488,TV Show,Accidentally in Love,"October 19, 2018",2018,TV-14,1 Season
4489,TV Show,Ask the Doctor,"October 19, 2018",2017,TV-PG,1 Season
4490,TV Show,Best.Worst.Weekend.Ever.,"October 19, 2018",2018,TV-PG,1 Season
4491,Movie,"Club de Cuervos Presents: I, Potro","October 19, 2018",2018,TV-MA,51 min
4492,Movie,Derren Brown: Sacrifice,"October 19, 2018",2018,TV-MA,50 min
4493,Movie,Gnome Alone,"October 19, 2018",2018,PG,86 min
4494,Movie,Illang: The Wolf Brigade,"October 19, 2018",2018,TV-MA,140 min
4495,TV Show,Making a Murderer,"October 19, 2018",2018,TV-14,2 Seasons
4496,TV Show,Marvel's Daredevil,"October 19, 2018",2018,TV-MA,3 Seasons
4497,Movie,Naa Bangaaru Talli,"October 19, 2018",2013,TV-14,122 min
4498,Movie,Oddbods: Party Monsters,"October 19, 2018",2018,TV-Y,23 min
4499,TV Show,Project S The Series,"October 19, 2018",2017,TV-MA,4 Seasons
4500,Movie,S Storm,"October 19, 2018",2016,TV-MA,95 min
4501,Movie,The Night Comes for Us,"October 19, 2018",2018,TV-MA,121 min
4502,TV Show,Wanderlust,"October 19, 2018",2018,TV-MA,1 Season
4503,Movie,Mr. Chandramouli,"October 18, 2018",2018,TV-MA,131 min
4504,TV Show,My Babysitter's a Vampire,"October 17, 2018",2012,TV-PG,2 Seasons
4505,TV Show,Rake,"October 16, 2018",2018,TV-MA,5 Seasons
4506,Movie,"Ron White: If You Quit Listening, I'll Shut Up","October 16, 2018",2018,TV-MA,63 min
4507,Movie,Meghnadbodh Rohoshyo,"October 15, 2018",2017,TV-MA,150 min
4508,Movie,Sanju,"October 15, 2018",2018,TV-MA,159 min
4509,TV Show,Stunt Science,"October 15, 2018",2018,TV-MA,1 Season
4510,Movie,Soorma,"October 13, 2018",2018,TV-14,131 min
4511,Movie,Apostle,"October 12, 2018",2018,TV-MA,130 min
4512,TV Show,Edgar Rice Burroughs' Tarzan and Jane,"October 12, 2018",2018,TV-Y7,2 Seasons
4513,Movie,Errementari: The Blacksmith and the Devil,"October 12, 2018",2018,TV-MA,99 min
4514,Movie,Feminists: What Were They Thinking?,"October 12, 2018",2018,TV-MA,86 min
4515,TV Show,FIGHTWORLD,"October 12, 2018",2018,TV-MA,1 Season
4516,Movie,Kuntilanak,"October 12, 2018",2018,TV-14,106 min
4517,Movie,ReMastered: Who Shot the Sheriff,"October 12, 2018",2018,TV-14,57 min
4518,TV Show,The Curious Creations of Christine McConnell,"October 12, 2018",2018,TV-PG,1 Season
4519,TV Show,The Haunting of Hill House,"October 12, 2018",2018,TV-MA,1 Season
4520,Movie,The Kindergarten Teacher,"October 12, 2018",2018,R,97 min
4521,TV Show,Ordinary Heroes,"October 11, 2018",2018,TV-MA,1 Season
4522,TV Show,Salt Fat Acid Heat,"October 11, 2018",2018,TV-PG,1 Season
4523,Movie,22 July,"October 10, 2018",2018,R,144 min
4524,TV Show,Blood Pact,"October 10, 2018",2018,TV-MA,1 Season
4525,Movie,Tales From the Hood 2,"October 10, 2018",2018,R,110 min
4526,Movie,Mo Amer: The Vagabond,"October 9, 2018",2018,TV-MA,57 min
4527,Movie,Pulang,"October 8, 2018",2018,TV-14,119 min
4528,TV Show,Sofia the First,"October 8, 2018",2017,TV-Y,4 Seasons
4529,Movie,Seven in Heaven,"October 6, 2018",2018,PG-13,94 min
4530,TV Show,Dancing Queen,"October 5, 2018",2018,TV-14,1 Season
4531,TV Show,Empire Games,"October 5, 2018",2018,TV-14,1 Season
4532,TV Show,LOST SONG,"October 5, 2018",2018,TV-14,1 Season
4533,Movie,Malevolent,"October 5, 2018",2018,TV-MA,89 min
4534,Movie,Private Life,"October 5, 2018",2018,R,124 min
4535,Movie,Super Monsters Save Halloween,"October 5, 2018",2018,TV-Y,25 min
4536,TV Show,YG Future Strategy Office,"October 5, 2018",2018,TV-MA,1 Season
4537,TV Show,Violet Evergarden: Special,"October 4, 2018",2018,TV-PG,1 Season
4538,Movie,The Black Prince,"October 3, 2018",2017,PG-13,121 min
4539,Movie,Truth or Dare,"October 3, 2018",2017,TV-MA,88 min
4540,Movie,Death Race: Beyond Anarchy,"October 2, 2018",2017,R,111 min
4541,Movie,Eric ldle's What About Dick?,"October 2, 2018",2012,TV-MA,81 min
4542,Movie,Joe Rogan: Strange Times,"October 2, 2018",2018,TV-MA,64 min
4543,TV Show,Monty Python Best Bits (mostly),"October 2, 2018",2014,TV-MA,1 Season
4544,Movie,Monty Python Conquers America,"October 2, 2018",2008,TV-MA,55 min
4545,Movie,"Monty Python Live (Mostly): One Down, Five to Go","October 2, 2018",2014,TV-MA,137 min
4546,Movie,Monty Python: Before the Flying Circus,"October 2, 2018",2000,TV-MA,56 min
4547,Movie,Monty Python: Live at Aspen,"October 2, 2018",1998,TV-MA,58 min
4548,Movie,Monty Python: Live at The Hollywood Bowl,"October 2, 2018",1982,R,80 min
4549,Movie,Monty Python: The Meaning of Live,"October 2, 2018",2014,TV-MA,94 min
4550,TV Show,Monty Python's Almost the Truth,"October 2, 2018",2009,TV-MA,1 Season
4551,TV Show,Monty Python's Fliegender Zirkus,"October 2, 2018",1972,TV-MA,1 Season
4552,TV Show,Monty Python's Flying Circus,"October 2, 2018",1974,TV-14,4 Seasons
4553,Movie,Monty Python's Life of Brian,"October 2, 2018",1979,R,94 min
4554,TV Show,Monty Python's Personal Best,"October 2, 2018",2005,TV-MA,1 Season
4555,Movie,Parrot Sketch Not Included: Twenty Years of Monty Python,"October 2, 2018",1989,TV-14,72 min
4556,Movie,The Meaning of Monty Python,"October 2, 2018",2013,TV-MA,60 min
4557,Movie,25 Kille,"October 1, 2018",2016,TV-14,140 min
4558,Movie,A Witches' Ball,"October 1, 2018",2017,PG,91 min
4559,Movie,Agyaat,"October 1, 2018",2009,TV-14,97 min
4560,Movie,Anjaan,"October 1, 2018",2014,TV-14,146 min
4561,Movie,Bathinda Express,"October 1, 2018",2016,TV-14,118 min
4562,Movie,Delhi 6,"October 1, 2018",2009,TV-14,128 min
4563,Movie,Dev.D,"October 1, 2018",2009,TV-MA,137 min
4564,Movie,Dil Vil Pyaar Vyaar,"October 1, 2018",2014,TV-PG,145 min
4565,Movie,Dushman,"October 1, 2018",2017,TV-14,141 min
4566,Movie,Ek Main Aur Ekk Tu,"October 1, 2018",2012,TV-14,106 min
4567,Movie,Freedom at Midnight,"October 1, 2018",2018,TV-MA,135 min
4568,Movie,Haani,"October 1, 2018",2013,TV-14,137 min
4569,Movie,Happy Go Lucky,"October 1, 2018",2014,TV-14,129 min
4570,Movie,Harishchandrachi Factory,"October 1, 2018",2009,TV-PG,99 min
4571,TV Show,Hot Date,"October 1, 2018",2018,TV-MA,1 Season
4572,Movie,Jagga Jasoos,"October 1, 2018",2017,TV-14,155 min
4573,Movie,Jatt James Bond,"October 1, 2018",2014,TV-14,142 min
4574,Movie,Jodhaa Akbar,"October 1, 2018",2008,TV-14,214 min
4575,Movie,Judge Singh LLB,"October 1, 2018",2015,TV-PG,137 min
4576,Movie,Kaminey,"October 1, 2018",2009,TV-14,128 min
4577,Movie,Khido Khundi,"October 1, 2018",2018,TV-14,151 min
4578,Movie,Khoobsurat,"October 1, 2018",2014,TV-14,121 min
4579,Movie,Kisaan,"October 1, 2018",2009,TV-14,101 min
4580,Movie,Kismat Konnection,"October 1, 2018",2008,TV-14,145 min
4581,Movie,Kurbaan,"October 1, 2018",2009,TV-14,147 min
4582,Movie,Lock,"October 1, 2018",2016,TV-14,90 min
4583,Movie,Luv Shuv Tey Chicken Khurana,"October 1, 2018",2012,TV-14,129 min
4584,Movie,"Main, Meri Patni Aur Woh","October 1, 2018",2005,TV-PG,129 min
4585,Movie,Manje Bistre,"October 1, 2018",2017,TV-14,136 min
4586,Movie,Motor Mitraan Di,"October 1, 2018",2016,TV-PG,117 min
4587,Movie,Mugamoodi,"October 1, 2018",2012,TV-14,150 min
4588,Movie,Muran,"October 1, 2018",2011,TV-14,134 min
4589,Movie,My Friend Pinto,"October 1, 2018",2011,TV-14,100 min
4590,Movie,My Little Pony Equestria Girls: Forgotten Friendship,"October 1, 2018",2018,TV-Y,44 min
4591,Movie,My Little Pony Equestria Girls: Rollercoaster of Friendship,"October 1, 2018",2018,TV-Y,44 min
4592,Movie,My Suicide,"October 1, 2018",2009,TV-MA,111 min
4593,Movie,Naan Sigappu Manithan,"October 1, 2018",2014,TV-14,147 min
4594,Movie,Nasha,"October 1, 2018",2013,TV-14,115 min
4595,Movie,Naughty Jatts,"October 1, 2018",2013,TV-PG,121 min
4596,Movie,Needhi Singh,"October 1, 2018",2016,TV-14,103 min
4597,Movie,Peace Haven,"October 1, 2018",2016,TV-14,73 min
4598,Movie,Phantom,"October 1, 2018",2015,TV-14,129 min
4599,Movie,Pizza,"October 1, 2018",2014,TV-14,102 min
4600,Movie,Pooja Kiven Aa,"October 1, 2018",2013,TV-PG,122 min
4601,Movie,Race,"October 1, 2018",2008,TV-14,155 min
4602,Movie,Race 2,"October 1, 2018",2013,TV-14,139 min
4603,Movie,Saadey CM Saab,"October 1, 2018",2015,TV-PG,131 min
4604,Movie,Sat Shri Akaal England,"October 1, 2018",2017,TV-14,127 min
4605,TV Show,Strong,"October 1, 2018",2016,TV-14,1 Season
4606,Movie,Thaandavam,"October 1, 2018",2012,TV-14,156 min
4607,Movie,The Birth Reborn,"October 1, 2018",2018,TV-MA,91 min
4608,Movie,Theeya Velai Seyyanum Kumaru,"October 1, 2018",2013,TV-PG,132 min
4609,TV Show,Three Wives One Husband,"October 1, 2018",2018,TV-14,1 Season
4610,Movie,Tiger,"October 1, 2018",2016,TV-14,130 min
4611,Movie,Udaan,"October 1, 2018",2010,TV-MA,137 min
4612,Movie,Vettai,"October 1, 2018",2012,TV-14,156 min
4613,Movie,Wake Up Sid,"October 1, 2018",2009,TV-14,132 min
4614,Movie,We Are Family,"October 1, 2018",2010,TV-14,119 min
4615,Movie,What the Jatt!!,"October 1, 2018",2015,TV-PG,140 min
4616,Movie,Zindagi Kitni Haseen Hay,"October 1, 2018",2016,TV-14,126 min
4617,Movie,Big Miracle,"September 30, 2018",2012,PG,107 min
4618,Movie,Paradise Lost,"September 29, 2018",2018,TV-MA,111 min
4619,Movie,Animal World,"September 28, 2018",2018,TV-MA,130 min
4620,Movie,Hold the Dark,"September 28, 2018",2018,TV-MA,126 min
4621,Movie,Lessons from a School Shooting: Notes from Dunblane,"September 28, 2018",2018,TV-14,24 min
4622,TV Show,Made in Mexico,"September 28, 2018",2018,TV-MA,1 Season
4623,TV Show,Reboot: The Guardian Code,"September 28, 2018",2018,TV-Y7,2 Seasons
4624,TV Show,Skylanders Academy,"September 28, 2018",2018,TV-Y7,3 Seasons
4625,Movie,The 3rd Eye,"September 28, 2018",2018,TV-MA,108 min
4626,Movie,Two Catalonias,"September 28, 2018",2018,TV-MA,117 min
4627,Movie,In Darkness,"September 22, 2018",2018,TV-MA,101 min
4628,TV Show,Battlefish,"September 21, 2018",2018,TV-MA,1 Season
4629,TV Show,DRAGON PILOT: Hisone & Masotan,"September 21, 2018",2018,TV-14,1 Season
4630,TV Show,Maniac,"September 21, 2018",2018,TV-MA,1 Season
4631,Movie,Quincy,"September 21, 2018",2018,TV-MA,124 min
4632,Movie,Rafinha Bastos: Ultimatum,"September 21, 2018",2018,TV-MA,63 min
4633,TV Show,The Good Cop,"September 21, 2018",2018,TV-14,1 Season
4634,TV Show,Mobile Suit Gundam UC,"September 20, 2018",2014,TV-PG,1 Season
4635,TV Show,Transformers: Rescue Bots,"September 19, 2018",2016,TV-Y7,1 Season
4636,TV Show,Al Hayba,"September 15, 2018",2017,TV-14,1 Season
4637,TV Show,American Vandal,"September 14, 2018",2018,TV-MA,2 Seasons
4638,TV Show,Boca Juniors Confidential,"September 14, 2018",2018,TV-PG,1 Season
4639,TV Show,Ingobernable,"September 14, 2018",2018,TV-MA,2 Seasons
4640,TV Show,Norm Macdonald Has a Show,"September 14, 2018",2018,TV-MA,1 Season
4641,TV Show,Super Monsters Monster Party,"September 14, 2018",2018,TV-Y,1 Season
4642,Movie,The Angel,"September 14, 2018",2018,TV-MA,114 min
4643,Movie,The Land of Steady Habits,"September 14, 2018",2018,TV-MA,98 min
4644,TV Show,The Rise of Phoenixes,"September 14, 2018",2018,TV-14,1 Season
4645,Movie,Reversing Roe,"September 13, 2018",2018,TV-14,100 min
4646,TV Show,Life,"September 12, 2018",2018,TV-MA,1 Season
4647,Movie,On My Skin,"September 12, 2018",2018,TV-MA,100 min
4648,TV Show,Daniel Sloss: Live Shows,"September 11, 2018",2018,TV-MA,1 Season
4649,TV Show,If I were an Animal,"September 11, 2018",2018,TV-G,1 Season
4650,Movie,The Resistance Banker,"September 11, 2018",2018,TV-MA,123 min
4651,TV Show,Show Me the Money,"September 9, 2018",2004,TV-14,2 Seasons
4652,TV Show,Transformers Prime,"September 8, 2018",2013,TV-Y7,1 Season
4653,TV Show,Transformers: Robots in Disguise,"September 8, 2018",2016,TV-Y7,1 Season
4654,Movie,City of Joy,"September 7, 2018",2018,TV-MA,77 min
4655,TV Show,First and Last,"September 7, 2018",2018,TV-MA,1 Season
4656,TV Show,Marvel's Iron Fist,"September 7, 2018",2018,TV-MA,2 Seasons
4657,Movie,Next Gen,"September 7, 2018",2018,TV-PG,106 min
4658,Movie,Sierra Burgess Is A Loser,"September 7, 2018",2018,PG-13,106 min
4659,TV Show,Stretch Armstrong & the Flex Fighters,"September 7, 2018",2018,TV-Y7,2 Seasons
4660,Movie,The Most Assassinated Woman in the World,"September 7, 2018",2018,TV-MA,102 min
4661,Movie,PK,"September 6, 2018",2014,TV-14,146 min
4662,Movie,The Debt Collector,"September 3, 2018",2018,TV-MA,96 min
4663,TV Show,Monkey Twins,"September 2, 2018",2018,TV-MA,1 Season
4664,TV Show,Quantico,"September 2, 2018",2018,TV-14,3 Seasons
4665,TV Show,Age of Rebellion,"September 1, 2018",2018,TV-MA,1 Season
4666,Movie,Carbon,"September 1, 2018",2017,TV-MA,104 min
4667,Movie,Garbage,"September 1, 2018",2018,TV-MA,109 min
4668,Movie,​​Kuch Bheege Alfaaz,"September 1, 2018",2018,TV-14,110 min
4669,Movie,Love and Shukla,"September 1, 2018",2017,TV-MA,110 min
4670,Movie,Once Again,"September 1, 2018",2018,TV-PG,101 min
4671,TV Show,Sisters,"September 1, 2018",2018,TV-MA,1 Season
4672,Movie,Sparring,"September 1, 2018",2017,TV-MA,94 min
4673,TV Show,Cathedral of the Sea,"August 31, 2018",2017,TV-MA,1 Season
4674,TV Show,Inside the Criminal Mind,"August 31, 2018",2018,TV-MA,1 Season
4675,TV Show,The Comedy Lineup,"August 31, 2018",2018,TV-MA,2 Seasons
4676,Movie,The Laws of Thermodynamics,"August 31, 2018",2018,TV-MA,101 min
4677,TV Show,Ultimate Beastmaster,"August 31, 2018",2018,TV-PG,3 Seasons
4678,TV Show,Ultimate Beastmaster México,"August 31, 2018",2018,TV-PG,3 Seasons
4679,TV Show,Undercover Law,"August 31, 2018",2017,TV-MA,1 Season
4680,Movie,Naam Shabana,"August 28, 2018",2017,TV-14,141 min
4681,Movie,Qarib Qarib Singlle,"August 28, 2018",2017,TV-14,120 min
4682,Movie,Spyder,"August 28, 2018",2017,TV-14,140 min
4683,TV Show,Chicken Soup for the Soul's Being Dad,"August 27, 2018",2018,TV-MA,1 Season
4684,Movie,Maria Bamford: The Special Special Special,"August 25, 2018",2012,TV-MA,50 min
4685,Movie,Bert Kreischer: Secret Time,"August 24, 2018",2018,TV-MA,57 min
4686,TV Show,GHOUL,"August 24, 2018",2018,TV-MA,1 Season
4687,Movie,One Last Shot,"August 24, 2018",1998,TV-MA,31 min
4688,TV Show,Take My Brother Away,"August 24, 2018",2018,TV-14,1 Season
4689,Movie,The After Party,"August 24, 2018",2018,TV-MA,90 min
4690,TV Show,The Innocents,"August 24, 2018",2018,TV-MA,1 Season
4691,Movie,Bareilly Ki Barfi,"August 21, 2018",2017,TV-14,110 min
4692,Movie,Mersal,"August 21, 2018",2017,TV-14,162 min
4693,Movie,Mom,"August 21, 2018",2017,TV-14,139 min
4694,Movie,Pad Man,"August 21, 2018",2018,PG-13,130 min
4695,Movie,Toilet: Ek Prem Katha,"August 21, 2018",2017,TV-14,145 min
4696,Movie,Party Monster: Scratching the Surface,"August 17, 2018",2018,TV-14,33 min
4697,TV Show,Stay Here,"August 17, 2018",2018,TV-PG,1 Season
4698,Movie,The Motive,"August 17, 2018",2017,TV-MA,114 min
4699,Movie,To All the Boys I’ve Loved Before,"August 17, 2018",2018,TV-14,100 min
4700,Movie,Yoo Byung Jae: Discomfort Zone,"August 17, 2018",2018,TV-MA,54 min
4701,Movie,Bhavesh Joshi Superhero,"August 16, 2018",2018,TV-14,150 min
4702,Movie,For Here or to Go?,"August 15, 2018",2015,TV-MA,105 min
4703,TV Show,72 Dangerous Animals: Asia,"August 10, 2018",2018,TV-14,1 Season
4704,TV Show,Afflicted,"August 10, 2018",2018,TV-MA,1 Season
4705,TV Show,All About the Washingtons,"August 10, 2018",2018,TV-PG,1 Season
4706,Movie,The Guernsey Literary and Potato Peel Pie Society,"August 10, 2018",2018,TV-PG,124 min
4707,Movie,The Package,"August 10, 2018",2018,TV-MA,95 min
4708,Movie,Zion,"August 10, 2018",2018,TV-PG,12 min
4709,Movie,Perdida,"August 9, 2018",2018,TV-MA,104 min
4710,TV Show,The Originals,"August 9, 2018",2018,TV-14,5 Seasons
4711,TV Show,Pretty Man,"August 8, 2018",2018,TV-14,1 Season
4712,TV Show,On Children,"August 5, 2018",2018,TV-14,1 Season
4713,Movie,2 States,"August 4, 2018",2014,TV-PG,143 min
4714,Movie,Baaghi,"August 4, 2018",2016,TV-14,127 min
4715,Movie,Brij Mohan Amar Rahe,"August 4, 2018",2018,TV-MA,100 min
4716,Movie,Flavors of Youth: International Version,"August 4, 2018",2018,TV-PG,74 min
4717,TV Show,Cocaine Coast,"August 3, 2018",2018,TV-MA,1 Season
4718,TV Show,Dinotrux Supercharged,"August 3, 2018",2018,TV-Y7,3 Seasons
4719,Movie,Like Father,"August 3, 2018",2018,TV-MA,104 min
4720,Movie,7 Khoon Maaf,"August 2, 2018",2011,TV-MA,148 min
4721,Movie,Chillar Party,"August 2, 2018",2011,TV-PG,127 min
4722,Movie,Fashion,"August 2, 2018",2008,TV-MA,158 min
4723,Movie,Fitoor,"August 2, 2018",2016,TV-14,124 min
4724,Movie,Fiza,"August 2, 2018",2000,TV-14,163 min
4725,Movie,Guzaarish,"August 2, 2018",2010,TV-14,121 min
4726,Movie,Haider,"August 2, 2018",2014,TV-MA,154 min
4727,Movie,Highway,"August 2, 2018",2014,TV-14,127 min
4728,Movie,I Hate Luv Storys,"August 2, 2018",2010,TV-14,128 min
4729,Movie,Joker,"August 2, 2018",2012,TV-PG,98 min
4730,Movie,Main aurr Mrs. Khanna,"August 2, 2018",2009,TV-14,109 min
4731,Movie,Mohenjo Daro,"August 2, 2018",2016,TV-14,168 min
4732,Movie,Raajneeti,"August 2, 2018",2010,TV-14,162 min
4733,Movie,Rang De Basanti,"August 2, 2018",2006,TV-14,159 min
4734,Movie,Rowdy Rathore,"August 2, 2018",2012,TV-14,137 min
4735,Movie,Tamasha,"August 2, 2018",2015,TV-14,133 min
4736,Movie,Tere Naal Love Ho Gaya,"August 2, 2018",2012,TV-14,127 min
4737,Movie,Thank You,"August 2, 2018",2011,TV-14,131 min
4738,Movie,The Blue Umbrella,"August 2, 2018",2005,TV-PG,90 min
4739,TV Show,Becoming Champions,"August 1, 2018",2018,TV-G,1 Season
4740,Movie,Being Napoleon,"August 1, 2018",2018,TV-MA,88 min
4741,Movie,Invisible,"August 1, 2018",2017,TV-MA,87 min
4742,TV Show,Switched,"August 1, 2018",2018,TV-MA,1 Season
4743,TV Show,The Could’ve-Gone-All-the-Way Committee,"August 1, 2018",2018,TV-14,1 Season
4744,TV Show,A Very Secret Service,"July 30, 2018",2018,TV-MA,2 Seasons
4745,TV Show,SWORDGAI The Animation,"July 30, 2018",2018,TV-MA,2 Seasons
4746,Movie,Da Kath & Kim Code,"July 28, 2018",2005,TV-PG,82 min
4747,Movie,Kath & Kimderella,"July 28, 2018",2012,TV-14,86 min
4748,TV Show,Kath and Kim,"July 28, 2018",2007,TV-MA,6 Seasons
4749,Movie,The Mansion,"July 28, 2018",2017,TV-MA,100 min
4750,Movie,Coco y Raulito: Carrusel de ternura,"July 27, 2018",2018,TV-MA,57 min
4751,TV Show,El Chapo,"July 27, 2018",2018,TV-MA,3 Seasons
4752,Movie,Extinction,"July 27, 2018",2018,TV-MA,95 min
4753,TV Show,Smoking,"July 27, 2018",2018,TV-MA,1 Season
4754,Movie,The Bleeding Edge,"July 27, 2018",2018,TV-14,101 min
4755,TV Show,Welcome to the Family,"July 27, 2018",2018,TV-MA,1 Season
4756,Movie,Parmanu: The Story of Pokhran,"July 25, 2018",2018,TV-PG,124 min
4757,Movie,Iliza Shlesinger: Elder Millennial,"July 24, 2018",2018,TV-MA,72 min
4758,Movie,The Warning,"July 24, 2018",2018,TV-MA,93 min
4759,TV Show,Amazing Interiors,"July 20, 2018",2018,TV-PG,1 Season
4760,TV Show,Dark Tourist,"July 20, 2018",2018,TV-MA,1 Season
4761,Movie,Duck Duck Goose,"July 20, 2018",2018,PG,92 min
4762,Movie,Father of the Year,"July 20, 2018",2018,TV-MA,95 min
4763,TV Show,Home: Adventures with Tip & Oh,"July 20, 2018",2018,TV-Y7,4 Seasons
4764,TV Show,Jimmy: The True Story of a True Idiot,"July 20, 2018",2018,TV-MA,1 Season
4765,TV Show,Luna Petunia: Return to Amazia,"July 20, 2018",2018,TV-Y,2 Seasons
4766,Movie,Nothing to Lose,"July 20, 2018",2018,PG,133 min
4767,Movie,El club de los buenos infieles,"July 19, 2018",2018,TV-MA,85 min
4768,TV Show,Camarón Revolution,"July 18, 2018",2018,TV-14,1 Season
4769,Movie,Camarón: The Film,"July 18, 2018",2018,TV-14,105 min
4770,Movie,GODZILLA City on the Edge of Battle,"July 18, 2018",2018,TV-14,101 min
4771,Movie,Going for Gold,"July 15, 2018",2018,TV-G,88 min
4772,TV Show,The Joel McHale Show with Joel McHale,"July 15, 2018",2018,TV-MA,2 Seasons
4773,TV Show,Meteor Garden,"July 14, 2018",2018,TV-14,1 Season
4774,Movie,How It Ends,"July 13, 2018",2018,TV-MA,113 min
4775,Movie,Jim Jefferies: This Is Me Now,"July 13, 2018",2018,TV-MA,71 min
4776,Movie,Romina,"July 13, 2018",2018,TV-MA,75 min
4777,TV Show,Mossad 101,"July 11, 2018",2017,TV-MA,2 Seasons
4778,TV Show,Baby Ballroom,"July 10, 2018",2018,TV-MA,2 Seasons
4779,TV Show,Drug Lords,"July 10, 2018",2018,TV-MA,2 Seasons
4780,TV Show,Mr. Sunshine,"July 8, 2018",2018,TV-MA,1 Season
4781,TV Show,First Team: Juventus,"July 6, 2018",2018,TV-PG,2 Seasons
4782,Movie,Luciano Mellera: Infantiloide,"July 6, 2018",2018,TV-14,66 min
4783,Movie,The Legacy of a Whitetail Deer Hunter,"July 6, 2018",2018,TV-14,83 min
4784,Movie,The Skin of the Wolf,"July 6, 2018",2018,TV-MA,110 min
4785,Movie,White Fang,"July 6, 2018",2018,TV-PG,88 min
4786,Movie,Sommore: Chandelier Status,"July 4, 2018",2013,TV-MA,77 min
4787,Movie,Felipe Esparza: They're Not Going to Laugh at You,"July 3, 2018",2012,TV-MA,58 min
4788,Movie,Joan Rivers: Don't Start with Me,"July 3, 2018",2012,TV-MA,69 min
4789,Movie,Katt Williams: Kattpacalypse,"July 3, 2018",2012,TV-MA,61 min
4790,Movie,King of Peking,"July 2, 2018",2018,TV-14,88 min
4791,Movie,Anthony Kaun Hai?,"July 1, 2018",2006,TV-14,122 min
4792,Movie,Bo Burnham: what.,"July 1, 2018",2013,TV-MA,60 min
4793,Movie,Chalte Chalte,"July 1, 2018",2003,TV-14,166 min
4794,Movie,Deewana Main Deewana,"July 1, 2018",2013,TV-14,107 min
4795,Movie,Duck Butter,"July 1, 2018",2018,TV-MA,94 min
4796,Movie,I Am Kalam,"July 1, 2018",2010,TV-PG,87 min
4797,Movie,My Birthday Song,"July 1, 2018",2018,TV-14,92 min
4798,Movie,Namastey London,"July 1, 2018",2007,TV-14,130 min
4799,TV Show,NCIS,"July 1, 2018",2017,TV-14,15 Seasons
4800,Movie,Soul Robbers,"July 1, 2018",2015,TV-14,88 min
4801,Movie,Tum Milo Toh Sahi,"July 1, 2018",2010,TV-14,128 min
4802,Movie,What We Started,"July 1, 2018",2017,TV-MA,96 min
4803,Movie,Zoo,"July 1, 2018",2018,TV-MA,94 min
4804,Movie,Bill Burr: You People Are All the Same,"June 30, 2018",2012,TV-MA,69 min
4805,TV Show,Somewhere Between,"June 30, 2018",2017,TV-14,1 Season
4806,Movie,The Maus,"June 30, 2018",2017,TV-MA,90 min
4807,Movie,Calibre,"June 29, 2018",2018,TV-MA,101 min
4808,TV Show,Churchill’s Secret Agents: The New Recruits,"June 29, 2018",2018,TV-MA,1 Season
4809,Movie,Jani Dueñas: Grandes fracasos de ayer y hoy,"June 29, 2018",2018,TV-MA,77 min
4810,TV Show,Kiss Me First,"June 29, 2018",2018,TV-MA,1 Season
4811,Movie,Penalty Kick,"June 29, 2018",2018,TV-14,89 min
4812,Movie,Recovery Boys,"June 29, 2018",2018,TV-MA,90 min
4813,Movie,TAU,"June 29, 2018",2018,R,98 min
4814,TV Show,Hotel Transylvania,"June 26, 2018",2017,TV-Y7,1 Season
4815,Movie,W. Kamau Bell: Private School Negro,"June 26, 2018",2018,TV-MA,66 min
4816,TV Show,Borges,"June 25, 2018",2018,TV-MA,1 Season
4817,Movie,Expelled from Paradise,"June 25, 2018",2014,TV-MA,103 min
4818,Movie,"To Each, Her Own","June 24, 2018",2018,TV-MA,95 min
4819,TV Show,Life Sentence,"June 23, 2018",2018,TV-14,1 Season
4820,Movie,Brain on Fire,"June 22, 2018",2016,PG-13,89 min
4821,Movie,Derren Brown: Miracle,"June 22, 2018",2018,TV-MA,74 min
4822,TV Show,Marvel's Luke Cage,"June 22, 2018",2018,TV-MA,2 Seasons
4823,Movie,Us and Them,"June 22, 2018",2018,TV-MA,119 min
4824,Movie,Hannah Gadsby: Nanette,"June 19, 2018",2018,TV-MA,70 min
4825,TV Show,Club de Cuervos Presents: The Ballad of Hugo Sánchez,"June 18, 2018",2018,TV-MA,1 Season
4826,Movie,Lust Stories,"June 15, 2018",2018,TV-MA,121 min
4827,Movie,Maktub,"June 15, 2018",2018,TV-MA,106 min
4828,Movie,Pacificum: Return to the Ocean,"June 15, 2018",2017,TV-G,74 min
4829,Movie,Set It Up,"June 15, 2018",2018,TV-MA,106 min
4830,Movie,Sunday's Illness,"June 15, 2018",2017,PG-13,113 min
4831,Movie,The last hour,"June 15, 2018",2017,TV-MA,119 min
4832,TV Show,True: Magical Friends,"June 15, 2018",2018,TV-Y,1 Season
4833,TV Show,True: Wonderful Wishes,"June 15, 2018",2018,TV-Y,1 Season
4834,Movie,Alex Strangelove,"June 8, 2018",2018,TV-MA,100 min
4835,Movie,Ali's Wedding,"June 8, 2018",2018,TV-MA,110 min
4836,Movie,Franco Escamilla: Por la anécdota,"June 8, 2018",2018,TV-MA,66 min
4837,TV Show,The Staircase,"June 8, 2018",2018,TV-MA,1 Season
4838,TV Show,The Night Shift,"June 7, 2018",2017,TV-14,4 Seasons
4839,TV Show,Dinosaur King,"June 2, 2018",2008,TV-Y7,2 Seasons
4840,Movie,B.A. Pass 2,"June 1, 2018",2017,TV-14,126 min
4841,Movie,Bad Genius,"June 1, 2018",2017,TV-MA,130 min
4842,TV Show,November 13: Attack on Paris,"June 1, 2018",2018,TV-MA,1 Season
4843,Movie,Outside In,"June 1, 2018",2018,TV-MA,110 min
4844,Movie,Pedal the World,"June 1, 2018",2015,TV-MA,85 min
4845,TV Show,Unbreakable Kimmy Schmidt,"May 30, 2018",2019,TV-14,4 Seasons
4846,TV Show,Arrested Development,"May 29, 2018",2019,TV-MA,5 Seasons
4847,TV Show,The Break with Michelle Wolf,"May 27, 2018",2018,TV-MA,1 Season
4848,Movie,Sara's Notebook,"May 26, 2018",2018,TV-MA,117 min
4849,TV Show,Something in the Rain,"May 26, 2018",2018,TV-MA,1 Season
4850,Movie,Fernando Sanjiao: Hombre,"May 25, 2018",2018,TV-MA,63 min
4851,Movie,Ibiza,"May 25, 2018",2018,TV-MA,94 min
4852,Movie,Steve Martin and Martin Short: An Evening You Will Forget for the Rest of Your Life,"May 25, 2018",2018,TV-14,74 min
4853,TV Show,Trollhunters,"May 25, 2018",2018,TV-Y7,3 Seasons
4854,TV Show,Mob Psycho 100,"May 22, 2018",2018,TV-MA,1 Season
4855,Movie,Tig Notaro Happy To Be Here,"May 22, 2018",2018,TV-14,58 min
4856,Movie,Catching Feelings,"May 18, 2018",2018,TV-MA,117 min
4857,TV Show,Dance & Sing with True,"May 18, 2018",2018,TV-Y,1 Season
4858,TV Show,Inspector Gadget,"May 18, 2018",2017,TV-Y7,4 Seasons
4859,Movie,Katt Williams: American Hustle (The Movie),"May 17, 2018",2007,TV-MA,89 min
4860,Movie,Food on the Go,"May 16, 2018",2017,TV-MA,66 min
4861,Movie,Aiyaary,"May 15, 2018",2018,TV-MA,158 min
4862,Movie,Lupin the 3rd: The Castle of Cagliostro: Special Edition,"May 15, 2018",1979,PG-13,100 min
4863,TV Show,Saint Seiya: The Lost Canvas,"May 15, 2018",2009,TV-MA,1 Season
4864,Movie,Ali Wong: Hard Knock Wife,"May 13, 2018",2018,TV-MA,64 min
4865,Movie,Spivak,"May 12, 2018",2017,TV-MA,92 min
4866,TV Show,Bill Nye Saves the World,"May 11, 2018",2018,TV-14,3 Seasons
4867,Movie,Carlos Ballarta: Furia Ñera,"May 11, 2018",2018,TV-MA,63 min
4868,TV Show,Evil Genius,"May 11, 2018",2018,TV-MA,1 Season
4869,Movie,The Kissing Booth,"May 11, 2018",2018,TV-14,105 min
4870,TV Show,The Who Was? Show,"May 11, 2018",2018,TV-PG,1 Season
4871,Movie,Hari Kondabolu: Warn Your Relatives,"May 8, 2018",2018,TV-MA,67 min
4872,Movie,My Fuhrer,"May 7, 2018",2007,TV-14,91 min
4873,Movie,Family Blood,"May 5, 2018",2018,TV-MA,92 min
4874,Movie,Pup Star: World Tour,"May 5, 2018",2018,G,87 min
4875,TV Show,A Little Help with Carol Burnett,"May 4, 2018",2018,TV-G,1 Season
4876,Movie,Anon,"May 4, 2018",2018,TV-MA,100 min
4877,Movie,Dany Boon: Des Hauts De France,"May 4, 2018",2018,TV-MA,113 min
4878,Movie,End Game,"May 4, 2018",2018,TV-PG,40 min
4879,Movie,Forgive Us Our Debts,"May 4, 2018",2018,TV-MA,105 min
4880,TV Show,Kong: King of the Apes,"May 4, 2018",2018,TV-Y7,2 Seasons
4881,Movie,Lo más sencillo es complicarlo todo,"May 4, 2018",2018,TV-14,94 min
4882,Movie,Manhunt,"May 4, 2018",2017,TV-MA,109 min
4883,Movie,Thi Mai,"May 4, 2018",2017,TV-MA,99 min
4884,Movie,Si saben cómo me pongo ¿pá qué me invitan?,"May 3, 2018",2018,TV-MA,89 min
4885,Movie,Jailbreak,"May 2, 2018",2017,TV-MA,92 min
4886,Movie,Ajji,"May 1, 2018",2017,TV-MA,105 min
4887,Movie,CIA: Comrade in America,"May 1, 2018",2017,TV-14,130 min
4888,Movie,Coffee for All,"May 1, 2018",2017,TV-PG,69 min
4889,Movie,Darc,"May 1, 2018",2018,TV-MA,98 min
4890,Movie,Despido Procedente,"May 1, 2018",2017,TV-MA,90 min
4891,Movie,John Mulaney: Kid Gorgeous at Radio City,"May 1, 2018",2018,TV-MA,65 min
4892,Movie,My Perfect Romance,"May 1, 2018",2018,PG,92 min
4893,Movie,Pocoyo & Cars,"May 1, 2018",2015,TV-Y,19 min
4894,Movie,Pocoyo & The Space Circus,"May 1, 2018",2008,TV-Y,25 min
4895,Movie,Pocoyo Carnival,"May 1, 2018",2015,TV-Y,22 min
4896,Movie,Pocoyo Halloween: Space Halloween,"May 1, 2018",2015,TV-Y,40 min
4897,Movie,Pocoyo Halloween: Spooky Movies,"May 1, 2018",2014,TV-Y,22 min
4898,Movie,Pocoyo Special Sports,"May 1, 2018",2016,TV-Y,24 min
4899,TV Show,Simon,"May 1, 2018",2016,TV-Y,1 Season
4900,Movie,Sometimes,"May 1, 2018",2016,TV-14,101 min
4901,TV Show,Spiritual House,"May 1, 2018",2017,TV-PG,1 Season
4902,Movie,The Clapper,"May 1, 2018",2017,R,90 min
4903,Movie,Toc Toc,"May 1, 2018",2017,TV-MA,96 min
4904,TV Show,Black Crows,"April 30, 2018",2017,TV-14,1 Season
4905,Movie,Running Shaadi,"April 30, 2018",2017,TV-14,115 min
4906,Movie,The Price of Success,"April 30, 2018",2017,TV-MA,92 min
4907,TV Show,Bobby Kennedy for President,"April 27, 2018",2018,TV-MA,1 Season
4908,Movie,Candy Jar,"April 27, 2018",2018,TV-14,93 min
4909,TV Show,Goodnight DJ 1,"April 27, 2018",2016,TV-14,2 Seasons
4910,Movie,Holy Goalie,"April 27, 2018",2017,TV-MA,95 min
4911,TV Show,Moving On,"April 27, 2018",2016,TV-PG,1 Season
4912,Movie,The Rachel Divide,"April 27, 2018",2018,TV-MA,105 min
4913,Movie,The Week Of,"April 27, 2018",2018,TV-14,117 min
4914,TV Show,Trio and a Bed,"April 27, 2018",2016,TV-PG,1 Season
4915,TV Show,海的儿子,"April 27, 2018",2016,TV-14,1 Season
4916,Movie,Enissa Amani: Ehrenwort,"April 26, 2018",2018,TV-MA,66 min
4917,Movie,Bill Nye: Science Guy,"April 25, 2018",2017,TV-PG,97 min
4918,Movie,Fishtronaut: The Movie,"April 25, 2018",2018,TV-Y,78 min
4919,Movie,Psychokinesis,"April 25, 2018",2018,TV-MA,102 min
4920,Movie,Kevin James: Never Don't Give Up,"April 24, 2018",2018,TV-PG,62 min
4921,Movie,Dude,"April 20, 2018",2018,TV-MA,97 min
4922,Movie,Kodachrome,"April 20, 2018",2018,TV-MA,105 min
4923,Movie,Mercury 13,"April 20, 2018",2018,TV-PG,79 min
4924,Movie,All The Reasons To Forget,"April 19, 2018",2017,TV-MA,90 min
4925,TV Show,Charité,"April 19, 2018",2017,TV-MA,1 Season
4926,TV Show,The Chalet,"April 17, 2018",2018,TV-MA,1 Season
4927,TV Show,The Honeymoon Stand Up Special,"April 17, 2018",2018,TV-MA,1 Season
4928,Movie,Beyond Skyline,"April 15, 2018",2017,R,107 min
4929,Movie,Come Sunday,"April 13, 2018",2018,TV-14,105 min
4930,Movie,I Am not an Easy Man,"April 13, 2018",2018,TV-MA,99 min
4931,TV Show,The Magic School Bus Rides Again,"April 13, 2018",2018,TV-Y,2 Seasons
4932,Movie,Pickpockets,"April 12, 2018",2017,TV-MA,108 min
4933,Movie,Greg Davies: You Magnificent Beast,"April 10, 2018",2018,TV-MA,66 min
4934,TV Show,AMO,"April 9, 2018",2017,TV-MA,1 Season
4935,Movie,6 Balloons,"April 6, 2018",2018,TV-MA,75 min
4936,Movie,Amateur,"April 6, 2018",2018,TV-MA,96 min
4937,Movie,Orbiter 9,"April 6, 2018",2017,TV-14,95 min
4938,Movie,"Ram Dass, Going Home","April 6, 2018",2018,TV-14,32 min
4939,Movie,Seth Rogen's Hilarity for Charity,"April 6, 2018",2018,TV-MA,70 min
4940,Movie,Sun Dogs,"April 6, 2018",2017,TV-MA,94 min
4941,Movie,Todo lo que sería Lucas Lauriente,"April 6, 2018",2018,TV-MA,78 min
4942,TV Show,Troy,"April 6, 2018",2018,TV-MA,1 Season
4943,TV Show,Wakfu,"April 6, 2018",2017,TV-PG,3 Seasons
4944,Movie,Day of the Dead: Bloodline,"April 5, 2018",2018,R,91 min
4945,Movie,Fary Is the New Black,"April 3, 2018",2018,TV-MA,75 min
4946,Movie,Ittefaq,"April 3, 2018",2017,TV-MA,105 min
4947,TV Show,Star Trek: The Next Generation,"April 2, 2018",1993,TV-PG,7 Seasons
4948,Movie,A Sort of Family,"April 1, 2018",2017,TV-14,96 min
4949,Movie,Billu,"April 1, 2018",2009,TV-PG,132 min
4950,TV Show,Fallet,"April 1, 2018",2017,TV-MA,1 Season
4951,Movie,John Mulaney: New in Town,"April 1, 2018",2012,TV-MA,60 min
4952,TV Show,Loaded,"April 1, 2018",2017,TV-MA,1 Season
4953,Movie,Main Hoon Na,"April 1, 2018",2004,TV-14,171 min
4954,Movie,Metro,"April 1, 2018",2016,TV-14,116 min
4955,Movie,Om Shanti Om,"April 1, 2018",2007,TV-14,169 min
4956,Movie,Paheli,"April 1, 2018",2005,TV-PG,134 min
4957,Movie,Phir Bhi Dil Hai Hindustani,"April 1, 2018",2000,TV-14,159 min
4958,TV Show,Doctor Foster,"March 31, 2018",2017,TV-MA,2 Seasons
4959,Movie,Revolt,"March 31, 2018",2017,R,87 min
4960,Movie,First Match,"March 30, 2018",2018,TV-MA,103 min
4961,Movie,Happy Anniversary,"March 30, 2018",2018,TV-MA,78 min
4962,TV Show,Rapture,"March 30, 2018",2018,TV-MA,1 Season
4963,Movie,Sofía Niño de Rivera: Selección Natural,"March 30, 2018",2018,TV-MA,62 min
4964,Movie,The Titan,"March 30, 2018",2018,TV-MA,97 min
4965,TV Show,Trailer Park Boys,"March 30, 2018",2018,TV-MA,12 Seasons
4966,Movie,Trailer Park Boys: Countdown to Liquor Day,"March 30, 2018",2009,R,102 min
4967,Movie,Trailer Park Boys: The Movie,"March 30, 2018",2006,R,95 min
4968,TV Show,Trump: An American Dream,"March 30, 2018",2018,TV-14,1 Season
4969,TV Show,James Acaster: Repertoire,"March 27, 2018",2018,TV-14,1 Season
4970,Movie,Birdshot,"March 26, 2018",2016,TV-MA,115 min
4971,Movie,"Game Over, Man!","March 23, 2018",2018,TV-MA,102 min
4972,Movie,Layla M.,"March 23, 2018",2016,TV-MA,99 min
4973,Movie,Paradox,"March 23, 2018",2018,TV-MA,74 min
4974,TV Show,Requiem,"March 23, 2018",2018,TV-MA,1 Season
4975,Movie,Roxanne Roxanne,"March 23, 2018",2018,TV-MA,100 min
4976,Movie,Secret Superstar,"March 23, 2018",2017,TV-14,150 min
4977,TV Show,The Standups,"March 20, 2018",2018,TV-MA,2 Seasons
4978,Movie,Benji,"March 16, 2018",2018,TV-PG,87 min
4979,TV Show,Edha,"March 16, 2018",2018,TV-MA,1 Season
4980,Movie,Take Your Pills,"March 16, 2018",2018,TV-14,88 min
4981,TV Show,Wild Wild Country,"March 16, 2018",2018,TV-MA,1 Season
4982,Movie,Yoo Byung Jae: Too Much Information,"March 16, 2018",2018,TV-MA,63 min
4983,Movie,In This Corner of the World,"March 15, 2018",2016,PG-13,129 min
4984,Movie,Jag älskar dig: En skilsmässokomedi,"March 15, 2018",2016,TV-MA,91 min
4985,TV Show,Secret of the Nile,"March 15, 2018",2016,TV-14,1 Season
4986,TV Show,Tabula Rasa,"March 15, 2018",2017,TV-MA,1 Season
4987,Movie,The Art of Loving,"March 15, 2018",2017,TV-MA,115 min
4988,Movie,Steel Rain,"March 14, 2018",2018,TV-MA,140 min
4989,TV Show,Children of the Whales,"March 13, 2018",2017,TV-14,1 Season
4990,Movie,Ricky Gervais: Humanity,"March 13, 2018",2018,TV-MA,79 min
4991,Movie,Stretch Armstrong: The Breakout,"March 13, 2018",2018,TV-Y7,104 min
4992,TV Show,A.I.C.O.,"March 9, 2018",2018,TV-14,1 Season
4993,TV Show,Collateral,"March 9, 2018",2018,TV-MA,1 Season
4994,Movie,The Outsider,"March 9, 2018",2018,TV-MA,121 min
4995,TV Show,Bad Guys: Vile City,"March 8, 2018",2018,TV-MA,1 Season
4996,Movie,Ladies First,"March 8, 2018",2018,TV-G,40 min
4997,Movie,Bullet Head,"March 7, 2018",2017,R,94 min
4998,TV Show,Borderliner,"March 6, 2018",2017,TV-MA,1 Season
4999,Movie,Gad Elmaleh: American Dream,"March 6, 2018",2018,TV-14,58 min
5000,Movie,Expedition China,"March 4, 2018",2017,TV-G,78 min
5001,TV Show,Flint Town,"March 2, 2018",2018,TV-MA,1 Season
5002,Movie,Malena Pichot: Estupidez compleja,"March 2, 2018",2018,TV-MA,51 min
5003,Movie,Natalia Valdebenito: El especial,"March 2, 2018",2018,TV-MA,69 min
5004,Movie,Ravenous,"March 2, 2018",2017,TV-MA,104 min
5005,TV Show,21 Thunder,"March 1, 2018",2017,TV-MA,1 Season
5006,Movie,Adel Karam: Live from Beirut,"March 1, 2018",2018,TV-MA,59 min
5007,Movie,Battle Drone,"March 1, 2018",2018,TV-MA,94 min
5008,Movie,Dil Se,"March 1, 2018",1998,TV-14,166 min
5009,Movie,Guru,"March 1, 2018",2007,TV-PG,155 min
5010,Movie,Judwaa 2,"March 1, 2018",2017,TV-14,145 min
5011,Movie,Love Beats Rhymes,"March 1, 2018",2016,R,106 min
5012,Movie,Schubert In Love,"March 1, 2018",2016,TV-14,94 min
5013,Movie,Shubh Aarambh,"March 1, 2018",2017,TV-PG,127 min
5014,Movie,Something Huge,"March 1, 2018",2017,TV-MA,87 min
5015,Movie,Swades,"March 1, 2018",2004,TV-PG,185 min
5016,Movie,Swearnet Live,"March 1, 2018",2014,TV-MA,75 min
5017,Movie,Trailer Park Boys Live at the North Pole,"March 1, 2018",2014,TV-MA,89 min
5018,Movie,Trailer Park Boys Live In F**kin' Dublin,"March 1, 2018",2014,TV-MA,81 min
5019,Movie,Trailer Park Boys: Say Goodnight to the Bad Guys,"March 1, 2018",2008,TV-MA,47 min
5020,Movie,Trailer Park Boys: Xmas Special,"March 1, 2018",2004,TV-MA,46 min
5021,Movie,Tu Hai Mera Sunday,"March 1, 2018",2016,TV-14,125 min
5022,Movie,Yuva,"March 1, 2018",2004,TV-14,160 min
5023,Movie,반드시 잡는다,"February 28, 2018",2017,TV-MA,110 min
5024,Movie,Derren Brown: The Push,"February 27, 2018",2018,TV-MA,69 min
5025,Movie,Marlon Wayans: Woke-ish,"February 27, 2018",2018,TV-MA,67 min
5026,Movie,Veronica,"February 25, 2018",2017,TV-MA,105 min
5027,TV Show,Best Lover,"February 23, 2018",2016,TV-14,1 Season
5028,TV Show,Marseille,"February 23, 2018",2018,TV-MA,2 Seasons
5029,Movie,Mute,"February 23, 2018",2018,TV-MA,127 min
5030,TV Show,Seven Seconds,"February 23, 2018",2018,TV-MA,1 Season
5031,TV Show,Hitler's Circle of Evil,"February 22, 2018",2017,TV-14,1 Season
5032,Movie,Forgotten,"February 21, 2018",2017,TV-MA,109 min
5033,TV Show,The Frankenstein Chronicles,"February 20, 2018",2017,TV-MA,2 Seasons
5034,Movie,FullMetal Alchemist,"February 19, 2018",2017,TV-PG,134 min
5035,Movie,Agustín Aristarán: Soy Rada,"February 16, 2018",2018,TV-MA,60 min
5036,TV Show,Dragons: Race to the Edge,"February 16, 2018",2018,TV-Y7,6 Seasons
5037,TV Show,Everything Sucks!,"February 16, 2018",2018,TV-14,1 Season
5038,Movie,Irreplaceable You,"February 16, 2018",2018,TV-MA,96 min
5039,TV Show,Re:Mind,"February 15, 2018",2017,TV-MA,1 Season
5040,Movie,Chris Rock: Tamborine,"February 14, 2018",2018,TV-MA,65 min
5041,Movie,Love Per Square Foot,"February 14, 2018",2018,TV-14,133 min
5042,Movie,Seeing Allred,"February 9, 2018",2018,TV-14,96 min
5043,Movie,The Ritual,"February 9, 2018",2018,TV-MA,95 min
5044,Movie,The Trader (Sovdagari),"February 9, 2018",2018,TV-PG,24 min
5045,Movie,When We First Met,"February 9, 2018",2018,TV-14,97 min
5046,Movie,Fred Armisen: Standup For Drummers,"February 6, 2018",2018,TV-PG,65 min
5047,TV Show,Valor,"February 6, 2018",2017,TV-14,1 Season
5048,Movie,The Cloverfield Paradox,"February 5, 2018",2018,PG-13,102 min
5049,TV Show,Coach Snoop,"February 2, 2018",2018,TV-MA,1 Season
5050,Movie,Kavin Jay: Everybody Calm Down!,"February 2, 2018",2018,TV-MA,53 min
5051,Movie,On Body and Soul,"February 2, 2018",2017,TV-MA,116 min
5052,Movie,The Bros,"February 2, 2018",2017,TV-14,102 min
5053,Movie,Liberated: The New Sexual Revolution,"February 1, 2018",2017,TV-MA,86 min
5054,Movie,Newness,"February 1, 2018",2017,TV-MA,117 min
5055,TV Show,Under Arrest,"February 1, 2018",2016,TV-MA,8 Seasons
5056,Movie,Expedition Happiness,"January 31, 2018",2017,TV-PG,96 min
5057,Movie,Jerry Seinfeld: I'm Telling You for the Last Time,"January 30, 2018",1998,TV-14,69 min
5058,TV Show,Retribution,"January 30, 2018",2016,TV-MA,1 Season
5059,Movie,Holy Camp!,"January 29, 2018",2017,TV-MA,108 min
5060,Movie,A Futile and Stupid Gesture,"January 26, 2018",2018,TV-MA,102 min
5061,Movie,Fakkah Fuzz: Almost Banned,"January 26, 2018",2018,TV-MA,61 min
5062,Movie,Mau Nieto: Viviendo sobrio… desde el bar,"January 26, 2018",2018,TV-MA,57 min
5063,Movie,Sebastián Marcelo Wainraich,"January 26, 2018",2018,TV-MA,49 min
5064,TV Show,The Adventures of Puss in Boots,"January 26, 2018",2018,TV-Y7,6 Seasons
5065,Movie,Acts of Vengeance,"January 25, 2018",2017,R,87 min
5066,TV Show,Prison Playbook,"January 24, 2018",2017,TV-MA,1 Season
5067,Movie,Ricardo Quevedo: Hay gente así,"January 24, 2018",2018,TV-MA,59 min
5068,Movie,Todd Glass: Act Happy,"January 23, 2018",2018,TV-MA,63 min
5069,Movie,Countdown to Death: Pablo Escobar,"January 22, 2018",2017,TV-MA,69 min
5070,TV Show,The Shannara Chronicles,"January 22, 2018",2018,TV-MA,2 Seasons
5071,TV Show,Love and Hong Kong,"January 20, 2018",2017,TV-PG,1 Season
5072,Movie,Harith Iskander: I Told You So,"January 19, 2018",2018,TV-14,62 min
5073,Movie,Step Sisters,"January 19, 2018",2018,PG-13,108 min
5074,Movie,The Open House,"January 19, 2018",2018,TV-MA,95 min
5075,Movie,Bad Day for the Cut,"January 18, 2018",2017,TV-MA,99 min
5076,TV Show,Tiempos de guerra,"January 18, 2018",2017,TV-MA,1 Season
5077,Movie,Arango y Sanint: Ríase el show,"January 17, 2018",2018,TV-MA,62 min
5078,TV Show,Godzilla,"January 17, 2018",2017,TV-14,1 Season
5079,Movie,Katt Williams: Great America,"January 16, 2018",2018,TV-MA,60 min
5080,Movie,Alibaba Aur 40 Chor,"January 15, 2018",1980,TV-14,147 min
5081,Movie,Pyar Ke Do Pal,"January 15, 2018",1986,TV-14,153 min
5082,Movie,Rip Tide,"January 15, 2018",2017,TV-PG,87 min
5083,TV Show,Disjointed,"January 12, 2018",2018,TV-MA,2 Seasons
5084,Movie,Milada,"January 12, 2018",2017,TV-14,124 min
5085,Movie,The Polka King,"January 12, 2018",2018,TV-14,94 min
5086,Movie,The Reservoir Game,"January 12, 2018",2017,TV-MA,100 min
5087,Movie,Tom Segura: Disgraceful,"January 12, 2018",2018,TV-MA,71 min
5088,Movie,Alejandro Riaño: Especial de stand up,"January 10, 2018",2018,TV-MA,60 min
5089,Movie,The House Next Door,"January 9, 2018",2017,TV-MA,135 min
5090,TV Show,Tundukkan Playboy Itu,"January 8, 2018",2016,TV-PG,1 Season
5091,TV Show,Episodes,"January 6, 2018",2017,TV-MA,5 Seasons
5092,Movie,Before I Wake,"January 5, 2018",2016,PG-13,97 min
5093,TV Show,Devilman Crybaby,"January 5, 2018",2018,TV-MA,1 Season
5094,Movie,Mustang Island,"January 2, 2018",2017,TV-14,86 min
5095,Movie,Eve's Apple,"January 1, 2018",2017,TV-MA,91 min
5096,TV Show,Fullmetal Alchemist,"January 1, 2018",2003,TV-14,1 Season
5097,TV Show,Fullmetal Alchemist: Brotherhood,"January 1, 2018",2010,TV-14,5 Seasons
5098,TV Show,Lovesick,"January 1, 2018",2018,TV-MA,3 Seasons
5099,TV Show,Pokémon: Indigo League,"January 1, 2018",2000,TV-Y7,1 Season
5100,TV Show,The Frozen Dead,"January 1, 2018",2017,TV-MA,1 Season
5101,TV Show,Dave Chappelle: Equanimity & The Bird Revelation,"December 31, 2017",2017,TV-MA,1 Season
5102,Movie,Fun Mom Dinner,"December 31, 2017",2017,R,82 min
5103,Movie,Goon: Last of the Enforcers,"December 30, 2017",2016,R,102 min
5104,TV Show,La Mante,"December 29, 2017",2017,TV-MA,1 Season
5105,Movie,The Climb,"December 29, 2017",2017,TV-14,105 min
5106,TV Show,Wadi,"December 29, 2017",2015,TV-14,1 Season
5107,Movie,Bibi & Tina: Tohuwabohu Total,"December 27, 2017",2017,TV-14,106 min
5108,Movie,Mr. Roosevelt,"December 26, 2017",2017,TV-MA,91 min
5109,Movie,Todd Barry: Spicy Honey,"December 26, 2017",2017,TV-MA,61 min
5110,TV Show,Part-Time Idol,"December 25, 2017",2017,TV-14,1 Season
5111,Movie,Creep 2,"December 23, 2017",2017,TV-MA,80 min
5112,TV Show,Myths & Monsters,"December 23, 2017",2017,TV-PG,1 Season
5113,TV Show,72 Dangerous Animals: Latin America,"December 22, 2017",2017,TV-14,1 Season
5114,Movie,Bright,"December 22, 2017",2017,TV-MA,118 min
5115,Movie,Desire,"December 21, 2017",2017,TV-MA,94 min
5116,Movie,48 Christmas Wishes,"December 20, 2017",2017,TV-G,84 min
5117,Movie,Jeremiah Tower: The Last Magnificent,"December 20, 2017",2016,R,103 min
5118,Movie,Russell Howard: Recalibrate,"December 19, 2017",2017,TV-MA,69 min
5119,TV Show,The Indian Detective,"December 19, 2017",2017,TV-14,1 Season
5120,TV Show,"Hello, My Twenties!","December 18, 2017",2017,TV-MA,2 Seasons
5121,TV Show,Cheuk Wan-Chi: Two Night Stand,"December 15, 2017",2015,TV-MA,1 Season
5122,Movie,Christmas Inheritance,"December 15, 2017",2017,TV-G,105 min
5123,Movie,Muramba,"December 15, 2017",2017,TV-MA,128 min
5124,Movie,Pottersville,"December 15, 2017",2017,PG-13,86 min
5125,Movie,Seoul Searching,"December 15, 2017",2015,TV-MA,109 min
5126,TV Show,Wormwood,"December 15, 2017",2017,TV-14,1 Season
5127,TV Show,Halt and Catch Fire,"December 14, 2017",2017,TV-14,4 Seasons
5128,Movie,Judd Apatow: The Return,"December 12, 2017",2017,TV-MA,70 min
5129,TV Show,Dawai Asmara,"December 11, 2017",2016,TV-14,1 Season
5130,Movie,El Camino Christmas,"December 8, 2017",2017,TV-MA,89 min
5131,Movie,Jaal,"December 8, 2017",1986,TV-14,162 min
5132,Movie,Shikari,"December 8, 2017",1991,TV-14,163 min
5133,Movie,The Secret,"December 7, 2017",2006,TV-14,91 min
5134,Movie,Trolls Holiday Special,"December 6, 2017",2017,TV-Y7,27 min
5135,Movie,Craig Ferguson: Tickle Fight,"December 5, 2017",2017,TV-MA,67 min
5136,Movie,Jab Harry Met Sejal,"December 2, 2017",2017,TV-MA,142 min
5137,Movie,Temple,"December 2, 2017",2017,TV-MA,78 min
5138,Movie,A StoryBots Christmas,"December 1, 2017",2017,TV-Y,26 min
5139,TV Show,All Hail King Julien,"December 1, 2017",2017,TV-Y7,5 Seasons
5140,TV Show,Dhia Sofea,"December 1, 2017",2015,TV-14,1 Season
5141,Movie,DreamWorks Home: For the Holidays,"December 1, 2017",2017,TV-Y,46 min
5142,TV Show,Kantaro: The Sweet Tooth Salaryman,"December 1, 2017",2017,TV-PG,1 Season
5143,Movie,Monster Island,"December 1, 2017",2017,TV-Y7,81 min
5144,Movie,My Happy Family,"December 1, 2017",2017,TV-14,119 min
5145,TV Show,Oggy and the Cockroaches,"December 1, 2017",2017,TV-Y7,1 Season
5146,TV Show,Padamu Aku Bersujud,"December 1, 2017",2015,TV-14,1 Season
5147,Movie,The Worthy,"December 1, 2017",2016,TV-MA,99 min
5148,TV Show,TURN: Washington's Spies,"December 1, 2017",2017,TV-14,4 Seasons
5149,Movie,Voyeur,"December 1, 2017",2017,TV-MA,96 min
5150,TV Show,Man Down,"November 30, 2017",2017,TV-MA,4 Seasons
5151,TV Show,Broadchurch,"November 27, 2017",2017,TV-MA,3 Seasons
5152,Movie,Poster Boys,"November 27, 2017",2017,PG-13,128 min
5153,Movie,Cuba and the Cameraman,"November 24, 2017",2017,TV-14,114 min
5154,Movie,The Girl from the Song,"November 24, 2017",2016,TV-MA,101 min
5155,TV Show,The Many Faces of Ito,"November 24, 2017",2017,TV-14,1 Season
5156,TV Show,Trailer Park Boys: Out of the Park: USA,"November 24, 2017",2017,TV-MA,1 Season
5157,TV Show,Bright: The Music Videos,"November 23, 2017",2017,TV-MA,1 Season
5158,TV Show,Argon,"November 22, 2017",2017,TV-MA,1 Season
5159,Movie,Barbra: The Music ... The Mem'ries ... The Magic!,"November 22, 2017",2017,TV-14,109 min
5160,TV Show,Godless,"November 22, 2017",2017,TV-MA,1 Season
5161,Movie,Beat Bugs: All Together Now,"November 21, 2017",2017,TV-Y,51 min
5162,Movie,Brian Regan: Nunchucks and Flamethrowers,"November 21, 2017",2017,TV-PG,61 min
5163,Movie,Saving Capitalism,"November 21, 2017",2017,TV-PG,73 min
5164,Movie,A Christmas Prince,"November 17, 2017",2017,TV-PG,92 min
5165,Movie,"Jim & Andy: The Great Beyond - Featuring a Very Special, Contractually Obligated Mention of Tony Clifton","November 17, 2017",2017,TV-MA,94 min
5166,TV Show,Longmire,"November 17, 2017",2017,TV-MA,6 Seasons
5167,TV Show,Luna Petunia,"November 17, 2017",2017,TV-Y,3 Seasons
5168,Movie,Mudbound,"November 17, 2017",2017,R,135 min
5169,TV Show,Shot in the Dark,"November 17, 2017",2017,TV-MA,1 Season
5170,TV Show,The Irregular at Magic High School,"November 15, 2017",2014,TV-14,1 Season
5171,TV Show,The Method,"November 15, 2017",2015,TV-MA,1 Season
5172,Movie,DeRay Davis: How to Act Black,"November 14, 2017",2017,TV-MA,66 min
5173,Movie,Bon Cop Bad Cop 2,"November 11, 2017",2017,TV-MA,126 min
5174,TV Show,Blazing Transfer Students,"November 10, 2017",2017,TV-MA,1 Season
5175,TV Show,Glitter Force Doki Doki,"November 10, 2017",2017,TV-Y7,2 Seasons
5176,TV Show,Lady Dynamite,"November 10, 2017",2017,TV-MA,2 Seasons
5177,Movie,Mea Culpa,"November 10, 2017",2017,TV-MA,54 min
5178,Movie,The Killer,"November 10, 2017",2017,TV-MA,100 min
5179,TV Show,Fate/Apocrypha,"November 7, 2017",2017,TV-MA,2 Seasons
5180,Movie,Jerry Seinfeld: Comedian,"November 7, 2017",2002,R,81 min
5181,TV Show,Project Mc²,"November 7, 2017",2017,TV-G,6 Seasons
5182,Movie,The Journey Is the Destination,"November 7, 2017",2016,R,123 min
5183,Movie,Let It Fall: Los Angeles 1982-1992,"November 6, 2017",2017,TV-MA,144 min
5184,Movie,Mubarakan,"November 5, 2017",2017,PG-13,153 min
5185,TV Show,Akulah Balqis,"November 3, 2017",2015,TV-14,1 Season
5186,TV Show,Alias Grace,"November 3, 2017",2017,TV-MA,1 Season
5187,Movie,Bandie,"November 1, 2017",1978,TV-PG,141 min
5188,Movie,Getaway Plan,"November 1, 2017",2016,TV-MA,104 min
5189,Movie,Hajwala: The Missing Engine,"November 1, 2017",2016,TV-PG,97 min
5190,Movie,Pettersson and Findus 2,"November 1, 2017",2016,TV-G,82 min
5191,Movie,The Bittersweet,"November 1, 2017",2017,TV-MA,98 min
5192,TV Show,The Family Court,"November 1, 2017",2010,TV-MA,1 Season
5193,TV Show,The Golden Path,"November 1, 2017",2007,TV-MA,1 Season
5194,TV Show,The Little Nyonya,"November 1, 2017",2009,TV-14,1 Season
5195,TV Show,The Truth,"November 1, 2017",2008,TV-14,1 Season
5196,TV Show,Together,"November 1, 2017",2009,TV-14,1 Season
5197,Movie,Judah Friedlander: America Is the Greatest Country in the United States,"October 31, 2017",2017,TV-MA,84 min
5198,Movie,The B-Side: Elsa Dorfman's Portrait Photography,"October 31, 2017",2016,R,76 min
5199,Movie,SPF-18,"October 30, 2017",2017,PG-13,75 min
5200,Movie,Pup Star: Better 2Gether,"October 28, 2017",2017,PG,93 min
5201,TV Show,Beyond Stranger Things,"October 27, 2017",2017,TV-14,1 Season
5202,Movie,Joan Didion: The Center Will Not Hold,"October 27, 2017",2017,TV-14,98 min
5203,Movie,Strange Weather,"October 26, 2017",2016,R,91 min
5204,Movie,The Hateful Eight,"October 25, 2017",2015,R,168 min
5205,Movie,Jack Whitehall: At Large,"October 24, 2017",2017,TV-MA,68 min
5206,TV Show,The Mist,"October 24, 2017",2017,TV-MA,1 Season
5207,TV Show,W1A,"October 24, 2017",2017,TV-MA,3 Seasons
5208,Movie,1922,"October 20, 2017",2017,TV-MA,103 min
5209,TV Show,Haters Back Off,"October 20, 2017",2017,TV-PG,2 Seasons
5210,Movie,One of Us,"October 20, 2017",2017,TV-14,95 min
5211,TV Show,The Day I Met El Chapo,"October 20, 2017",2017,TV-MA,1 Season
5212,Movie,Wheelman,"October 20, 2017",2017,TV-MA,82 min
5213,Movie,Wedding Unplanned,"October 19, 2017",2017,TV-MA,94 min
5214,Movie,Patton Oswalt: Annihilation,"October 17, 2017",2017,TV-MA,66 min
5215,Movie,Baadshaho,"October 16, 2017",2017,TV-14,135 min
5216,TV Show,In Laws,"October 16, 2017",2016,TV-PG,1 Season
5217,TV Show,Laws of Attraction,"October 16, 2017",2012,TV-14,1 Season
5218,Movie,Lucknow Central,"October 16, 2017",2017,TV-14,144 min
5219,Movie,Belief: The Possession of Janet Moses,"October 15, 2017",2015,TV-MA,90 min
5220,TV Show,Seven and Me,"October 15, 2017",2017,TV-Y,1 Season
5221,Movie,Singapore,"October 15, 2017",1960,TV-PG,158 min
5222,TV Show,West Coast Customs,"October 15, 2017",2015,TV-G,6 Seasons
5223,Movie,Blessed Benefit,"October 13, 2017",2016,TV-14,83 min
5224,Movie,Clair Obscur,"October 13, 2017",2016,TV-MA,102 min
5225,Movie,"El Especial de Alex Fernández, el Especial","October 13, 2017",2017,TV-MA,52 min
5226,Movie,Kingdom of Us,"October 13, 2017",2017,TV-MA,110 min
5227,Movie,The Babysitter,"October 13, 2017",2017,TV-MA,85 min
5228,Movie,The Meyerowitz Stories (New and Selected),"October 13, 2017",2017,TV-MA,113 min
5229,Movie,Barakah Meets Barakah,"October 12, 2017",2016,TV-MA,88 min
5230,Movie,Bomb Scared,"October 12, 2017",2017,TV-MA,89 min
5231,Movie,Christina P: Mother Inferior,"October 10, 2017",2017,TV-MA,59 min
5232,TV Show,ID-0,"October 6, 2017",2017,TV-PG,1 Season
5233,TV Show,Kibaoh Klashers,"October 6, 2017",2017,TV-Y7,2 Seasons
5234,Movie,The Death and Life of Marsha P. Johnson,"October 6, 2017",2017,TV-MA,106 min
5235,Movie,Rodney Carrington: Here Comes the Truth,"October 3, 2017",2017,TV-MA,66 min
5236,Movie,26 Years,"October 1, 2017",2012,TV-MA,135 min
5237,TV Show,Beyblade Burst,"October 1, 2017",2016,TV-Y7,1 Season
5238,TV Show,Equestria Girls: Tales of Canterlot High,"October 1, 2017",2017,TV-Y7,1 Season
5239,Movie,For Your Own Good,"October 1, 2017",2017,TV-MA,93 min
5240,Movie,Franca: Chaos and Creation,"October 1, 2017",2016,TV-MA,79 min
5241,Movie,Generation Iron 2,"October 1, 2017",2017,PG-13,107 min
5242,Movie,Ghost Patrol,"October 1, 2017",2016,TV-Y7,47 min
5243,TV Show,Justice in the City,"October 1, 2017",2012,TV-14,1 Season
5244,TV Show,Noddy Toyland Detective,"October 1, 2017",2016,TV-Y,2 Seasons
5245,TV Show,Star Trek: Enterprise,"October 1, 2017",2004,TV-14,4 Seasons
5246,TV Show,Star Trek: Voyager,"October 1, 2017",2000,TV-PG,7 Seasons
5247,TV Show,Sudden,"October 1, 2017",2013,TV-14,1 Season
5248,TV Show,The Dream Catchers,"October 1, 2017",2009,TV-14,1 Season
5249,Movie,The Lion Woman,"October 1, 2017",2016,TV-14,118 min
5250,Movie,Verónica,"October 1, 2017",2017,TV-MA,81 min
5251,TV Show,What She Put on the Table,"October 1, 2017",2017,TV-14,1 Season
5252,TV Show,The Royal House of Windsor,"September 30, 2017",2017,TV-MA,1 Season
5253,Movie,Gerald's Game,"September 29, 2017",2017,TV-MA,103 min
5254,Movie,Long Shot,"September 29, 2017",2017,TV-14,40 min
5255,TV Show,Mak Cun,"September 29, 2017",2015,TV-PG,1 Season
5256,Movie,Our Souls at Night,"September 29, 2017",2017,TV-14,103 min
5257,Movie,Out of Thin Air,"September 29, 2017",2017,TV-MA,85 min
5258,TV Show,Paul Hollywood's Big Continental Road Trip,"September 29, 2017",2017,TV-14,1 Season
5259,TV Show,Real Rob,"September 29, 2017",2017,TV-MA,2 Seasons
5260,TV Show,Satu Hari,"September 29, 2017",2014,TV-PG,1 Season
5261,Movie,Much Loved,"September 27, 2017",2015,TV-MA,104 min
5262,Movie,Def Comedy Jam 25,"September 26, 2017",2017,TV-MA,82 min
5263,TV Show,Terrace House: Aloha State,"September 26, 2017",2017,TV-14,4 Seasons
5264,TV Show,Dark Matter,"September 25, 2017",2017,TV-14,3 Seasons
5265,Movie,Swearnet: The Movie,"September 24, 2017",2014,NC-17,112 min
5266,Movie,The Bar,"September 24, 2017",2017,TV-MA,102 min
5267,Movie,Gaga: Five Foot Two,"September 22, 2017",2017,TV-MA,101 min
5268,Movie,The Bad Batch,"September 22, 2017",2016,R,119 min
5269,Movie,Jerry Before Seinfeld,"September 19, 2017",2017,TV-14,62 min
5270,Movie,Barbie Dolphin Magic,"September 18, 2017",2017,TV-Y,64 min
5271,Movie,First They Killed My Father,"September 15, 2017",2017,TV-MA,137 min
5272,Movie,Strong Island,"September 15, 2017",2017,TV-MA,108 min
5273,TV Show,VeggieTales in the City,"September 15, 2017",2017,TV-Y,2 Seasons
5274,Movie,Ghost of the Mountains,"September 13, 2017",2017,G,78 min
5275,TV Show,Offspring,"September 13, 2017",2017,TV-MA,7 Seasons
5276,Movie,Heroin(e),"September 12, 2017",2017,TV-14,40 min
5277,Movie,Jeff Dunham: Relative Disaster,"September 12, 2017",2017,TV-MA,71 min
5278,Movie,#realityhigh,"September 8, 2017",2017,TV-14,99 min
5279,TV Show,Apaches,"September 8, 2017",2016,TV-MA,1 Season
5280,Movie,Fabrizio Copano: Solo pienso en mi,"September 8, 2017",2017,TV-MA,60 min
5281,TV Show,Fire Chasers,"September 8, 2017",2017,TV-MA,1 Season
5282,Movie,Joaquín Reyes: Una y no más,"September 8, 2017",2017,TV-MA,78 min
5283,Movie,Carrie Pilby,"September 5, 2017",2016,TV-MA,98 min
5284,Movie,Marc Maron: Too Real,"September 5, 2017",2017,TV-MA,70 min
5285,TV Show,No Tomorrow,"September 5, 2017",2016,TV-PG,1 Season
5286,TV Show,Reign,"September 5, 2017",2017,TV-14,4 Seasons
5287,TV Show,Frequency,"September 4, 2017",2016,TV-14,1 Season
5288,TV Show,The Vampire Diaries,"September 4, 2017",2016,TV-14,8 Seasons
5289,TV Show,A Boy Name Flora A,"September 1, 2017",2017,TV-MA,1 Season
5290,TV Show,A House of Blocks,"September 1, 2017",2017,TV-PG,1 Season
5291,Movie,Aakhri Adaalat,"September 1, 2017",1988,TV-14,148 min
5292,Movie,"Alias JJ, la celebridad del mal","September 1, 2017",2017,TV-MA,54 min
5293,Movie,Berserk: The Golden Age Arc II - The Battle for Doldrey,"September 1, 2017",2012,TV-MA,92 min
5294,Movie,Berserk: The Golden Age Arc III - The Advent,"September 1, 2017",2013,TV-MA,107 min
5295,Movie,Brother's Shadow,"September 1, 2017",2006,TV-MA,90 min
5296,Movie,Chadi Jawani Budhe Nu,"September 1, 2017",1976,TV-PG,135 min
5297,Movie,Ek Jaan Hain Hum,"September 1, 2017",1983,TV-14,151 min
5298,TV Show,FINAL FANTASY XIV Dad of Light,"September 1, 2017",2017,TV-PG,1 Season
5299,TV Show,Gurren Lagann,"September 1, 2017",2007,TV-14,1 Season
5300,TV Show,High Risk,"September 1, 2017",1988,TV-PG,1 Season
5301,Movie,Khoon Khoon,"September 1, 2017",1973,TV-14,132 min
5302,TV Show,LEGO Elves: Secrets of Elvendale,"September 1, 2017",2017,TV-Y7,1 Season
5303,Movie,Little Evil,"September 1, 2017",2017,TV-MA,95 min
5304,Movie,Manoranjan,"September 1, 2017",1974,TV-14,162 min
5305,Movie,Mujrim,"September 1, 2017",1989,TV-14,163 min
5306,TV Show,Narcos,"September 1, 2017",2017,TV-MA,3 Seasons
5307,Movie,Offline - Das leben ist kein bonuslevel,"September 1, 2017",2016,TV-MA,89 min
5308,Movie,Resurface,"September 1, 2017",2017,TV-MA,28 min
5309,Movie,Rocco,"September 1, 2017",2016,TV-MA,103 min
5310,Movie,Sohni Mahiwal,"September 1, 2017",1984,TV-14,160 min
5311,Movie,The Distinguished Citizen,"September 1, 2017",2016,TV-MA,113 min
5312,Movie,The Guardian Brothers,"September 1, 2017",2016,TV-G,86 min
5313,Movie,The Last Shaman,"September 1, 2017",2016,TV-14,83 min
5314,Movie,The Lost Brother,"September 1, 2017",2017,TV-MA,113 min
5315,Movie,Todo Sobre El Asado,"September 1, 2017",2016,TV-MA,86 min
5316,Movie,Ryan Hamilton: Happy Face,"August 29, 2017",2017,TV-14,57 min
5317,Movie,Buster's Mal Heart,"August 26, 2017",2016,TV-MA,98 min
5318,Movie,Berlin Syndrome,"August 25, 2017",2017,R,116 min
5319,Movie,Death Note,"August 25, 2017",2017,TV-MA,100 min
5320,Movie,Lynne Koplitz: Hormonal Beast,"August 22, 2017",2017,TV-MA,51 min
5321,TV Show,Dinotrux,"August 18, 2017",2017,TV-Y7,5 Seasons
5322,TV Show,Marvel's The Defenders,"August 18, 2017",2017,TV-MA,1 Season
5323,Movie,Undefeated,"August 18, 2017",2011,PG-13,113 min
5324,Movie,What Happened to Monday,"August 18, 2017",2017,TV-MA,124 min
5325,TV Show,20 Minutes,"August 15, 2017",2013,TV-MA,1 Season
5326,Movie,Brad Paisley's Comedy Rodeo,"August 15, 2017",2017,TV-MA,63 min
5327,Movie,Colin Quinn: Unconstitutional,"August 15, 2017",2015,TV-MA,56 min
5328,TV Show,Million Yen Women,"August 15, 2017",2017,TV-MA,1 Season
5329,Movie,The Outcasts,"August 14, 2017",2017,TV-14,94 min
5330,Movie,Chocolate City: Vegas Strip,"August 12, 2017",2017,TV-MA,90 min
5331,Movie,Los Herederos,"August 12, 2017",2015,TV-MA,71 min
5332,Movie,Naked,"August 11, 2017",2017,TV-14,97 min
5333,Movie,Demonic,"August 10, 2017",2015,R,83 min
5334,Movie,The Saint,"August 10, 2017",2017,TV-14,92 min
5335,Movie,Baahubali 2: The Conclusion (Hindi Version),"August 7, 2017",2017,TV-MA,165 min
5336,Movie,Baahubali 2: The Conclusion (Malayalam Version),"August 7, 2017",2017,TV-14,166 min
5337,Movie,Baahubali 2: The Conclusion (Tamil Version),"August 7, 2017",2017,TV-MA,166 min
5338,Movie,Baahubali: The Beginning (Hindi Version),"August 7, 2017",2015,TV-14,159 min
5339,Movie,Baahubali: The Beginning (Malayalam Version),"August 7, 2017",2015,TV-14,160 min
5340,Movie,Baahubali: The Beginning (Tamil Version),"August 7, 2017",2015,TV-14,159 min
5341,Movie,LEGO Marvel Super Heroes: Avengers Reassembled!,"August 6, 2017",2015,TV-Y7,22 min
5342,Movie,Enter the Warriors Gate,"August 5, 2017",2016,PG-13,105 min
5343,Movie,Alan Saldaña: Mi vida de pobre,"August 4, 2017",2017,TV-MA,54 min
5344,Movie,Icarus,"August 4, 2017",2017,TV-MA,121 min
5345,Movie,Message from the King,"August 4, 2017",2017,R,103 min
5346,TV Show,Wet Hot American Summer: Ten Years Later,"August 4, 2017",2017,TV-MA,1 Season
5347,Movie,The Invisible Guardian,"August 3, 2017",2017,TV-MA,129 min
5348,TV Show,Bountiful Blessings,"August 1, 2017",2011,TV-14,1 Season
5349,TV Show,Close Your Eyes Before It’s Dark,"August 1, 2017",2016,TV-14,1 Season
5350,TV Show,Entangled,"August 1, 2017",2014,TV-14,1 Season
5351,TV Show,Fartsa,"August 1, 2017",2015,TV-14,1 Season
5352,Movie,Handsome Devil,"August 1, 2017",2016,TV-MA,95 min
5353,TV Show,"Have You Ever Fallen in Love, Miss Jiang?","August 1, 2017",2016,TV-14,1 Season
5354,Movie,Jessica Darling's It List,"August 1, 2017",2016,TV-Y,80 min
5355,TV Show,Life Plan A and B,"August 1, 2017",2016,TV-PG,1 Season
5356,TV Show,Locust,"August 1, 2017",2014,TV-MA,1 Season
5357,TV Show,Love Storm,"August 1, 2017",2016,TV-14,1 Season
5358,Movie,Maz Jobrani: Immigrant,"August 1, 2017",2017,TV-14,67 min
5359,Movie,Opening Night,"August 1, 2017",2016,TV-MA,84 min
5360,Movie,Raising the Bar,"August 1, 2017",2016,TV-Y,97 min
5361,TV Show,Surviving Escobar - Alias JJ,"August 1, 2017",2017,TV-MA,1 Season
5362,Movie,The Blind Christ,"August 1, 2017",2016,TV-MA,86 min
5363,TV Show,The In-Laws,"August 1, 2017",2011,TV-14,1 Season
5364,TV Show,The IT Crowd,"August 1, 2017",2013,TV-MA,5 Seasons
5365,Movie,Un plus une,"August 1, 2017",2015,TV-MA,114 min
5366,TV Show,Vexed,"August 1, 2017",2012,TV-MA,2 Seasons
5367,TV Show,World War II in Colour,"August 1, 2017",2009,TV-MA,1 Season
5368,TV Show,Daughters of Destiny,"July 28, 2017",2017,TV-14,1 Season
5369,Movie,The Incredible Jessica James,"July 28, 2017",2017,TV-MA,84 min
5370,Movie,Joe Mande’s Award-Winning Comedy Special,"July 25, 2017",2017,TV-MA,67 min
5371,Movie,I Called Him Morgan,"July 24, 2017",2016,TV-14,91 min
5372,Movie,Aditi Mittal: Things They Wouldn't Let Me Say,"July 18, 2017",2017,TV-MA,63 min
5373,TV Show,Ari Shaffir: Double Negative,"July 18, 2017",2017,TV-MA,1 Season
5374,Movie,Uncertain Glory,"July 17, 2017",2017,TV-MA,116 min
5375,Movie,Amar,"July 15, 2017",2017,TV-MA,104 min
5376,Movie,Buddy Thunderstruck: The Maybe Pile,"July 14, 2017",2017,TV-Y7,14 min
5377,Movie,Chasing Coral,"July 14, 2017",2017,TV-PG,89 min
5378,Movie,To the Bone,"July 14, 2017",2017,TV-MA,108 min
5379,Movie,D.L. Hughley: Clear,"July 13, 2017",2014,TV-MA,59 min
5380,Movie,Tom Segura: Completely Normal,"July 13, 2017",2014,TV-MA,74 min
5381,TV Show,Dawn of the Croods,"July 7, 2017",2017,TV-Y7,4 Seasons
5382,TV Show,Degrassi: Next Class,"July 7, 2017",2017,TV-14,4 Seasons
5383,TV Show,Diamond Lover,"July 7, 2017",2015,TV-PG,1 Season
5384,TV Show,King’s War,"July 7, 2017",2012,TV-14,1 Season
5385,TV Show,Qin Empire: Alliance,"July 7, 2017",2012,TV-14,1 Season
5386,Movie,Take Me,"July 7, 2017",2017,TV-MA,84 min
5387,TV Show,The Legend of Bruce Lee,"July 7, 2017",2008,TV-14,1 Season
5388,Movie,10 jours en or,"July 1, 2017",2012,TV-14,97 min
5389,TV Show,46,"July 1, 2017",2016,TV-MA,1 Season
5390,Movie,A 2nd Chance,"July 1, 2017",2011,PG,95 min
5391,TV Show,Against the Tide,"July 1, 2017",2014,TV-14,1 Season
5392,Movie,Amrapali,"July 1, 2017",1966,TV-PG,116 min
5393,TV Show,Barbie Life in the Dreamhouse,"July 1, 2017",2012,TV-Y,1 Season
5394,TV Show,Breakout,"July 1, 2017",2010,TV-14,1 Season
5395,Movie,Hans Teeuwen: Real Rancour,"July 1, 2017",2018,TV-MA,86 min
5396,TV Show,Intersection,"July 1, 2017",2016,TV-MA,3 Seasons
5397,Movie,Lal Patthar,"July 1, 2017",1971,TV-14,153 min
5398,TV Show,Learning Songs by Little Baby Bum: Nursery Rhyme Friends,"July 1, 2017",2015,TV-Y,1 Season
5399,Movie,Liar's Dice,"July 1, 2017",2013,TV-MA,104 min
5400,TV Show,Mystic Whispers,"July 1, 2017",2014,TV-14,1 Season
5401,Movie,Professor,"July 1, 2017",1962,TV-PG,163 min
5402,TV Show,Spice Up,"July 1, 2017",2014,TV-14,1 Season
5403,Movie,The Invisible Guest,"July 1, 2017",2016,TV-14,106 min
5404,TV Show,The Oath,"July 1, 2017",2011,TV-14,1 Season
5405,TV Show,The Truth Seekers,"July 1, 2017",2016,TV-MA,1 Season
5406,TV Show,The Ultimatum,"July 1, 2017",2009,TV-14,1 Season
5407,TV Show,Unriddle,"July 1, 2017",2012,TV-14,2 Seasons
5408,TV Show,World at Your Feet,"July 1, 2017",2014,TV-14,1 Season
5409,Movie,Yaar Gaddar,"July 1, 2017",1994,TV-14,148 min
5410,TV Show,Yes We Can!,"July 1, 2017",2014,TV-14,1 Season
5411,TV Show,Yours Fatefully,"July 1, 2017",2012,TV-14,1 Season
5412,Movie,Zipi & Zape y la Isla del Capitan,"July 1, 2017",2016,TV-PG,105 min
5413,TV Show,Criminal Minds,"June 30, 2017",2017,TV-14,12 Seasons
5414,TV Show,Gypsy,"June 30, 2017",2017,TV-MA,1 Season
5415,TV Show,Little Witch Academia,"June 30, 2017",2017,TV-Y7,2 Seasons
5416,Movie,Okja,"June 28, 2017",2017,TV-MA,121 min
5417,Movie,Chris D'Elia: Man on Fire,"June 27, 2017",2017,TV-MA,66 min
5418,Movie,I Am Michael,"June 26, 2017",2015,TV-MA,102 min
5419,Movie,Nobody Speak: Trials of the Free Press,"June 23, 2017",2017,TV-14,96 min
5420,Movie,You Get Me,"June 23, 2017",2017,TV-MA,89 min
5421,Movie,Dangal,"June 21, 2017",2016,TV-PG,161 min
5422,TV Show,Young & Hungry,"June 21, 2017",2017,TV-14,5 Seasons
5423,TV Show,Pac-Man and the Ghostly Adventures,"June 20, 2017",2014,TV-Y7,2 Seasons
5424,Movie,Puss in Book: Trapped in an Epic Tale,"June 20, 2017",2017,TV-Y7,24 min
5425,Movie,Rory Scovel Tries Stand-Up for the First Time,"June 20, 2017",2017,TV-MA,66 min
5426,TV Show,Aquarius,"June 16, 2017",2016,TV-MA,2 Seasons
5427,Movie,Counterpunch,"June 16, 2017",2017,TV-MA,91 min
5428,Movie,What the Health,"June 16, 2017",2017,TV-PG,92 min
5429,TV Show,World of Winx,"June 16, 2017",2017,TV-Y7,2 Seasons
5430,Movie,Kanavu Variyam,"June 15, 2017",2017,TV-PG,104 min
5431,Movie,Marco Luque: Tamo Junto,"June 15, 2017",2017,TV-MA,73 min
5432,Movie,The Russian Revolution,"June 15, 2017",2017,TV-PG,47 min
5433,Movie,"Oh, Hello On Broadway","June 13, 2017",2017,TV-MA,102 min
5434,TV Show,28 Moons,"June 10, 2017",2016,TV-PG,1 Season
5435,TV Show,Magic Phone,"June 10, 2017",2016,TV-PG,1 Season
5436,TV Show,Man to Man,"June 10, 2017",2017,TV-14,1 Season
5437,TV Show,My Little Baby,"June 10, 2017",2016,TV-PG,1 Season
5438,TV Show,Singles Villa,"June 10, 2017",2015,TV-14,1 Season
5439,TV Show,Under the Black Moonlight,"June 10, 2017",2016,TV-14,1 Season
5440,TV Show,My Only Love Song,"June 9, 2017",2017,TV-MA,1 Season
5441,Movie,Shimmer Lake,"June 9, 2017",2017,TV-MA,87 min
5442,Movie,The Wishing Tree,"June 5, 2017",2017,TV-14,117 min
5443,Movie,Headshot,"June 3, 2017",2016,TV-MA,119 min
5444,Movie,1898: Our Last Men in the Philippines,"June 2, 2017",2016,R,130 min
5445,TV Show,Crashing,"June 2, 2017",2016,TV-MA,1 Season
5446,TV Show,Flaked,"June 2, 2017",2017,TV-MA,2 Seasons
5447,Movie,Lucid Dream,"June 2, 2017",2017,TV-MA,102 min
5448,Movie,Aashik Awara,"June 1, 2017",1993,TV-14,154 min
5449,Movie,Amelia: A Tale of Two Sisters,"June 1, 2017",2017,TV-PG,44 min
5450,Movie,Catfight,"June 1, 2017",2016,TV-MA,96 min
5451,Movie,How to Stage a Coup,"June 1, 2017",2017,TV-14,47 min
5452,Movie,Jackie: A Tale of Two Sisters,"June 1, 2017",2017,TV-PG,44 min
5453,Movie,Lens,"June 1, 2017",2015,TV-MA,109 min
5454,Movie,Little Boxes,"June 1, 2017",2016,TV-MA,89 min
5455,Movie,Love.com,"June 1, 2017",2017,TV-MA,92 min
5456,Movie,Maya Memsaab,"June 1, 2017",1993,TV-14,122 min
5457,Movie,Michael Lost and Found,"June 1, 2017",2017,TV-PG,19 min
5458,TV Show,Mind Game,"June 1, 2017",2015,TV-14,1 Season
5459,TV Show,Miniforce,"June 1, 2017",2016,TV-Y7,1 Season
5460,TV Show,Off Camera,"June 1, 2017",2015,TV-MA,3 Seasons
5461,Movie,Oh Darling Yeh Hai India,"June 1, 2017",1995,TV-14,154 min
5462,Movie,Prince,"June 1, 2017",1969,TV-PG,152 min
5463,Movie,Qila,"June 1, 2017",1998,TV-14,161 min
5464,Movie,Smoke & Mirrors,"June 1, 2017",2016,TV-14,123 min
5465,TV Show,The Day Will Come,"June 1, 2017",2016,TV-14,1 Season
5466,TV Show,The Dream Job,"June 1, 2017",2016,TV-14,1 Season
5467,Movie,The Mitfords: A Tale of Two Sisters,"June 1, 2017",2017,TV-PG,44 min
5468,Movie,Without Gorky,"May 31, 2017",2011,TV-14,80 min
5469,Movie,Sarah Silverman A Speck of Dust,"May 30, 2017",2017,TV-MA,71 min
5470,Movie,Rangoon,"May 29, 2017",2017,TV-14,153 min
5471,TV Show,Bloodline,"May 26, 2017",2017,TV-MA,3 Seasons
5472,Movie,Joshua: Teenager vs. Superpower,"May 26, 2017",2017,TV-14,79 min
5473,Movie,Raees,"May 26, 2017",2017,TV-14,143 min
5474,Movie,War Machine,"May 26, 2017",2017,TV-MA,123 min
5475,Movie,Arès,"May 23, 2017",2016,TV-MA,80 min
5476,Movie,Hasan Minhaj: Homecoming King,"May 23, 2017",2017,TV-MA,73 min
5477,Movie,BLAME!,"May 19, 2017",2017,TV-14,106 min
5478,TV Show,Highland: Thailand's Marijuana Awakening,"May 19, 2017",2017,TV-MA,1 Season
5479,Movie,Laerte-se,"May 19, 2017",2017,TV-MA,101 min
5480,TV Show,The Keepers,"May 19, 2017",2017,TV-MA,1 Season
5481,Movie,Tracy Morgan: Staying Alive,"May 16, 2017",2017,TV-MA,59 min
5482,Movie,Chamatkar,"May 15, 2017",1992,TV-14,164 min
5483,Movie,Kabhi Haan Kabhi Naa,"May 15, 2017",1994,TV-14,151 min
5484,Movie,Lovesong,"May 15, 2017",2016,TV-MA,84 min
5485,Movie,Natascha Kampusch: The Whole Story,"May 15, 2017",2010,TV-14,51 min
5486,Movie,Ram Jaane,"May 15, 2017",1995,TV-14,142 min
5487,Movie,The Devil's Mistress,"May 15, 2017",2016,TV-MA,110 min
5488,Movie,Wild Oats,"May 13, 2017",2016,PG-13,86 min
5489,TV Show,All Hail King Julien: Exiled,"May 12, 2017",2017,TV-Y7,1 Season
5490,Movie,Get Me Roger Stone,"May 12, 2017",2017,TV-MA,101 min
5491,Movie,Mindhorn,"May 12, 2017",2017,TV-MA,88 min
5492,Movie,Sahara,"May 12, 2017",2017,TV-Y7,86 min
5493,Movie,"Norm Macdonald: Hitler's Dog, Gossip & Trickery","May 9, 2017",2017,TV-MA,61 min
5494,Movie,Handsome: A Netflix Mystery Movie,"May 5, 2017",2017,TV-MA,81 min
5495,TV Show,Kazoops!,"May 5, 2017",2017,TV-Y,3 Seasons
5496,Movie,Simplemente Manu NNa,"May 5, 2017",2017,TV-MA,72 min
5497,Movie,The Mars Generation,"May 5, 2017",2017,TV-PG,98 min
5498,Movie,Maria Bamford: Old Baby,"May 2, 2017",2017,TV-MA,64 min
5499,Movie,A Yellow Bird,"May 1, 2017",2016,TV-MA,111 min
5500,Movie,Chaahat,"May 1, 2017",1996,TV-14,148 min
5501,Movie,English Babu Desi Mem,"May 1, 2017",1996,TV-14,163 min
5502,Movie,He Even Has Your Eyes,"May 1, 2017",2016,TV-MA,95 min
5503,Movie,In the Shadow of Iris,"May 1, 2017",2016,TV-MA,99 min
5504,Movie,JFK: The Making of a President,"May 1, 2017",2017,TV-PG,44 min
5505,Movie,Kiss & Cry,"May 1, 2017",2017,TV-MA,93 min
5506,Movie,Loev,"May 1, 2017",2015,TV-MA,89 min
5507,Movie,Mostly Sunny,"May 1, 2017",2016,TV-MA,83 min
5508,Movie,The Next Skin,"May 1, 2017",2016,TV-MA,104 min
5509,Movie,Casting JonBenet,"April 28, 2017",2017,TV-14,81 min
5510,TV Show,Jumping Girl,"April 28, 2017",2015,TV-14,1 Season
5511,TV Show,President,"April 28, 2017",2010,TV-14,1 Season
5512,Movie,Rodney King,"April 28, 2017",2017,TV-MA,53 min
5513,Movie,Small Crimes,"April 28, 2017",2017,TV-MA,95 min
5514,TV Show,What in the World Happened?,"April 28, 2017",2015,TV-14,1 Season
5515,TV Show,Mar de Plástico,"April 27, 2017",2017,TV-MA,2 Seasons
5516,Movie,Dear Zindagi,"April 25, 2017",2016,TV-14,149 min
5517,Movie,Shepherds and Butchers,"April 25, 2017",2016,R,106 min
5518,Movie,The 101-Year-Old Man Who Skipped Out on the Bill and Disappeared,"April 25, 2017",2016,TV-MA,108 min
5519,Movie,Vir Das: Abroad Understanding,"April 25, 2017",2017,TV-MA,66 min
5520,TV Show,Fangbone,"April 22, 2017",2016,TV-Y7,1 Season
5521,TV Show,Girlboss,"April 21, 2017",2017,TV-MA,1 Season
5522,TV Show,Hot Girls Wanted: Turned On,"April 21, 2017",2017,TV-MA,1 Season
5523,Movie,Sand Castle,"April 21, 2017",2017,TV-MA,113 min
5524,TV Show,The Mr. Peabody and Sherman Show,"April 21, 2017",2017,TV-Y7,4 Seasons
5525,Movie,Tramps,"April 21, 2017",2017,TV-MA,83 min
5526,Movie,Lucas Brothers: On Drugs,"April 18, 2017",2017,TV-MA,50 min
5527,Movie,Bibi & Tina,"April 15, 2017",2014,TV-PG,97 min
5528,Movie,Bibi & Tina II,"April 15, 2017",2014,TV-14,105 min
5529,Movie,Bibi & Tina: Girls Versus Boys,"April 15, 2017",2016,TV-14,107 min
5530,Movie,Slam,"April 15, 2017",2017,TV-MA,99 min
5531,Movie,The Wedding Party,"April 15, 2017",2016,TV-14,101 min
5532,Movie,Arctic Heart,"April 14, 2017",2016,TV-14,81 min
5533,Movie,Our Lovers,"April 14, 2017",2016,TV-MA,92 min
5534,Movie,Sandy Wexler,"April 14, 2017",2017,TV-14,131 min
5535,Movie,Macho,"April 12, 2017",2016,TV-MA,101 min
5536,Movie,Kevin Hart: What Now?,"April 11, 2017",2016,R,96 min
5537,Movie,Frat Star,"April 10, 2017",2017,TV-MA,85 min
5538,TV Show,The Miracle,"April 10, 2017",2016,TV-14,1 Season
5539,TV Show,The Get Down,"April 7, 2017",2017,TV-MA,2 Seasons
5540,Movie,The Lighthouse of the Orcas,"April 7, 2017",2016,TV-MA,110 min
5541,Movie,Win It All,"April 7, 2017",2017,TV-MA,89 min
5542,Movie,Louis C.K. 2017,"April 4, 2017",2017,74 min,Unknown
5543,TV Show,Burned Cocoon,"April 1, 2017",2005,TV-MA,1 Season
5544,Movie,Couples Counseling,"April 1, 2017",2016,TV-MA,88 min
5545,Movie,Deuces,"April 1, 2017",2016,TV-MA,88 min
5546,Movie,Elaan,"April 1, 2017",1971,TV-14,143 min
5547,Movie,Five Nights in Maine,"April 1, 2017",2015,TV-MA,83 min
5548,Movie,Killa,"April 1, 2017",2014,TV-14,107 min
5549,Movie,Life 2.0,"April 1, 2017",2010,TV-MA,99 min
5550,Movie,Salaakhen,"April 1, 2017",1975,TV-14,134 min
5551,Movie,Skins,"April 1, 2017",2017,TV-MA,78 min
5552,Movie,The Tenth Man,"April 1, 2017",2016,TV-MA,81 min
5553,Movie,Toro,"April 1, 2017",2016,TV-MA,106 min
5554,Movie,Bridget Christie: Stand Up for Her,"March 31, 2017",2016,TV-MA,51 min
5555,TV Show,Five Came Back,"March 31, 2017",2017,TV-MA,1 Season
5556,TV Show,Hoff the Record,"March 31, 2017",2016,TV-MA,2 Seasons
5557,Movie,The Discovery,"March 31, 2017",2017,TV-MA,102 min
5558,Movie,Jo Koy: Live from Seattle,"March 28, 2017",2017,TV-MA,63 min
5559,TV Show,Bottersnikes & Gumbles,"March 24, 2017",2017,TV-Y7,2 Seasons
5560,Movie,Felipe Neto: My Life Makes No Sense,"March 24, 2017",2017,TV-MA,91 min
5561,Movie,The C Word,"March 24, 2017",2016,TV-14,93 min
5562,Movie,The Most Hated Woman in America,"March 24, 2017",2017,TV-MA,93 min
5563,TV Show,Dave Chappelle,"March 21, 2017",2017,TV-MA,1 Season
5564,TV Show,One-Punch Man,"March 20, 2017",2015,TV-14,1 Season
5565,Movie,Best Worst Thing That Ever Could Have Happened,"March 18, 2017",2016,TV-MA,97 min
5566,Movie,Deidra & Laney Rob a Train,"March 17, 2017",2017,TV-14,92 min
5567,TV Show,Julie's Greenroom,"March 17, 2017",2017,TV-Y,1 Season
5568,TV Show,Outback Truckers,"March 17, 2017",2015,TV-MA,3 Seasons
5569,Movie,Pandora,"March 17, 2017",2016,TV-MA,137 min
5570,TV Show,Samurai Gourmet,"March 17, 2017",2017,TV-PG,1 Season
5571,Movie,Howards End,"March 16, 2017",1992,PG,143 min
5572,Movie,Asoka,"March 15, 2017",2001,R,168 min
5573,Movie,"Bon Cop, Bad Cop","March 15, 2017",2006,TV-MA,117 min
5574,Movie,Notes on Blindness,"March 15, 2017",2016,TV-PG,87 min
5575,Movie,One 2 Ka 4,"March 15, 2017",2001,TV-14,160 min
5576,TV Show,Cheer Squad,"March 14, 2017",2016,TV-PG,1 Season
5577,Movie,Jim Norton: Mouthful of Shame,"March 14, 2017",2017,TV-MA,62 min
5578,Movie,100 Meters,"March 10, 2017",2016,TV-MA,109 min
5579,TV Show,Buddy Thunderstruck,"March 10, 2017",2017,TV-Y7,1 Season
5580,Movie,Burning Sands,"March 10, 2017",2017,TV-MA,102 min
5581,TV Show,One More Time,"March 10, 2017",2016,TV-14,1 Season
5582,Movie,The Butterfly's Dream,"March 10, 2017",2013,TV-PG,118 min
5583,Movie,Amy Schumer: The Leather Special,"March 7, 2017",2017,TV-MA,57 min
5584,TV Show,Love Is in the Air,"March 1, 2017",2010,TV-14,1 Season
5585,Movie,Nila,"March 1, 2017",2016,TV-MA,94 min
5586,TV Show,Tong: Memories,"March 1, 2017",2016,TV-MA,1 Season
5587,Movie,Mike Birbiglia: Thank God for Jokes,"February 28, 2017",2017,TV-MA,71 min
5588,Movie,Force 2,"February 27, 2017",2016,TV-14,123 min
5589,Movie,Jonas,"February 26, 2017",2015,TV-MA,97 min
5590,Movie,Operações Especiais,"February 25, 2017",2015,TV-MA,99 min
5591,Movie,I Don't Feel at Home in This World Anymore,"February 24, 2017",2017,TV-MA,97 min
5592,TV Show,Legend Quest,"February 24, 2017",2017,TV-Y7,1 Season
5593,TV Show,The Sound of Your Heart,"February 24, 2017",2016,TV-14,1 Season
5594,TV Show,Love Me As I Am,"February 22, 2017",2015,TV-PG,3 Seasons
5595,Movie,Trevor Noah: Afraid of the Dark,"February 21, 2017",2017,TV-14,67 min
5596,Movie,Boy Missing,"February 19, 2017",2016,TV-MA,105 min
5597,Movie,Growing Up Wild,"February 19, 2017",2016,G,78 min
5598,Movie,Tini: The New Life of Violetta,"February 19, 2017",2016,G,99 min
5599,TV Show,Love for Ten: Generation of Youth,"February 17, 2017",2013,TV-14,1 Season
5600,Movie,Rocky Handsome,"February 17, 2017",2016,TV-MA,119 min
5601,Movie,A Heavy Heart,"February 15, 2017",2015,TV-MA,109 min
5602,TV Show,Nightmare High,"February 15, 2017",2016,TV-14,1 Season
5603,Movie,Rush: Beyond the Lighted Stage,"February 15, 2017",2010,TV-MA,107 min
5604,TV Show,Spark,"February 15, 2017",2016,TV-PG,1 Season
5605,Movie,The Fury of a Patient Man,"February 15, 2017",2016,TV-MA,92 min
5606,Movie,The Memory of Water,"February 15, 2017",2015,TV-MA,88 min
5607,Movie,Girlfriend's Day,"February 14, 2017",2017,TV-MA,71 min
5608,Movie,Katherine Ryan: In Trouble,"February 14, 2017",2017,TV-MA,64 min
5609,TV Show,White Nights,"February 14, 2017",2016,TV-14,1 Season
5610,TV Show,Cyborg 009: Call of Justice,"February 10, 2017",2017,TV-14,1 Season
5611,Movie,David Brent: Life on the Road,"February 10, 2017",2016,TV-MA,97 min
5612,Movie,Grillo vs Grillo,"February 10, 2017",2017,TV-MA,96 min
5613,Movie,Hitler - A Career,"February 10, 2017",1977,TV-MA,150 min
5614,Movie,"Michael Bolton's Big, Sexy Valentine's Day Special","February 7, 2017",2017,TV-MA,54 min
5615,Movie,Daniel Sosa: Sosafado,"February 3, 2017",2017,TV-MA,78 min
5616,Movie,Imperial Dreams,"February 3, 2017",2014,TV-MA,86 min
5617,Movie,Dilwale,"February 1, 2017",2015,TV-PG,154 min
5618,Movie,Happy New Year,"February 1, 2017",2014,TV-14,179 min
5619,Movie,Haraamkhor,"February 1, 2017",2015,TV-14,93 min
5620,Movie,Heroes Wanted,"February 1, 2017",2016,TV-MA,97 min
5621,Movie,The Reconquest,"February 1, 2017",2016,TV-MA,108 min
5622,Movie,Zapped,"February 1, 2017",2014,TV-Y,92 min
5623,Movie,Bill Burr: Walk Your Way Out,"January 31, 2017",2017,TV-MA,78 min
5624,Movie,Semana Santa,"January 31, 2017",2015,TV-MA,87 min
5625,Movie,Journey to Greenland,"January 29, 2017",2016,TV-14,99 min
5626,Movie,IBOY,"January 27, 2017",2017,TV-MA,91 min
5627,Movie,O Silêncio do Céu,"January 25, 2017",2016,TV-MA,102 min
5628,Movie,Cristela Alonzo: Lower Classy,"January 24, 2017",2017,TV-MA,67 min
5629,Movie,Gad Gone Wild,"January 23, 2017",2017,TV-MA,57 min
5630,Movie,Pink,"January 20, 2017",2016,TV-14,130 min
5631,Movie,Take the 10,"January 20, 2017",2017,TV-MA,80 min
5632,Movie,Neal Brennan: 3 Mics,"January 17, 2017",2017,TV-MA,66 min
5633,Movie,Berlin Calling,"January 15, 2017",2008,TV-MA,105 min
5634,Movie,Sarajevo,"January 15, 2017",2014,TV-PG,98 min
5635,Movie,Stereo,"January 15, 2017",2014,TV-MA,91 min
5636,Movie,We Are Young. We Are Strong.,"January 15, 2017",2014,TV-MA,123 min
5637,Movie,Casablancas: The Man Who Loved Women,"January 13, 2017",2016,TV-14,82 min
5638,Movie,Clinical,"January 13, 2017",2017,TV-MA,104 min
5639,Movie,Very Big Shot,"January 12, 2017",2015,TV-MA,109 min
5640,Movie,Jim Gaffigan: Cinco,"January 10, 2017",2017,TV-14,74 min
5641,TV Show,We're Lalaloopsy,"January 10, 2017",2017,TV-Y,1 Season
5642,Movie,Under the Shadow,"January 7, 2017",2016,PG-13,84 min
5643,Movie,Coin Heist,"January 6, 2017",2017,TV-14,98 min
5644,Movie,LEGO: Marvel Super Heroes: Maximum Overload,"January 6, 2017",2013,TV-Y7,22 min
5645,Movie,Rampage: President Down,"January 5, 2017",2016,TV-MA,100 min
5646,Movie,Marvel's Hulk: Where Monsters Dwell,"January 4, 2017",2016,PG,75 min
5647,Movie,Jen Kirkman: Just Keep Livin’?,"January 3, 2017",2017,TV-MA,69 min
5648,Movie,Autohead,"January 1, 2017",2016,TV-MA,97 min
5649,Movie,Bee Movie,"January 1, 2017",2007,PG,92 min
5650,Movie,Headwinds,"January 1, 2017",2011,TV-MA,92 min
5651,TV Show,Star Trek: Deep Space Nine,"January 1, 2017",1999,TV-14,7 Seasons
5652,Movie,Udta Punjab,"January 1, 2017",2016,TV-MA,146 min
5653,Movie,Mr. Pig,"December 31, 2016",2016,TV-MA,97 min
5654,TV Show,My Runway,"December 30, 2016",2016,TV-14,1 Season
5655,TV Show,AJIN: Demi-Human,"December 27, 2016",2016,TV-MA,2 Seasons
5656,TV Show,Chasing Cameron,"December 27, 2016",2016,TV-14,1 Season
5657,Movie,7:19,"December 23, 2016",2016,TV-MA,93 min
5658,Movie,Garfunkel and Oates: Trying to be Special,"December 23, 2016",2016,TV-MA,62 min
5659,TV Show,Sense8,"December 23, 2016",2018,TV-MA,2 Seasons
5660,Movie,A Christmas Special: Miraculous: Tales of Ladybug & Cat Noir,"December 20, 2016",2016,TV-Y7,22 min
5661,Movie,Gabriel lglesias: I’m Sorry For What I Said When I Was Hungry,"December 20, 2016",2016,TV-14,88 min
5662,Movie,Barry,"December 16, 2016",2016,TV-MA,105 min
5663,TV Show,Crazyhead,"December 16, 2016",2016,TV-MA,1 Season
5664,Movie,Sister Cities,"December 16, 2016",2016,TV-MA,88 min
5665,Movie,3 Türken & ein Baby,"December 15, 2016",2015,TV-MA,93 min
5666,TV Show,Color of Woman,"December 15, 2016",2012,TV-PG,1 Season
5667,Movie,Eddie - Strongman,"December 15, 2016",2015,TV-MA,98 min
5668,TV Show,Goodbye My Wife,"December 15, 2016",2012,TV-14,1 Season
5669,TV Show,Happy And,"December 15, 2016",2012,TV-14,1 Season
5670,TV Show,Heaven's Garden,"December 15, 2016",2011,TV-MA,1 Season
5671,TV Show,Ice Fantasy,"December 15, 2016",2016,TV-14,1 Season
5672,TV Show,Immortal Classic,"December 15, 2016",2012,TV-14,1 Season
5673,TV Show,InuYasha,"December 15, 2016",2001,TV-14,2 Seasons
5674,TV Show,K-POP Extreme Survival,"December 15, 2016",2012,TV-14,1 Season
5675,TV Show,Merlin,"December 15, 2016",2012,TV-PG,5 Seasons
5676,TV Show,Miss Panda & Mr. Hedgehog,"December 15, 2016",2012,TV-PG,1 Season
5677,Movie,Sand Storm,"December 15, 2016",2016,TV-PG,88 min
5678,TV Show,Tokyo Trial,"December 13, 2016",2017,TV-MA,1 Season
5679,Movie,Ricardo O'Farrill: Abrazo navideño,"December 12, 2016",2016,TV-MA,31 min
5680,Movie,Asperger's Are Us,"December 11, 2016",2016,TV-MA,83 min
5681,TV Show,Captive,"December 9, 2016",2016,TV-MA,1 Season
5682,Movie,Mariah Carey's Merriest Christmas,"December 9, 2016",2015,TV-G,38 min
5683,Movie,Spectral,"December 9, 2016",2016,TV-14,108 min
5684,TV Show,White Rabbit Project,"December 9, 2016",2016,TV-14,1 Season
5685,TV Show,Miss in Kiss,"December 8, 2016",2016,TV-14,1 Season
5686,Movie,Other People,"December 8, 2016",2016,TV-MA,97 min
5687,TV Show,The Cuba Libre Story,"December 8, 2016",2015,TV-14,1 Season
5688,Movie,Blue Jay,"December 6, 2016",2016,TV-MA,81 min
5689,Movie,One in a Billion,"December 6, 2016",2016,TV-14,70 min
5690,Movie,Reggie Watts: Spatial,"December 6, 2016",2016,TV-MA,62 min
5691,TV Show,From Dusk Till Dawn,"December 5, 2016",2016,TV-MA,3 Seasons
5692,Movie,Mercenary,"December 4, 2016",2016,TV-MA,99 min
5693,TV Show,Lost & Found Music Studios,"December 3, 2016",2016,TV-G,2 Seasons
5694,Movie,For the Love of Spock,"December 2, 2016",2016,TV-14,112 min
5695,Movie,White Girl,"December 2, 2016",2016,TV-MA,90 min
5696,Movie,#Rucker50,"December 1, 2016",2016,TV-PG,56 min
5697,Movie,1000 Rupee Note,"December 1, 2016",2014,TV-14,89 min
5698,Movie,Across Grace Alley,"December 1, 2016",2013,TV-PG,24 min
5699,Movie,Asu Mare 2,"December 1, 2016",2015,TV-14,100 min
5700,TV Show,Back to 1989,"December 1, 2016",2016,TV-PG,1 Season
5701,TV Show,Bromance,"December 1, 2016",2015,TV-PG,1 Season
5702,Movie,Interrogation,"December 1, 2016",2015,TV-MA,116 min
5703,Movie,Rainbow Time,"December 1, 2016",2016,TV-MA,92 min
5704,TV Show,Refresh Man,"December 1, 2016",2016,TV-14,1 Season
5705,Movie,Richard Pryor: Live in Concert,"December 1, 2016",1979,TV-MA,79 min
5706,Movie,The Violin Player,"December 1, 2016",2016,TV-14,72 min
5707,Movie,Beauties of the Night,"November 25, 2016",2016,TV-MA,92 min
5708,TV Show,Gilmore Girls: A Year in the Life,"November 25, 2016",2016,TV-14,1 Season
5709,Movie,Michael Che Matters,"November 25, 2016",2016,TV-MA,61 min
5710,Movie,Mercy,"November 22, 2016",2016,TV-MA,88 min
5711,Movie,The Land of Cards,"November 22, 2016",2012,TV-14,113 min
5712,Movie,Carlos Ballarta: El amor es de putos,"November 21, 2016",2016,TV-MA,67 min
5713,Movie,Donald Glover: Weirdo,"November 19, 2016",2012,TV-MA,65 min
5714,Movie,Colin Quinn: The New York Story,"November 18, 2016",2016,TV-MA,62 min
5715,Movie,Divines,"November 18, 2016",2016,TV-MA,107 min
5716,TV Show,La Niña,"November 18, 2016",2016,TV-MA,1 Season
5717,TV Show,Paranoid,"November 17, 2016",2016,TV-MA,1 Season
5718,Movie,Dieter Nuhr: Nuhr in Berlin,"November 15, 2016",2016,TV-MA,69 min
5719,Movie,Mumbai Cha Raja,"November 15, 2016",2012,TV-MA,77 min
5720,Movie,True Memoirs of an International Assassin,"November 11, 2016",2016,TV-14,98 min
5721,TV Show,Einsatzgruppen: The Nazi Death Squads,"November 10, 2016",2009,TV-MA,1 Season
5722,Movie,Kathleen Madigan: Bothering Jesus,"November 10, 2016",2016,TV-MA,71 min
5723,TV Show,Case,"November 9, 2016",2015,TV-MA,1 Season
5724,TV Show,Danger Mouse,"November 9, 2016",2016,TV-Y7,2 Seasons
5725,Movie,"Dana Carvey: Straight White Male, 60","November 4, 2016",2016,TV-MA,64 min
5726,Movie,The Ivory Game,"November 4, 2016",2016,TV-14,112 min
5727,Movie,A Grand Night In: The Story of Aardman,"November 1, 2016",2015,TV-PG,59 min
5728,TV Show,Inborn Pair,"November 1, 2016",2011,TV-14,1 Season
5729,TV Show,Just You,"November 1, 2016",2013,TV-14,1 Season
5730,TV Show,Love Around,"November 1, 2016",2013,TV-14,1 Season
5731,TV Show,Love Family,"November 1, 2016",2013,TV-MA,1 Season
5732,TV Show,Love Me or Leave Me,"November 1, 2016",2012,TV-14,1 Season
5733,TV Show,Love Now,"November 1, 2016",2012,TV-14,1 Season
5734,Movie,Norman Lear: Just Another Version of You,"November 1, 2016",2016,TV-MA,91 min
5735,Movie,Santa Pac's Merry Berry Day,"November 1, 2016",2016,TV-Y,44 min
5736,Movie,Spanish Affair 2,"November 1, 2016",2015,TV-MA,107 min
5737,Movie,Pup Star,"October 29, 2016",2016,G,92 min
5738,Movie,I Am the Pretty Thing That Lives in the House,"October 28, 2016",2016,TV-14,89 min
5739,Movie,Into the Inferno,"October 28, 2016",2016,TV-PG,107 min
5740,Movie,The African Doctor,"October 28, 2016",2016,TV-14,94 min
5741,Movie,They Are Everywhere,"October 28, 2016",2016,TV-MA,110 min
5742,TV Show,Trailer Park Boys: Out of the Park: Europe,"October 28, 2016",2016,TV-MA,1 Season
5743,Movie,West Coast,"October 28, 2016",2016,TV-MA,81 min
5744,Movie,7 años,"October 27, 2016",2016,TV-MA,77 min
5745,TV Show,Containment,"October 21, 2016",2016,TV-MA,1 Season
5746,Movie,Joe Rogan: Triggered,"October 21, 2016",2016,TV-MA,64 min
5747,Movie,A Mighty Team,"October 15, 2016",2016,TV-MA,97 min
5748,Movie,Berserk: The Golden Age Arc I - The Egg of the King,"October 15, 2016",2012,TV-MA,77 min
5749,Movie,Bleach The Movie: Fade to Black,"October 15, 2016",2008,TV-PG,94 min
5750,Movie,Bleach the Movie: Hell Verse,"October 15, 2016",2010,TV-14,94 min
5751,Movie,Blind Date,"October 15, 2016",2015,TV-14,91 min
5752,TV Show,DEATH NOTE,"October 15, 2016",2006,TV-14,1 Season
5753,TV Show,Spotless,"October 15, 2016",2015,TV-MA,1 Season
5754,TV Show,Vampire Knight,"October 15, 2016",2008,TV-14,2 Seasons
5755,Movie,Sky Ladder: The Art of Cai Guo-Qiang,"October 14, 2016",2016,TV-MA,80 min
5756,Movie,Mascots,"October 13, 2016",2016,TV-MA,95 min
5757,Movie,Justin Timberlake + the Tennessee Kids,"October 12, 2016",2016,TV-MA,90 min
5758,Movie,13TH,"October 7, 2016",2016,TV-MA,101 min
5759,Movie,Russell Peters: Almost Famous,"October 7, 2016",2016,TV-MA,73 min
5760,TV Show,StoryBots Super Songs,"October 7, 2016",2016,TV-Y,1 Season
5761,Movie,The Siege of Jadotville,"October 7, 2016",2016,TV-MA,108 min
5762,Movie,LEGO Jurassic World: The Indominus Escape,"October 4, 2016",2016,TV-Y7,25 min
5763,TV Show,Be with Me,"October 1, 2016",2015,TV-PG,1 Season
5764,TV Show,Be with You,"October 1, 2016",2015,TV-14,1 Season
5765,Movie,Bombshell,"October 1, 2016",2016,TV-MA,86 min
5766,Movie,Chatô: The King of Brazil,"October 1, 2016",2015,TV-MA,105 min
5767,TV Show,Fall in Love with Me,"October 1, 2016",2014,TV-14,1 Season
5768,Movie,Harud,"October 1, 2016",2010,TV-MA,100 min
5769,TV Show,Love Cheque Charge,"October 1, 2016",2014,TV-14,1 Season
5770,TV Show,Masha's Spooky Stories,"October 1, 2016",2012,TV-Y,1 Season
5771,Movie,Much Ado About Nothing,"October 1, 2016",2016,TV-MA,96 min
5772,TV Show,Murphy's Law of Love,"October 1, 2016",2015,TV-PG,1 Season
5773,Movie,My Big Night,"October 1, 2016",2015,TV-MA,97 min
5774,Movie,My Little Pony Equestria Girls: Legend of Everfree,"October 1, 2016",2016,TV-Y7,73 min
5775,TV Show,Old Money,"October 1, 2016",2015,TV-MA,1 Season
5776,Movie,Pac's Scary Halloween,"October 1, 2016",2016,TV-Y7,44 min
5777,Movie,Riphagen - The Untouchable,"October 1, 2016",2016,TV-14,132 min
5778,TV Show,Someone Like You,"October 1, 2016",2015,TV-14,1 Season
5779,Movie,Umrika,"October 1, 2016",2015,TV-MA,96 min
5780,Movie,Unchained: The Untold Story of Freestyle Motocross,"October 1, 2016",2016,TV-MA,92 min
5781,Movie,Welcome Mr. President,"October 1, 2016",2013,TV-MA,99 min
5782,TV Show,When I See You Again,"October 1, 2016",2015,TV-14,1 Season
5783,Movie,Amanda Knox,"September 30, 2016",2016,TV-MA,92 min
5784,Movie,Audrie & Daisy,"September 23, 2016",2016,TV-MA,99 min
5785,Movie,Iliza Shlesinger: Confirmed Kills,"September 23, 2016",2016,TV-MA,78 min
5786,TV Show,VeggieTales in the House,"September 23, 2016",2016,TV-Y,4 Seasons
5787,Movie,"Karol Modzelewski, Łukasz „Lotek” Lodkowski No Offense","September 19, 2016",2016,TV-MA,65 min
5788,Movie,"Katarzyna Piasecka, Rafał Pacześ Seriously Funny","September 19, 2016",2016,TV-MA,65 min
5789,Movie,"Mariusz Kałamaga, Karol Kopiec, Wiolka Walaszczyk Hilarious Trio","September 19, 2016",2016,TV-MA,69 min
5790,Movie,"Rafał Banaś, Michał Leja Laugh out Loud","September 19, 2016",2016,TV-MA,64 min
5791,Movie,The Best of Rafał Rutkowski Olka Szczęśniak,"September 19, 2016",2016,TV-MA,63 min
5792,Movie,"Tomasz Jachimek, Jacek Stramik Laugh at Live","September 19, 2016",2016,TV-MA,63 min
5793,Movie,ARQ,"September 16, 2016",2016,TV-MA,89 min
5794,Movie,Cedric the Entertainer: Live from the Ville,"September 16, 2016",2016,TV-MA,60 min
5795,Movie,Louis C.K.: Hilarious,"September 16, 2016",2010,84 min,Unknown
5796,Movie,The White Helmets,"September 16, 2016",2016,TV-PG,41 min
5797,Movie,Sample This,"September 15, 2016",2012,TV-14,83 min
5798,Movie,Extremis,"September 13, 2016",2016,TV-PG,25 min
5799,Movie,Jandino: Whatever it Takes,"September 9, 2016",2016,TV-MA,94 min
5800,TV Show,Chef's Table: France,"September 2, 2016",2016,TV-14,1 Season
5801,TV Show,Kulipari: An Army of Frogs,"September 2, 2016",2016,TV-Y7,1 Season
5802,TV Show,Conspiracy,"September 1, 2016",2015,TV-14,1 Season
5803,TV Show,Dead Set,"September 1, 2016",2008,TV-MA,1 Season
5804,TV Show,Forensic Files,"September 1, 2016",2011,TV-MA,9 Seasons
5805,Movie,Saudi Arabia Uncovered,"September 1, 2016",2016,TV-14,52 min
5806,TV Show,The Fierce Wife,"September 1, 2016",2010,TV-MA,1 Season
5807,TV Show,Witches: A Century of Murder,"September 1, 2016",2015,TV-14,1 Season
5808,TV Show,Glitter Force,"August 26, 2016",2016,TV-Y7,2 Seasons
5809,Movie,Jeff Foxworthy and Larry the Cable Guy: We’ve Been Thinking...,"August 26, 2016",2016,TV-14,75 min
5810,Movie,XOXO,"August 26, 2016",2016,TV-MA,92 min
5811,Movie,I'll Sleep When I'm Dead,"August 19, 2016",2016,TV-MA,80 min
5812,TV Show,Behind Enemy Lines,"August 15, 2016",2001,TV-14,1 Season
5813,TV Show,Caught on Camera,"August 15, 2016",2015,TV-MA,3 Seasons
5814,Movie,Louis C.K.: Live at the Comedy Store,"August 15, 2016",2015,66 min,Unknown
5815,Movie,Real Crime: Supermarket Heist (Tesco Bomber),"August 15, 2016",2010,TV-14,46 min
5816,Movie,Jim Gaffigan: Beyond the Pale,"August 11, 2016",2005,TV-14,72 min
5817,Movie,Jim Gaffigan: King Baby,"August 11, 2016",2009,TV-PG,71 min
5818,Movie,Jim Gaffigan: Mr. Universe,"August 11, 2016",2012,TV-14,77 min
5819,Movie,Jim Gaffigan: Obsessed,"August 11, 2016",2014,TV-14,70 min
5820,Movie,David Cross: Making America Great Again!,"August 5, 2016",2016,TV-MA,73 min
5821,Movie,Lavell Crawford: Can a Brother Get Some Love?,"August 2, 2016",2011,TV-MA,81 min
5822,Movie,Children of God,"August 1, 2016",1994,TV-MA,63 min
5823,TV Show,Cocaine,"August 1, 2016",2005,TV-14,1 Season
5824,TV Show,Edge of the Universe,"August 1, 2016",2008,TV-G,1 Season
5825,Movie,Interview with a Serial Killer,"August 1, 2016",2008,TV-MA,45 min
5826,TV Show,La Esclava Blanca,"August 1, 2016",2016,TV-MA,1 Season
5827,Movie,Real Crime: Diamond Geezers,"August 1, 2016",2008,TV-14,46 min
5828,TV Show,LEGO Bionicle: The Journey to One,"July 29, 2016",2016,TV-Y7,2 Seasons
5829,Movie,Tallulah,"July 29, 2016",2016,TV-MA,112 min
5830,TV Show,Popples,"July 24, 2016",2016,TV-Y,3 Seasons
5831,Movie,Rebirth,"July 15, 2016",2016,TV-MA,101 min
5832,Movie,Tony Robbins: I Am Not Your Guru,"July 15, 2016",2016,TV-MA,117 min
5833,Movie,Gridlocked,"July 14, 2016",2015,R,114 min
5834,Movie,Brahman Naman,"July 6, 2016",2016,TV-MA,96 min
5835,TV Show,Kuromukuro,"July 4, 2016",2016,TV-14,2 Seasons
5836,Movie,Jim Jefferies: Freedumb,"July 1, 2016",2016,TV-MA,87 min
5837,TV Show,Marco Polo,"July 1, 2016",2016,TV-MA,2 Seasons
5838,Movie,X: Past Is Present,"July 1, 2016",2015,TV-MA,105 min
5839,TV Show,Justin Time GO!,"June 24, 2016",2016,TV-Y,1 Season
5840,Movie,Sofía Niño de Rivera: Exposed,"June 24, 2016",2016,TV-MA,80 min
5841,Movie,The Fundamentals of Caring,"June 24, 2016",2016,TV-MA,97 min
5842,Movie,Ip Man 3,"June 18, 2016",2015,PG-13,105 min
5843,Movie,Bo Burnham: Make Happy,"June 3, 2016",2016,TV-MA,60 min
5844,TV Show,Hibana: Spark,"June 2, 2016",2016,TV-MA,1 Season
5845,TV Show,72 Cutest Animals,"June 1, 2016",2016,TV-PG,1 Season
5846,TV Show,72 Dangerous Places to Live,"June 1, 2016",2016,TV-PG,1 Season
5847,Movie,The Do-Over,"May 27, 2016",2016,TV-MA,109 min
5848,Movie,Ali Wong: Baby Cobra,"May 6, 2016",2016,TV-MA,60 min
5849,Movie,Special Correspondents,"April 29, 2016",2016,TV-MA,101 min
5850,Movie,Team Foxcatcher,"April 29, 2016",2016,TV-MA,91 min
5851,Movie,Patton Oswalt: Talking for Clapping,"April 22, 2016",2016,TV-MA,66 min
5852,Movie,Belgica,"April 15, 2016",2016,TV-MA,127 min
5853,Movie,Hush,"April 8, 2016",2016,R,82 min
5854,TV Show,Cyborg 009 VS Devilman,"April 1, 2016",2015,TV-MA,1 Season
5855,Movie,Frank and Cindy,"April 1, 2016",2007,TV-MA,70 min
5856,TV Show,Justin Time,"April 1, 2016",2012,TV-Y,2 Seasons
5857,TV Show,Terrace House: Boys & Girls in the City,"April 1, 2016",2016,TV-14,2 Seasons
5858,Movie,Kung Fu Panda: Secrets of the Scroll,"March 25, 2016",2016,TV-PG,23 min
5859,Movie,He Never Died,"March 18, 2016",2015,R,97 min
5860,Movie,Jimmy Carr: Funny Business,"March 18, 2016",2016,TV-MA,62 min
5861,Movie,My Beautiful Broken Brain,"March 18, 2016",2016,TV-14,84 min
5862,Movie,Pee-wee's Big Holiday,"March 18, 2016",2016,TV-PG,90 min
5863,TV Show,Netflix Presents: The Characters,"March 11, 2016",2016,TV-MA,1 Season
5864,TV Show,Your lie in April,"March 1, 2016",2014,TV-14,1 Season
5865,Movie,"Crouching Tiger, Hidden Dragon: Sword of Destiny","February 26, 2016",2016,PG-13,101 min
5866,Movie,Marvel Super Hero Adventures: Frost Fight!,"February 24, 2016",2015,PG,74 min
5867,TV Show,Cooked,"February 19, 2016",2016,TV-14,1 Season
5868,TV Show,Care Bears & Cousins,"February 5, 2016",2016,TV-Y,2 Seasons
5869,Movie,Hannibal Buress: Comedy Camisado,"February 5, 2016",2016,TV-MA,68 min
5870,TV Show,Turbo FAST,"February 5, 2016",2016,TV-Y7,3 Seasons
5871,TV Show,Masha's Tales,"February 1, 2016",2012,TV-Y,1 Season
5872,TV Show,Chelsea Does,"January 23, 2016",2016,TV-MA,1 Season
5873,Movie,Ricardo O'Farrill Abrazo Genial,"January 22, 2016",2016,TV-MA,92 min
5874,Movie,Ip Man,"January 15, 2016",2008,R,107 min
5875,Movie,Ip Man 2,"January 15, 2016",2010,R,108 min
5876,Movie,Tom Segura: Mostly Stories,"January 8, 2016",2016,TV-MA,74 min
5877,Movie,Marco Polo: One Hundred Eyes,"December 26, 2015",2015,TV-MA,29 min
5878,TV Show,Sammy & Co,"December 25, 2015",2014,TV-Y,1 Season
5879,Movie,Mike Epps: Don't Take It Personal,"December 18, 2015",2015,TV-MA,60 min
5880,Movie,The Ridiculous 6,"December 11, 2015",2015,TV-14,120 min
5881,Movie,"Trailer Park Boys: Drunk, High and Unemployed: Live in Austin","December 9, 2015",2015,TV-MA,74 min
5882,Movie,A Very Murray Christmas,"December 4, 2015",2015,TV-14,57 min
5883,TV Show,Atelier,"December 1, 2015",2015,TV-PG,1 Season
5884,Movie,Naomi and Ely's No Kiss List,"November 18, 2015",2015,TV-MA,91 min
5885,Movie,John Mulaney: The Comeback Kid,"November 13, 2015",2015,TV-MA,62 min
5886,TV Show,W/ Bob & David,"November 13, 2015",2015,TV-MA,1 Season
5887,Movie,Manson Family Vacation,"October 27, 2015",2015,TV-MA,85 min
5888,Movie,Walt Disney Animation Studios Short Films Collection,"October 25, 2015",2015,TV-Y,90 min
5889,TV Show,Hemlock Grove,"October 23, 2015",2015,TV-MA,3 Seasons
5890,Movie,Results,"October 22, 2015",2015,R,105 min
5891,Movie,Anthony Jeselnik: Thoughts and Prayers,"October 16, 2015",2015,TV-MA,59 min
5892,Movie,Beasts of No Nation,"October 16, 2015",2015,TV-MA,137 min
5893,Movie,Circle,"October 16, 2015",2015,TV-MA,86 min
5894,Movie,Winter on Fire: Ukraine's Fight for Freedom,"October 9, 2015",2015,TV-MA,99 min
5895,Movie,Anjelah Johnson: Not Fancy,"October 2, 2015",2015,TV-14,64 min
5896,TV Show,Wakfu: The Quest for the Six Eliatrope Dofus,"October 1, 2015",2014,TV-PG,1 Season
5897,Movie,Keith Richards: Under the Influence,"September 18, 2015",2015,TV-14,82 min
5898,Movie,Cowspiracy: The Sustainability Secret,"September 15, 2015",2014,TV-PG,90 min
5899,Movie,6 Years,"September 8, 2015",2015,TV-MA,80 min
5900,Movie,Demetri Martin: Live (At the Time),"August 14, 2015",2015,TV-MA,62 min
5901,TV Show,Wet Hot American Summer,"July 31, 2015",2015,TV-MA,1 Season
5902,Movie,Tig,"July 17, 2015",2015,TV-14,92 min
5903,TV Show,H2O: Mermaid Adventures,"July 15, 2015",2015,TV-Y7,2 Seasons
5904,Movie,Creep,"July 14, 2015",2014,R,78 min
5905,Movie,Chris Tucker Live,"July 10, 2015",2015,TV-MA,92 min
5906,Movie,Ralphie May: Imperfectly Yours,"June 29, 2015",2015,TV-MA,69 min
5907,Movie,"What Happened, Miss Simone?","June 26, 2015",2015,TV-14,103 min
5908,Movie,Advantageous,"June 23, 2015",2015,TV-MA,92 min
5909,TV Show,Danger Mouse: Classic Collection,"June 15, 2015",1992,TV-Y,10 Seasons
5910,Movie,The Perfect Dictatorship,"June 1, 2015",2014,TV-MA,143 min
5911,Movie,Hot Girls Wanted,"May 29, 2015",2015,TV-MA,83 min
5912,Movie,Jen Kirkman: I'm Gonna Die Alone (And I Feel Fine),"May 22, 2015",2015,TV-MA,78 min
5913,Movie,The Other One: The Long Strange Trip of Bob Weir,"May 22, 2015",2015,TV-14,84 min
5914,Movie,Chris D'Elia: Incorrigible,"April 17, 2015",2015,TV-MA,84 min
5915,TV Show,Oscar's Oasis,"March 15, 2015",2011,TV-Y,1 Season
5916,Movie,Aziz Ansari Live at Madison Square Garden,"March 6, 2015",2015,TV-MA,58 min
5917,Movie,My Own Man,"March 6, 2015",2015,TV-MA,82 min
5918,Movie,Ralphie May: Unruly,"February 27, 2015",2015,TV-MA,83 min
5919,Movie,Virunga: Gorillas in Peril,"February 13, 2015",2015,TV-14,29 min
5920,Movie,Iliza Shlesinger: Freezing Hot,"January 23, 2015",2015,TV-MA,72 min
5921,Movie,BoJack Horseman Christmas Special: Sabrina's Christmas Wish,"December 19, 2014",2014,TV-MA,26 min
5922,Movie,Bill Burr: I'm Sorry You Feel That Way,"December 5, 2014",2014,TV-MA,81 min
5923,TV Show,Lilyhammer,"November 21, 2014",2014,TV-MA,3 Seasons
5924,TV Show,Goosebumps,"November 19, 2014",1998,TV-G,5 Seasons
5925,Movie,Chelsea Peretti: One of the Greats,"November 14, 2014",2014,TV-MA,75 min
5926,Movie,Virunga,"November 7, 2014",2014,TV-MA,100 min
5927,Movie,E-Team,"October 24, 2014",2014,TV-MA,90 min
5928,Movie,Wyatt Cenac: Brooklyn,"October 21, 2014",2014,TV-MA,68 min
5929,Movie,Chelsea Handler: Uganda Be Kidding Me Live,"October 10, 2014",2014,TV-MA,71 min
5930,Movie,Print the Legend,"September 26, 2014",2014,TV-14,100 min
5931,Movie,Mission Blue,"August 15, 2014",2014,TV-PG,94 min
5932,Movie,The Battered Bastards of Baseball,"July 11, 2014",2014,TV-MA,80 min
5933,Movie,From One Second to the Next,"April 15, 2014",2013,TV-14,35 min
5934,TV Show,The Borgias,"February 1, 2014",2013,TV-MA,3 Seasons
5935,Movie,Mitt,"January 24, 2014",2014,TV-PG,93 min
5936,Movie,The Square,"January 17, 2014",2013,TV-MA,105 min
5937,Movie,Shrek the Musical,"December 29, 2013",2013,TV-G,130 min
5938,Movie,The Short Game,"December 12, 2013",2013,PG,100 min
5939,Movie,Aziz Ansari: Buried Alive,"November 1, 2013",2013,TV-MA,80 min
5940,TV Show,The 4400,"September 1, 2013",2007,TV-14,4 Seasons
5941,TV Show,Breaking Bad,"August 2, 2013",2013,TV-MA,5 Seasons
5942,Movie,Being Elmo: A Puppeteer's Journey,"February 21, 2012",2011,PG,76 min
5943,Movie,A Stoning in Fulham County,"October 1, 2011",1988,TV-14,95 min
5944,Movie,Adam: His Song Continues,"October 1, 2011",1986,TV-MA,96 min
5945,Movie,Hard Lessons,"October 1, 2011",1986,TV-14,94 min
5946,Movie,In Defense of a Married Man,"October 1, 2011",1990,TV-14,94 min
5947,Movie,Quiet Victory: The Charlie Wedemeyer Story,"October 1, 2011",1988,TV-PG,93 min
5948,Movie,Strange Voices,"October 1, 2011",1987,TV-PG,96 min
5949,Movie,The Ryan White Story,"October 1, 2011",1989,TV-PG,94 min
5950,Movie,Too Young the Hero,"October 1, 2011",1988,TV-MA,94 min
5951,Movie,Triumph of the Heart,"October 1, 2011",1991,TV-PG,93 min
5952,Movie,Unspeakable Acts,"October 1, 2011",1990,TV-14,95 min
5953,Movie,Victim of Beauty,"October 1, 2011",1991,TV-14,93 min
5954,Movie,Joseph: King of Dreams,"September 27, 2011",2000,TV-PG,75 min
5955,Movie,Even the Rain,"May 17, 2011",2010,TV-MA,103 min
5956,Movie,Splatter,"November 18, 2009",2009,TV-MA,29 min
5957,Movie,Just Another Love Story,"May 5, 2009",2007,TV-MA,104 min
5958,Movie,To and From New York,"January 1, 2008",2006,TV-MA,81 min
5959,Movie,9,"November 16, 2017",2009,PG-13,80 min
5960,Movie,21,"January 1, 2020",2008,PG-13,123 min
5961,Movie,187,"November 1, 2019",1997,R,119 min
5962,Movie,706,"April 1, 2019",2019,TV-14,118 min
5963,Movie,1920,"December 15, 2017",2008,TV-MA,143 min
5964,Movie,Oct-01,"September 1, 2019",2014,TV-14,149 min
5965,TV Show,Feb-09,"March 20, 2019",2018,TV-14,1 Season
5966,Movie,22-Jul,"October 10, 2018",2018,R,144 min
5967,Movie,15-Aug,"March 29, 2019",2019,TV-14,124 min
5968,Movie,'89,"May 16, 2018",2017,TV-PG,87 min
5969,Movie,​Goli Soda 2,"September 15, 2018",2018,TV-14,128 min
5970,Movie,​Maj Rati ​​Keteki,"September 15, 2018",2017,TV-14,117 min
5971,Movie,​Mayurakshi,"September 15, 2018",2017,TV-14,100 min
5972,Movie,(T)ERROR,"June 30, 2016",2015,NR,84 min
5973,Movie,#cats_the_mewvie,"February 5, 2020",2020,TV-14,90 min
5974,Movie,#Roxy,"April 10, 2019",2018,TV-14,105 min
5975,TV Show,แผนร้ายนายเจ้าเล่ห์,"March 30, 2019",2016,TV-14,1 Season
5976,Movie,Ég man þig,"March 27, 2018",2017,TV-MA,106 min
5977,Movie,Çok Filim Hareketler Bunlar,"March 10, 2017",2010,TV-MA,99 min
5978,Movie,Æon Flux,"February 1, 2018",2005,PG-13,93 min
5979,TV Show,Şubat,"January 17, 2017",2013,TV-MA,1 Season
5980,Movie,1 Chance 2 Dance,"July 1, 2017",2014,TV-PG,89 min
5981,Movie,1 Mile to You,"July 7, 2017",2017,TV-14,105 min
5982,Movie,"10,000 B.C.","June 1, 2019",2008,PG-13,109 min
5983,Movie,100 Days Of Solitude,"July 6, 2018",2018,TV-MA,93 min
5984,Movie,100 Years: One Woman's Fight for Justice,"March 20, 2018",2016,TV-14,75 min
5985,TV Show,100% Hotter,"November 1, 2019",2017,TV-14,1 Season
5986,Movie,12 ROUND GUN,"March 14, 2019",2017,TV-MA,90 min
5987,TV Show,12 Years Promise,"May 22, 2017",2014,TV-14,1 Season
5988,Movie,13 Cameras,"August 13, 2016",2015,NR,90 min
5989,Movie,13 Sins,"January 13, 2019",2014,R,93 min
5990,Movie,13TH: A Conversation with Oprah Winfrey & Ava DuVernay,"January 26, 2017",2017,Unknown,37 min
5991,Movie,14 Blades,"April 3, 2019",2010,R,113 min
5992,Movie,14 Cameras,"October 27, 2018",2018,TV-MA,89 min
5993,Movie,16 Blocks,"November 1, 2019",2006,PG-13,102 min
5994,Movie,17 Again,"January 1, 2021",2009,PG-13,102 min
5995,Movie,1BR,"August 23, 2020",2019,TV-MA,90 min
5996,Movie,1st Summoning,"July 26, 2019",2018,TV-MA,94 min
5997,Movie,20 Feet From Stardom,"September 22, 2018",2013,PG-13,91 min
5998,Movie,2015 Dream Concert,"April 28, 2017",2015,TV-PG,107 min
5999,Movie,2036 Origin Unknown,"December 20, 2018",2018,TV-14,95 min
6000,Movie,20th Century Women,"June 28, 2019",2016,R,119 min
6001,Movie,21 & Over,"April 16, 2019",2013,R,93 min
6002,TV Show,21 Sarfarosh: Saragarhi 1897,"December 1, 2018",2018,TV-14,1 Season
6003,Movie,2307: Winter's Dream,"March 1, 2018",2016,TV-MA,101 min
6004,Movie,24 Hours to Live,"April 7, 2018",2017,R,93 min
6005,Movie,"27, el club de los malditos","May 1, 2018",2018,TV-MA,82 min
6006,Movie,27: Gone Too Soon,"May 1, 2018",2017,TV-MA,70 min
6007,Movie,28 Days,"September 30, 2020",2000,PG-13,104 min
6008,Movie,3 Deewarein,"December 31, 2019",2003,TV-MA,121 min
6009,Movie,3 Generations,"August 28, 2017",2015,PG-13,92 min
6010,Movie,3 Heroines,"January 5, 2019",2016,TV-PG,124 min
6011,Movie,3 Seconds Divorce,"June 15, 2019",2018,TV-PG,53 min
6012,Movie,30 Days of Luxury,"April 18, 2019",2016,TV-14,91 min
6013,Movie,30 Minutes or Less,"January 1, 2021",2011,R,83 min
6014,Movie,300 Miles to Heaven,"October 1, 2019",1989,TV-14,93 min
6015,Movie,42 Grams,"February 1, 2018",2017,TV-MA,81 min
6016,Movie,4th Man Out,"May 5, 2016",2015,NR,86 min
6017,Movie,5 Cowok Jagoan,"January 5, 2019",2017,TV-MA,106 min
6018,Movie,5 to 7,"March 16, 2017",2014,R,97 min
6019,Movie,50 First Dates,"December 1, 2020",2004,PG-13,99 min
6020,Movie,50/50,"June 1, 2019",2011,R,100 min
6021,Movie,5CM,"September 28, 2018",2012,TV-14,126 min
6022,Movie,6 Days,"February 8, 2018",2017,R,94 min
6023,Movie,6-5=2,"November 1, 2017",2014,TV-MA,103 min
6024,Movie,68 Kill,"September 1, 2019",2017,R,96 min
6025,TV Show,7 (Seven),"July 30, 2019",2019,TV-14,1 Season
6026,Movie,7 Din Mohabbat In,"May 15, 2019",2018,TV-PG,137 min
6027,TV Show,9 Months That Made You,"March 1, 2017",2016,TV-PG,1 Season
6028,Movie,A Bad Moms Christmas,"February 14, 2020",2017,R,104 min
6029,Movie,A Billion Colour Story,"April 1, 2018",2016,TV-14,104 min
6030,Movie,A Boy Called Po,"January 15, 2018",2016,PG,94 min
6031,Movie,A Bridge Too Far,"July 1, 2020",1977,PG,176 min
6032,Movie,A Clockwork Orange,"November 1, 2020",1971,R,137 min
6033,Movie,A Dangerous Woman,"April 1, 2018",1993,R,101 min
6034,Movie,A Family Affair,"October 16, 2016",2015,TV-PG,111 min
6035,Movie,A Family Man,"December 15, 2019",2016,R,110 min
6036,Movie,A Flying Jatt,"November 15, 2017",2016,TV-14,142 min
6037,Movie,A Glimpse Inside the Mind of Charles Swan III,"July 15, 2018",2012,R,86 min
6038,TV Show,A Good Wife,"January 1, 2017",2013,TV-14,1 Season
6039,Movie,A Gray State,"December 25, 2017",2017,TV-MA,93 min
6040,Movie,A Haunted House,"February 21, 2020",2013,R,86 min
6041,Movie,A Haunting at Silver Falls: The Return,"September 17, 2019",2019,TV-14,80 min
6042,Movie,A Holiday Engagement,"November 4, 2019",2011,TV-G,92 min
6043,Movie,A Kind of Murder,"May 1, 2017",2016,R,96 min
6044,Movie,A Leaf of Faith,"August 27, 2018",2018,TV-MA,87 min
6045,TV Show,A Man Called God,"March 12, 2019",2010,TV-14,1 Season
6046,Movie,A Mission in an Old Movie,"April 25, 2019",2012,TV-MA,98 min
6047,Movie,A Most Violent Year,"July 22, 2018",2014,R,125 min
6048,Movie,A Murder in the Park,"April 28, 2017",2014,PG-13,91 min
6049,Movie,A new Capitalism,"June 12, 2018",2017,TV-14,76 min
6050,Movie,A Night at the Roxbury,"December 1, 2019",1998,PG-13,82 min
6051,Movie,A Noble Intention,"September 1, 2016",2015,TV-MA,111 min
6052,Movie,A Patch of Fog,"April 15, 2017",2015,TV-MA,92 min
6053,Movie,A Perfect Man,"June 6, 2019",2013,R,94 min
6054,Movie,A Princess for Christmas,"August 28, 2020",2011,TV-PG,91 min
6055,Movie,A Russell Peters Christmas,"November 1, 2013",2011,NR,44 min
6056,Movie,A Scandall,"October 15, 2017",2016,TV-MA,108 min
6057,Movie,A Separation,"March 16, 2019",2011,PG-13,123 min
6058,Movie,A Serious Man,"January 16, 2018",2009,R,106 min
6059,Movie,A Sort of Homecoming,"August 1, 2017",2015,TV-PG,89 min
6060,Movie,A Tale of Love and Darkness,"October 25, 2019",2015,PG-13,98 min
6061,Movie,A Thin Line Between Love & Hate,"December 1, 2020",1996,R,108 min
6062,Movie,A Thousand Words,"July 1, 2020",2012,PG-13,92 min
6063,Movie,A Walk to Remember,"July 1, 2020",2002,PG,102 min
6064,Movie,A Wednesday,"November 1, 2018",2008,TV-MA,103 min
6065,Movie,A Week in Watts,"February 19, 2018",2017,TV-14,91 min
6066,Movie,A Wrinkle in Time,"September 25, 2018",2018,PG,110 min
6067,TV Show,A Young Doctor's Notebook and Other Stories,Unknown,2013,TV-MA,2 Seasons
6068,TV Show,A.D. Kingdom and Empire,"December 15, 2017",2015,TV-14,1 Season
6069,Movie,A.M.I.,"October 1, 2020",2019,TV-MA,77 min
6070,Movie,A.X.L.,"March 20, 2019",2018,PG,99 min
6071,Movie,Aşk Tesadüfleri Sever,"April 4, 2018",2011,TV-MA,122 min
6072,Movie,Aadu 2,"May 15, 2018",2017,TV-MA,150 min
6073,Movie,Aajcha Divas Majha,"January 1, 2018",2013,TV-PG,126 min
6074,Movie,Aarakshan,"December 31, 2019",2011,TV-14,164 min
6075,Movie,Aashayein,"October 22, 2017",2010,TV-14,115 min
6076,Movie,Aata Pita,"January 1, 2018",2010,TV-14,133 min
6077,Movie,Abby Sen,"May 1, 2017",2015,TV-PG,127 min
6078,Movie,Abdo Mota,"April 19, 2019",2012,TV-MA,100 min
6079,Movie,Abhinetri,"May 1, 2018",2016,TV-14,131 min
6080,TV Show,Abnormal Summit," August 4, 2017",2017,TV-PG,2 Seasons
6081,Movie,Abominable Christmas,"February 18, 2016",2012,TV-Y7,44 min
6082,Movie,About a Boy,"February 1, 2019",2002,PG-13,101 min
6083,Movie,Abzurdah,"August 25, 2016",2015,TV-MA,90 min
6084,Movie,Acapulco La vida va,"June 3, 2017",2016,TV-MA,89 min
6085,Movie,Across The Line,"April 1, 2019",2015,TV-MA,88 min
6086,Movie,Across the Universe,"January 1, 2019",2007,PG-13,133 min
6087,Movie,Act of Valor,"June 1, 2020",2012,R,110 min
6088,Movie,Act of Vengeance,"September 29, 2018",2010,NR,112 min
6089,Movie,Acts of Violence,"August 1, 2020",2018,R,87 min
6090,TV Show,Adam Ruins Everything,"September 30, 2018",2018,TV-14,1 Season
6091,Movie,Addicted to Life,"June 12, 2020",2014,TV-14,91 min
6092,Movie,Adore,"November 20, 2019",2013,R,111 min
6093,Movie,Adrishya,"December 31, 2019",2017,TV-14,99 min
6094,Movie,Adventures in Public School,"August 15, 2018",2018,NR,86 min
6095,TV Show,Africa,"April 28, 2016",2013,TV-PG,1 Season
6096,Movie,After Porn Ends,"May 27, 2019",2012,NR,93 min
6097,Movie,After Porn Ends 3,"December 30, 2018",2018,TV-MA,87 min
6098,Movie,Afterschool,"August 13, 2020",2008,TV-MA,107 min
6099,Movie,Aftershock,"March 7, 2018",2012,R,89 min
6100,Movie,Agatha and the Truth of Murder,"January 31, 2019",2018,TV-MA,92 min
6101,TV Show,Age Gap Love,"July 12, 2019",2017,TV-MA,1 Season
6102,TV Show,Age of Glory,"August 14, 2017",2010,TV-MA,2 Seasons
6103,TV Show,Agent Raghav,"April 15, 2017",2015,TV-14,1 Season
6104,Movie,Ahista Ahista,"December 31, 2019",2006,TV-14,122 min
6105,Movie,Ai Weiwei: Never Sorry,"March 1, 2018",2012,R,91 min
6106,TV Show,Ainsley Eats the Streets,"July 12, 2019",2014,TV-PG,1 Season
6107,Movie,Aisa Yeh Jahaan,"October 15, 2017",2015,TV-14,127 min
6108,Movie,Aitraaz,"March 1, 2018",2004,TV-14,153 min
6109,Movie,Alarmoty in the Land of Fire,"August 5, 2019",2017,TV-MA,94 min
6110,Movie,Albion: The Enchanted Stallion,"July 1, 2017",2016,TV-PG,106 min
6111,Movie,Alejandro Sanz: What I Was Is What I Am,"August 18, 2018",2018,TV-MA,102 min
6112,Movie,Alice Doesn't Live Here Anymore,"July 1, 2019",1974,PG,112 min
6113,Movie,Alien Contact: Outer Space,"January 9, 2018",2017,TV-PG,63 min
6114,Movie,Aliens Ate My Homework,"March 6, 2018",2018,PG,90 min
6115,Movie,Alive and Kicking,"August 10, 2017",2016,TV-14,89 min
6116,Movie,All About Nina,"March 18, 2019",2018,R,101 min
6117,Movie,All Dogs Go to Heaven,"June 1, 2020",1989,G,85 min
6118,Movie,All Good Ones Get Away,"July 30, 2019",2019,TV-MA,83 min
6119,Movie,All Hallows' Eve,"August 1, 2017",2016,TV-G,92 min
6120,Movie,All Light Will End,"February 2, 2019",2018,TV-MA,84 min
6121,Movie,All the Boys Love Mandy Lane,"July 3, 2018",2006,R,91 min
6122,Movie,All the Devil's Men,"May 15, 2019",2018,R,100 min
6123,Movie,Alone in Berlin,"February 15, 2019",2016,R,103 min
6124,Movie,Along Came a Spider,"October 1, 2019",2001,R,103 min
6125,Movie,Alpha and Omega 2: A Howl-iday Adventure,"October 1, 2019",2013,TV-G,45 min
6126,Movie,Alpha and Omega: The Legend of the Saw Tooth Cave,"January 1, 2020",2014,TV-Y7,45 min
6127,TV Show,Alphablocks,"May 25, 2020",2014,TV-Y,5 Seasons
6128,Movie,AlphaGo,"January 1, 2018",2017,TV-G,90 min
6129,Movie,Always a Bridesmaid,"March 3, 2020",2019,TV-14,98 min
6130,Movie,Amar Akbar & Tony,"June 20, 2017",2015,TV-MA,92 min
6131,Movie,Amar Akbar Anthony,"December 31, 2019",1977,TV-14,172 min
6132,Movie,Amar's Hands,"April 26, 2019",2011,TV-14,125 min
6133,TV Show,America's Book of Secrets,"September 15, 2019",2014,TV-14,1 Season
6134,Movie,American Anarchist,"June 23, 2017",2016,TV-MA,81 min
6135,Movie,American Assassin,"January 31, 2020",2017,R,112 min
6136,Movie,American Beauty,"January 1, 2020",1999,R,122 min
6137,Movie,American Circumcision,"December 16, 2018",2017,TV-14,101 min
6138,TV Show,American Crime,"May 30, 2017",2017,TV-MA,3 Seasons
6139,Movie,American Experience: Ruby Ridge,"April 19, 2017",2017,TV-MA,53 min
6140,TV Show,American Experience: The Circus,"May 2, 2019",2018,TV-PG,1 Season
6141,Movie,American Experience: The Island Murder,"May 1, 2019",2018,TV-14,53 min
6142,Movie,American Hangman,"July 30, 2019",2019,TV-MA,99 min
6143,Movie,American Heist,"October 23, 2019",2014,R,95 min
6144,Movie,American History X,"November 1, 2019",1998,R,119 min
6145,Movie,American Honey,"April 27, 2019",2016,R,163 min
6146,Movie,American Masters: Ted Williams,"April 1, 2019",2018,TV-MA,55 min
6147,TV Show,American Odyssey,"April 5, 2016",2015,TV-14,1 Season
6148,Movie,American Psycho,"September 1, 2019",2000,R,102 min
6149,Movie,American Warfighter,"September 13, 2019",2019,TV-MA,106 min
6150,Movie,Amy,"July 26, 2018",2015,R,128 min
6151,Movie,An American in Madras,"January 1, 2017",2013,TV-PG,80 min
6152,Movie,An American Tail,"April 1, 2018",1986,G,80 min
6153,Movie,An American Tail: Fievel Goes West,"April 1, 2018",1991,G,75 min
6154,Movie,An American Tail: The Mystery of the Night Monster,"April 1, 2018",1999,G,75 min
6155,Movie,An American Tail: The Treasures of Manhattan Island,"April 1, 2018",2000,G,79 min
6156,Movie,An Hour and a Half,"April 26, 2019",2012,TV-14,87 min
6157,TV Show,An Innocent Mistake,"January 1, 2017",2012,TV-14,1 Season
6158,Movie,An Interview with God,"March 1, 2019",2018,TV-PG,97 min
6159,Movie,An Upper Egyptian,"June 20, 2019",2014,TV-MA,85 min
6160,Movie,Anarkali of Aarah,"August 1, 2017",2017,TV-MA,111 min
6161,Movie,Anchor and Hope,"February 15, 2019",2017,TV-MA,113 min
6162,TV Show,Ancient Aliens,"September 17, 2019",2018,TV-14,1 Season
6163,Movie,Anesthesia,"December 30, 2018",2015,R,90 min
6164,Movie,Angel Eyes,"September 5, 2020",2001,R,103 min
6165,Movie,Anger Management,"November 1, 2019",2003,PG-13,105 min
6166,Movie,Angry Indian Goddesses,"March 14, 2017",2015,TV-MA,104 min
6167,TV Show,Anjaan: Rural Myths,"December 15, 2018",2018,TV-14,1 Season
6168,TV Show,Anjaan: Special Crimes Unit,"May 1, 2018",2018,TV-14,1 Season
6169,Movie,Ankur Arora Murder Case,"October 15, 2017",2013,TV-14,127 min
6170,Movie,Annabelle Hooper and the Ghosts of Nantucket,"August 1, 2017",2016,TV-PG,92 min
6171,Movie,Another Forever,"March 21, 2017",2016,TV-PG,72 min
6172,Movie,Ant-Man and the Wasp,"January 29, 2019",2018,PG-13,118 min
6173,Movie,Antar: Son of Shadad,"May 9, 2019",2017,TV-MA,110 min
6174,Movie,Antariksha Ke Rakhwale,"June 18, 2019",2018,TV-Y7,65 min
6175,TV Show,Anthony Bourdain: Parts Unknown,Unknown,2018,TV-PG,5 Seasons
6176,Movie,Antidote,"April 14, 2019",2018,TV-MA,90 min
6177,Movie,Anwar,"December 31, 2019",2007,TV-14,134 min
6178,TV Show,忍者ハットリくん," December 23, 2018",2012,TV-Y7,2 Seasons
6179,Movie,Apache Warrior,"November 1, 2019",2017,TV-MA,89 min
6180,Movie,APEX: The Story of the Hypercar,"August 1, 2016",2016,NR,86 min
6181,Movie,Apollo 18,"March 9, 2019",2011,PG-13,87 min
6182,Movie,April and the Extraordinary World,"October 1, 2017",2015,PG,107 min
6183,Movie,"Aram, Aram","February 15, 2017",2015,TV-14,79 min
6184,Movie,Are We Done Yet?,"August 1, 2019",2018,TV-14,87 min
6185,Movie,Arisan 2,"September 15, 2018",2011,TV-14,113 min
6186,Movie,Arthur,"April 1, 2019",2011,PG-13,110 min
6187,Movie,Arthur Christmas,"January 1, 2020",2011,PG,98 min
6188,Movie,"As Above, So Below","September 16, 2018",2014,R,93 min
6189,Movie,As Good as It Gets,"January 1, 2020",1997,PG-13,139 min
6190,Movie,Assimilate,"October 25, 2019",2019,TV-MA,94 min
6191,Movie,Asura: The City of Madness,"February 15, 2018",2016,NR,133 min
6192,Movie,At All Costs,"December 14, 2016",2016,TV-MA,81 min
6193,Movie,At First Light,"December 27, 2018",2018,TV-14,91 min
6194,Movie,ATM,"September 5, 2018",2012,TV-14,122 min
6195,TV Show,Atomic Puppet,"December 1, 2017",2016,TV-Y7,1 Season
6196,Movie,Attacking the Devil: Harold Evans and the Last Nazi War Crime,"May 15, 2016",2014,TV-14,102 min
6197,Movie,Attitude Test,"August 19, 2018",2016,TV-14,88 min
6198,Movie,Auschwitz: Blueprints of Genocide,"January 19, 2019",1994,TV-PG,49 min
6199,TV Show,Aussie Gold Hunters,"August 1, 2017",2016,TV-MA,1 Season
6200,Movie,Automata,"September 8, 2017",2014,R,110 min
6201,Movie,Avengers: Infinity War,"December 25, 2018",2018,PG-13,150 min
6202,Movie,Avicii: True Stories,"December 28, 2018",2017,TV-MA,97 min
6203,Movie,Azhar,"April 12, 2019",2016,TV-14,129 min
6204,Movie,B.A. Pass,"June 7, 2018",2013,TV-14,99 min
6205,Movie,Babam ve Oğlum,"April 30, 2018",2005,TV-14,112 min
6206,Movie,Babel,"January 1, 2019",2006,R,143 min
6207,Movie,Bachelor Girls,"March 1, 2018",2016,TV-MA,61 min
6208,Movie,Back and Forth,"January 5, 2017",2016,NR,95 min
6209,Movie,Backcountry,"March 30, 2017",2014,NR,92 min
6210,Movie,Backfire,"April 5, 2019",2019,TV-MA,97 min
6211,Movie,Backtrack,"December 25, 2018",2015,R,90 min
6212,Movie,Bad Boys,"October 1, 2019",1995,R,119 min
6213,Movie,Bad Boys II,"October 1, 2019",2003,R,147 min
6214,TV Show,Bad Education," December 15, 2018",2014,TV-MA,3 Seasons
6215,Movie,Bad Match,"March 11, 2018",2017,TV-MA,83 min
6216,Movie,Bad Rap,"August 21, 2017",2016,TV-MA,83 min
6217,TV Show,Badalte Rishton Ki Dastaan,"April 1, 2017",2013,TV-14,1 Season
6218,Movie,Badha,"January 1, 2018",2006,TV-14,91 min
6219,Movie,Badland,"March 26, 2020",2019,TV-14,117 min
6220,TV Show,Bala Loca,"April 1, 2017",2016,TV-MA,1 Season
6221,Movie,Balto,"April 1, 2018",1995,G,78 min
6222,Movie,Balto 2: Wolf Quest,"April 1, 2018",2001,G,75 min
6223,Movie,Balto 3: Wings of Change,"April 1, 2018",2004,G,78 min
6224,Movie,Balu Mahi,"March 1, 2018",2017,TV-MA,149 min
6225,Movie,Bana Masal Anlatma,"March 10, 2017",2015,TV-14,103 min
6226,Movie,Band Aid,"April 12, 2019",2017,R,94 min
6227,Movie,Band of Robbers,"April 15, 2016",2015,NR,95 min
6228,Movie,Bang Rajan 2,"July 25, 2018",2010,TV-MA,122 min
6229,TV Show,Bangkok Bachelors,"June 4, 2018",2016,TV-MA,1 Season
6230,Movie,Bangkok Hell,"September 14, 2018",2002,TV-MA,107 min
6231,Movie,Bangkok Traffic (Love) Story,"September 5, 2018",2009,TV-14,126 min
6232,Movie,Barça Dreams,"September 1, 2018",2015,TV-MA,122 min
6233,Movie,Barah Aana,"December 31, 2019",2009,TV-14,95 min
6234,Movie,Barbecue,"August 15, 2017",2017,TV-MA,101 min
6235,Movie,Barbie & Her Sisters in a Pony Tale,"October 1, 2017",2013,TV-Y,74 min
6236,Movie,Barbie in A Mermaid Tale,"October 1, 2017",2010,TV-Y,74 min
6237,Movie,Barbie in Princess Power,"October 1, 2017",2015,TV-Y,74 min
6238,Movie,Barbie in Rock 'N Royals,"October 1, 2017",2015,TV-Y,83 min
6239,Movie,Barbie Star Light Adventure,"October 1, 2017",2016,TV-Y,79 min
6240,Movie,Barbie: A Fairy Secret,"October 1, 2017",2010,TV-Y7,72 min
6241,Movie,Barbie: Princess Charm School,"October 1, 2017",2011,TV-Y,80 min
6242,Movie,Barbie: Spy Squad,"October 1, 2017",2016,TV-Y,75 min
6243,Movie,Barbie: The Princess & the Popstar,"October 1, 2017",2012,TV-Y,75 min
6244,Movie,Barbie: Video Game Hero,"October 1, 2017",2017,TV-Y,72 min
6245,Movie,Barely Lethal,"July 26, 2018",2015,PG-13,99 min
6246,Movie,Barrio Universitario,"August 19, 2018",2013,TV-14,91 min
6247,Movie,Barsaat,"April 1, 2018",1995,TV-PG,166 min
6248,Movie,BASEketball,"November 1, 2018",1998,R,103 min
6249,Movie,Basic Instinct,"October 1, 2020",1992,R,128 min
6250,TV Show,Bat Pat,"December 31, 2017",2016,TV-Y,1 Season
6251,TV Show,Bates Motel,"February 20, 2018",2017,TV-MA,5 Seasons
6252,Movie,Bathtubs Over Broadway,"May 9, 2019",2018,PG-13,87 min
6253,TV Show,Battle Creek,"December 31, 2015",2015,TV-14,1 Season
6254,TV Show,Battlefield Recovery,"August 1, 2016",2016,TV-PG,1 Season
6255,Movie,Bawarchi,"December 31, 2019",1972,TV-PG,125 min
6256,Movie,Bazaar,"December 31, 2019",1982,TV-14,121 min
6257,Movie,Be Here Now,"February 28, 2017",2015,TV-MA,110 min
6258,Movie,Be Somebody,"November 20, 2019",2016,PG,88 min
6259,TV Show,Be-Be-Bears,"August 29, 2018",2018,TV-Y,1 Season
6260,Movie,Beak & Brain: Genius Birds From Down Under,"March 1, 2017",2013,TV-G,52 min
6261,Movie,Bean: The Ultimate Disaster Movie,"August 1, 2018",1997,PG-13,89 min
6262,Movie,Beary Tales,"March 1, 2017",2013,TV-G,52 min
6263,TV Show,Beast Legends,"February 1, 2019",2010,TV-PG,1 Season
6264,TV Show,Beating Again,"May 22, 2017",2015,TV-14,1 Season
6265,TV Show,Beauty & the Beast,"September 19, 2016",2016,TV-14,4 Seasons
6266,TV Show,Beauty and the Bitches,"April 23, 2019",2016,TV-MA,2 Seasons
6267,Movie,Beavis and Butt-head Do America,"November 20, 2019",1996,PG-13,81 min
6268,Movie,Bebe's Kids,"November 20, 2019",1992,PG-13,73 min
6269,Movie,Because of Soccer,"December 8, 2018",2008,TV-14,75 min
6270,Movie,Because We're Heading Out,"April 18, 2019",2016,TV-14,99 min
6271,Movie,Becoming Jane,"January 12, 2019",2007,PG-13,121 min
6272,Movie,Bedtime Stories,"March 5, 2019",2008,PG,100 min
6273,Movie,Before the Flood,"February 1, 2018",2016,PG,97 min
6274,Movie,"Behind ""The Cove"": The Quiet Japanese Speak Out","August 25, 2017",2015,TV-14,105 min
6275,Movie,Behind the Curtain: Todrick Hall,"April 5, 2018",2017,TV-MA,100 min
6276,TV Show,Behind the Newsroom,"September 14, 2018",2015,TV-MA,1 Season
6277,TV Show,Behzat Ç.,"May 19, 2017",2010,TV-MA,1 Season
6278,Movie,Beiimaan Love,"November 1, 2017",2016,TV-MA,115 min
6279,Movie,Being AP,"August 15, 2016",2015,TV-14,99 min
6280,TV Show,Being Mary Jane: The Series," July 1, 2017",2016,TV-14,4 Seasons
6281,Movie,Below Her Mouth,"August 1, 2017",2016,TV-MA,91 min
6282,TV Show,Ben 10,"September 30, 2018",2016,TV-Y7,1 Season
6283,Movie,Beneath the Leaves,"June 8, 2019",2019,TV-MA,90 min
6284,Movie,Benji: Off the Leash,"March 6, 2018",2004,PG,100 min
6285,Movie,Benji's Very Own Christmas Story,"October 3, 2018",1978,TV-G,25 min
6286,Movie,Berlin Kaplani,"March 10, 2017",2012,TV-14,99 min
6287,Movie,"Berlin, I Love You","June 8, 2019",2019,R,120 min
6288,Movie,Best Neighbors,"June 6, 2019",2014,TV-14,98 min
6289,Movie,Betting on Zero,"June 1, 2017",2017,TV-PG,104 min
6290,Movie,Bewafaa,"July 21, 2019",2005,TV-PG,149 min
6291,Movie,Bewildered Bolbol,"June 20, 2019",2010,TV-14,112 min
6292,TV Show,Beyblade: Metal Fusion,"December 15, 2017",2009,TV-Y7,1 Season
6293,Movie,Beyond All Boundaries,"April 1, 2017",2013,TV-14,98 min
6294,Movie,Beyond the Clouds,"August 10, 2018",2018,TV-14,120 min
6295,TV Show,Bh Se Bhade,"April 1, 2018",2013,TV-PG,1 Season
6296,TV Show,Bhaage Re Mann,"April 15, 2017",2015,TV-14,1 Season
6297,Movie,Bhagam Bhag,"December 31, 2019",2006,TV-14,151 min
6298,Movie,Bheemayan,"May 10, 2019",2018,TV-Y,63 min
6299,Movie,Bhool Bhulaiyaa,"October 22, 2017",2007,TV-14,148 min
6300,Movie,Bhoot,"December 31, 2019",2003,TV-MA,114 min
6301,Movie,Bhouri,"December 1, 2017",2017,TV-14,123 min
6302,TV Show,Big Bad Beetleborgs,"January 1, 2016",1997,TV-G,2 Seasons
6303,Movie,Big Bear,"February 28, 2018",2017,TV-MA,87 min
6304,Movie,Big Daddy,"October 1, 2020",1999,PG-13,93 min
6305,TV Show,"Big Dreams, Small Spaces"," July 26, 2019",2017,TV-G,3 Seasons
6306,Movie,Big Fat Liar,"January 15, 2020",2002,PG,88 min
6307,Movie,Big Kill,"June 18, 2019",2018,R,126 min
6308,Movie,Big Time,"April 1, 2018",2017,TV-MA,90 min
6309,Movie,Bigger Fatter Liar,"April 18, 2017",2017,PG,95 min
6310,Movie,Biggie & Tupac,"January 26, 2019",2002,R,108 min
6311,Movie,Bill Burr: Let It Go,"November 10, 2017",2010,NR,65 min
6312,Movie,Billy Elliot,"February 1, 2019",2000,R,110 min
6313,Movie,Billy Graham: An Extraordinary Journey,"February 28, 2019",2018,TV-PG,66 min
6314,Movie,Bilu Rakkhosh,"March 15, 2018",2017,TV-MA,127 min
6315,Movie,Bioscope,"August 15, 2018",2015,TV-14,131 min
6316,Movie,Birthmarked,"June 28, 2018",2018,TV-MA,88 min
6317,Movie,Bitch,"March 11, 2018",2017,R,97 min
6318,Movie,Bitcoin Heist,"September 2, 2017",2016,TV-14,116 min
6319,TV Show,Bitten," May 26, 2016",2016,TV-MA,3 Seasons
6320,TV Show,Bitter Daisies,"March 29, 2019",2018,TV-MA,1 Season
6321,Movie,Bittoo Boss,"July 5, 2020",2012,TV-14,117 min
6322,Movie,Black & Privileged: Volume 1,"July 12, 2019",2019,TV-MA,79 min
6323,Movie,Black Hawk Down,"January 1, 2019",2001,R,144 min
6324,TV Show,Black Heart,"October 12, 2018",2014,TV-14,1 Season
6325,Movie,Black Man White Skin,"June 1, 2016",2015,TV-PG,79 min
6326,Movie,Black Panther,"September 4, 2018",2018,PG-13,135 min
6327,Movie,Black Site Delta,"August 9, 2017",2017,TV-MA,88 min
6328,Movie,Black Snake Moan,"November 20, 2019",2007,R,116 min
6329,Movie,Black Snow,"July 1, 2017",2017,TV-MA,91 min
6330,Movie,Blackfish,"May 1, 2020",2013,PG-13,83 min
6331,Movie,Blackway,"December 15, 2017",2015,PG-13,90 min
6332,Movie,Blaze,"August 30, 2020",2018,R,129 min
6333,Movie,Bleed for This,"April 11, 2020",2016,R,120 min
6334,Movie,Blinky Bill: The Movie,"February 8, 2017",2015,PG,91 min
6335,Movie,Blockbuster,"January 24, 2018",2017,TV-MA,85 min
6336,TV Show,Blood & Treasures,"July 14, 2018",2016,TV-14,1 Season
6337,Movie,Blood Father,"March 26, 2020",2016,R,88 min
6338,Movie,Blow,"October 1, 2019",2001,R,123 min
6339,Movie,Blue Is the Warmest Color,"August 26, 2016",2013,NC-17,180 min
6340,Movie,Blue Jasmine,"March 8, 2019",2013,PG-13,98 min
6341,Movie,Blue Mountain State: The Rise of Thadland,"March 1, 2016",2016,R,90 min
6342,TV Show,Blue Planet II,"December 3, 2018",2017,TV-G,1 Season
6343,Movie,Blue Ruin,"February 25, 2019",2013,R,90 min
6344,Movie,Blue Streak,"January 1, 2021",1999,PG-13,94 min
6345,Movie,Blue Valentine,"July 5, 2018",2010,R,112 min
6346,Movie,Blurred Lines: Inside the Art World,"December 31, 2017",2017,TV-MA,85 min
6347,Movie,Bob Lazar: Area 51 & Flying Saucers,"June 18, 2019",2018,TV-MA,97 min
6348,TV Show,Bob Ross: Beauty Is Everywhere,"June 1, 2016",1991,TV-G,1 Season
6349,Movie,Bob's Broken Sleigh,"December 17, 2015",2015,TV-G,47 min
6350,Movie,Bobbi Jene,"June 1, 2018",2017,TV-MA,99 min
6351,Movie,Bobby,"December 31, 2019",1973,TV-14,168 min
6352,Movie,Bobby Robson: More Than a Manager,"December 1, 2018",2018,TV-14,99 min
6353,Movie,Bobby Sands: 66 Days,"September 28, 2017",2016,TV-14,106 min
6354,Movie,Bokeh,"June 22, 2017",2017,TV-14,92 min
6355,Movie,Bolt,"July 22, 2018",2008,PG,99 min
6356,Movie,Bombshell: The Hedy Lamarr Story,"May 31, 2018",2017,TV-14,89 min
6357,Movie,Bon Bini Holland,"September 1, 2016",2015,TV-MA,88 min
6358,TV Show,Bondi Rescue," November 1, 2019",2016,TV-PG,1 Season
6359,Movie,Bonnie and Clyde,"January 1, 2021",1967,R,111 min
6360,Movie,Boom,"March 1, 2018",2003,TV-MA,79 min
6361,TV Show,Border Patrol,"October 2, 2019",2016,TV-PG,1 Season
6362,TV Show,Borderline," December 2, 2017",2017,TV-14,2 Seasons
6363,Movie,Born Strong,"December 31, 2017",2017,TV-MA,86 min
6364,Movie,Born to Be Free,"April 1, 2017",2016,TV-14,74 min
6365,TV Show,Botched Up Bodies,"October 2, 2019",2013,TV-MA,1 Season
6366,Movie,Bottom of the World,"May 28, 2020",2017,TV-MA,84 min
6367,Movie,Boy and the World,"October 1, 2017",2013,PG,80 min
6368,Movie,Boy Bye,"April 2, 2019",2016,TV-MA,86 min
6369,TV Show,Brain Games," March 15, 2019",2016,TV-G,3 Seasons
6370,Movie,Brampton's Own,"April 19, 2019",2018,TV-MA,90 min
6371,Movie,Bratz: The Movie,"June 29, 2020",2007,PG,102 min
6372,TV Show,Brave Miss World,"February 17, 2018",2013,TV-14,1 Season
6373,Movie,Brave New Jersey,"December 15, 2017",2016,TV-MA,92 min
6374,TV Show,Braxton Family Values,"February 15, 2020",2014,TV-PG,2 Seasons
6375,Movie,Breaking Free,"December 15, 2017",2015,TV-MA,81 min
6376,Movie,Breath,"December 5, 2018",2018,TV-MA,116 min
6377,Movie,Brick,"September 1, 2018",2005,R,110 min
6378,Movie,Bring It On: Worldwide Showdown,"August 29, 2017",2017,PG-13,95 min
6379,TV Show,Bringing Sexy Back,"October 2, 2019",2015,TV-14,1 Season
6380,Movie,Brooklyn's Finest,"October 1, 2018",2009,R,133 min
6381,Movie,Brotherhood of Blades II: The Infernal Battlefield,"November 28, 2018",2017,TV-MA,120 min
6382,TV Show,Brown Nation,"November 15, 2016",2016,TV-14,1 Season
6383,Movie,Bruno and Boots: Go Jump in the Pool,"June 24, 2017",2016,TV-PG,91 min
6384,Movie,Bruno and Boots: The Wizzle War,"July 1, 2017",2017,TV-PG,90 min
6385,Movie,Bruno and Boots: This Can't Be Happening at Macdonald Hall,"June 24, 2017",2017,TV-PG,90 min
6386,TV Show,Buddha,"April 1, 2018",2013,TV-PG,1 Season
6387,Movie,Buffalo Boys,"April 12, 2019",2018,TV-MA,103 min
6388,Movie,Bugs,"February 20, 2018",2016,TV-G,73 min
6389,Movie,Bullitt County,"June 1, 2019",2018,TV-MA,98 min
6390,TV Show,"Bure Kaam Bura Natija, Kyun Bhai Chacha Haan Bhatija","March 31, 2018",2017,TV-PG,1 Season
6391,Movie,Burlesque,"December 16, 2019",2010,PG-13,119 min
6392,Movie,Burlesque: Heart of the Glitter Tribe,"June 1, 2017",2017,TV-MA,76 min
6393,Movie,Burning,"April 29, 2019",2018,TV-MA,148 min
6394,TV Show,Burnistoun," October 1, 2019",2012,TV-MA,2 Seasons
6395,Movie,Bushwick,"November 24, 2017",2017,TV-MA,94 min
6396,Movie,Butterfield 8,"November 1, 2019",1960,TV-14,108 min
6397,Movie,Cézanne et moi,"September 7, 2017",2016,R,114 min
6398,Movie,Cabin Fever,"June 6, 2019",2016,R,98 min
6399,TV Show,Cabins in the Wild with Dick Strawbridge,"September 15, 2018",2017,TV-PG,1 Season
6400,Movie,Cahaya Dari Timur Beta Maluku,"October 5, 2018",2014,TV-14,151 min
6401,Movie,Caida del Cielo,"January 20, 2017",2016,TV-MA,78 min
6402,TV Show,Cain and Abel,"March 12, 2019",2009,TV-MA,1 Season
6403,Movie,Cake,"May 15, 2019",2018,TV-MA,125 min
6404,Movie,Calendar Girls,"October 15, 2017",2015,TV-14,126 min
6405,TV Show,Calico Critters,"November 1, 2018",2018,TV-Y,1 Season
6406,Movie,Calico Critters: A Town of Dreams,"November 1, 2018",2017,TV-Y,11 min
6407,Movie,Calico Critters: The Treasure of Calico Village,"November 1, 2018",2017,TV-Y,22 min
6408,TV Show,Call Me Francis,"December 16, 2016",2016,TV-14,1 Season
6409,TV Show,Camelia la Texana,"February 1, 2017",2014,TV-14,1 Season
6410,Movie,Camera Store,"August 20, 2017",2016,TV-MA,104 min
6411,Movie,Camp Cool Kids,"January 1, 2018",2017,TV-G,104 min
6412,TV Show,Camp X,"February 1, 2019",2014,TV-MA,1 Season
6413,Movie,Camp X-Ray,"January 14, 2017",2014,R,117 min
6414,TV Show,Can We Get Married?,"May 22, 2017",2012,TV-14,1 Season
6415,Movie,Can't Hardly Wait,"January 1, 2021",1998,PG-13,101 min
6416,Movie,Candyman,"October 1, 2019",1992,R,99 min
6417,TV Show,Cannabis,"December 15, 2016",2016,TV-MA,1 Season
6418,Movie,Capital in the Twenty-First Century,"September 8, 2020",2019,TV-14,103 min
6419,Movie,Cappuccino,"July 1, 2018",2017,TV-PG,126 min
6420,Movie,Cardboard Gangsters,"September 15, 2018",2016,TV-MA,92 min
6421,TV Show,Care Bears: Welcome to Care-a-Lot,"August 2, 2019",2012,TV-Y,1 Season
6422,Movie,Caregiver,"March 5, 2019",2008,TV-14,131 min
6423,Movie,Carol,"October 20, 2020",2015,R,119 min
6424,Movie,Carrie,"June 1, 2019",1976,R,98 min
6425,Movie,Carriers,"November 20, 2019",2009,PG-13,85 min
6426,Movie,Casa de mi Padre,"November 14, 2012",2012,R,84 min
6427,TV Show,Case Closed,"January 4, 2019",2015,TV-14,1 Season
6428,Movie,Casino Royale,"August 31, 2020",2006,PG-13,145 min
6429,Movie,Casino Tycoon,"August 1, 2018",1992,TV-MA,125 min
6430,Movie,Casino Tycoon 2,"August 16, 2018",1992,TV-MA,108 min
6431,TV Show,Castle of Stars,"September 7, 2018",2015,TV-MA,1 Season
6432,Movie,Cat on a Hot Tin Roof,"November 1, 2019",1958,NR,108 min
6433,Movie,Catching the Sun,"April 22, 2016",2015,TV-14,74 min
6434,Movie,Cats & Dogs: The Revenge of Kitty Galore,"February 1, 2019",2010,PG,82 min
6435,Movie,Catwalk: Tales from the Cat Show Circuit,"January 7, 2019",2018,TV-PG,75 min
6436,Movie,Cave,"June 15, 2017",2016,TV-MA,77 min
6437,Movie,Celluloid Man,"April 1, 2017",2012,TV-PG,156 min
6438,Movie,Center Stage,"January 1, 2020",2000,PG-13,116 min
6439,Movie,Chaar Sahibzaade,"November 1, 2018",2014,TV-PG,126 min
6440,Movie,Chal Dhar Pakad,"March 15, 2018",2010,TV-14,129 min
6441,Movie,Chal Mere Bhai,"December 31, 2019",2000,TV-14,132 min
6442,Movie,Chalay Thay Saath,"May 15, 2018",2017,TV-14,118 min
6443,Movie,Chandani: The Daughter of the Elephant Whisperer,"March 1, 2017",2010,TV-G,87 min
6444,Movie,Change in the Air,"March 1, 2020",2018,PG,95 min
6445,Movie,Chaotic Love Poems,"January 5, 2019",2016,TV-14,86 min
6446,Movie,Chappaquiddick,"October 1, 2018",2017,PG-13,106 min
6447,Movie,Charlie and the Chocolate Factory,"January 1, 2020",2005,PG,115 min
6448,Movie,Charlie's Angels: Full Throttle,"October 1, 2019",2003,PG-13,106 min
6449,Movie,Charlotte's Web,"November 23, 2019",1973,G,94 min
6450,Movie,Chashme Buddoor,"May 1, 2017",2013,TV-PG,121 min
6451,Movie,Chasing Amy,"January 1, 2020",1997,R,113 min
6452,TV Show,Chasing Monsters," December 15, 2017",2016,TV-PG,2 Seasons
6453,Movie,Chasing the Dragon,"April 19, 2018",2017,TV-MA,129 min
6454,Movie,Chasing Trane,"November 13, 2017",2016,TV-PG,99 min
6455,Movie,Chauthi Koot,"February 1, 2017",2015,TV-14,116 min
6456,TV Show,Cheapest Weddings,"December 1, 2017",2016,TV-14,1 Season
6457,TV Show,Cheers," July 1, 2017",1992,TV-PG,11 Seasons
6458,TV Show,Chef & My Fridge," August 4, 2017",2017,TV-PG,2 Seasons
6459,Movie,Chernobyl Diaries,"August 1, 2018",2012,R,88 min
6460,TV Show,Chewin' the Fat,"October 1, 2016",1999,TV-14,1 Season
6461,TV Show,Chewing Gum," April 4, 2017",2017,TV-MA,2 Seasons
6462,Movie,Chhota Bheem Aur Kaala Yodha,"May 10, 2019",2018,TV-Y7,63 min
6463,Movie,Chhota Bheem Ka Romani Adventure,"May 10, 2019",2018,TV-Y7,62 min
6464,Movie,Chhota Bheem Ka Troll Se Takkar,"May 10, 2019",2018,TV-Y7,62 min
6465,Movie,Chhota Bheem Kungfu Dhamaka,"August 15, 2019",2019,TV-Y7,112 min
6466,Movie,Chicken Kokkachi,"July 1, 2018",2017,TV-14,113 min
6467,Movie,Chicken Little,"March 16, 2016",2005,G,82 min
6468,Movie,Chief Daddy,"March 15, 2019",2018,TV-MA,98 min
6469,Movie,Child's Play,"December 31, 2019",1988,R,87 min
6470,TV Show,Chill with Bob Ross,"December 1, 2016",1994,TV-G,1 Season
6471,Movie,China Salesman,"September 24, 2018",2017,TV-MA,111 min
6472,Movie,Chingo Bling: They Can't Deport Us All,"June 1, 2017",2017,TV-MA,63 min
6473,Movie,Chittagong,"January 1, 2018",2012,NR,105 min
6474,Movie,Chitty Chitty Bang Bang,"January 1, 2020",1968,G,146 min
6475,Movie,Chloe,"January 1, 2020",2009,R,96 min
6476,Movie,Chris Brown: Welcome to My Life,"October 7, 2017",2017,TV-MA,80 min
6477,Movie,Christian Mingle,"June 6, 2019",2014,PG,99 min
6478,TV Show,Christiane Amanpour: Sex & Love Around the World,"September 30, 2018",2018,TV-MA,1 Season
6479,Movie,Christmas Crush,"November 4, 2019",2012,TV-PG,87 min
6480,Movie,Christmas in the Smokies,"March 1, 2019",2015,TV-G,88 min
6481,Movie,Christmas with the Kranks,"January 1, 2019",2004,PG,99 min
6482,Movie,Christopher Robin,"March 5, 2019",2018,PG,104 min
6483,Movie,Chronicle of an Escape,"June 15, 2018",2006,R,104 min
6484,TV Show,Chuck Chicken,"November 15, 2017",2017,TV-Y7,1 Season
6485,Movie,Chupan Chupai,"January 15, 2019",2017,TV-14,118 min
6486,Movie,Chupke Chupke,"December 31, 2019",1975,TV-PG,127 min
6487,Movie,Cirque du Freak: The Vampire's Assistant,"April 16, 2018",2009,PG-13,109 min
6488,TV Show,City in the Sky,"October 1, 2017",2016,TV-PG,1 Season
6489,Movie,City of God,"January 1, 2020",2002,R,130 min
6490,Movie,City of Tiny Lights,"July 21, 2017",2016,TV-MA,110 min
6491,TV Show,Civilizations,"October 1, 2018",2018,TV-14,1 Season
6492,Movie,Clarence Clemons: Who Do I Think I Am?,"November 14, 2019",2019,TV-MA,88 min
6493,Movie,Clash of the Titans,"August 1, 2019",2010,PG-13,106 min
6494,Movie,Class of '61,"April 1, 2018",1993,TV-PG,91 min
6495,Movie,Class Rank,"September 18, 2018",2018,TV-MA,103 min
6496,TV Show,Classic Legends,"May 15, 2017",2012,TV-PG,1 Season
6497,Movie,Cleopatra Jones,"November 1, 2019",1973,PG,89 min
6498,Movie,Click,"January 1, 2020",2006,PG-13,108 min
6499,TV Show,Click for Murder,"September 17, 2017",2017,TV-14,1 Season
6500,Movie,Clive Davis: The Soundtrack of Our Lives,"September 17, 2019",2017,TV-MA,124 min
6501,Movie,Closed Circuit,"October 16, 2017",2013,R,96 min
6502,Movie,Cloud Atlas,"August 1, 2017",2012,R,172 min
6503,Movie,Clouds of Sils Maria,"February 12, 2017",2014,R,124 min
6504,Movie,Cloverfield,"January 1, 2020",2008,PG-13,85 min
6505,TV Show,Club Friday The Series 6,"March 9, 2019",2015,TV-MA,9 Seasons
6506,TV Show,Club Friday The Series 7,"June 18, 2018",2016,TV-MA,7 Seasons
6507,TV Show,Club Friday The Series 8,"February 2, 2019",2017,TV-MA,8 Seasons
6508,TV Show,Club Friday To Be Continued - Friend & Enemy,"April 20, 2018",2016,TV-MA,1 Season
6509,TV Show,Club Friday To Be Continued - My Beautiful Tomboy,"April 13, 2018",2016,TV-MA,1 Season
6510,TV Show,Club Friday To Be Continued - The Promise,"April 20, 2018",2016,TV-MA,1 Season
6511,Movie,Coach Carter,"January 1, 2020",2005,PG-13,137 min
6512,Movie,Code Name: The Cleaner,"November 1, 2019",2007,PG-13,91 min
6513,Movie,Coffee with D,"November 1, 2017",2017,TV-PG,120 min
6514,TV Show,Cold Case Files,"September 15, 2019",2017,TV-14,1 Season
6515,TV Show,Cold Case Files Classic,"September 15, 2020",1999,TV-MA,1 Season
6516,Movie,Colkatay Columbus,"March 30, 2017",2016,TV-14,118 min
6517,Movie,Colonia,"July 14, 2018",2015,R,110 min
6518,Movie,Colours of Passion,"May 25, 2018",2008,TV-14,114 min
6519,Movie,Come and Find Me,"September 18, 2019",2016,R,112 min
6520,TV Show,Comedy Bang! Bang!," December 28, 2016",2016,TV-14,5 Seasons
6521,TV Show,Comedy High School,"July 1, 2018",2018,TV-14,1 Season
6522,Movie,Command and Control,"May 15, 2017",2017,TV-PG,92 min
6523,Movie,Company,"March 1, 2018",2002,TV-MA,137 min
6524,Movie,Compulsion,"October 4, 2018",2016,TV-MA,84 min
6525,TV Show,Conan Without Borders,"December 31, 2018",2018,TV-14,1 Season
6526,Movie,Concrete Football,"September 1, 2017",2016,TV-MA,52 min
6527,Movie,Concussion,"August 2, 2018",2013,R,96 min
6528,Movie,Conjuring Spirit,"August 28, 2018",2014,TV-MA,112 min
6529,Movie,Conor McGregor: Notorious,"March 21, 2018",2017,R,90 min
6530,Movie,Consequences ,"October 25, 2019",2014,TV-MA,106 min
6531,Movie,Contract,"March 2, 2019",2008,TV-14,116 min
6532,Movie,Convict,"June 13, 2019",2014,TV-14,97 min
6533,TV Show,Cooking on High,"June 22, 2018",2018,TV-MA,1 Season
6534,Movie,Cool Hand Luke,"January 1, 2021",1967,TV-14,127 min
6535,Movie,Cop and a Half: New Recruit,"August 17, 2017",2017,PG,96 min
6536,Movie,Cop Watchers,"August 1, 2017",2016,TV-MA,45 min
6537,Movie,Coraline,"March 16, 2017",2009,PG,101 min
6538,Movie,Counterfeiting in Suburbia,"July 1, 2018",2018,TV-14,88 min
6539,TV Show,Court Justice,"October 2, 2019",2017,TV-MA,1 Season
6540,Movie,Covered: Alive in Asia,"March 31, 2016",2016,TV-G,75 min
6541,Movie,Crash,"October 1, 2019",2004,R,112 min
6542,Movie,CRD,"April 29, 2019",2016,TV-MA,110 min
6543,TV Show,Crime Time,"January 31, 2019",2017,TV-MA,1 Season
6544,Movie,"Crouching Tiger, Hidden Dragon","March 1, 2019",2000,PG-13,120 min
6545,Movie,Cult of Chucky,"October 3, 2017",2017,R,90 min
6546,Movie,Cutie and the Boxer,"June 14, 2018",2013,R,82 min
6547,Movie,Daagdi Chaawl,"February 15, 2018",2015,TV-14,118 min
6548,Movie,Dabbe 6: The Return,"April 17, 2019",2015,TV-MA,153 min
6549,Movie,Dad,"April 1, 2018",1989,PG,117 min
6550,TV Show,Dad's Army," March 31, 2018",1977,TV-PG,10 Seasons
6551,Movie,Daddy Day Care,"January 1, 2019",2003,PG,93 min
6552,Movie,Daddy Issues,"September 20, 2019",2019,TV-MA,82 min
6553,Movie,Daemonium,"December 20, 2016",2015,NR,115 min
6554,Movie,Daffedar,"July 1, 2018",2017,TV-14,151 min
6555,Movie,Dagh Ujala,"April 1, 2018",2015,TV-MA,103 min
6556,Movie,Dallas Buyers Club,"January 16, 2018",2013,R,117 min
6557,TV Show,Dance Academy,"December 20, 2017",2013,TV-PG,1 Season
6558,Movie,Dance Academy: The Comeback,"July 2, 2018",2017,TV-PG,100 min
6559,Movie,Dancing Quietly,"April 1, 2017",2016,TV-MA,70 min
6560,TV Show,Dandy,"March 31, 2018",2016,TV-MA,1 Season
6561,TV Show,Dangerous Roads," February 1, 2019",2012,TV-MA,2 Seasons
6562,Movie,Danny Says,"March 2, 2017",2015,TV-MA,103 min
6563,Movie,Dante's Peak,"September 1, 2019",1997,PG-13,108 min
6564,Movie,Dare to Be Wild,"April 1, 2018",2015,TV-PG,100 min
6565,Movie,Dark Chocolate (Bengali Version),"December 15, 2017",2016,TV-MA,91 min
6566,Movie,Dark Crimes,"October 15, 2019",2016,R,93 min
6567,Movie,Dark Places,"July 26, 2018",2015,R,113 min
6568,Movie,Darna Mana Hai,"August 1, 2019",2003,TV-MA,116 min
6569,TV Show,Darr Sabko Lagta Hai,"March 1, 2018",2015,TV-MA,1 Season
6570,Movie,Darra,"October 15, 2017",2016,TV-14,121 min
6571,Movie,Daughters of the Dust,"June 10, 2017",1991,NR,112 min
6572,TV Show,Day and Night,"March 23, 2018",2017,TV-MA,1 Season
6573,TV Show,Days We Stared at the Sun,"March 31, 2018",2017,TV-MA,2 Seasons
6574,Movie,Dayveon,"January 11, 2018",2017,TV-MA,76 min
6575,Movie,De Film van Dylan Haegens,"April 17, 2019",2018,TV-PG,81 min
6576,Movie,De Palma,"November 21, 2018",2015,R,110 min
6577,Movie,Dead in a Week (Or Your Money Back),"March 1, 2019",2018,TV-MA,90 min
6578,Movie,Deadline: Sirf 24 Ghante,"December 31, 2019",2006,TV-14,97 min
6579,Movie,Deadly Scholars,"February 15, 2019",2018,TV-14,86 min
6580,Movie,Dean,"March 15, 2020",2016,PG-13,94 min
6581,Movie,Dear Dad,"March 2, 2019",2016,TV-14,83 min
6582,Movie,Dear Dracula,"February 18, 2016",2012,TV-Y7-FV,43 min
6583,Movie,Dear Santa,"November 4, 2019",2011,TV-PG,92 min
6584,Movie,Death at a Funeral,"August 1, 2020",2010,R,93 min
6585,Movie,Death House,"May 5, 2019",2017,R,88 min
6586,Movie,Deathgrip,"March 1, 2018",2017,TV-MA,53 min
6587,TV Show,Deep Undercover Collection,"July 20, 2018",2017,TV-MA,3 Seasons
6588,TV Show,Deep Water,"July 1, 2017",2016,TV-MA,1 Season
6589,Movie,Deewangee,"January 3, 2020",2002,TV-MA,156 min
6590,Movie,Defying the Nazis: The Sharps' War,"May 1, 2017",2016,TV-14,79 min
6591,Movie,Delirium,"September 1, 2018",2018,R,96 min
6592,Movie,Democrats,"April 25, 2016",2014,NR,99 min
6593,Movie,Den of Thieves,"May 1, 2020",2018,R,140 min
6594,Movie,Denis Leary: No Cure For Cancer,"August 8, 2017",1992,R,62 min
6595,Movie,Desolate,"February 6, 2020",2018,TV-MA,88 min
6596,Movie,Desolation,"May 8, 2018",2017,TV-MA,76 min
6597,Movie,Detention Letter,"August 5, 2019",2017,TV-14,99 min
6598,Movie,Detour,"May 25, 2017",2016,R,97 min
6599,Movie,Deviant Love,"September 13, 2019",2019,TV-14,87 min
6600,Movie,Devil's Bride,"June 1, 2017",2016,TV-MA,108 min
6601,Movie,Devil's Gate,"July 16, 2020",2017,TV-MA,94 min
6602,TV Show,Devlok with Devdutt Pattanaik,"October 15, 2018",2017,TV-PG,1 Season
6603,Movie,Devrai,"January 1, 2018",2004,TV-PG,123 min
6604,TV Show,Dexter," January 1, 2018",2013,TV-MA,8 Seasons
6605,Movie,Dhamaal,"December 31, 2019",2007,TV-14,128 min
6606,Movie,Di Renjie zhi Sidatianwang,"February 6, 2019",2018,TV-14,132 min
6607,Movie,Diana: 7 Days That Shook the World,"July 28, 2017",2017,TV-PG,93 min
6608,Movie,Diana: In Her Own Words,"December 1, 2017",2017,TV-PG,113 min
6609,Movie,Diary of a Chambermaid,"December 3, 2016",2015,NR,96 min
6610,Movie,Die Another Day,"December 31, 2019",2002,PG-13,133 min
6611,Movie,Dil Hai Tumhaara,"April 1, 2018",2002,TV-14,176 min
6612,TV Show,Dinner for Five,"February 4, 2008",2007,TV-MA,1 Season
6613,Movie,Dinner for Schmucks,"January 1, 2020",2010,PG-13,115 min
6614,TV Show,Dino Hunt,"August 4, 2017",2016,TV-G,1 Season
6615,Movie,Disciples Of The 36th Chamber,"August 16, 2018",1985,TV-14,90 min
6616,Movie,Discovering Bigfoot,"December 15, 2017",2017,TV-MA,111 min
6617,Movie,Dismissed,"February 19, 2018",2017,TV-14,87 min
6618,Movie,District 9,"November 4, 2019",2009,R,112 min
6619,TV Show,Diva Brides,"October 2, 2019",2017,TV-MA,1 Season
6620,Movie,Doctor Zhivago,"November 1, 2019",1965,PG-13,200 min
6621,Movie,Dog Eat Dog,"December 31, 2016",2016,TV-MA,93 min
6622,Movie,Dolphin Kick,"June 5, 2019",2019,TV-PG,90 min
6623,Movie,Dolphin Tale 2,"February 25, 2019",2014,PG,107 min
6624,Movie,Domino,"September 28, 2019",2019,R,89 min
6625,Movie,Don Quixote: The Ingenious Gentleman of La Mancha,"January 5, 2018",2015,TV-14,83 min
6626,Movie,Don Verdean,"March 1, 2020",2015,PG-13,96 min
6627,Movie,Don't Be Afraid of the Dark,"November 2, 2019",2010,R,99 min
6628,Movie,Don't Crack Under Pressure,"June 12, 2020",2015,TV-MA,95 min
6629,Movie,Don't Crack Under Pressure II,"June 12, 2020",2016,TV-MA,88 min
6630,Movie,Don't Crack Under Pressure III,"June 12, 2020",2017,TV-14,94 min
6631,Movie,Don't Knock Twice,"February 8, 2019",2016,R,93 min
6632,Movie,Don't Look Down,"April 1, 2017",2016,TV-MA,93 min
6633,Movie,Don't Think Twice,"May 1, 2017",2016,R,92 min
6634,Movie,Donnie Brasco,"January 1, 2020",1997,R,127 min
6635,Movie,Doom,"November 1, 2020",2005,R,105 min
6636,TV Show,Doomsday Preppers,"March 1, 2019",2013,TV-14,1 Season
6637,Movie,Doubles Cause Troubles,"August 1, 2018",1989,TV-14,94 min
6638,Movie,Doubt,"March 7, 2019",2008,PG-13,104 min
6639,Movie,Down The Fence,"January 15, 2018",2017,TV-PG,94 min
6640,Movie,Dr. Seuss' The Cat in the Hat,"May 1, 2019",2003,PG,82 min
6641,Movie,Dr. Seuss' The Grinch,"June 5, 2019",2018,PG,86 min
6642,Movie,Dragonheart,"January 1, 2020",1996,PG-13,103 min
6643,Movie,Dragonheart 3: The Sorcerer,"January 1, 2020",2015,PG-13,97 min
6644,Movie,Dragonheart: A New Beginning,"January 1, 2020",2000,PG,84 min
6645,Movie,Dragonheart: Battle for the Heartfire,"June 13, 2017",2017,PG-13,98 min
6646,Movie,Dragonkala Ka Rahasya,"June 18, 2019",2018,TV-Y,68 min
6647,TV Show,Dramaworld,"May 23, 2016",2016,TV-14,1 Season
6648,Movie,Dream Big: Engineering Our World,"July 1, 2018",2017,TV-G,42 min
6649,Movie,Dream Boat,"December 1, 2017",2017,TV-MA,92 min
6650,Movie,Dries,"January 1, 2018",2017,TV-PG,89 min
6651,Movie,Driven to Dance,"January 16, 2019",2018,TV-PG,99 min
6652,TV Show,"Drugs, Inc.","March 23, 2019",2015,TV-MA,1 Season
6653,TV Show,Dueños del paraíso,"February 25, 2017",2015,TV-14,1 Season
6654,Movie,Dukhtar,"September 1, 2016",2014,TV-14,93 min
6655,Movie,Dum,"March 1, 2018",2003,TV-14,162 min
6656,Movie,Dumb and Dumberer: When Harry Met Lloyd,"October 1, 2019",2003,PG-13,85 min
6657,Movie,E-Cigarettes: Miracle or Menace?,"February 1, 2019",2016,TV-14,52 min
6658,Movie,Earth to Echo,"October 1, 2019",2014,PG,91 min
6659,TV Show,Earth to Luna!,"April 10, 2020",2014,TV-Y,1 Season
6660,TV Show,Earth's Natural Wonders,"March 1, 2017",2015,TV-PG,1 Season
6661,TV Show,Earth's Natural Wonders: Life at the Extremes,"October 1, 2018",2018,TV-14,1 Season
6662,Movie,East Side Sushi,"September 15, 2020",2015,PG,106 min
6663,Movie,Easy A,"November 1, 2020",2010,PG-13,92 min
6664,TV Show,Easy Fortune Happy Life,"September 1, 2016",2009,TV-MA,1 Season
6665,Movie,Eat Pray Love,"September 10, 2019",2010,PG-13,140 min
6666,Movie,Eddie Murphy: Delirious,"April 15, 2018",1983,TV-MA,69 min
6667,Movie,Eeda,"September 15, 2018",2018,TV-14,153 min
6668,Movie,Eh Janam Tumhare Lekhe,"December 1, 2017",2015,TV-14,124 min
6669,Movie,Ek Cup Chya,"March 15, 2018",2009,TV-PG,120 min
6670,Movie,Ek Hasina Thi,"August 1, 2019",2004,TV-MA,134 min
6671,Movie,El último testigo,"February 4, 2018",2012,R,105 min
6672,TV Show,El Barco," July 1, 2017",2013,NR,3 Seasons
6673,TV Show,El Cartel,"August 24, 2018",2008,TV-MA,1 Season
6674,TV Show,El Cartel 2,"August 24, 2018",2010,TV-MA,1 Season
6675,TV Show,El Chavo,"December 31, 2017",1979,TV-PG,1 Season
6676,Movie,El Che,"October 15, 2017",2017,TV-14,119 min
6677,TV Show,El Clon,"May 18, 2017",2010,TV-14,1 Season
6678,Movie,El fin de ETA,"April 8, 2017",2017,TV-14,106 min
6679,TV Show,El Vato," February 24, 2018",2017,TV-MA,2 Seasons
6680,Movie,El Viaje: Márama y Rombai,"October 18, 2017",2016,TV-PG,79 min
6681,Movie,Elephants Dream 4 Hour,"August 23, 2018",2006,TV-MA,196 min
6682,Movie,Elizabeth at 90: A Family Tribute,"May 22, 2017",2016,TV-G,90 min
6683,Movie,Elizabeth Harvest,"August 1, 2020",2019,R,109 min
6684,Movie,Elles étaient en guerre (1914-1918),"December 31, 2017",2014,TV-14,93 min
6685,Movie,Elles étaient en guerre 1939-1945,"March 1, 2018",2015,TV-MA,92 min
6686,Movie,Elles ont toutes une histoire,"December 31, 2017",2016,TV-PG,49 min
6687,Movie,Elstree 1976,"September 6, 2016",2015,TV-PG,102 min
6688,Movie,Emelie,"August 2, 2018",2016,TV-MA,82 min
6689,Movie,Emma' (Mother),"October 5, 2018",2016,TV-PG,74 min
6690,Movie,Emo the Musical,"February 1, 2018",2016,TV-MA,94 min
6691,TV Show,Emogenius,"December 15, 2018",2017,TV-PG,1 Season
6692,Movie,Empire of Scents,"January 1, 2018",2014,TV-14,87 min
6693,Movie,Employee of the Month,"October 1, 2020",2006,PG-13,108 min
6694,TV Show,Encerrados,"June 18, 2018",2018,TV-MA,1 Season
6695,Movie,Encounter: The Killing,"December 31, 2019",2002,TV-14,151 min
6696,TV Show,Encounters with Evil,"July 12, 2019",2016,TV-14,1 Season
6697,Movie,End of Watch,"November 23, 2019",2012,R,109 min
6698,TV Show,Enemigo íntimo,"August 8, 2018",2018,TV-MA,1 Season
6699,Movie,Enemy,"July 15, 2018",2013,R,91 min
6700,Movie,Enlighten Us,"January 18, 2017",2016,TV-14,93 min
6701,Movie,Entanglement,"December 9, 2018",2018,TV-MA,85 min
6702,Movie,Enter the Dragon,"January 1, 2021",1973,R,103 min
6703,Movie,Equals,"October 28, 2018",2015,PG-13,102 min
6704,Movie,Equilibrium,"June 8, 2019",2002,R,107 min
6705,Movie,"Escape from the ""Liberty"" Cinema","October 1, 2019",1990,TV-MA,88 min
6706,Movie,Esperando La Carroza,"July 15, 2018",1985,NR,95 min
6707,Movie,Estar o no estar,"January 14, 2017",2016,TV-14,100 min
6708,Movie,Ethirmarai,"April 1, 2018",2018,TV-14,91 min
6709,Movie,Euphoria,"November 1, 2019",2018,R,110 min
6710,TV Show,Eurovision Song Contest,"July 23, 2019",2019,TV-PG,1 Season
6711,Movie,Evan Almighty,"April 16, 2019",2007,PG,96 min
6712,Movie,Event Horizon,"January 1, 2020",1997,R,96 min
6713,Movie,Every Time I Die,"February 25, 2020",2019,TV-MA,98 min
6714,Movie,Everybody Knows,"June 6, 2019",2019,R,133 min
6715,TV Show,Everyday Miracles,"August 1, 2017",2014,TV-PG,1 Season
6716,Movie,Evolution,"November 20, 2019",2001,PG-13,102 min
6717,Movie,Ex Machina,"July 26, 2018",2015,R,108 min
6718,TV Show,Ex-Boyfriend,"January 1, 2017",2011,TV-14,1 Season
6719,TV Show,Exclusive Edition,"August 14, 2017",2008,TV-14,1 Season
6720,Movie,Executive Decision,"November 1, 2019",1996,R,133 min
6721,Movie,Exit Afghanistan,"July 1, 2016",2013,TV-MA,58 min
6722,Movie,Exit Strategy,"March 3, 2019",2012,NR,79 min
6723,Movie,Exit Wounds,"October 1, 2019",2001,R,101 min
6724,Movie,Expo,"August 29, 2019",2019,TV-14,81 min
6725,TV Show,Extras,"March 31, 2017",2006,TV-MA,2 Seasons
6726,Movie,Eyyvah Eyyvah,"March 10, 2017",2010,TV-MA,99 min
6727,Movie,Eyyvah Eyyvah 2,"March 10, 2017",2011,TV-PG,106 min
6728,Movie,Eyyvah Eyyvah 3,"March 10, 2017",2014,TV-PG,103 min
6729,TV Show,Ezel,"December 26, 2016",2009,TV-14,1 Season
6730,Movie,F the Prom,"March 5, 2018",2017,TV-MA,92 min
6731,Movie,Face 2 Face,"January 15, 2018",2017,TV-MA,89 min
6732,TV Show,Fairy Tail,"April 1, 2017",2009,TV-MA,1 Season
6733,TV Show,Fake or Fortune?,"July 26, 2019",2015,TV-G,1 Season
6734,Movie,Fakta Ladh Mhana,"February 15, 2018",2011,TV-14,150 min
6735,Movie,Fall Girls,"January 1, 2020",2019,TV-14,80 min
6736,Movie,Fallen,"November 1, 2019",1998,R,124 min
6737,Movie,Familiye,"May 1, 2019",2017,TV-MA,99 min
6738,Movie,Famous in Ahmedabad,"December 15, 2016",2015,TV-14,29 min
6739,Movie,Fanatic,"August 24, 2019",2019,TV-14,91 min
6740,Movie,Fandry,"January 1, 2018",2014,NR,102 min
6741,Movie,Farce,"June 6, 2019",2017,TV-MA,94 min
6742,TV Show,Fatal Destiny,"July 13, 2018",2016,TV-MA,1 Season
6743,TV Show,Father Brown," March 31, 2018",2017,TV-14,6 Seasons
6744,Movie,Fear and Loathing in Las Vegas,"November 1, 2019",1998,R,118 min
6745,TV Show,Fear Files... Har Mod Pe Darr,"June 1, 2017",2015,TV-MA,1 Season
6746,Movie,Feel Rich,"August 23, 2017",2017,TV-MA,70 min
6747,Movie,Fiddler on the Roof,"July 1, 2020",1971,G,181 min
6748,Movie,Fifty,"December 28, 2015",2015,NR,101 min
6749,Movie,Figaro Pho,"September 1, 2016",2008,TV-Y7,29 min
6750,Movie,Figures of Speech,"December 21, 2016",2016,TV-PG,92 min
6751,TV Show,Filinta,"April 15, 2017",2015,TV-14,2 Seasons
6752,Movie,Filmworker,"November 1, 2018",2017,TV-MA,94 min
6753,Movie,Filosofi Kopi The Movie,"October 11, 2018",2015,TV-PG,118 min
6754,Movie,Final Destination,"January 1, 2020",2000,R,98 min
6755,Movie,Final Destination 2,"January 1, 2020",2003,R,90 min
6756,Movie,Final Destination 3,"January 1, 2020",2006,R,93 min
6757,Movie,Fire at Sea,"March 21, 2017",2016,TV-14,114 min
6758,Movie,Fireflies,"April 24, 2019",2013,TV-MA,99 min
6759,Movie,First Impression,"May 17, 2019",2018,TV-14,96 min
6760,Movie,First Kill,"September 1, 2019",2017,R,102 min
6761,Movie,FirstBorn,"March 31, 2017",2016,TV-MA,90 min
6762,Movie,Fishpeople,"April 1, 2018",2017,TV-14,49 min
6763,Movie,Fishtail,"October 1, 2018",2015,NR,61 min
6764,TV Show,Fit for Fashion," December 14, 2018",2015,TV-14,2 Seasons
6765,Movie,Fittest in Dubai,"April 15, 2020",2019,TV-14,60 min
6766,Movie,Five Elements Ninjas,"September 17, 2019",1982,R,104 min
6767,TV Show,Fix It and Finish It," July 20, 2018",2014,TV-G,3 Seasons
6768,Movie,Flash of Genius,"January 16, 2017",2008,PG-13,119 min
6769,Movie,Flimflam,"June 13, 2019",2016,TV-14,102 min
6770,Movie,Flock of Four,"August 1, 2018",2018,TV-MA,83 min
6771,TV Show,Flowering Heart,"July 1, 2019",2016,TV-Y7,1 Season
6772,Movie,Flying Guillotine 2,"July 31, 2018",1978,TV-MA,88 min
6773,Movie,Follow Me,"November 16, 2018",2017,TV-MA,86 min
6774,TV Show,Food: Delicious Science,"October 1, 2017",2017,TV-PG,1 Season
6775,TV Show,Footprints in the Sand,"October 16, 2017",2011,TV-14,1 Season
6776,Movie,Footprints: The Path of Your Life,"June 30, 2017",2015,PG,90 min
6777,Movie,For Colored Girls,"May 1, 2020",2010,R,134 min
6778,Movie,For Grace,"March 2, 2016",2015,TV-PG,92 min
6779,Movie,For Greater Glory,"August 2, 2019",2012,R,145 min
6780,Movie,For Love or Money,"August 16, 2019",2019,TV-MA,95 min
6781,Movie,For the Birds,"September 1, 2019",2018,TV-MA,93 min
6782,Movie,For the Love of Benji,"March 6, 2018",1977,G,84 min
6783,TV Show,For the Win,"December 31, 2018",2017,TV-14,1 Season
6784,Movie,Forbidden Games: The Justin Fashanu Story,"December 1, 2017",2017,TV-14,81 min
6785,Movie,Forbidden Planet,"November 1, 2019",1956,G,98 min
6786,TV Show,Forces of Nature,"March 1, 2017",2016,TV-PG,1 Season
6787,Movie,Forever Chape,"August 2, 2018",2018,TV-MA,74 min
6788,Movie,Forever Pure,"May 29, 2017",2016,TV-MA,87 min
6789,TV Show,Forget Me Not,"September 18, 2017",2011,TV-MA,1 Season
6790,Movie,Forks Over Knives,"October 3, 2019",2011,PG,96 min
6791,Movie,Four Christmases,"January 1, 2021",2008,PG-13,88 min
6792,TV Show,Four Seasons in Havana,"December 9, 2016",2016,TV-MA,1 Season
6793,Movie,Four Weddings and a Funeral,"August 1, 2019",1994,R,118 min
6794,Movie,Fracture,"April 1, 2019",2007,R,113 min
6795,Movie,Frances Ha,"October 1, 2017",2012,R,86 min
6796,TV Show,Frasier,Unknown,2003,TV-PG,11 Seasons
6797,Movie,Freak Show,"August 13, 2020",2018,TV-MA,91 min
6798,Movie,Fred Claus,"January 1, 2021",2007,PG,115 min
6799,Movie,Free Willy,"January 1, 2020",1993,PG,112 min
6800,Movie,Freeway: Crack in the System,"December 15, 2017",2015,R,103 min
6801,Movie,Freezer's Campaign,"June 6, 2019",2016,TV-MA,116 min
6802,Movie,French Dirty,"February 4, 2016",2015,TV-MA,72 min
6803,Movie,Freshman Year,"March 3, 2020",2019,TV-PG,104 min
6804,TV Show,Friday Night Tykes," January 17, 2018",2017,TV-PG,4 Seasons
6805,Movie,Friday the 13th,"January 1, 2020",2009,R,97 min
6806,Movie,Friend Request,"April 18, 2018",2016,R,92 min
6807,TV Show,Friends,Unknown,2003,TV-14,10 Seasons
6808,Movie,From Japan to Egypt,"June 6, 2019",2017,TV-14,93 min
6809,Movie,From Paris with Love,"September 8, 2020",2010,R,93 min
6810,Movie,Froning: The Fittest Man in History,"July 15, 2018",2016,PG,99 min
6811,TV Show,Frozen Planet,"January 28, 2016",2011,TV-PG,1 Season
6812,Movie,Frozen Planet: On Thin Ice,"January 28, 2016",2011,TV-PG,47 min
6813,Movie,Frozen Planet: The Epic Journey,"January 28, 2016",2011,TV-PG,52 min
6814,Movie,Frozen River,"July 1, 2019",2008,R,97 min
6815,Movie,Full Out,"September 1, 2016",2015,TV-PG,88 min
6816,Movie,Functional Fitness,"January 1, 2018",2016,TV-MA,106 min
6817,Movie,Furie,"September 25, 2019",2019,TV-MA,97 min
6818,Movie,Furthest Witness,"April 24, 2019",2017,TV-MA,88 min
6819,Movie,G-Force,"March 15, 2019",2009,PG,88 min
6820,Movie,Gabriel and the Mountain,"November 9, 2018",2017,TV-MA,132 min
6821,TV Show,Gabru: Hip Hop Revolution,"June 1, 2018",2018,TV-14,1 Season
6822,Movie,Gagarin: First in Space,"September 15, 2017",2013,TV-14,108 min
6823,TV Show,Galavant," September 7, 2016",2016,TV-PG,2 Seasons
6824,Movie,Galih dan Ratna,"September 15, 2018",2017,TV-PG,111 min
6825,TV Show,Game Winning Hit,"September 1, 2016",2009,TV-MA,1 Season
6826,TV Show,Gangs of Hassepur,"April 15, 2017",2014,TV-PG,1 Season
6827,Movie,Gangs of New York,"August 20, 2019",2002,R,167 min
6828,TV Show,Gargantia on the Verdurous Planet,"December 1, 2016",2013,Unknown,1 Season
6829,Movie,Garuda Di Dadaku,"October 9, 2018",2009,TV-PG,96 min
6830,Movie,Garuda in My Heart 2,"November 30, 2018",2011,TV-PG,95 min
6831,Movie,Gehenna: Where Death Lives,"December 10, 2018",2016,TV-MA,107 min
6832,Movie,Gelo,"December 15, 2017",2016,TV-MA,118 min
6833,Movie,Gemini,"July 1, 2018",2018,TV-PG,130 min
6834,Movie,Gender Revolution: A Journey with Katie Couric,"February 1, 2018",2017,TV-PG,90 min
6835,TV Show,Genius of the Ancient World,"August 1, 2017",2015,TV-PG,1 Season
6836,TV Show,Genius of the Modern World,"August 1, 2017",2016,TV-PG,1 Season
6837,TV Show,Gentlemen and Gangsters,"June 1, 2016",2016,TV-MA,1 Season
6838,Movie,George of the Jungle 2,"December 20, 2016",2003,PG,87 min
6839,TV Show,Geronimo Stilton,"December 31, 2017",2011,TV-Y,1 Season
6840,Movie,Get Him to the Greek,"January 16, 2020",2010,R,109 min
6841,Movie,Get Santa,"December 12, 2014",2014,PG,103 min
6842,TV Show,Get Shorty,"November 1, 2018",2017,TV-MA,1 Season
6843,Movie,Get Smart,"April 1, 2019",2008,PG-13,110 min
6844,Movie,Getting Played,"November 1, 2019",2005,PG-13,85 min
6845,Movie,Ghayal,"December 31, 2019",1990,TV-14,163 min
6846,Movie,Ghost House,"December 31, 2017",2017,TV-MA,100 min
6847,Movie,Ghost Pain,"February 24, 2019",2013,TV-MA,58 min
6848,Movie,Ghost Rider,"October 1, 2020",2007,PG-13,110 min
6849,Movie,Ghost Tears,"February 24, 2019",2014,TV-MA,58 min
6850,TV Show,Ghost Town Gold,"October 2, 2019",2012,TV-14,1 Season
6851,Movie,Ghost Whispers,"February 24, 2019",2013,TV-14,56 min
6852,Movie,Ghulam-E-Musthafa,"December 31, 2019",1997,TV-MA,161 min
6853,Movie,Gie,"September 15, 2018",2005,TV-14,141 min
6854,Movie,Gigi,"November 1, 2019",1958,G,115 min
6855,Movie,Ginger & Rosa,"July 15, 2018",2012,PG-13,90 min
6856,Movie,"Girl, Boy, Bakla, Tomboy","February 27, 2019",2013,TV-14,103 min
6857,Movie,GLOW: The Story of the Gorgeous Ladies of Wrestling,"March 31, 2017",2012,NR,77 min
6858,TV Show,Glowing Embers,"August 14, 2017",2010,TV-14,1 Season
6859,Movie,God Bless the Broken Road,"February 9, 2019",2018,PG,111 min
6860,Movie,God Knows Where I Am,"October 22, 2018",2016,TV-PG,103 min
6861,Movie,God of War,"December 16, 2017",2017,NR,129 min
6862,Movie,God's Not Dead,"April 1, 2020",2014,PG,113 min
6863,Movie,God's Not Dead: A Light in Darkness,"December 4, 2018",2018,PG,106 min
6864,Movie,God's Own Country,"May 1, 2018",2017,TV-MA,105 min
6865,Movie,Gol Maal,"December 31, 2019",1979,TV-PG,137 min
6866,Movie,Golden Time,"November 1, 2017",2013,TV-Y,22 min
6867,Movie,GoldenEye,"December 31, 2019",1995,PG-13,130 min
6868,Movie,Goldie,"June 22, 2020",2019,TV-MA,89 min
6869,TV Show,Goldie & Bear," October 31, 2018",2017,TV-Y,2 Seasons
6870,Movie,Goldstone,"December 10, 2018",2016,R,110 min
6871,Movie,Golmaal: Fun Unlimited,"December 31, 2019",2006,TV-14,148 min
6872,TV Show,Gomorrah," August 21, 2017",2016,TV-MA,2 Seasons
6873,Movie,Gone are the Days,"January 1, 2019",2018,R,100 min
6874,TV Show,Gonul,"July 12, 2017",2015,TV-14,1 Season
6875,Movie,Good Kids,"January 19, 2017",2016,R,90 min
6876,Movie,Good Kill,"April 2, 2017",2014,R,103 min
6877,Movie,Good Kisser,"August 20, 2020",2019,TV-MA,75 min
6878,Movie,Good Luck,"June 21, 2019",2012,TV-MA,99 min
6879,Movie,"Good Night, and Good Luck","June 2, 2019",2005,PG,93 min
6880,Movie,Good People,"September 8, 2017",2014,R,90 min
6881,Movie,GoodFellas,"January 1, 2021",1990,R,145 min
6882,Movie,Gook,"March 6, 2018",2017,TV-MA,95 min
6883,Movie,Goon,"August 15, 2017",2011,R,92 min
6884,Movie,Goosebumps 2: Haunted Halloween,"April 25, 2019",2018,PG,90 min
6885,Movie,Gosford Park,"November 1, 2019",2001,R,137 min
6886,TV Show,Gossip Girl," October 8, 2013",2012,TV-14,6 Seasons
6887,Movie,Gothika,"January 1, 2021",2003,R,98 min
6888,Movie,Gour Hari Dastaan: The Freedom File,"October 15, 2017",2015,TV-14,109 min
6889,Movie,Gran Torino,"October 1, 2020",2008,R,117 min
6890,TV Show,Grand Designs,"August 1, 2019",2017,TV-14,2 Seasons
6891,TV Show,Grand Hotel," November 1, 2017",2013,TV-PG,3 Seasons
6892,Movie,Grand Masti,"March 1, 2018",2013,TV-MA,93 min
6893,Movie,Grass,"February 14, 2019",2017,TV-MA,57 min
6894,Movie,Grease,"November 1, 2019",1978,PG,110 min
6895,TV Show,Great Interior Design Challenge," December 1, 2018",2016,TV-PG,2 Seasons
6896,TV Show,Great Yellowstone Thaw,"October 1, 2017",2017,TV-PG,1 Season
6897,Movie,Green Room,"November 12, 2018",2015,R,95 min
6898,Movie,Green White Green (And All the Beautiful Colours in My Mosaic of Madness),"January 1, 2018",2016,TV-MA,102 min
6899,Movie,Gringo: The Dangerous Life of John McAfee,"April 1, 2018",2016,TV-MA,97 min
6900,Movie,Growing Up Coy,"January 6, 2017",2016,TV-PG,82 min
6901,Movie,Gun Runners,"February 1, 2017",2015,TV-PG,90 min
6902,TV Show,Gunslinger Girl,Unknown,2008,TV-14,2 Seasons
6903,Movie,Guy Martin: Last Flight of the Vulcan Bomber,"July 26, 2019",2015,TV-G,57 min
6904,Movie,Héroes,"August 19, 2018",2015,TV-MA,91 min
6905,Movie,Hükümet Kadin,"March 10, 2017",2013,TV-MA,100 min
6906,Movie,Hükümet Kadin 2,"March 10, 2017",2013,TV-14,101 min
6907,TV Show,Ha Unlimited,"May 11, 2018",2016,TV-MA,2 Seasons
6908,Movie,Haapus,"March 15, 2018",2010,TV-14,138 min
6909,Movie,Hadi İnşallah,"April 4, 2018",2014,TV-14,95 min
6910,Movie,Hairspray,"January 1, 2020",2007,PG,116 min
6911,Movie,HALO Legends,"May 1, 2017",2009,PG-13,117 min
6912,Movie,Halo: The Fall of Reach,"March 7, 2016",2015,TV-14,65 min
6913,Movie,Hamara Dil Aapke Paas Hai,"March 1, 2018",2000,TV-14,158 min
6914,Movie,Hamburger Hill,"November 23, 2019",1987,R,110 min
6915,Movie,Hamza's Suitcase,"May 2, 2019",2017,TV-14,79 min
6916,Movie,Hangman,"May 6, 2020",2017,R,99 min
6917,Movie,Hank: Five Years from the Brink,"August 25, 2018",2013,TV-14,86 min
6918,TV Show,Hannibal,"June 6, 2020",2015,TV-MA,3 Seasons
6919,Movie,Hans Zimmer: Live in Prague,"March 1, 2018",2017,TV-G,138 min
6920,TV Show,Happy 300 Days,"January 1, 2017",2013,TV-14,1 Season
6921,Movie,Happy Hunting,"January 1, 2018",2017,TV-MA,91 min
6922,Movie,Happy Times,"February 8, 2017",2014,NR,79 min
6923,TV Show,Happy Valley," March 16, 2016",2016,TV-MA,2 Seasons
6924,TV Show,Happyish,"July 1, 2016",2015,TV-MA,1 Season
6925,Movie,Hard Tide,"September 6, 2017",2015,TV-MA,79 min
6926,Movie,Hardcore Henry,"August 1, 2020",2015,R,96 min
6927,Movie,Harlem Globetrotters: The Team That Changed the World,"November 1, 2019",2005,TV-14,55 min
6928,Movie,Harold & Kumar Escape from Guantanamo Bay,"October 1, 2019",2008,R,101 min
6929,Movie,Harold & Kumar Go to White Castle,"January 1, 2020",2004,R,88 min
6930,Movie,Harold and Lillian: A Hollywood Love Story,"November 25, 2018",2015,TV-14,95 min
6931,TV Show,Harold Shipman - Driven to Kill,"February 1, 2019",2014,TV-14,1 Season
6932,Movie,Harriet the Spy: Blog Wars,"April 15, 2018",2010,TV-G,87 min
6933,TV Show,Harry & Bunnie,"October 15, 2017",2017,TV-Y7,1 Season
6934,Movie,Harry and Snowman,"January 15, 2017",2015,TV-PG,83 min
6935,Movie,Harry Benson: Shoot First,"May 1, 2017",2016,NR,90 min
6936,TV Show,Hart of Dixie," December 15, 2015",2014,TV-PG,4 Seasons
6937,Movie,Haseena Maan Jaayegi,"March 1, 2018",1999,TV-PG,151 min
6938,TV Show,Hati Perempuan,"August 21, 2017",2015,TV-14,1 Season
6939,Movie,Haunters: The Art of the Scare,"January 2, 2018",2017,TV-MA,89 min
6940,Movie,Haunting on Fraternity Row,"March 1, 2019",2018,TV-MA,99 min
6941,Movie,Have You Seen the Listers?,"February 1, 2019",2017,TV-MA,86 min
6942,TV Show,Haven," September 8, 2015",2015,TV-14,5 Seasons
6943,Movie,Havenhurst,"June 10, 2017",2016,TV-MA,85 min
6944,Movie,Haywire,"March 1, 2020",2011,R,93 min
6945,Movie,He Named Me Malala,"June 1, 2018",2015,PG-13,89 min
6946,Movie,He's Out There,"January 12, 2019",2018,R,89 min
6947,Movie,Head Count,"September 13, 2019",2018,TV-MA,90 min
6948,Movie,Head On,"August 25, 2018",1998,TV-MA,104 min
6949,Movie,Heal,"February 1, 2019",2017,TV-14,107 min
6950,Movie,Heartbreakers,"December 31, 2019",2001,PG-13,124 min
6951,Movie,Heartthrob,"January 1, 2018",2017,TV-MA,87 min
6952,TV Show,Heavy Rescue: 401,"June 22, 2018",2018,TV-MA,2 Seasons
6953,Movie,Hedgehogs,"April 1, 2019",2016,PG,94 min
6954,TV Show,Helix,"November 10, 2018",2015,TV-MA,1 Season
6955,Movie,Hell and Back,"September 6, 2018",2015,R,86 min
6956,TV Show,Hell on Wheels," May 28, 2016",2016,TV-14,5 Seasons
6957,Movie,Hell or High Water,"January 1, 2019",2016,R,102 min
6958,Movie,Hellboy,"December 1, 2018",2004,PG-13,122 min
6959,Movie,Her,"July 29, 2018",2013,R,126 min
6960,Movie,Her Only Choice,"May 2, 2019",2018,TV-14,87 min
6961,Movie,Hera Pheri,"December 31, 2019",1976,TV-14,156 min
6962,Movie,Here Alone,"July 1, 2017",2016,TV-MA,97 min
6963,Movie,Hero,"August 1, 2018",1997,TV-MA,89 min
6964,TV Show,Herrens veje,"June 1, 2019",2018,TV-MA,2 Seasons
6965,Movie,Hickok,"July 24, 2020",2017,TV-MA,88 min
6966,TV Show,Hidden Singer,"May 19, 2017",2015,TV-Y7,1 Season
6967,Movie,Hide & Seek,"March 1, 2018",2010,TV-14,96 min
6968,Movie,Hide and Seek,"August 19, 2017",2016,TV-14,104 min
6969,Movie,Highly Strung,"February 1, 2017",2015,TV-14,80 min
6970,TV Show,Highway Thru Hell," December 3, 2019",2016,TV-PG,3 Seasons
6971,TV Show,Highway to Heaven," November 1, 2016",1988,TV-PG,5 Seasons
6972,TV Show,Hinterland,"August 1, 2017",2016,TV-14,3 Seasons
6973,Movie,Hiroshima: The Real History,"March 31, 2017",2015,TV-PG,95 min
6974,Movie,Hisss,"December 1, 2017",2010,TV-MA,97 min
6975,TV Show,Historia de un clan,"January 13, 2017",2015,TV-MA,1 Season
6976,Movie,History of Joy,"August 1, 2018",2017,TV-14,118 min
6977,TV Show,History's Greatest Hoaxes,"July 12, 2019",2016,TV-PG,1 Season
6978,Movie,Hitch,"January 1, 2020",2005,PG-13,118 min
6979,Movie,Hitler's Olympics,"August 1, 2016",2016,TV-PG,44 min
6980,Movie,Hitler's Steel Beast,"November 1, 2017",2017,TV-14,54 min
6981,Movie,Ho Mann Jahaan,"July 1, 2017",2015,TV-PG,170 min
6982,TV Show,Hogie the Globehopper,"August 1, 2017",2016,TV-Y,1 Season
6983,Movie,Hokkabaz,"March 10, 2017",2006,TV-MA,118 min
6984,Movie,Holding the Man,"August 1, 2016",2015,TV-MA,128 min
6985,Movie,Holidays,"July 15, 2016",2016,TV-MA,106 min
6986,Movie,Holy Hell,"September 1, 2016",2016,NR,103 min
6987,Movie,Holy Man 2,"July 30, 2018",2008,TV-14,92 min
6988,Movie,Holy Man 3,"July 30, 2018",2010,TV-MA,102 min
6989,Movie,Hombanna,"May 1, 2018",2017,TV-14,126 min
6990,Movie,Homeland,"October 15, 2019",2019,TV-PG,73 min
6991,Movie,Honey 2,"October 1, 2019",2011,PG-13,111 min
6992,Movie,Honey: Rise Up and Dance,"April 3, 2018",2018,PG-13,100 min
6993,Movie,Hoodwinked Too! Hood vs. Evil,"November 3, 2018",2011,PG,86 min
6994,Movie,Hope Aur Hum,"September 1, 2018",2018,TV-14,95 min
6995,Movie,Hope Springs Eternal,"November 8, 2018",2018,PG,79 min
6996,Movie,Hope: One in a Billion,"December 15, 2019",2017,TV-14,81 min
6997,TV Show,Hormones,"June 30, 2018",2015,TV-MA,3 Seasons
6998,Movie,Horns,"August 1, 2019",2013,R,120 min
6999,TV Show,Horror Homes,"October 2, 2019",2016,TV-14,1 Season
7000,Movie,Horror Story,"April 12, 2019",2013,TV-14,85 min
7001,Movie,Hostage to the Devil,"January 15, 2017",2016,TV-14,96 min
7002,Movie,Hostages,"January 29, 2018",2017,TV-PG,91 min
7003,Movie,Hostiles,"August 15, 2018",2017,R,134 min
7004,Movie,Hot Bot,"March 1, 2016",2016,NR,93 min
7005,Movie,Hot Property,"August 13, 2017",2016,TV-MA,82 min
7006,Movie,Hot Rod,"November 20, 2019",2007,PG-13,88 min
7007,TV Show,Hotel Beau Séjour,"March 16, 2017",2017,TV-14,1 Season
7008,Movie,Hotel Pacific,"October 1, 2019",1975,TV-MA,96 min
7009,Movie,Hotel Transylvania 3: Summer Vacation,"January 24, 2019",2018,PG,97 min
7010,Movie,House at the End of the Street,"May 8, 2020",2012,PG-13,101 min
7011,Movie,House of Z,"January 6, 2018",2016,TV-14,88 min
7012,Movie,"Houston, We Have a Problem!","July 20, 2017",2016,TV-14,84 min
7013,Movie,How the Beatles Changed the World,"February 1, 2018",2017,TV-PG,110 min
7014,Movie,How the Grinch Stole Christmas,"June 1, 2017",2000,PG,105 min
7015,Movie,How to Be a Latin Lover,"November 1, 2019",2017,PG-13,116 min
7016,Movie,How to Be a Player,"November 1, 2019",1997,R,94 min
7017,Movie,How to Change the World,"January 1, 2016",2015,NR,110 min
7018,TV Show,How to Live Mortgage Free with Sarah Beeny,"September 15, 2018",2018,TV-MA,1 Season
7019,Movie,How to Make an American Quilt,"April 1, 2018",1995,PG-13,116 min
7020,Movie,How to Win the US Presidency,"August 1, 2016",2016,TV-PG,51 min
7021,Movie,Hridaynath,"January 1, 2018",2012,TV-14,103 min
7022,Movie,Hulk Vs.,"June 1, 2020",2009,PG-13,83 min
7023,Movie,Hum Saath-Saath Hain,"January 1, 2018",1999,TV-G,176 min
7024,Movie,Humko Deewana Kar Gaye,"October 22, 2017",2006,TV-PG,149 min
7025,TV Show,Humsafar,"December 15, 2016",2011,TV-PG,1 Season
7026,Movie,Hungerford,"June 23, 2018",2014,TV-MA,79 min
7027,Movie,Hunt to Kill,"January 1, 2020",2010,R,97 min
7028,Movie,Hunter's Prayer,"October 22, 2019",2015,R,91 min
7029,TV Show,Hunters of the South Seas,"February 1, 2019",2015,TV-14,1 Season
7030,TV Show,Huntik: Secrets and Seekers," January 1, 2018",2011,TV-Y7,2 Seasons
7031,Movie,Hurricane Bianca,"January 1, 2017",2016,TV-MA,85 min
7032,Movie,Hurricane Bianca: From Russia With Hate,"August 15, 2018",2018,TV-MA,85 min
7033,Movie,Hustle & Flow,"December 1, 2019",2005,R,117 min
7034,TV Show,Hyori's Bed & Breakfast,"March 29, 2018",2018,TV-14,2 Seasons
7035,Movie,Hypersomnia,"June 8, 2017",2016,TV-MA,84 min
7036,Movie,I Am,"March 4, 2019",2010,TV-MA,106 min
7037,Movie,I Am Bolt,"October 1, 2017",2016,PG,107 min
7038,Movie,I Am Jane Doe,"May 26, 2017",2017,TV-14,98 min
7039,Movie,I Am Maris,"April 1, 2019",2018,TV-14,54 min
7040,TV Show,I Am Me!,"March 3, 2017",2016,TV-14,1 Season
7041,Movie,I Am Not Madame Bovary,"September 2, 2017",2016,TV-14,139 min
7042,Movie,I Am Sun Mu,"February 1, 2017",2015,NR,88 min
7043,Movie,I Am Vengeance,"December 22, 2018",2018,R,93 min
7044,Movie,I Am Wrath,"September 16, 2019",2016,R,91 min
7045,Movie,I Don't Know How She Does It,"March 23, 2019",2011,PG-13,89 min
7046,Movie,I Dream Of Dance,"January 31, 2019",2017,TV-14,106 min
7047,Movie,I Fine... Thank You... Love You,"September 5, 2018",2014,TV-14,116 min
7048,Movie,"I, Daniel Blake","April 19, 2019",2016,R,100 min
7049,Movie,I'll See You in My Dreams,"October 22, 2019",2015,PG-13,96 min
7050,Movie,I'm in Love with a Church Girl,"October 1, 2017",2013,PG,119 min
7051,TV Show,I'm Sorry,"September 13, 2019",2019,TV-MA,2 Seasons
7052,Movie,Ice Guardians,"October 1, 2017",2016,TV-MA,108 min
7053,Movie,Iceman,"January 23, 2018",2014,R,104 min
7054,Movie,Ideachi Kalpana,"January 1, 2018",2010,TV-14,124 min
7055,TV Show,Idiotest,"December 15, 2018",2014,TV-PG,1 Season
7056,Movie,Igor,"September 1, 2019",2008,PG,87 min
7057,Movie,Iliza Shlesinger: War Paint,"September 1, 2013",2013,NR,75 min
7058,Movie,Imagine That,"December 7, 2019",2009,PG,108 min
7059,Movie,Immoral Tales,"June 6, 2019",1974,UR,103 min
7060,TV Show,In Between,"January 1, 2017",2012,TV-14,1 Season
7061,Movie,In Search of Fellini,"March 19, 2018",2017,R,103 min
7062,Movie,In The Deep,"January 10, 2018",2017,PG-13,89 min
7063,Movie,Incir Receli 2,"March 10, 2017",2014,TV-14,103 min
7064,Movie,Incoming,"October 26, 2018",2019,TV-MA,89 min
7065,Movie,Incomplete,"April 8, 2017",2017,TV-MA,119 min
7066,Movie,Inconceivable,"March 1, 2018",2017,R,106 min
7067,Movie,Incorruptible,"September 1, 2017",2015,TV-MA,90 min
7068,Movie,Incredibles 2 (Spanish Version),"February 8, 2019",2018,PG,118 min
7069,Movie,INDIA,"February 17, 2017",2014,NR,95 min
7070,TV Show,India: Nature's Wonderland,"March 1, 2017",2015,TV-PG,1 Season
7071,Movie,Indiana Jones and the Kingdom of the Crystal Skull,"January 1, 2019",2008,PG-13,123 min
7072,Movie,Indiana Jones and the Last Crusade,"January 1, 2019",1989,PG-13,127 min
7073,Movie,Indiana Jones and the Raiders of the Lost Ark,"January 1, 2019",1981,PG,116 min
7074,Movie,Indiana Jones and the Temple of Doom,"January 1, 2019",1984,PG,119 min
7075,Movie,Indiscretion,"February 1, 2017",2016,TV-MA,99 min
7076,Movie,Inequality for All,"August 29, 2018",2013,PG,90 min
7077,Movie,Influx,"April 1, 2018",2016,TV-PG,90 min
7078,Movie,Inglourious Basterds,"July 22, 2019",2009,R,153 min
7079,Movie,Inkheart,"July 1, 2019",2008,PG,106 min
7080,Movie,Insan,"March 1, 2018",2005,TV-14,141 min
7081,TV Show,Inside The Freemasons,"September 15, 2018",2017,TV-MA,1 Season
7082,TV Show,Inside the Mind of a Serial Killer,"July 1, 2019",2015,TV-14,1 Season
7083,TV Show,Inside the Mossad,"January 29, 2019",2017,TV-14,1 Season
7084,TV Show,Inst@famous,"December 31, 2018",2018,TV-MA,1 Season
7085,Movie,Instructions Not Included,"January 1, 2020",2013,PG-13,122 min
7086,TV Show,Intelligence,"July 19, 2017",2007,TV-MA,2 Seasons
7087,Movie,Internet Famous,"July 21, 2016",2016,TV-14,87 min
7088,Movie,Into the Forest,"November 7, 2018",2015,R,102 min
7089,Movie,Inuyasha the Movie - L'isola del fuoco scarlatto,"September 1, 2017",2004,TV-PG,88 min
7090,Movie,Inuyasha the Movie - La spada del dominatore del mondo,"September 1, 2017",2003,TV-14,99 min
7091,Movie,InuYasha: The Movie 2: The Castle Beyond the Looking Glass,"September 1, 2017",2002,TV-14,99 min
7092,Movie,Invictus,"November 1, 2019",2009,PG-13,134 min
7093,Movie,Invisible Essence: The Little Prince,"January 14, 2019",2018,TV-PG,91 min
7094,Movie,Inxeba,"February 1, 2018",2017,TV-MA,88 min
7095,Movie,Iqbal,"March 1, 2018",2006,TV-Y7,127 min
7096,Movie,Irada Pakka,"March 15, 2018",2010,TV-14,137 min
7097,Movie,Iron Cowboy: The Story of the 50.50.50,"July 19, 2019",2018,TV-14,77 min
7098,Movie,Iron Man & Captain America: Heroes United,"October 12, 2014",2014,PG,71 min
7099,TV Show,Iron Man: Armored Adventures,"August 1, 2020",2011,TV-Y7,2 Seasons
7100,Movie,Ishqedarriyaan,"March 1, 2018",2015,TV-14,130 min
7101,TV Show,Islands of the Future,"March 1, 2017",2014,TV-PG,1 Season
7102,TV Show,마녀사냥,"February 19, 2018",2015,TV-MA,1 Season
7103,Movie,Issaq,"March 1, 2018",2013,TV-MA,140 min
7104,Movie,It Takes Two,"November 20, 2019",1995,PG,101 min
7105,Movie,It's Fine,"May 3, 2019",2012,TV-14,101 min
7106,Movie,It's Now or Never,"March 1, 2016",2015,TV-MA,91 min
7107,Movie,"It's Okay, Buddy","June 6, 2019",2017,TV-14,84 min
7108,Movie,Iverson,"April 1, 2016",2014,NR,88 min
7109,Movie,최강전사 미니특공대 : 영웅의 탄생,"September 1, 2018",2018,TV-Y7,68 min
7110,Movie,Jaan-E-Mann: Let's Fall in Love... Again,"December 31, 2019",2006,TV-14,163 min
7111,Movie,Jack and the Cuckoo-Clock Heart,"February 8, 2017",2013,PG,93 min
7112,Movie,Jack of all Trades,"July 16, 2019",2018,TV-MA,86 min
7113,TV Show,Jack Taylor,"March 31, 2013",2016,TV-MA,1 Season
7114,Movie,Jackie Brown,"August 1, 2019",1997,R,154 min
7115,Movie,Jackpot,"October 6, 2018",2015,TV-14,92 min
7116,Movie,Jail,"December 31, 2019",2009,TV-14,132 min
7117,Movie,Jake's Buccaneer Blast,"August 6, 2017",2014,TV-Y,22 min
7118,Movie,Jal,"October 15, 2017",2013,TV-14,132 min
7119,Movie,Jalpari: The Desert Mermaid,"May 19, 2018",2012,TV-14,94 min
7120,Movie,Janaan,"September 15, 2017",2016,TV-14,132 min
7121,TV Show,Japanese Style Originator,"May 1, 2017",2008,TV-G,1 Season
7122,Movie,Jay and Silent Bob Strike Back,"January 1, 2019",2001,R,105 min
7123,Movie,Jealousy and medicine,"October 1, 2019",1973,TV-MA,97 min
7124,TV Show,Jeopardy!,"December 18, 2020",2019,TV-G,2 Seasons
7125,Movie,Jeremy Scott: The People's Designer,"April 1, 2016",2015,PG-13,109 min
7126,TV Show,Jericho,"August 16, 2017",2008,TV-14,2 Seasons
7127,Movie,Jersey Boys,"January 1, 2019",2014,R,134 min
7128,Movie,Jesus: Countdown to Calvary,"April 1, 2019",2018,TV-14,53 min
7129,Movie,Jewel's Catch One,"May 1, 2018",2016,TV-MA,84 min
7130,TV Show,Jhansi Ki Rani,"June 1, 2017",2009,TV-14,1 Season
7131,Movie,Jimi Hendrix,"November 1, 2019",1973,R,102 min
7132,TV Show,JingleKids,"April 1, 2019",2017,TV-Y7,1 Season
7133,Movie,Jiro Dreams of Sushi,"June 5, 2019",2011,PG,79 min
7134,Movie,Jis Desh Men Ganga Behti Hai,"December 31, 2019",1960,TV-14,181 min
7135,Movie,Joe Cocker: Mad Dog with Soul,"April 1, 2017",2017,TV-14,90 min
7136,Movie,John & Jane,"August 15, 2016",2005,TV-14,79 min
7137,Movie,John Carter,"May 2, 2019",2012,PG-13,133 min
7138,Movie,John Day,"December 31, 2019",2013,TV-MA,125 min
7139,Movie,John Mellencamp: Plain Spoken,"February 1, 2018",2017,TV-MA,80 min
7140,Movie,Jonathan,"April 16, 2019",2018,TV-MA,101 min
7141,TV Show,Jonathan Strange & Mr Norrell,"August 25, 2016",2015,TV-14,1 Season
7142,Movie,Jora 10 Numbaria,"January 1, 2018",2017,TV-MA,135 min
7143,TV Show,Juana Brava,"March 20, 2017",2015,TV-MA,1 Season
7144,TV Show,Juana Inés,"January 27, 2017",2016,TV-14,1 Season
7145,Movie,Judwaa,"December 31, 2019",1997,TV-14,133 min
7146,Movie,Judy Moody and the Not Bummer Summer,"August 8, 2019",2011,PG,91 min
7147,Movie,Jugaad,"September 15, 2018",2017,TV-14,52 min
7148,Movie,Julie & Julia,"January 1, 2021",2009,PG-13,123 min
7149,TV Show,Julius Jr.," November 3, 2015",2014,TV-Y,2 Seasons
7150,Movie,Jumping the Broom,"November 1, 2020",2011,PG-13,113 min
7151,Movie,Junebug,"March 1, 2019",2005,R,107 min
7152,Movie,Jupiter Ascending,"August 1, 2019",2015,PG-13,128 min
7153,Movie,Just Friends,"September 1, 2019",2005,PG-13,94 min
7154,Movie,"Justice, My Foot!","August 31, 2018",1992,TV-14,95 min
7155,Movie,Justin Bieber: Never Say Never,"January 1, 2018",2011,G,106 min
7156,TV Show,K,"December 1, 2016",2012,TV-MA,1 Season
7157,Movie,K-19: The Widowmaker,"November 21, 2019",2002,PG-13,138 min
7158,TV Show,Kaçak,"December 26, 2016",2013,TV-14,1 Season
7159,Movie,Kaabil,"June 25, 2017",2017,TV-14,139 min
7160,Movie,Kaakan,"March 1, 2018",2015,TV-PG,132 min
7161,Movie,Kaalia,"December 31, 2019",1981,TV-14,173 min
7162,Movie,Kaaliyan,"August 1, 2018",2017,TV-PG,105 min
7163,Movie,Kabali (Hindi Version),"December 15, 2017",2016,TV-MA,148 min
7164,Movie,Kacche Dhaagey,"November 1, 2017",2016,TV-14,120 min
7165,Movie,Kahlil Gibran's The Prophet,"October 1, 2017",2014,PG,85 min
7166,Movie,Kajraare,"October 22, 2017",2010,TV-14,113 min
7167,Movie,Kaleidoscope,"May 8, 2018",2016,TV-MA,99 min
7168,Movie,Kalki,"March 1, 2018",2017,TV-14,41 min
7169,Movie,Kanika,"March 1, 2018",2017,TV-14,110 min
7170,Movie,Karzzzz,"October 22, 2017",2008,TV-14,137 min
7171,Movie,Kate & Leopold,"January 1, 2020",2001,PG-13,118 min
7172,Movie,Katha,"December 31, 2019",1982,TV-PG,140 min
7173,Movie,Katt Williams: Live,"July 19, 2018",2006,NR,85 min
7174,Movie,Kaviyude Osyath,"July 1, 2018",2017,TV-14,116 min
7175,Movie,Kay Dyache Bola,"January 1, 2018",2005,TV-14,133 min
7176,TV Show,Ken Burns: The Civil War,"February 22, 2017",1990,TV-14,1 Season
7177,TV Show,Ken Burns: The Roosevelts: An Intimate History,"February 22, 2017",2014,TV-PG,1 Season
7178,TV Show,Ken Burns: The West,"March 14, 2017",1996,TV-PG,1 Season
7179,Movie,Kevin Hart: Laugh at My Pain,"October 1, 2018",2011,R,89 min
7180,Movie,Kevin Hart: Let Me Explain,"July 13, 2018",2013,R,75 min
7181,Movie,Kevin Hart: Seriously Funny,"October 1, 2018",2010,TV-MA,67 min
7182,Movie,Kevyn Aucoin: Beauty & the Beast in Me,"January 1, 2019",2017,TV-MA,90 min
7183,TV Show,Khaani,"August 1, 2019",2017,TV-14,1 Season
7184,Movie,Khalnayak,"March 1, 2018",1993,TV-14,170 min
7185,TV Show,Khan: No. 1 Crime Hunter,"May 1, 2018",2018,TV-14,1 Season
7186,TV Show,Khelti Hai Zindagi Aankh Micholi,"April 1, 2017",2013,TV-14,1 Season
7187,Movie,Khosla Ka Ghosla,"August 2, 2018",2006,TV-14,124 min
7188,TV Show,Khotey Sikkey,"March 15, 2018",2011,TV-14,1 Season
7189,Movie,Khubsoorat,"December 31, 2019",1980,TV-PG,120 min
7190,Movie,Khushi,"March 1, 2018",2003,TV-14,157 min
7191,Movie,Kia and Cosmos,"May 1, 2019",2018,TV-14,124 min
7192,Movie,Kickboxer: Retaliation,"April 26, 2018",2017,R,110 min
7193,Movie,Kickboxer: Vengeance,"December 8, 2016",2016,TV-MA,90 min
7194,Movie,Kicking and Screaming,"November 4, 2019",1995,R,97 min
7195,Movie,Kid Kulafu,"March 4, 2019",2015,TV-14,108 min
7196,Movie,Kidnapping Mr. Heineken,"September 8, 2017",2015,R,95 min
7197,TV Show,Kikoriki,Unknown,2010,TV-Y,2 Seasons
7198,Movie,Kill Bill: Vol. 1,"January 1, 2020",2003,R,111 min
7199,Movie,Kill Bill: Vol. 2,"January 1, 2020",2004,R,137 min
7200,Movie,Kill Command,"February 23, 2017",2016,TV-MA,100 min
7201,Movie,Kill Hitler! The Luck of the Devil,"May 1, 2019",2015,TV-14,53 min
7202,Movie,Kill Ratio,"February 17, 2017",2016,TV-MA,87 min
7203,Movie,Kill the Irishman,"August 21, 2020",2011,R,106 min
7204,Movie,Killer Klowns from Outer Space,"April 1, 2020",1988,PG-13,86 min
7205,Movie,Killers,"January 1, 2021",2010,PG-13,100 min
7206,Movie,Kills on Wheels,"March 15, 2018",2016,TV-MA,103 min
7207,Movie,Kilo Two Bravo,"March 1, 2019",2014,R,109 min
7208,Movie,King Jack,"July 1, 2016",2015,NR,81 min
7209,Movie,King's Ransom,"November 1, 2019",2005,PG-13,98 min
7210,TV Show,Kingdoms of the Sky,"October 1, 2018",2018,TV-PG,1 Season
7211,Movie,Kingpin,"January 1, 2020",1996,PG-13,114 min
7212,Movie,Kings,"October 29, 2018",2017,R,87 min
7213,Movie,Kis Kisko Pyaar Karoon,"November 1, 2017",2015,TV-PG,132 min
7214,Movie,Kiss the Girls,"January 1, 2020",1997,R,116 min
7215,TV Show,Kiss The Series,"May 26, 2019",2016,TV-14,1 Season
7216,TV Show,Kitten Rescuers,"October 2, 2019",2017,TV-14,1 Season
7217,Movie,KL Zombi,"August 21, 2017",2013,TV-14,92 min
7218,TV Show,Knights of Sidonia," December 1, 2019",2015,TV-MA,2 Seasons
7219,Movie,Knock Knock,"November 1, 2020",2015,R,99 min
7220,Movie,Know Your Enemy - Japan,"March 31, 2017",1945,TV-14,63 min
7221,Movie,Knowing,"October 1, 2019",2009,PG-13,121 min
7222,Movie,Koko: The Gorilla Who Talks,"March 1, 2017",2016,TV-G,56 min
7223,TV Show,Kon Kon Kon,"February 16, 2018",2014,TV-PG,1 Season
7224,Movie,Kon-Tiki,"April 26, 2019",2012,PG-13,96 min
7225,Movie,Koshish,"December 31, 2019",1972,TV-14,115 min
7226,Movie,Kraftidioten,"January 5, 2017",2014,TV-MA,117 min
7227,Movie,Krish Trish and Baltiboy,"September 8, 2017",2009,TV-Y7,58 min
7228,Movie,Krish Trish and Baltiboy: Battle of Wits,"September 8, 2017",2013,TV-Y7,62 min
7229,Movie,Krish Trish and Baltiboy: Best Friends Forever,"September 8, 2017",2016,TV-Y,65 min
7230,Movie,Krish Trish and Baltiboy: Comics of India,"September 8, 2017",2012,TV-Y7,61 min
7231,Movie,Krish Trish and Baltiboy: Face Your Fears,"November 17, 2017",2017,TV-Y7,65 min
7232,Movie,Krish Trish and Baltiboy: Oversmartness Never Pays,"September 8, 2017",2017,TV-Y7,65 min
7233,Movie,Krish Trish and Baltiboy: Part II,"September 8, 2017",2010,TV-Y7,58 min
7234,Movie,Krish Trish and Baltiboy: The Greatest Trick,"September 8, 2017",2013,TV-Y7,60 min
7235,Movie,Krisha,"November 7, 2018",2015,R,81 min
7236,TV Show,Krishna Balram,"July 8, 2019",2019,TV-Y7,1 Season
7237,Movie,Kristy,"October 31, 2015",2013,NR,85 min
7238,Movie,Krystal,"January 1, 2019",2017,R,93 min
7239,Movie,Kuldip Patwal: I Didn't Do It!,"December 31, 2019",2017,TV-MA,126 min
7240,Movie,Kung Fu Hustle,"April 1, 2020",2004,R,99 min
7241,Movie,Kung Fu Magoo,"August 1, 2018",2010,TV-Y7,79 min
7242,Movie,Kung Fu Panda: Holiday,"December 1, 2012",2010,TV-PG,26 min
7243,Movie,Kung Fu Yoga,"October 6, 2017",2017,TV-PG,107 min
7244,Movie,Kuppivala,"August 1, 2018",2017,TV-14,133 min
7245,Movie,Kurt & Courtney,"January 8, 2019",1998,R,95 min
7246,TV Show,Kurt Seyit & Sura,"December 26, 2016",2014,TV-14,1 Season
7247,Movie,Kurtulus Son Durak,"March 10, 2017",2012,TV-MA,100 min
7248,Movie,Kya Kehna,"April 1, 2018",2000,TV-PG,149 min
7249,Movie,Kygo: Live at the Hollywood Bowl,"March 12, 2018",2017,TV-MA,52 min
7250,Movie,Kyun! Ho Gaya Na,"March 1, 2018",2004,TV-PG,165 min
7251,Movie,La Última Fiesta,"February 1, 2017",2016,TV-MA,104 min
7252,Movie,LA 92,"March 1, 2018",2017,R,114 min
7253,Movie,La Bamba,"January 1, 2020",1987,PG-13,109 min
7254,Movie,La Coppia dei Campioni,"February 15, 2017",2016,TV-MA,88 min
7255,TV Show,La Familia P. Luche,Unknown,2012,TV-14,3 Seasons
7256,TV Show,La Femme,"October 16, 2017",2016,TV-14,1 Season
7257,TV Show,La Piloto,"April 2, 2018",2017,TV-MA,1 Season
7258,TV Show,La Rosa de Guadalupe,"January 15, 2019",2010,TV-PG,1 Season
7259,TV Show,La Viuda Negra,"January 15, 2019",2016,TV-14,1 Season
7260,Movie,Laal Rang,"March 1, 2018",2016,TV-14,143 min
7261,Movie,Laddaland,"September 7, 2018",2011,TV-MA,112 min
7262,Movie,Lady Bloodfight,"August 5, 2017",2016,R,101 min
7263,Movie,Lady in the Water,"July 1, 2019",2006,PG-13,110 min
7264,Movie,Lady-Like,"January 18, 2019",2018,NC-17,83 min
7265,TV Show,"Lady, la vendedora de rosas","April 1, 2018",2015,TV-14,1 Season
7266,Movie,Lalbaug Parel: Zali Mumbai Sonyachi,"March 15, 2018",2010,TV-MA,145 min
7267,TV Show,Land Girls,"August 1, 2017",2011,TV-14,3 Seasons
7268,Movie,Larceny,"September 15, 2017",2017,TV-14,87 min
7269,TV Show,Last,"May 22, 2017",2015,TV-14,1 Season
7270,Movie,Last Ferry,"March 11, 2020",2019,TV-MA,86 min
7271,Movie,Last Knights,"August 1, 2019",2015,R,115 min
7272,Movie,Last Night,"January 1, 2019",2010,R,93 min
7273,Movie,Le K Benzema,"May 1, 2018",2017,TV-14,121 min
7274,Movie,Le serment des Hitler,"May 1, 2019",2014,TV-PG,54 min
7275,Movie,Leap Year,"November 15, 2019",2010,PG,100 min
7276,Movie,LeapFrog: Letter Factory,"April 15, 2020",2003,TV-Y,37 min
7277,Movie,LeapFrog: Numberland,"April 15, 2020",2011,TV-Y,33 min
7278,Movie,LeapFrog: Phonics Farm,"April 15, 2020",2011,TV-Y,35 min
7279,Movie,"LeapFrog: Sing-along, Read-along","April 15, 2020",2011,TV-Y,32 min
7280,TV Show,Learning Time with Timmy,"May 15, 2020",2018,TV-Y,1 Season
7281,Movie,Lechmi,"August 1, 2018",2017,TV-MA,147 min
7282,Movie,Left Behind,"December 26, 2018",2014,PG-13,110 min
7283,Movie,Legend of the Guardians: The Owls of Ga'Hoole,"January 1, 2020",2010,PG,97 min
7284,Movie,Legend of the Naga Pearls,"March 30, 2018",2017,TV-MA,108 min
7285,Movie,Legendary Weapons of China,"August 16, 2018",1982,TV-14,101 min
7286,TV Show,Legends of Strength,"January 18, 2019",2017,TV-PG,1 Season
7287,Movie,Legion,"November 1, 2019",2010,R,100 min
7288,TV Show,Lego Friends," February 1, 2019",2017,TV-G,3 Seasons
7289,TV Show,Lego Friends: Girls on a Mission,"February 1, 2019",2018,TV-Y,1 Season
7290,Movie,LEGO House - Home of the Brick,"June 15, 2018",2018,TV-G,48 min
7291,Movie,LEGO Ninjago: Masters of Spinjitzu: Day of the Departed,"February 1, 2019",2016,TV-Y7-FV,44 min
7292,TV Show,Leo & Tig,"August 20, 2018",2017,TV-Y,1 Season
7293,Movie,Leo the Lion,"December 20, 2015",2013,TV-Y7-FV,78 min
7294,Movie,"Les Bleus - Une autre histoire de France, 1996-2016","March 15, 2017",2016,TV-MA,103 min
7295,Movie,Let There Be Light,"March 31, 2017",1946,TV-PG,58 min
7296,TV Show,Leyla and Mecnun,"April 15, 2017",2014,TV-MA,3 Seasons
7297,Movie,Lez Bomb,"February 7, 2019",2018,TV-14,90 min
7298,TV Show,License to Drill: Louisiana,"October 2, 2019",2014,TV-PG,1 Season
7299,Movie,Life After Beth,"July 21, 2018",2014,R,89 min
7300,Movie,Life in the Doghouse,"June 1, 2019",2018,TV-PG,83 min
7301,TV Show,Life on Location,"April 22, 2015",2009,TV-G,1 Season
7302,TV Show,Life Story,"June 20, 2016",2014,TV-14,1 Season
7303,Movie,Lifechanger,"May 28, 2019",2018,TV-MA,84 min
7304,Movie,Lifeline,"August 16, 2018",1997,TV-14,104 min
7305,Movie,Like Arrows,"May 6, 2019",2018,TV-PG,99 min
7306,Movie,Like Water for Chocolate,"November 1, 2019",1992,R,105 min
7307,Movie,Lila & Eve,"February 6, 2016",2015,R,94 min
7308,TV Show,Limmy's Show!," October 1, 2019",2012,TV-MA,2 Seasons
7309,Movie,Lincoln,"February 21, 2018",2012,PG-13,150 min
7310,Movie,Lion's Heart,"May 9, 2019",2013,TV-14,111 min
7311,Movie,Listen Up! The Lives of Quincy Jones,"November 1, 2019",1990,TV-14,116 min
7312,Movie,Little Dragon Maiden,"August 1, 2018",1983,TV-14,92 min
7313,TV Show,Little Lunch,"February 1, 2018",2015,Unknown,1 Season
7314,Movie,Little Lunch: The Halloween Horror Story,"March 15, 2018",2016,TV-Y7,23 min
7315,Movie,Little Lunch: The Nightmare Before Graduation,"March 15, 2018",2016,TV-Y7,25 min
7316,Movie,Little Men,"January 12, 2017",2016,PG,85 min
7317,Movie,Little Nicky,"December 1, 2020",2000,PG-13,90 min
7318,Movie,Little Singham aur Kaal ka Mahajaal,"December 1, 2018",2018,TV-Y7-FV,68 min
7319,Movie,Little Singham Bandarpur Mein Hu Ha Hu,"July 11, 2019",2019,TV-Y7,67 min
7320,Movie,Little Singham in London,"April 22, 2019",2019,TV-Y7,66 min
7321,Movie,Little Sister,"January 14, 2017",2016,NR,91 min
7322,TV Show,Liv and Maddie,"April 23, 2017",2017,TV-G,4 Seasons
7323,Movie,Lizzie Borden Took an Ax,"July 25, 2016",2014,TV-14,87 min
7324,Movie,Lo and Behold: Reveries of the Connected World,"December 23, 2016",2016,PG-13,98 min
7325,TV Show,Lo que la verdad esconde: El caso Asunta (Operacion Nenúfar),"February 1, 2019",2017,TV-14,1 Season
7326,TV Show,Lo que la vida me robó,"December 31, 2017",2013,TV-14,1 Season
7327,Movie,"Lock, Stock and Two Smoking Barrels","January 1, 2019",1998,R,108 min
7328,Movie,Locke,"July 15, 2018",2013,R,85 min
7329,Movie,Lockout,"May 7, 2020",2012,PG-13,95 min
7330,Movie,Loco Love,"July 30, 2017",2017,TV-MA,103 min
7331,Movie,Logan's Run,"November 1, 2019",1976,PG,118 min
7332,TV Show,LoliRock," May 1, 2018",2016,TV-Y,2 Seasons
7333,Movie,Lolita,"November 1, 2019",1962,R,153 min
7334,TV Show,London Spy,"March 31, 2017",2015,TV-MA,1 Season
7335,Movie,Long Time Running,"November 12, 2017",2017,TV-14,96 min
7336,Movie,"Look Out, Officer","August 16, 2018",1990,TV-14,88 min
7337,Movie,Look Who's Back,"April 9, 2016",2015,NR,116 min
7338,Movie,Lorai: Play to Live,"September 1, 2017",2015,TV-14,155 min
7339,TV Show,Los 10 años de Peter Capusotto,"June 29, 2018",2015,TV-MA,1 Season
7340,Movie,Los Niños Héroes de Chapultepec,"December 15, 2017",2017,TV-14,88 min
7341,TV Show,Los tiempos de Pablo Escobar,"August 1, 2018",2012,TV-14,1 Season
7342,Movie,Losing Sight of Shore,"May 1, 2017",2017,TV-14,92 min
7343,TV Show,Lost Girl," April 17, 2016",2015,TV-14,5 Seasons
7344,TV Show,Love Cuisine,"August 1, 2016",2015,TV-MA,1 Season
7345,Movie,Love Dot Com: The Social Experiment,"February 17, 2020",2019,TV-MA,98 min
7346,Movie,Love In A Puff,"August 1, 2018",2010,TV-MA,103 min
7347,Movie,Love Ni Bhavai,"May 1, 2018",2017,TV-14,163 min
7348,Movie,Love on Delivery,"August 16, 2018",1994,TV-14,93 min
7349,TV Show,Love Rain,"May 1, 2018",2012,TV-PG,1 Season
7350,TV Show,Love Rhythms - Accidental Daddy,"June 18, 2018",2016,TV-MA,1 Season
7351,Movie,Love Shot,"July 15, 2019",2018,TV-MA,77 min
7352,Movie,Love Station,"April 25, 2019",2011,TV-14,97 min
7353,Movie,Love You... Love You Not,"January 5, 2019",2015,TV-14,115 min
7354,TV Show,Love Your Garden,"July 26, 2019",2013,TV-G,1 Season
7355,Movie,"Love, Rosie","November 20, 2019",2014,R,103 min
7356,Movie,LoveTrue,"May 7, 2017",2016,TV-MA,82 min
7357,Movie,Loving Annabelle,"July 1, 2018",2006,TV-MA,77 min
7358,Movie,Loving You,"August 16, 2018",1995,TV-14,79 min
7359,Movie,Lucha: Playing the Impossible,"July 15, 2018",2016,TV-PG,98 min
7360,TV Show,Lucky Days,"September 1, 2016",2010,TV-PG,1 Season
7361,Movie,Lucky: No Time for Love,"November 15, 2017",2005,TV-14,131 min
7362,Movie,Lupt,"April 5, 2019",2018,TV-14,110 min
7363,Movie,Lusers,"July 15, 2016",2015,TV-MA,100 min
7364,Movie,Ma Chu Ka,"July 1, 2018",2017,TV-14,117 min
7365,Movie,Maacher Jhol,"January 1, 2018",2017,TV-PG,107 min
7366,Movie,Mac & Devin Go to High School,"April 20, 2016",2012,R,76 min
7367,Movie,Macchli Jal Ki Rani Hai,"October 15, 2017",2014,TV-MA,118 min
7368,Movie,Mad Max,"August 1, 2020",1979,R,93 min
7369,TV Show,Mad Men," March 22, 2015",2014,TV-14,7 Seasons
7370,Movie,Mad Money,"November 1, 2019",2008,PG-13,99 min
7371,Movie,Mad Ron's Prevues from Hell,"November 1, 2010",1987,NR,84 min
7372,Movie,Mad World,"September 20, 2018",2016,TV-MA,102 min
7373,Movie,Madaari,"February 17, 2017",2016,TV-14,134 min
7374,Movie,Maddman: The Steve Madden Story,"January 1, 2018",2017,TV-MA,78 min
7375,Movie,Madre,"August 26, 2017",2016,TV-MA,95 min
7376,TV Show,Maggie & Bianca: Fashion Friends,"March 31, 2019",2017,TV-Y7,1 Season
7377,TV Show,Magi: Adventure of Sinbad,"July 14, 2016",2016,TV-14,1 Season
7378,Movie,Magic Snowflake,"December 20, 2015",2013,TV-Y,73 min
7379,Movie,Magnetic,"June 12, 2020",2018,TV-14,110 min
7380,Movie,Magnus,"February 22, 2017",2016,TV-PG,75 min
7381,Movie,Mahabharat,"August 1, 2018",2013,TV-14,119 min
7382,TV Show,Maharakshak Devi,"April 15, 2017",2015,TV-14,1 Season
7383,TV Show,Maharakshak: Aryan,"April 1, 2017",2014,TV-14,1 Season
7384,TV Show,Mahi Way,"March 1, 2018",2010,TV-14,1 Season
7385,Movie,Mahjong Heroes,"August 16, 2018",1981,TV-PG,92 min
7386,TV Show,Mahmut & Meryem,"December 26, 2016",2013,TV-14,1 Season
7387,Movie,Maine Pyaar Kyun Kiya,"December 31, 2019",2005,TV-14,137 min
7388,Movie,Maine Pyar Kiya,"January 1, 2018",1989,TV-PG,192 min
7389,Movie,Mala Kahich Problem Nahi,"November 15, 2018",2017,TV-PG,132 min
7390,Movie,Malicious,"February 1, 2019",2018,TV-MA,91 min
7391,Movie,Man of Tai Chi,"July 26, 2018",2013,R,105 min
7392,Movie,Man Up,"September 4, 2018",2015,R,88 min
7393,TV Show,Man vs Wild with Sunny Leone,"December 1, 2018",2018,TV-PG,1 Season
7394,Movie,Mandi,"January 1, 2020",1983,TV-MA,155 min
7395,Movie,Mandobasar Galpo,"April 1, 2018",2017,TV-14,103 min
7396,Movie,Manglehorn,"April 16, 2017",2014,PG-13,97 min
7397,Movie,Mango Dreams,"March 15, 2018",2016,TV-14,92 min
7398,Movie,Manhattan Romance,"September 8, 2017",2014,TV-14,98 min
7399,Movie,Manolo: The Boy Who Made Shoes for Lizards,"January 15, 2018",2017,TV-MA,89 min
7400,Movie,Mansfield Park,"January 1, 2020",1999,PG-13,112 min
7401,Movie,Mantostaan,"December 15, 2017",2017,TV-MA,75 min
7402,Movie,Mantra,"December 15, 2017",2017,TV-14,89 min
7403,Movie,Mara,"January 5, 2019",2017,TV-MA,99 min
7404,Movie,Marauders,"December 1, 2020",2016,R,107 min
7405,TV Show,Marching Orders,"August 3, 2018",2018,TV-14,1 Season
7406,Movie,Mark Gatiss: A Study in Sherlock,"May 1, 2016",2016,TV-14,29 min
7407,TV Show,Maron,Unknown,2016,TV-MA,4 Seasons
7408,Movie,Maroon,"February 1, 2017",2016,TV-MA,94 min
7409,TV Show,Married at First Sight,"April 13, 2020",2019,TV-14,1 Season
7410,TV Show,Mars," November 1, 2019",2018,TV-PG,2 Seasons
7411,Movie,Martial Arts of Shaolin,"August 16, 2018",1986,R,90 min
7412,Movie,Martin Lawrence Live: Runteldat,"December 1, 2019",2002,R,104 min
7413,Movie,Martin Luther: The Idea that Changed the World,"January 1, 2018",2017,TV-PG,55 min
7414,Movie,Martyrs of Marriage,"March 15, 2018",2016,TV-14,83 min
7415,Movie,Marvel & ESPN Films Present: 1 of 1: Genesis,"March 15, 2015",2014,TV-PG,77 min
7416,Movie,Marvel's Iron Man & Hulk: Heroes United,"February 16, 2014",2013,PG,72 min
7417,Movie,Mary and the Witch's Flower,"July 17, 2018",2017,PG,103 min
7418,Movie,Mary Poppins Returns,"July 9, 2019",2018,PG,131 min
7419,TV Show,Mary Portas: Secret Shopper,"July 26, 2019",2016,TV-14,1 Season
7420,Movie,Masoom,"December 31, 2019",1983,TV-14,138 min
7421,Movie,Master,"February 1, 2018",2016,NR,143 min
7422,Movie,Mater,"August 1, 2018",2017,TV-MA,80 min
7423,Movie,Matichya Chuli,"February 15, 2018",2006,TV-14,132 min
7424,Movie,Max Rose,"January 15, 2017",2013,TV-14,84 min
7425,Movie,May We Chat,"August 26, 2018",2014,TV-MA,99 min
7426,Movie,May You Prosper,"July 20, 2019",2017,TV-14,93 min
7427,Movie,Maya Angelou: And Still I Rise,"May 1, 2017",2016,TV-PG,114 min
7428,Movie,Maynard,"September 2, 2018",2017,TV-PG,100 min
7429,Movie,Maza Pati Karodpati,"January 1, 2018",1988,TV-PG,132 min
7430,Movie,Me and the Alien,"February 14, 2017",2016,TV-MA,83 min
7431,Movie,Mean Dreams,"July 1, 2019",2016,R,105 min
7432,Movie,Mean Streets,"July 1, 2019",1973,R,112 min
7433,Movie,Meditation Park,"March 9, 2018",2017,TV-PG,94 min
7434,Movie,Medium,"October 1, 2019",1985,TV-MA,90 min
7435,Movie,Meet the Trumps: From Immigrant to President,"October 25, 2017",2017,TV-14,48 min
7436,TV Show,Mega Food,"July 12, 2019",2013,TV-G,1 Season
7437,TV Show,MegaTruckers,"July 12, 2019",2012,TV-PG,1 Season
7438,Movie,Melle,"August 1, 2018",2017,TV-PG,110 min
7439,TV Show,Melodies of Life - Born This Way,"June 21, 2019",2016,TV-14,1 Season
7440,Movie,Melvin Goes to Dinner,"July 1, 2018",2003,R,84 min
7441,Movie,Memoir of a Murderer,"February 19, 2018",2017,TV-MA,118 min
7442,Movie,Memory Games,"June 19, 2019",2018,TV-14,86 min
7443,Movie,Men in Black,"October 19, 2019",1997,PG-13,98 min
7444,Movie,Men in Black II,"October 1, 2019",2002,PG-13,88 min
7445,Movie,Menorca,"August 27, 2017",2016,TV-MA,81 min
7446,Movie,Merantau,"February 13, 2019",2009,R,112 min
7447,TV Show,Mere Papa Hero Hiralal,"May 1, 2018",2018,TV-14,1 Season
7448,TV Show,Merlí,"December 1, 2016",2015,TV-MA,1 Season
7449,Movie,Merry Men: The Real Yoruba Demons,"September 21, 2019",2018,TV-MA,106 min
7450,TV Show,Mexico Diseña,"February 1, 2017",2016,TV-PG,1 Season
7451,Movie,Mi Shivajiraje Bhosale Boltoy,"January 1, 2018",2009,TV-14,148 min
7452,Movie,MI-5,"August 1, 2019",2015,R,105 min
7453,Movie,Middle School: The Worst Years of My Life,"March 3, 2019",2016,PG,92 min
7454,TV Show,Midnight Misadventures With Mallika Dua,"April 1, 2019",2018,TV-14,1 Season
7455,Movie,Midnight Special,"September 7, 2020",2016,PG-13,112 min
7456,TV Show,Mighty Morphin Alien Rangers,"January 1, 2016",1996,TV-Y7,1 Season
7457,Movie,Milk,"February 16, 2017",2008,R,128 min
7458,TV Show,Mini Wolf," September 16, 2018",2014,TV-G,2 Seasons
7459,Movie,Minnaminugu the FireFly,"August 1, 2018",2017,TV-14,128 min
7460,TV Show,Minute to Win It,"December 15, 2018",2013,TV-PG,1 Season
7461,Movie,Miracle,"June 1, 2018",2004,PG,136 min
7462,Movie,Mirror Mirror,"April 24, 2020",2012,PG,106 min
7463,Movie,Mirzya,"February 20, 2017",2016,TV-MA,129 min
7464,TV Show,Miss Dynamite,"May 5, 2018",2015,TV-14,1 Season
7465,Movie,Miss Hokusai,"October 1, 2017",2015,PG-13,90 min
7466,Movie,Miss Julie,"September 2, 2015",2014,PG-13,130 min
7467,Movie,Miss Me This Christmas,"December 19, 2017",2017,TV-14,85 min
7468,Movie,Miss Representation,"October 20, 2017",2011,NR,90 min
7469,TV Show,Miss Rose,"August 1, 2016",2015,TV-MA,1 Season
7470,Movie,Miss Sharon Jones!,"January 7, 2017",2015,TV-MA,94 min
7471,Movie,Miss Stevens,"December 19, 2016",2016,NR,86 min
7472,Movie,Mission Control: The Unsung Heroes of Apollo,"August 13, 2017",2017,TV-14,100 min
7473,Movie,Mission of Honor,"July 29, 2019",2018,TV-MA,107 min
7474,Movie,Mission: Destroy Love,"August 7, 2017",2014,TV-PG,93 min
7475,Movie,Mississippi Grind,"July 26, 2018",2015,R,109 min
7476,Movie,Moh Maya Money,"May 1, 2017",2016,TV-MA,109 min
7477,Movie,Mohawk,"June 30, 2018",2017,TV-MA,92 min
7478,Movie,Mojave,"July 26, 2018",2015,R,93 min
7479,Movie,Mokalik (Mechanic),"September 1, 2019",2019,TV-14,100 min
7480,Movie,Molly's Game,"April 1, 2020",2017,R,141 min
7481,TV Show,Momo Salon,"July 1, 2017",2014,TV-14,1 Season
7482,Movie,Mona Lisa Smile,"January 1, 2019",2003,PG-13,119 min
7483,Movie,Money,"October 15, 2017",2016,R,84 min
7484,TV Show,Money for Nothing,"July 12, 2019",2015,TV-PG,1 Season
7485,Movie,Money Talks,"November 1, 2019",1997,R,96 min
7486,TV Show,Monkey Planet,"March 31, 2017",2014,TV-PG,1 Season
7487,Movie,Monkey Up,"March 19, 2016",2016,PG,83 min
7488,Movie,Monopoly (The Bank Of Luck),"June 15, 2019",2017,TV-MA,117 min
7489,Movie,Monster Family,"April 4, 2018",2017,PG,93 min
7490,Movie,Monster High 13 Wishes,"March 1, 2018",2013,TV-Y7,73 min
7491,Movie,"Monster High: Boo York, Boo York","September 29, 2015",2015,TV-Y7,72 min
7492,Movie,Monster High: Escape from Skull Shores,"January 1, 2018",2012,TV-Y7,46 min
7493,Movie,Monster High: Freaky Fusion,"January 30, 2018",2014,TV-Y7,74 min
7494,Movie,Monster High: Friday Night Frights,"January 1, 2018",2013,TV-Y7,46 min
7495,Movie,Monster High: Fright On!,"January 1, 2018",2011,TV-Y7,46 min
7496,Movie,"Monster High: Frights, Camera, Action!","January 1, 2018",2014,TV-Y7,74 min
7497,Movie,Monster High: Ghouls Rule,"March 1, 2018",2012,TV-Y7,71 min
7498,Movie,Monster High: Great Scarrier Reef,"October 1, 2017",2016,TV-Y7,72 min
7499,Movie,Monster High: Haunted,"March 24, 2018",2015,TV-Y7,76 min
7500,Movie,Monster High: New Ghoul at School,"October 1, 2017",2010,TV-Y7,23 min
7501,Movie,"Monster High: Scaris, City of Frights","July 7, 2015",2013,TV-G,60 min
7502,Movie,Monster High: Why Do Ghouls Fall in Love?,"January 1, 2018",2013,TV-Y7,46 min
7503,TV Show,Monster Math Squad,"May 15, 2020",2012,TV-Y,2 Seasons
7504,Movie,Monster-in-Law,"January 1, 2020",2005,PG-13,101 min
7505,TV Show,Monty Don's French Gardens,"July 26, 2019",2013,TV-G,1 Season
7506,TV Show,Monty Don's Italian Gardens,"July 26, 2019",2011,TV-G,1 Season
7507,Movie,Moon,"January 1, 2020",2009,R,97 min
7508,Movie,Moonlight,"May 21, 2019",2016,R,111 min
7509,Movie,Moonwalkers,"September 8, 2017",2015,R,96 min
7510,Movie,Moor,"November 1, 2017",2015,TV-14,135 min
7511,Movie,Morris from America,"November 1, 2018",2016,R,91 min
7512,Movie,Mortified Nation,"February 1, 2018",2013,TV-MA,84 min
7513,Movie,Morya,"February 15, 2018",2011,TV-14,121 min
7514,Movie,Motu Patlu: King of Kings,"July 6, 2017",2016,TV-Y7-FV,109 min
7515,Movie,Mountain,"October 1, 2018",2017,PG,74 min
7516,Movie,Movie 43,"April 9, 2019",2013,R,94 min
7517,Movie,Mr. Church,"December 22, 2018",2016,PG-13,105 min
7518,Movie,Mr. Deeds,"August 1, 2020",2002,PG-13,97 min
7519,Movie,Mr. Gaga: A True Story of Love and Dance,"June 15, 2017",2015,TV-14,102 min
7520,Movie,Mr. Virgin,"August 16, 2018",1984,TV-14,86 min
7521,Movie,Mr. Woodcock,"September 1, 2019",2007,PG-13,88 min
7522,TV Show,Mr. Young," April 16, 2019",2013,TV-G,2 Seasons
7523,Movie,Ms. Mammy,"June 6, 2019",2012,TV-14,90 min
7524,Movie,Mud,"January 1, 2021",2012,PG-13,131 min
7525,Movie,Mujhse Shaadi Karogi,"December 31, 2019",2004,TV-PG,158 min
7526,Movie,Mune: Guardian of the Moon,"January 26, 2018",2014,PG,85 min
7527,Movie,Muppets Most Wanted,"September 1, 2020",2014,PG,110 min
7528,Movie,Murder Party,"September 1, 2018",2007,NR,79 min
7529,TV Show,Murderous Affairs,"April 17, 2018",2017,TV-MA,3 Seasons
7530,TV Show,Mutant Busters," June 1, 2017",2017,TV-PG,2 Seasons
7531,Movie,Mutiny on the Bounty,"November 1, 2019",1962,TV-PG,185 min
7532,Movie,My Babysitter's a Vampire: The Movie,"October 17, 2018",2010,TV-PG,80 min
7533,Movie,My Brother ... Nikhil,"October 30, 2018",2005,TV-PG,116 min
7534,Movie,My Daddy is in Heaven,"June 12, 2018",2017,TV-14,95 min
7535,Movie,My Dog is My Guide,"April 18, 2019",2013,TV-14,99 min
7536,Movie,My Entire High School Sinking Into the Sea,"January 23, 2018",2016,PG-13,77 min
7537,Movie,My Ex-Ex,"August 15, 2017",2015,TV-MA,91 min
7538,Movie,My Honor Was Loyalty,"March 1, 2017",2015,Unknown,115 min
7539,TV Show,My Hotter Half,"July 22, 2019",2017,TV-PG,1 Season
7540,Movie,My Life as a Zucchini,"October 1, 2017",2016,PG-13,68 min
7541,TV Show,My Life My Story,"November 1, 2017",2017,TV-14,1 Season
7542,Movie,My Little Pony Equestria Girls: Friendship Games,"December 1, 2015",2015,TV-Y,72 min
7543,Movie,My Little Pony Equestria Girls: Rainbow Rocks,"December 17, 2014",2014,TV-Y,73 min
7544,Movie,My Only Mother,"March 4, 2019",2013,TV-14,104 min
7545,Movie,"My Schoolmate, the Barbarian","August 16, 2018",2001,TV-14,90 min
7546,Movie,My Scientology Movie,"July 13, 2017",2015,TV-MA,99 min
7547,Movie,My Sister's Keeper,"September 1, 2019",2009,PG-13,109 min
7548,TV Show,My Tattoo Addiction,"February 1, 2019",2013,TV-MA,1 Season
7549,Movie,My True Friend,"July 25, 2018",2012,TV-MA,108 min
7550,Movie,My Week with Marilyn,"May 30, 2019",2011,R,99 min
7551,Movie,My Wife and My Wifey,"April 18, 2019",2014,TV-14,99 min
7552,TV Show,Mystery Science Theater 3000,"March 15, 2018",1999,TV-14,1 Season
7553,Movie,Mythily Veendum Varunnu,"August 1, 2018",2017,TV-PG,88 min
7554,Movie,Nacho Libre,"November 1, 2019",2006,PG,92 min
7555,Movie,Naga The Eternal Yogi,"February 5, 2017",2016,TV-PG,73 min
7556,Movie,Nails,"March 10, 2018",2017,TV-MA,85 min
7557,Movie,Naledi: A Baby Elephant's Tale,"May 28, 2020",2016,TV-PG,91 min
7558,Movie,Namak Halaal,"December 31, 2019",1982,TV-14,171 min
7559,Movie,Namour,"March 15, 2017",2016,NR,80 min
7560,Movie,Naruto Shippuden : Blood Prison,"September 1, 2017",2011,TV-14,102 min
7561,Movie,Natalia Valdebenito: Gritona,"November 10, 2017",2017,TV-MA,76 min
7562,Movie,National Bird,"May 8, 2017",2016,TV-MA,92 min
7563,Movie,National Lampoon's Loaded Weapon 1,"November 1, 2019",1993,PG-13,82 min
7564,Movie,National Parks Adventure,"February 1, 2018",2016,TV-G,42 min
7565,Movie,National Treasure,"June 1, 2018",2004,PG,131 min
7566,Movie,Natsamrat - Asa Nat Hone Nahi,"June 1, 2018",2016,TV-14,165 min
7567,Movie,Natural Born Pranksters,"September 15, 2016",2016,R,91 min
7568,Movie,Natural Selection,"December 1, 2016",2015,R,101 min
7569,TV Show,Nature: Animals With Cameras,"October 1, 2018",2018,TV-PG,1 Season
7570,TV Show,NATURE: Natural Born Hustlers,"March 1, 2017",2016,TV-G,1 Season
7571,Movie,Nature: Raising the Dinosaur Giant,"March 1, 2017",2016,TV-G,53 min
7572,TV Show,Nature's Great Events (2009),"October 10, 2015",2009,TV-PG,1 Season
7573,TV Show,Nature's Great Events: Diaries,"April 22, 2015",2009,TV-PG,1 Season
7574,TV Show,Nature's Great Race,"October 1, 2017",2016,TV-PG,1 Season
7575,TV Show,Nature's Weirdest Events," September 1, 2019",2015,TV-PG,3 Seasons
7576,Movie,Nazi Concentration Camps,"March 31, 2017",1945,TV-MA,59 min
7577,TV Show,Nazi Mega Weapons," March 1, 2017",2016,TV-PG,3 Seasons
7578,Movie,Neruda,"June 26, 2017",2016,R,108 min
7579,Movie,Never Heard,"February 15, 2019",2018,TV-PG,89 min
7580,Movie,New York Minute,"January 1, 2020",2004,PG,91 min
7581,Movie,Newtown,"April 7, 2017",2016,NR,84 min
7582,Movie,Next,"July 1, 2019",2007,PG-13,96 min
7583,Movie,Nibunan,"May 1, 2018",2017,TV-14,124 min
7584,Movie,Night Comes On,"August 27, 2020",2018,TV-MA,87 min
7585,Movie,Night Moves,"June 30, 2019",2013,R,113 min
7586,Movie,Nightcrawler,"August 10, 2020",2014,R,118 min
7587,TV Show,"Nightmare Tenants, Slum Landlords"," July 12, 2019",2016,TV-MA,2 Seasons
7588,Movie,Nights in Rodanthe,"July 1, 2019",2008,PG-13,97 min
7589,TV Show,Ninja Hattori,"December 23, 2018",1981,TV-Y7,1 Season
7590,TV Show,Ninja Turtles: The Next Mutation,"January 1, 2016",1997,TV-G,1 Season
7591,Movie,No Entry,"March 1, 2018",2005,TV-PG,161 min
7592,Movie,No Estoy Loca,"May 4, 2018",2018,TV-MA,116 min
7593,Movie,No Reservations,"October 1, 2019",2007,PG,104 min
7594,TV Show,Nobel,"December 10, 2016",2016,R,1 Season
7595,Movie,Norm of the North: Family Vacation,"May 25, 2020",2020,TV-Y7,89 min
7596,Movie,Norm of the North: Keys to the Kingdom,"August 21, 2020",2019,TV-PG,92 min
7597,Movie,Norm of the North: King Sized Adventure,"September 9, 2019",2019,TV-PG,90 min
7598,TV Show,North & South,"March 31, 2017",2004,NR,1 Season
7599,Movie,Not Alone,"January 1, 2018",2017,TV-14,50 min
7600,Movie,NOVA: Bird Brain,"July 1, 2019",2017,TV-G,53 min
7601,Movie,NOVA: Black Hole Apocalypse,"July 1, 2019",2018,TV-G,113 min
7602,Movie,NOVA: Building Chernobyl's MegaTomb,"July 1, 2019",2017,TV-PG,53 min
7603,Movie,NOVA: Chinese Chariot Revealed,"July 1, 2019",2017,TV-PG,54 min
7604,Movie,NOVA: Day the Dinosaurs Died,"July 1, 2019",2017,TV-PG,53 min
7605,Movie,NOVA: Death Dive to Saturn,"July 1, 2019",2017,TV-G,54 min
7606,Movie,NOVA: Decoding the Weather Machine,"July 1, 2019",2018,TV-14,113 min
7607,Movie,NOVA: Eclipse Over America,"July 1, 2019",2017,TV-G,53 min
7608,Movie,NOVA: Extreme Animal Weapons,"July 1, 2019",2017,TV-PG,53 min
7609,Movie,NOVA: First Face of America,"July 1, 2019",2018,TV-PG,53 min
7610,Movie,NOVA: Holocaust Escape Tunnel,"July 1, 2019",2017,TV-14,54 min
7611,Movie,NOVA: Killer Floods,"July 1, 2019",2017,TV-PG,54 min
7612,Movie,NOVA: Killer Hurricanes,"July 1, 2019",2017,TV-PG,52 min
7613,Movie,NOVA: Killer Volcanoes,"July 1, 2019",2017,TV-PG,54 min
7614,Movie,NOVA: Poisoned Water,"July 1, 2019",2017,TV-PG,54 min
7615,Movie,NOVA: Prediction by the Numbers,"July 1, 2019",2018,TV-G,53 min
7616,Movie,NOVA: Secrets of the Shining Knight,"July 1, 2019",2017,TV-PG,53 min
7617,Movie,NOVA: Thai Cave Rescue,"July 1, 2019",2018,TV-PG,53 min
7618,Movie,NOVA: The Impossible Flight,"July 1, 2019",2018,TV-PG,113 min
7619,Movie,Nova: Ultimate Mars Challenge,"July 1, 2019",2012,TV-G,53 min
7620,Movie,November Criminals,"July 3, 2020",2017,PG-13,86 min
7621,Movie,Now and Then,"August 2, 2019",1995,PG-13,102 min
7622,Movie,Now More Than Ever: The History of Chicago,"January 1, 2018",2016,TV-MA,114 min
7623,Movie,Nowhere Boy,"April 14, 2018",2009,R,99 min
7624,TV Show,NSU German History X,"July 7, 2016",2016,TV-MA,1 Season
7625,TV Show,Nuestra Lucha Libre,"August 15, 2018",2018,TV-MA,1 Season
7626,Movie,Numbered,"December 31, 2017",2012,TV-PG,55 min
7627,Movie,Numero Zero. The Roots of Italian Rap,"April 15, 2018",2015,TV-MA,91 min
7628,TV Show,Nura: Rise of the Yokai Clan: Demon Capital,"December 1, 2016",2011,TV-MA,1 Season
7629,TV Show,Nurse Jackie," December 31, 2015",2015,TV-MA,7 Seasons
7630,TV Show,Nurses Who Kill,"August 1, 2017",2016,TV-14,1 Season
7631,Movie,Nymphomaniac: Volume 1,"January 1, 2018",2013,NR,117 min
7632,Movie,Nymphomaniac: Volume II,"August 25, 2018",2013,TV-MA,124 min
7633,TV Show,"O-Negative, Love Can’t Be Designed","April 13, 2018",2016,TV-MA,1 Season
7634,Movie,Oasis: Supersonic,"December 28, 2018",2016,R,122 min
7635,Movie,Obvious Child,"July 19, 2018",2014,R,84 min
7636,Movie,Océans,"September 19, 2019",2009,G,84 min
7637,Movie,Occupation,"January 3, 2019",2018,R,120 min
7638,Movie,Ocean's Eleven,"November 1, 2019",1960,TV-PG,127 min
7639,Movie,Ocean's Thirteen,"October 1, 2019",2007,PG-13,122 min
7640,Movie,Ocean's Twelve,"October 1, 2019",2004,PG-13,125 min
7641,TV Show,OCTB,"February 5, 2018",2017,TV-14,1 Season
7642,Movie,Off Course,"September 1, 2016",2015,TV-MA,107 min
7643,Movie,Officer Downe,"March 30, 2017",2016,R,91 min
7644,Movie,Oh My Ghost 2,"July 25, 2018",2011,TV-MA,103 min
7645,Movie,Oh My Ghost 3,"August 16, 2018",2012,TV-MA,103 min
7646,Movie,Oh My Ghost 4,"July 25, 2018",2015,TV-MA,106 min
7647,TV Show,Oh No! It's an Alien Invasion," May 31, 2015",2014,TV-Y7-FV,2 Seasons
7648,Movie,Oklahoma City,"April 19, 2017",2017,TV-14,102 min
7649,TV Show,Oliver Stone's Untold History of the United States,"November 15, 2016",2013,TV-PG,1 Season
7650,TV Show,Ollie & Moon,"March 28, 2018",2018,TV-Y,1 Season
7651,Movie,Omar and Salma 3,"April 25, 2019",2012,TV-MA,97 min
7652,Movie,On the Wrong Track,"August 2, 2018",1983,TV-14,89 min
7653,Movie,On Yoga The Architecture of Peace,"January 10, 2018",2017,TV-14,92 min
7654,Movie,Onaatah,"May 1, 2018",2016,TV-14,107 min
7655,Movie,Once In A Lifetime Sessions with Moby,"August 1, 2018",2018,TV-14,86 min
7656,Movie,Once In A Lifetime Sessions with Nile Rodgers,"August 1, 2018",2018,TV-PG,70 min
7657,Movie,Once In A Lifetime Sessions with Noel Gallagher,"August 1, 2018",2018,TV-MA,66 min
7658,Movie,Once In A Lifetime Sessions with TLC,"August 1, 2018",2018,TV-PG,72 min
7659,Movie,Once Upon a Time in London,"April 15, 2020",2019,TV-MA,111 min
7660,Movie,Once Upon a Time in the West,"November 20, 2019",1968,PG-13,166 min
7661,Movie,One Day,"September 5, 2018",2016,TV-PG,135 min
7662,Movie,One Direction: This Is Us,"October 1, 2019",2013,PG,92 min
7663,Movie,One Heart: The A.R. Rahman Concert Film,"November 1, 2017",2017,TV-G,87 min
7664,Movie,One Last Thing,"August 25, 2019",2018,TV-MA,92 min
7665,Movie,One More Shot,"January 15, 2018",2017,TV-MA,89 min
7666,Movie,One Night Stand,"October 15, 2017",2016,TV-MA,93 min
7667,TV Show,One Strange Rock,"February 2, 2019",2018,TV-PG,1 Season
7668,Movie,Only God Forgives,"May 15, 2018",2013,R,90 min
7669,Movie,Only the Dead,"November 15, 2018",2015,TV-MA,76 min
7670,Movie,Open Season,"September 1, 2019",2006,PG,86 min
7671,Movie,Operation Chromite,"January 15, 2018",2016,NR,111 min
7672,TV Show,Operation Gold Rush,"February 1, 2019",2016,TV-14,1 Season
7673,Movie,Operation Mekong,"August 5, 2017",2016,TV-MA,124 min
7674,Movie,Operation Odessa,"April 1, 2020",2018,TV-MA,93 min
7675,TV Show,Operation Ouch!,"August 1, 2020",2012,TV-PG,1 Season
7676,TV Show,Operation Proposal,"July 1, 2016",2012,TV-PG,1 Season
7677,Movie,Operation Red Sea,"November 27, 2018",2018,TV-MA,139 min
7678,Movie,Operator,"February 16, 2017",2016,TV-MA,91 min
7679,Movie,Opium and the Kung Fu Master,"August 16, 2018",1984,TV-MA,86 min
7680,TV Show,Origins Collection," July 20, 2018",2018,TV-PG,3 Seasons
7681,Movie,Oru Vishsheshapetta Biryani Kissa,"August 1, 2018",2017,TV-14,122 min
7682,Movie,OtherLife,"October 15, 2017",2017,TV-MA,96 min
7683,Movie,Ottaal,"March 15, 2017",2014,TV-PG,88 min
7684,Movie,Our Godfather,"September 10, 2019",2019,TV-MA,93 min
7685,Movie,Our House,"June 1, 2020",2018,PG-13,90 min
7686,Movie,Our Shining Days,"July 1, 2018",2017,TV-PG,103 min
7687,Movie,Outlawed,"February 15, 2019",2018,TV-MA,102 min
7688,Movie,P,"May 31, 2019",2006,TV-MA,105 min
7689,Movie,P Se PM Tak,"August 1, 2018",2015,TV-14,117 min
7690,TV Show,P. King Duckling,"November 7, 2017",2016,TV-Y,1 Season
7691,Movie,P.S. I Love You,"April 1, 2019",2007,PG-13,126 min
7692,Movie,Paathi,"July 1, 2018",2017,TV-14,89 min
7693,Movie,Pablo Escobar: Angel or Demon?,"March 23, 2018",2007,NR,82 min
7694,TV Show,Pacific Heat,"December 2, 2016",2016,TV-14,1 Season
7695,Movie,Pahuyut Fighting Beat,"July 26, 2018",2007,TV-MA,82 min
7696,Movie,Paid in Full,"November 1, 2019",2002,R,98 min
7697,Movie,Paint It Black,"February 1, 2018",2016,R,96 min
7698,Movie,Painted Faces,"August 16, 2018",1988,TV-PG,108 min
7699,TV Show,Pajanimals,"March 31, 2020",2011,TV-Y,1 Season
7700,Movie,Palio,"June 30, 2016",2015,TV-14,91 min
7701,Movie,Palm Trees in the Snow,"May 1, 2016",2015,TV-MA,163 min
7702,Movie,Panic Room,"August 1, 2019",2002,R,112 min
7703,Movie,Papa the Great,"December 8, 2017",2000,TV-PG,137 min
7704,Movie,Paper Year,"April 20, 2019",2018,TV-MA,89 min
7705,Movie,Paranormal Activity,"January 1, 2020",2007,R,86 min
7706,TV Show,Paranormal Survivor," August 4, 2017",2016,TV-14,2 Seasons
7707,Movie,Pardes,"March 1, 2018",1997,TV-14,187 min
7708,Movie,Pareeth Pandaari,"July 1, 2018",2017,TV-PG,109 min
7709,Movie,Paris Is Burning,"February 1, 2017",1990,R,77 min
7710,TV Show,Parks and Recreation," January 13, 2016",2015,TV-14,7 Seasons
7711,TV Show,Pasión de Gavilanes,"May 4, 2017",2003,TV-14,1 Season
7712,Movie,Passenger 57,"January 1, 2021",1992,R,84 min
7713,Movie,Patiala House,"October 22, 2017",2011,TV-PG,140 min
7714,Movie,Patient Seventeen,"January 29, 2018",2017,TV-14,68 min
7715,Movie,Patriot Games,"January 1, 2020",1992,R,117 min
7716,Movie,Patron Mutlu Son Istiyor,"March 10, 2017",2014,TV-MA,105 min
7717,Movie,Paul Blart: Mall Cop,"November 1, 2020",2009,PG,91 min
7718,Movie,Paulettante Veedu,"July 1, 2018",2016,TV-14,104 min
7719,TV Show,Pawn Stars,"September 15, 2019",2010,TV-14,1 Season
7720,Movie,Paying Guests,"July 1, 2018",2009,TV-14,114 min
7721,Movie,Pee Mak,"September 1, 2018",2013,TV-MA,112 min
7722,TV Show,Pee-wee's Playhouse," December 18, 2014",1990,TV-PG,5 Seasons
7723,Movie,Pee-wee's Playhouse: Christmas Special,"December 18, 2014",1988,TV-PG,48 min
7724,Movie,Pekak,"August 25, 2017",2016,TV-MA,95 min
7725,Movie,Penelope,"April 1, 2019",2006,PG,89 min
7726,TV Show,Penny Dreadful,"September 17, 2016",2016,TV-MA,3 Seasons
7727,Movie,People You May Know,"February 28, 2017",2016,TV-MA,108 min
7728,Movie,Perfect Bid: The Contestant Who Knew Too Much,"April 30, 2019",2017,TV-MA,72 min
7729,Movie,Perfect Stranger,"January 1, 2019",2007,R,109 min
7730,TV Show,Person of Interest," September 22, 2016",2016,TV-14,5 Seasons
7731,Movie,Personal Shopper,"February 1, 2019",2016,R,105 min
7732,Movie,Peter and the Farm,"March 9, 2017",2016,TV-MA,92 min
7733,Movie,Peter Rabbit,"August 18, 2018",2018,PG,95 min
7734,Movie,Phamous,"December 31, 2019",2018,TV-MA,108 min
7735,Movie,Phantom Boy,"October 1, 2017",2015,PG,85 min
7736,Movie,Philadelphia,"July 1, 2019",1993,PG-13,126 min
7737,Movie,Phir Se,"January 15, 2018",2015,TV-14,118 min
7738,Movie,Phobia 2,"September 5, 2018",2009,TV-MA,125 min
7739,Movie,Phone Swap,"September 1, 2019",2012,TV-14,112 min
7740,Movie,Phullu,"December 31, 2019",2017,TV-14,96 min
7741,Movie,Pick of the Litter,"August 2, 2020",2018,TV-PG,81 min
7742,Movie,Pierre Jackson,"June 29, 2019",2018,TV-MA,81 min
7743,Movie,Pimpal,"November 15, 2018",2017,TV-PG,92 min
7744,TV Show,Pioneers of African-American Cinema,"February 1, 2017",1946,TV-14,1 Season
7745,Movie,Pitaah,"March 1, 2018",2002,TV-MA,127 min
7746,Movie,"Pizza, birra, faso","March 15, 2018",1998,TV-MA,81 min
7747,Movie,"Plaire, aimer et courir vite","July 13, 2019",2018,TV-MA,133 min
7748,TV Show,Planet Earth II,"December 25, 2017",2016,TV-G,1 Season
7749,TV Show,Planet Earth: The Complete Collection,"April 22, 2015",2006,TV-PG,1 Season
7750,Movie,Planet Hulk,"June 1, 2020",2010,TV-14,81 min
7751,Movie,Planetarium,"January 1, 2018",2016,TV-MA,108 min
7752,Movie,Platoon,"November 1, 2020",1986,R,120 min
7753,Movie,Playing for Time,"December 1, 2017",1980,TV-14,149 min
7754,Movie,Playing Hard,"April 5, 2019",2018,TV-MA,92 min
7755,Movie,Pope Francis: A Man of His Word,"January 3, 2019",2018,PG,96 min
7756,Movie,Popeye,"November 24, 2019",1980,PG,114 min
7757,TV Show,Portlandia,"September 25, 2019",2018,TV-14,8 Seasons
7758,Movie,Porto,"April 16, 2018",2016,TV-MA,77 min
7759,Movie,Postcards from London,"February 19, 2019",2018,TV-MA,90 min
7760,TV Show,Powder,"February 15, 2018",2010,TV-14,1 Season
7761,TV Show,Power Battle Watch Car,"June 1, 2017",2016,TV-Y7,1 Season
7762,TV Show,Power Rangers Dino Charge,"December 2, 2015",2015,TV-Y7,1 Season
7763,TV Show,Power Rangers Dino Super Charge,"October 15, 2016",2016,TV-Y7,1 Season
7764,TV Show,Power Rangers Dino Thunder,"January 1, 2016",2004,TV-Y7,1 Season
7765,TV Show,Power Rangers in Space,"January 1, 2016",1998,TV-Y7,1 Season
7766,TV Show,Power Rangers Jungle Fury,"January 1, 2016",2008,TV-Y7,1 Season
7767,TV Show,Power Rangers Lightspeed Rescue,"January 1, 2016",2000,TV-Y7,1 Season
7768,TV Show,Power Rangers Lost Galaxy,"January 1, 2016",1999,TV-Y7,1 Season
7769,TV Show,Power Rangers Mystic Force,"January 1, 2016",2006,TV-Y7,1 Season
7770,TV Show,Power Rangers Ninja Storm,"January 1, 2016",2003,TV-Y7,1 Season
7771,TV Show,Power Rangers Operation Overdrive,"January 1, 2016",2007,TV-Y7,1 Season
7772,TV Show,Power Rangers RPM,"January 1, 2016",2009,TV-Y7,1 Season
7773,TV Show,Power Rangers S.P.D.,"January 1, 2016",2005,TV-Y7,1 Season
7774,TV Show,Power Rangers Samurai,"January 1, 2016",2011,TV-Y7,1 Season
7775,Movie,"Power Rangers Samurai: Christmas Together, Friends Forever (Christmas Special)","January 1, 2016",2011,TV-Y7,24 min
7776,Movie,Power Rangers Samurai: Clash of the Red Rangers,"January 1, 2016",2011,TV-Y7,46 min
7777,Movie,Power Rangers Samurai: Party Monsters (Halloween Special),"January 1, 2016",2011,TV-Y7,24 min
7778,TV Show,Power Rangers Super Megaforce,"January 1, 2016",2014,TV-Y7,1 Season
7779,Movie,Power Rangers Super Megaforce: The Legendary Battle (Extended),"January 1, 2016",2014,TV-Y7,55 min
7780,TV Show,Power Rangers Super Samurai,"January 1, 2016",2012,TV-Y7,1 Season
7781,Movie,Power Rangers Super Samurai: Stuck on Christmas,"January 1, 2016",2012,TV-Y7,24 min
7782,Movie,Power Rangers Super Samurai: Trickster Treat,"January 1, 2016",2012,TV-Y7,23 min
7783,TV Show,Power Rangers Time Force,"January 1, 2016",2001,TV-Y7,1 Season
7784,TV Show,Power Rangers Turbo,"January 1, 2016",1997,TV-Y7,1 Season
7785,TV Show,Power Rangers Wild Force,"January 1, 2016",2002,TV-Y7,1 Season
7786,TV Show,Power Rangers Zeo,"January 1, 2016",1996,TV-Y7,1 Season
7787,TV Show,Power Rangers: Megaforce,"January 1, 2016",2013,TV-Y7,1 Season
7788,Movie,Power Rangers: Megaforce: Raising Spirits,"January 1, 2016",2013,TV-Y7,24 min
7789,Movie,Power Rangers: Megaforce: The Robo Knight Before Christmas,"January 1, 2016",2013,TV-Y7,24 min
7790,Movie,Prague,"December 1, 2017",2013,TV-MA,106 min
7791,Movie,Prelude to War,"March 31, 2017",1942,TV-14,52 min
7792,Movie,Premachi Goshta,"February 15, 2018",2013,TV-14,127 min
7793,Movie,Prescription Thugs,"April 15, 2016",2015,NR,86 min
7794,Movie,Primal Fear,"December 1, 2019",1996,R,131 min
7795,Movie,Prince Charming,"August 31, 2018",1984,TV-14,93 min
7796,TV Show,Prince Jai Aur Dumdaar Viru,"October 18, 2020",2017,TV-Y,1 Season
7797,Movie,Princess Cyd,"February 5, 2018",2017,TV-MA,97 min
7798,Movie,Professor Mack,"August 6, 2019",2018,TV-MA,84 min
7799,TV Show,Prohibition: A Film by Ken Burns and Lynn Novick,"February 22, 2017",2011,TV-PG,1 Season
7800,Movie,Prosecuting Evil: The Extraordinary World of Ben Ferencz,"June 1, 2019",2019,TV-MA,83 min
7801,TV Show,Psiconautas,"April 15, 2018",2016,TV-MA,2 Seasons
7802,Movie,Pukar,"March 1, 2018",2000,TV-14,165 min
7803,Movie,Pulp Fiction,"January 1, 2019",1994,R,154 min
7804,Movie,Punjab 1984,"November 1, 2017",2014,TV-14,158 min
7805,Movie,Pusher,"December 27, 2017",2012,R,89 min
7806,Movie,Pyaar Ka Punchnama,"May 1, 2017",2011,TV-14,149 min
7807,TV Show,Pyaar Tune Kya Kiya," June 1, 2017",2014,TV-14,3 Seasons
7808,Movie,Q Ball,"March 11, 2020",2019,TV-MA,96 min
7809,TV Show,Qué pena tu serie,"November 4, 2016",2015,TV-MA,1 Season
7810,Movie,Quantum of Solace,"August 31, 2020",2008,PG-13,106 min
7811,TV Show,Queen of No Marriage,"August 1, 2016",2009,TV-MA,1 Season
7812,Movie,Queen of the Desert,"April 6, 2019",2015,PG-13,128 min
7813,TV Show,Queens of Comedy,"May 1, 2018",2017,TV-MA,1 Season
7814,TV Show,Queens vs. Kings,"October 25, 2018",2018,TV-14,1 Season
7815,Movie,R.L. Stine's Mostly Ghostly,"August 1, 2018",2008,PG,98 min
7816,TV Show,Rab Se Sohna Isshq,"June 1, 2017",2012,TV-14,1 Season
7817,Movie,Race to Witch Mountain,"July 1, 2019",2009,PG,99 min
7818,Movie,Rachel Getting Married,"September 1, 2019",2008,R,113 min
7819,Movie,Radical: the Controversial Saga of Dada Figueiredo,"April 12, 2017",2013,TV-MA,71 min
7820,Movie,Radiopetti,"January 1, 2017",2015,TV-PG,83 min
7821,Movie,Raging Bull,"October 1, 2019",1980,R,129 min
7822,Movie,Rahasya,"March 1, 2018",2015,TV-14,117 min
7823,Movie,Raiders!: The Story of the Greatest Fan Film Ever Made,"September 16, 2016",2015,NR,93 min
7824,Movie,Railroad Tigers,"August 19, 2017",2016,TV-14,124 min
7825,Movie,Raja Hindustani,"May 1, 2017",1996,TV-14,177 min
7826,Movie,Rajnigandha,"December 31, 2019",1974,TV-PG,104 min
7827,Movie,Ralph Breaks the Internet: Wreck-It Ralph 2,"June 11, 2019",2018,PG,113 min
7828,Movie,Ram Teri Ganga Maili,"December 31, 2019",1985,TV-14,178 min
7829,TV Show,Ramayan,"April 1, 2018",2012,TV-14,1 Season
7830,Movie,Ramen Shop,"July 31, 2019",2018,TV-PG,90 min
7831,Movie,Ramji Londonwaley,"December 31, 2019",2005,TV-14,154 min
7832,Movie,Rampant,"May 26, 2019",2018,TV-MA,122 min
7833,Movie,Ranbhool,"March 15, 2018",2010,TV-MA,115 min
7834,Movie,Rangreza,"August 1, 2018",2017,TV-14,126 min
7835,Movie,Rats,"December 16, 2016",2016,NR,88 min
7836,TV Show,Razia Sultan,"April 1, 2017",2015,TV-14,1 Season
7837,Movie,Reaction,"June 20, 2019",2011,TV-14,99 min
7838,Movie,Ready,"October 22, 2017",2011,TV-PG,144 min
7839,TV Show,Reality of Dream,"July 31, 2018",2015,TV-MA,1 Season
7840,Movie,Rebel Without a Cause,"November 1, 2019",1955,PG-13,111 min
7841,TV Show,Rebelde,"December 31, 2017",2004,TV-14,1 Season
7842,Movie,Recall,"June 25, 2019",2018,TV-MA,73 min
7843,TV Show,Rectify,"March 4, 2017",2016,TV-MA,4 Seasons
7844,Movie,Red Christmas,"December 11, 2017",2016,TV-MA,81 min
7845,Movie,Red Dawn,"December 31, 2019",1984,PG-13,114 min
7846,Movie,Red Oleanders Raktokarobi,"September 15, 2018",2017,TV-14,112 min
7847,Movie,Red Trees,"March 24, 2018",2017,TV-PG,80 min
7848,TV Show,Red vs. Blue,Unknown,2015,NR,13 Seasons
7849,Movie,Refugee,"March 10, 2017",2016,TV-PG,24 min
7850,Movie,Regatta,"May 9, 2019",2015,TV-MA,100 min
7851,TV Show,Reggie Yates Outside Man," December 15, 2017",2017,TV-MA,2 Seasons
7852,Movie,Reincarnated,"June 13, 2016",2012,R,96 min
7853,Movie,Rembat,"August 21, 2017",2015,TV-PG,88 min
7854,Movie,Remember,"July 26, 2018",2015,R,95 min
7855,Movie,Remember Me,"August 1, 2020",2010,PG-13,112 min
7856,Movie,Rememory,"June 1, 2020",2017,PG-13,112 min
7857,TV Show,Republic of Doyle,"May 28, 2020",2014,TV-14,6 Seasons
7858,Movie,Resident Evil: Afterlife,"January 1, 2020",2010,R,97 min
7859,Movie,Residente,"January 1, 2018",2017,TV-MA,97 min
7860,Movie,Restless Creature: Wendy Whelan,"September 26, 2017",2016,TV-MA,94 min
7861,Movie,Return To The 36th Chamber,"August 16, 2018",1980,R,97 min
7862,Movie,Revelations,"March 1, 2017",2016,NR,118 min
7863,TV Show,Revenge,"May 2, 2019",2017,TV-MA,1 Season
7864,Movie,Revenge of the Green Dragons,"July 21, 2018",2014,R,95 min
7865,TV Show,Revolting Rhymes,"February 1, 2018",2017,TV-PG,1 Season
7866,Movie,Revolutionary Road,"November 1, 2019",2008,R,120 min
7867,Movie,Rezeta,"December 3, 2016",2012,NR,84 min
7868,TV Show,"Rica, Famosa, Latina","April 26, 2019",2016,TV-MA,4 Seasons
7869,Movie,Righteous Kill,"June 1, 2019",2008,R,101 min
7870,Movie,Ringan,"May 1, 2018",2015,TV-14,103 min
7871,TV Show,Ripper Street,"September 8, 2017",2017,TV-MA,5 Seasons
7872,Movie,Rise of the Zombie,"December 15, 2017",2013,TV-MA,83 min
7873,TV Show,Rishta.com,"March 15, 2018",2010,TV-14,1 Season
7874,Movie,Rivaaz,"November 1, 2017",2011,TV-MA,107 min
7875,Movie,Road to Sangam,"December 31, 2019",2010,TV-14,136 min
7876,Movie,Road to Yesterday,"July 1, 2016",2015,TV-14,96 min
7877,Movie,Roberto Saviano: Writing Under Police Protection,"May 1, 2018",2016,TV-14,45 min
7878,Movie,Robin Hood: The Rebellion,"May 1, 2019",2018,TV-14,92 min
7879,TV Show,Robotech,"October 1, 2016",1985,TV-MA,1 Season
7880,Movie,Rocky,"August 1, 2019",1976,PG,120 min
7881,Movie,Rocky II,"August 1, 2019",1979,PG,119 min
7882,Movie,Rocky III,"August 1, 2019",1982,PG,100 min
7883,Movie,Rocky IV,"August 1, 2019",1985,PG,92 min
7884,Movie,Rocky V,"August 1, 2019",1990,PG-13,104 min
7885,Movie,Roger Corman's Death Race 2050,"January 17, 2017",2017,R,93 min
7886,Movie,Roh's Beauty,"April 19, 2019",2014,TV-MA,98 min
7887,Movie,Roll Red Roll,"August 8, 2019",2018,TV-MA,80 min
7888,Movie,Rolling Papers,"September 8, 2017",2015,TV-MA,79 min
7889,Movie,Romeo Ranjha,"November 1, 2017",2014,TV-14,122 min
7890,Movie,Room,"July 19, 2018",2015,R,118 min
7891,Movie,Room for Rent,"March 1, 2019",2017,TV-MA,89 min
7892,Movie,Room on the Broom,"July 1, 2019",2012,TV-Y7,26 min
7893,TV Show,Roonpi Secret Love,"June 21, 2019",2016,TV-14,3 Seasons
7894,Movie,Roots,"November 1, 2017",2016,TV-PG,62 min
7895,Movie,Rosemary's Baby,"November 1, 2019",1968,R,137 min
7896,Movie,Rounders,"November 1, 2019",1998,R,121 min
7897,TV Show,Royal Pains," May 18, 2017",2016,TV-PG,8 Seasons
7898,TV Show,Rubi,"December 31, 2017",2004,TV-PG,1 Season
7899,Movie,Rukh,"April 1, 2018",2017,TV-MA,103 min
7900,Movie,Rumble,"September 15, 2017",2016,TV-MA,92 min
7901,Movie,Rumble in the Bronx,"November 1, 2019",1995,R,89 min
7902,Movie,Rumor Has It,"August 1, 2019",2005,PG-13,97 min
7903,Movie,Run,"March 1, 2018",2004,TV-14,134 min
7904,Movie,Runaway Bride,"December 1, 2020",1999,PG,116 min
7905,Movie,Running for Grace,"June 19, 2019",2018,TV-14,110 min
7906,Movie,Running Out Of Time,"August 1, 2019",2018,TV-14,88 min
7907,TV Show,Rurouni Kenshin," January 1, 2020",1998,TV-14,3 Seasons
7908,Movie,Russell Madness,"May 10, 2015",2015,PG,93 min
7909,TV Show,Russell Peters vs. the World,"October 14, 2013",2013,NR,1 Season
7910,Movie,Russell Peters: Notorious,"October 14, 2013",2013,NR,72 min
7911,Movie,Rustom,"January 6, 2017",2016,TV-14,141 min
7912,Movie,S Is for Stanley,"June 15, 2017",2016,TV-MA,82 min
7913,Movie,S.W.A.T.,"January 1, 2021",2003,PG-13,117 min
7914,Movie,Saath Saath,"December 31, 2019",1982,TV-14,118 min
7915,Movie,Sacro GRA,"March 21, 2017",2013,TV-MA,91 min
7916,Movie,Sadece Sen,"March 10, 2017",2014,TV-MA,105 min
7917,Movie,Sadie's Last Days on Earth,"August 22, 2017",2016,TV-14,94 min
7918,Movie,Sadma,"December 31, 2019",1983,TV-14,137 min
7919,TV Show,Sadqay Tumhare,"December 15, 2016",2014,TV-PG,1 Season
7920,Movie,Saeed Mirza: The Leftist Sufi,"May 1, 2017",2016,TV-MA,61 min
7921,Movie,Safety Not Guaranteed,"August 13, 2020",2012,R,86 min
7922,Movie,Saheb Bibi Golaam,"January 1, 2017",2016,TV-MA,118 min
7923,Movie,Sairat,"April 1, 2018",2016,TV-14,173 min
7924,Movie,Sakhi,"February 15, 2018",2007,TV-PG,152 min
7925,Movie,Salem: His Sister's Father,"June 22, 2019",2014,TV-14,99 min
7926,Movie,Samantaral,"September 15, 2018",2017,TV-MA,110 min
7927,Movie,Samarppanam,"March 1, 2018",2017,TV-PG,116 min
7928,Movie,Sameer Abu Alneel,"June 6, 2019",2013,TV-14,107 min
7929,Movie,Samson,"December 14, 2018",2018,PG-13,109 min
7930,Movie,Samudri Lootere,"June 18, 2019",2018,TV-Y,65 min
7931,Movie,San Pietro,"March 31, 2017",1945,TV-14,32 min
7932,Movie,Sanai Choughade,"January 1, 2018",2008,TV-14,122 min
7933,Movie,Sangam,"December 31, 2019",1964,TV-14,228 min
7934,Movie,Santa Claws,"November 17, 2017",2014,TV-PG,86 min
7935,Movie,Santa's Apprentice,"December 20, 2015",2010,TV-G,72 min
7936,Movie,Sarah's Key,"September 21, 2019",2010,PG-13,102 min
7937,Movie,Sardaar ji,"December 1, 2017",2015,TV-14,140 min
7938,Movie,Sardaarji 2,"October 15, 2017",2016,TV-PG,145 min
7939,Movie,Sarivar Sari,"February 15, 2018",2005,TV-14,126 min
7940,Movie,Sarvopari Palakkaran,"July 1, 2018",2017,TV-14,133 min
7941,Movie,Sat Sri Akal,"January 30, 2019",2008,TV-14,141 min
7942,Movie,Satan & Adam,"June 1, 2019",2018,TV-MA,78 min
7943,TV Show,Satrangi,"April 1, 2017",2014,TV-PG,1 Season
7944,Movie,Satrangi Re,"March 15, 2018",2012,TV-14,150 min
7945,Movie,Satte Pe Satta,"December 31, 2019",1982,TV-14,153 min
7946,Movie,Saturday Church,"October 6, 2020",2017,TV-MA,83 min
7947,Movie,Savage Dog,"November 1, 2017",2017,TV-MA,95 min
7948,Movie,Savage Raghda,"June 13, 2019",2018,TV-MA,93 min
7949,TV Show,Save Our Shelter,"August 18, 2018",2015,TV-G,1 Season
7950,Movie,Saving Mr. Banks,"March 2, 2019",2013,PG-13,126 min
7951,Movie,Saving Zoë,"January 15, 2020",2019,R,95 min
7952,Movie,Say When,"July 19, 2018",2014,R,99 min
7953,Movie,Scales: Mermaids Are Real,"January 23, 2020",2017,PG,93 min
7954,TV Show,Scandal," May 19, 2018",2018,TV-14,7 Seasons
7955,Movie,Scandal in Sorrento,"November 13, 2020",1955,TV-PG,93 min
7956,Movie,Scary Movie,"January 1, 2020",2000,R,88 min
7957,Movie,Scary Movie 5,"August 12, 2020",2013,PG-13,88 min
7958,Movie,Schindler's List,"April 1, 2018",1993,R,195 min
7959,Movie,School Daze,"November 1, 2020",1988,R,120 min
7960,Movie,Scooby-Doo on Zombie Island,"December 15, 2019",1998,TV-PG,77 min
7961,Movie,Scott Pilgrim vs. the World,"September 16, 2018",2010,PG-13,112 min
7962,Movie,Scream 2,"October 1, 2019",1997,R,121 min
7963,Movie,Scream 3,"July 1, 2019",2000,R,117 min
7964,Movie,Seal Team Six: The Raid on Osama Bin Laden,"January 1, 2020",2012,TV-MA,90 min
7965,Movie,Searching for Bobby Fischer,"December 7, 2020",1993,PG,110 min
7966,Movie,Searching for Sugar Man,"December 1, 2019",2012,PG-13,86 min
7967,Movie,Season of the Witch,"April 26, 2019",2011,PG-13,95 min
7968,Movie,Secret,"July 1, 2018",2007,TV-PG,101 min
7969,TV Show,Secret Affair,"May 22, 2017",2014,TV-14,1 Season
7970,Movie,Secret in Their Eyes,"April 1, 2018",2015,PG-13,111 min
7971,Movie,Secrets of Althorp - The Spencers,"April 22, 2017",2013,TV-PG,54 min
7972,Movie,Secrets of Chatsworth,"February 22, 2017",2013,TV-PG,54 min
7973,Movie,Secrets of Henry VIII's Palace: Hampton Court,"February 22, 2017",2013,TV-PG,54 min
7974,Movie,Secrets of Her Majesty's Secret Service,"February 22, 2017",2014,TV-PG,55 min
7975,Movie,Secrets of Highclere Castle,"February 22, 2017",2013,TV-PG,54 min
7976,Movie,Secrets of Scotland Yard,"April 22, 2017",2013,TV-14,55 min
7977,Movie,Secrets of Selfridges,"April 22, 2017",2014,TV-PG,55 min
7978,Movie,Secrets of the Tower of London,"February 22, 2017",2013,TV-PG,55 min
7979,Movie,Secrets of Underground London,"April 22, 2017",2014,TV-PG,55 min
7980,Movie,Secrets of Westminster,"April 22, 2017",2014,TV-PG,55 min
7981,Movie,Sen Kimsin?,"March 10, 2017",2012,TV-14,102 min
7982,Movie,Senna,"October 1, 2019",2010,PG-13,106 min
7983,TV Show,Sensitive Skin," December 1, 2019",2016,TV-MA,1 Season
7984,Movie,"Septiembre, un llanto en silencio","March 10, 2018",2017,TV-MA,69 min
7985,TV Show,Servant of the People,"March 1, 2017",2015,TV-14,1 Season
7986,Movie,Set Up,"January 10, 2020",2011,R,85 min
7987,Movie,Sex and the City 2,"January 1, 2021",2010,R,146 min
7988,Movie,Sex and the City: The Movie,"January 1, 2021",2008,R,145 min
7989,Movie,Sex Doll,"July 10, 2017",2016,UR,103 min
7990,Movie,"Sexo, Pudor y Lagrimas","December 15, 2017",1999,R,111 min
7991,Movie,SGT. Will Gardner,"May 19, 2019",2019,TV-MA,125 min
7992,TV Show,Shadow of Truth,"January 27, 2017",2016,TV-MA,1 Season
7993,Movie,Shahanpan Dega Deva,"January 1, 2018",2011,TV-14,115 min
7994,TV Show,Shaka Zulu,"January 10, 2019",1986,TV-14,1 Season
7995,Movie,Shakti: The Power,"March 1, 2018",2002,TV-MA,168 min
7996,Movie,Shanghai,"March 1, 2018",2012,TV-14,109 min
7997,Movie,Shararat,"March 1, 2018",2002,TV-PG,148 min
7998,Movie,Shark Busters,"August 16, 2018",2002,TV-14,92 min
7999,Movie,Shark Night,"November 2, 2019",2011,PG-13,91 min
8000,Movie,Shaurya: It Takes Courage to Make Right... Right,"March 1, 2018",2008,TV-14,135 min
8001,Movie,She Did That,"February 4, 2020",2019,TV-PG,71 min
8002,Movie,Shelter,"December 29, 2017",2010,R,112 min
8003,TV Show,Sherlock,"May 15, 2017",2017,TV-14,4 Seasons
8004,Movie,Sherlock Holmes,"January 1, 2021",2009,PG-13,128 min
8005,Movie,Shiva,"December 31, 2019",1990,TV-MA,168 min
8006,Movie,Shopkins: Chef Club,"November 15, 2018",2016,TV-Y,45 min
8007,Movie,Shopkins: Wild,"November 15, 2018",2018,TV-Y,75 min
8008,Movie,Shopkins: World Vacation,"November 15, 2018",2017,TV-Y,71 min
8009,Movie,Shorgul,"October 30, 2018",2016,TV-14,122 min
8010,Movie,Short Term 12,"July 18, 2019",2013,R,97 min
8011,Movie,Shorts,"July 1, 2019",2009,PG,89 min
8012,Movie,SHOT! The Psycho-Spiritual Mantra of Rock,"August 10, 2017",2016,TV-MA,98 min
8013,Movie,Shuddhi,"March 1, 2018",2017,TV-14,115 min
8014,Movie,Shutter,"September 5, 2018",2004,TV-MA,96 min
8015,Movie,Sicilian Ghost Story,"July 6, 2019",2017,TV-MA,119 min
8016,TV Show,Sid the Science Kid,"March 31, 2020",2008,TV-Y,1 Season
8017,Movie,Siddhant,"October 30, 2018",2014,TV-G,105 min
8018,Movie,Silencer,"December 3, 2018",2018,TV-MA,88 min
8019,Movie,Silent Hill: Revelation,"December 13, 2019",2012,R,94 min
8020,Movie,Silicon Cowboys,"April 1, 2017",2016,TV-PG,77 min
8021,TV Show,Silver Spoon,"September 15, 2017",2015,TV-MA,2 Seasons
8022,TV Show,Sin senos no hay paraíso,"May 15, 2017",2008,TV-14,1 Season
8023,TV Show,Sin Senos sí Hay Paraíso," January 11, 2019",2018,TV-MA,3 Seasons
8024,Movie,Singh Saab the Great,"July 15, 2017",2013,TV-14,143 min
8025,Movie,Single,"September 28, 2018",2015,TV-PG,127 min
8026,Movie,Singularity,"June 1, 2018",2017,PG-13,92 min
8027,Movie,Sinister Circle,"October 1, 2019",2017,TV-MA,87 min
8028,Movie,Siren,"January 1, 2020",2016,TV-MA,83 min
8029,Movie,Sister Code,"February 14, 2016",2015,R,95 min
8030,Movie,Skin Trade,"December 17, 2018",2014,R,96 min
8031,TV Show,Skin Wars,"October 1, 2016",2016,TV-14,3 Seasons
8032,TV Show,Skin Wars: Fresh Paint,"December 15, 2018",2016,TV-14,1 Season
8033,Movie,Skiptrace,"July 4, 2019",2016,PG-13,107 min
8034,Movie,Sky on Fire,"August 5, 2017",2016,TV-MA,100 min
8035,Movie,Skydancers,"June 27, 2018",2014,TV-G,49 min
8036,Movie,Skyline,"January 16, 2019",2010,PG-13,94 min
8037,Movie,Sleeping with Other People,"October 2, 2017",2015,R,101 min
8038,Movie,Sleepover,"March 1, 2020",2004,PG,89 min
8039,Movie,Sling Blade,"November 1, 2019",1996,R,135 min
8040,Movie,Sliver,"January 1, 2020",1993,R,107 min
8041,TV Show,Slobby's World,"December 31, 2018",2018,TV-MA,1 Season
8042,Movie,Slow West,"July 26, 2018",2015,R,84 min
8043,Movie,Small Soldiers,"June 1, 2019",1998,PG-13,110 min
8044,Movie,Smart People,"July 12, 2019",2008,R,95 min
8045,Movie,Smash: Motorized Mayhem,"May 15, 2017",2017,TV-MA,66 min
8046,Movie,SMOSH: The Movie,"September 22, 2015",2015,PG-13,83 min
8047,Movie,Sniper: Special Ops,"January 10, 2020",2016,R,86 min
8048,Movie,Socha Na Tha,"July 1, 2018",2005,TV-14,137 min
8049,Movie,Social Animals,"March 19, 2019",2018,TV-MA,87 min
8050,Movie,Soekarno,"January 5, 2019",2013,TV-MA,142 min
8051,Movie,Solo Con Tu Pareja,"September 1, 2018",1991,NR,94 min
8052,Movie,Solo: A Star Wars Story,"January 9, 2019",2018,PG-13,135 min
8053,Movie,Solo: A Star Wars Story (Spanish Version),"January 9, 2019",2018,PG-13,135 min
8054,Movie,Solomon Kane,"February 15, 2018",2009,R,104 min
8055,Movie,Some Freaks,"December 18, 2017",2017,TV-MA,97 min
8056,Movie,Something's Gotta Give,"August 1, 2019",2003,PG-13,128 min
8057,Movie,Son of a Gun,"July 19, 2018",2014,R,109 min
8058,Movie,Sons of Ben,"December 10, 2016",2016,NR,73 min
8059,TV Show,Sotus The Series,"May 25, 2019",2016,TV-MA,1 Season
8060,Movie,Soul Surfer,"May 17, 2020",2011,PG,106 min
8061,Movie,Soul to Keep,"July 1, 2019",2019,TV-MA,94 min
8062,Movie,Sour Grapes,"November 18, 2016",2016,NR,85 min
8063,TV Show,Space Racers,"March 31, 2020",2014,TV-Y,1 Season
8064,Movie,Sparkle,"November 1, 2019",1976,PG,98 min
8065,TV Show,Spartacus," February 1, 2015",2013,TV-MA,4 Seasons
8066,Movie,Speech & Debate,"July 6, 2017",2017,PG-13,96 min
8067,Movie,Speed Is My Need,"January 9, 2020",2019,TV-14,75 min
8068,Movie,Spider-Man 3,"November 1, 2019",2007,PG-13,139 min
8069,Movie,Spider-Man: Into the Spider-Verse,"June 26, 2019",2018,PG,117 min
8070,Movie,Spitfire: The Plane that Saved the World,"November 1, 2019",2018,TV-14,95 min
8071,TV Show,Splash and Bubbles," August 13, 2018",2018,TV-Y,2 Seasons
8072,Movie,Spotlight,"July 22, 2020",2015,R,129 min
8073,Movie,Spring Breakers,"January 10, 2021",2012,R,94 min
8074,Movie,Sprinter,"April 15, 2020",2018,TV-MA,112 min
8075,Movie,Spy Kids,"April 1, 2019",2001,PG,88 min
8076,Movie,Spy Kids 2: The Island of Lost Dreams,"March 8, 2019",2002,PG,100 min
8077,Movie,Spy Kids 3: Game Over,"April 1, 2019",2003,PG,83 min
8078,Movie,Spy Time,"June 1, 2016",2015,TV-MA,93 min
8079,Movie,St. Agatha,"August 8, 2019",2018,TV-MA,103 min
8080,Movie,Staged Killer,"June 28, 2019",2019,TV-14,88 min
8081,Movie,Standoff,"December 11, 2018",2015,R,86 min
8082,Movie,Star Men,"February 5, 2017",2015,TV-14,88 min
8083,Movie,Star Wars: Episode VIII: The Last Jedi,"June 26, 2018",2017,PG-13,152 min
8084,TV Show,Star-Crossed,"April 16, 2015",2014,TV-14,1 Season
8085,Movie,Starred Up,"August 29, 2019",2013,TV-MA,106 min
8086,TV Show,Station Horizon,"September 1, 2016",2015,TV-MA,1 Season
8087,Movie,Stealing History,"July 1, 2016",2006,TV-PG,52 min
8088,Movie,Step Brothers,"November 1, 2019",2008,R,98 min
8089,Movie,Step Outside,"June 6, 2019",2018,TV-14,89 min
8090,Movie,Stephanie,"September 1, 2018",2017,R,86 min
8091,Movie,Sthaniya Sambaad,"March 15, 2018",2010,TV-14,106 min
8092,Movie,Still,"September 14, 2018",2010,TV-MA,100 min
8093,Movie,Stink!,"November 1, 2018",2015,TV-PG,91 min
8094,TV Show,Stoked,"December 16, 2017",2010,TV-PG,1 Season
8095,TV Show,Stone Age,"July 1, 2019",2017,TV-Y7,1 Season
8096,Movie,Stonehearst Asylum,"September 8, 2017",2014,PG-13,113 min
8097,Movie,Stop at Nothing: The Lance Armstrong Story,"February 15, 2015",2014,NR,100 min
8098,TV Show,Storage Wars: Northern Treasures,"July 22, 2019",2015,TV-MA,1 Season
8099,Movie,Story of an Egg,"October 15, 2017",2017,TV-PG,132 min
8100,Movie,Straight Up,"June 26, 2020",2020,TV-MA,96 min
8101,Movie,Strange but True,"August 30, 2020",2019,PG-13,96 min
8102,Movie,Stranger than Fiction,"October 1, 2020",2006,PG-13,113 min
8103,TV Show,Strawberry Shortcake: Berry Bitty Adventures,"January 1, 2016",2015,TV-Y,1 Season
8104,Movie,Strictly Ballroom,"January 1, 2020",1992,PG,95 min
8105,Movie,Strike a Pose,"April 7, 2017",2016,TV-MA,85 min
8106,Movie,Stripes,"September 1, 2019",1981,R,106 min
8107,Movie,Striptease,"January 1, 2021",1996,R,117 min
8108,TV Show,Strong Girl Bong-soon,"November 24, 2019",2017,TV-14,1 Season
8109,Movie,Stronger Than the World,"February 11, 2017",2016,NR,123 min
8110,TV Show,Strongland,"January 18, 2019",2018,TV-PG,1 Season
8111,Movie,Stuart Little 2,"January 1, 2020",2002,PG,78 min
8112,Movie,Submission,"November 11, 2019",2019,TV-MA,95 min
8113,Movie,Suburra,"October 14, 2015",2015,NR,135 min
8114,Movie,Suckseed,"September 5, 2018",2011,TV-MA,130 min
8115,Movie,Sudani from Nigeria,"August 1, 2018",2018,TV-14,115 min
8116,Movie,Suicide (Hitabdut),"July 1, 2016",2014,TV-MA,114 min
8117,Movie,Suite Française,"June 5, 2017",2014,TV-MA,107 min
8118,TV Show,Suits,"December 1, 2019",2018,TV-MA,1 Season
8119,Movie,Summer Night,"March 19, 2020",2019,TV-MA,93 min
8120,Movie,Summer of '92,"July 10, 2016",2015,TV-MA,94 min
8121,Movie,Sunrise,"March 15, 2017",2014,TV-MA,85 min
8122,TV Show,Super Bheem,"June 28, 2019",2019,TV-Y,1 Season
8123,Movie,Super Bheem Bana Vajraveer,"June 18, 2019",2018,TV-Y7,63 min
8124,Movie,Super Dark Times,"January 1, 2018",2017,TV-MA,104 min
8125,Movie,Super Nani,"March 1, 2018",2014,TV-PG,127 min
8126,TV Show,Super Wings,"December 1, 2020",2020,TV-Y,3 Seasons
8127,Movie,Superbad,"January 1, 2021",2007,R,113 min
8128,Movie,Superfly,"November 1, 2019",1972,R,91 min
8129,Movie,Superman Returns,"October 1, 2019",2006,PG-13,154 min
8130,TV Show,SuperNature: Wild Flyers,"March 1, 2017",2016,TV-PG,1 Season
8131,Movie,Superstar,"November 20, 2019",1999,PG-13,82 min
8132,Movie,Surat Dari Praha,"October 9, 2018",2016,TV-14,98 min
8133,TV Show,Surviving R. Kelly Part II: The Reckoning,"April 13, 2020",2020,TV-MA,1 Season
8134,Movie,Survivors Guide to Prison,"May 24, 2018",2017,TV-MA,103 min
8135,Movie,Susanne Bartsch: On Top,"December 10, 2018",2017,TV-MA,86 min
8136,Movie,Sustainable,"March 1, 2017",2016,TV-G,92 min
8137,Movie,Swami,"December 31, 2019",1977,TV-PG,123 min
8138,TV Show,Swami Baba Ramdev: The Untold Story,"May 1, 2018",2018,TV-14,1 Season
8139,Movie,Sweeney Todd: The Demon Barber of Fleet Street,"January 1, 2020",2007,R,116 min
8140,Movie,Sweet Virginia,"December 1, 2019",2017,R,93 min
8141,Movie,Swiss Army Man,"January 30, 2019",2016,R,97 min
8142,Movie,Sword Master,"June 10, 2017",2016,TV-MA,108 min
8143,Movie,Sword Masters: Two Champions of Shaolin,"August 16, 2018",1980,R,101 min
8144,TV Show,Sym-Bionic Titan,"December 15, 2019",2010,TV-PG,1 Season
8145,Movie,Taal,"March 1, 2018",1999,TV-PG,177 min
8146,Movie,Tahaan,"July 15, 2018",2008,TV-14,95 min
8147,Movie,Take Me Home Tonight,"May 16, 2019",2011,R,97 min
8148,TV Show,Taken," January 12, 2019",2018,TV-14,2 Seasons
8149,TV Show,Tales of the City (1993),"June 28, 2019",1993,TV-MA,1 Season
8150,Movie,Tamanchey,"October 15, 2017",2014,TV-MA,111 min
8151,Movie,Tarif de nuit,"March 1, 2018",2015,TV-MA,81 min
8152,Movie,Tarzan,"June 23, 2018",1999,G,89 min
8153,Movie,Tarzan 2,"June 23, 2017",2005,G,72 min
8154,Movie,Tattah,"May 9, 2019",2013,TV-14,112 min
8155,Movie,Tayo the Little Bus Movie: Mission Ace,"July 1, 2019",2016,TV-Y7,48 min
8156,Movie,Teach Us All,"September 25, 2017",2017,TV-14,81 min
8157,Movie,Teen Patti,"March 1, 2018",2010,TV-PG,137 min
8158,Movie,Teenage Cocktail,"January 15, 2017",2016,TV-MA,89 min
8159,Movie,Teenage Mutant Ninja Turtles,"May 1, 2019",2007,PG,87 min
8160,Movie,Teenage Mutant Ninja Turtles II: The Secret of the Ooze,"January 1, 2020",1991,PG,88 min
8161,Movie,Teenage Mutant Ninja Turtles: The Movie,"January 1, 2020",1990,PG,94 min
8162,Movie,Tees Maar Khan,"August 2, 2018",2010,TV-PG,125 min
8163,Movie,Tellur Aliens,"December 1, 2016",2016,TV-Y7,67 min
8164,Movie,Temporada de Caza,"July 15, 2018",2017,TV-MA,108 min
8165,Movie,Ten Years,"February 12, 2019",2015,TV-MA,102 min
8166,TV Show,Teresa,"December 31, 2017",2010,TV-PG,1 Season
8167,Movie,Terminator 3: Rise of the Machines,"January 1, 2020",2003,R,109 min
8168,Movie,Terminator Salvation,"January 1, 2020",2009,PG-13,115 min
8169,Movie,Terra,"May 1, 2016",2015,TV-PG,98 min
8170,Movie,Terrifier,"September 1, 2018",2017,TV-MA,84 min
8171,Movie,Teshan,"October 15, 2017",2016,TV-PG,133 min
8172,Movie,Tezz,"December 1, 2017",2012,TV-MA,121 min
8173,TV Show,Th Eena Meena Deeka Chase Comedy Show,"March 31, 2018",2015,TV-Y7,1 Season
8174,TV Show,Thackeray,"May 25, 2019",2019,TV-MA,1 Season
8175,TV Show,That '70s Show," November 1, 2017",2005,TV-14,8 Seasons
8176,TV Show,The 2000s,"February 19, 2019",2018,TV-MA,1 Season
8177,Movie,The 24 Hour War,"November 15, 2019",2016,TV-MA,100 min
8178,Movie,The 4th Company,"April 6, 2018",2016,TV-MA,117 min
8179,Movie,The Accountant of Auschwitz,"July 1, 2019",2018,TV-14,78 min
8180,Movie,The Adderall Diaries,"July 15, 2018",2015,R,87 min
8181,TV Show,The Adjusters,"September 18, 2017",2010,TV-PG,2 Seasons
8182,Movie,The Adventure Club,"May 10, 2017",2016,TV-Y7,88 min
8183,TV Show,The Adventures of Figaro Pho,Unknown,2015,TV-Y7,2 Seasons
8184,Movie,The Adventures of Sharkboy and Lavagirl,"December 2, 2020",2005,PG,93 min
8185,Movie,The Adventures of Tintin,"November 20, 2019",2011,PG,107 min
8186,Movie,The Aerial,"April 1, 2018",2007,TV-MA,99 min
8187,Movie,The Age of Shadows,"January 1, 2018",2016,TV-MA,140 min
8188,Movie,The American President,"January 1, 2021",1995,PG-13,113 min
8189,Movie,The Amityville Horror,"January 1, 2020",2005,R,89 min
8190,TV Show,The Andy Griffith Show," July 1, 2017",1967,TV-G,8 Seasons
8191,Movie,The Angry Birds Movie 2,"February 27, 2020",2019,PG,97 min
8192,Movie,The Animal People,"March 11, 2020",2019,TV-MA,97 min
8193,Movie,The Ant's Scream,"June 13, 2019",2010,TV-14,108 min
8194,TV Show,The Apartment," December 14, 2018",2014,TV-PG,2 Seasons
8195,Movie,The Apostate,"May 10, 2017",2015,TV-MA,80 min
8196,Movie,The Art of the Steal,"December 8, 2018",2013,R,90 min
8197,Movie,The Art of War,"July 1, 2020",2000,R,117 min
8198,Movie,The Assignment,"March 15, 2020",2016,R,95 min
8199,Movie,The Autopsy of Jane Doe,"December 30, 2018",2016,R,86 min
8200,TV Show,The Bachelor,"December 1, 2019",2009,TV-14,1 Season
8201,Movie,The Bachelors,"February 21, 2018",2017,TV-14,100 min
8202,Movie,The Bad Education Movie,"December 15, 2018",2015,TV-MA,87 min
8203,Movie,The Bad Kids,"April 1, 2017",2016,TV-MA,101 min
8204,Movie,The Bare-Footed Kid,"August 16, 2018",1993,TV-14,83 min
8205,Movie,The Basement,"April 9, 2019",2018,TV-MA,89 min
8206,Movie,The Battle of Midway,"March 31, 2017",1942,TV-14,18 min
8207,TV Show,The Beat,"September 18, 2017",2012,TV-MA,1 Season
8208,TV Show,The Beginning of Life: The Series,"November 11, 2016",2016,TV-PG,1 Season
8209,TV Show,The Bible's Buried Secrets,"February 1, 2019",2011,TV-14,1 Season
8210,TV Show,The Big Catch,"February 1, 2019",2015,TV-PG,1 Season
8211,Movie,The Bill Murray Stories: Life Lessons Learned From a Mythical Man,"December 31, 2018",2018,TV-MA,72 min
8212,Movie,The Black Room,"August 7, 2017",2016,TV-MA,95 min
8213,Movie,The Blackcoat's Daughter,"May 18, 2019",2015,R,95 min
8214,Movie,The Bleeder,"March 29, 2019",2016,R,98 min
8215,TV Show,The Blue Planet: A Natural History of the Oceans,"October 10, 2015",2001,TV-G,1 Season
8216,Movie,The Bomb,"August 1, 2017",2016,TV-14,59 min
8217,TV Show,The Bomb Squad,"February 1, 2019",2011,TV-MA,1 Season
8218,Movie,The Book of Eli,"July 1, 2019",2010,R,118 min
8219,Movie,The Boss's Daughter,"March 10, 2017",2015,TV-MA,98 min
8220,Movie,The Bounty Hunter,"October 1, 2019",2010,PG-13,111 min
8221,Movie,The Box,"June 1, 2019",2009,PG-13,116 min
8222,Movie,The Boy,"June 1, 2020",2016,PG-13,97 min
8223,Movie,The Boy in the Striped Pajamas,"January 1, 2019",2008,PG-13,95 min
8224,Movie,The Brave One,"November 1, 2019",2007,R,122 min
8225,Movie,The Brawler,"May 18, 2019",2019,TV-MA,95 min
8226,Movie,The Breadwinner,"February 20, 2018",2017,PG-13,93 min
8227,Movie,The Break-Up,"July 16, 2019",2006,PG-13,107 min
8228,Movie,The Bridge,"September 1, 2019",2017,TV-14,119 min
8229,Movie,The Brothers Grimm,"July 1, 2019",2005,PG-13,119 min
8230,Movie,The Bucket List,"October 1, 2019",2007,PG-13,97 min
8231,Movie,The Bulbul's Nest,"May 9, 2019",2013,TV-MA,96 min
8232,Movie,The Bund,"September 20, 2018",1983,TV-14,103 min
8233,Movie,The Bye Bye Man,"April 1, 2019",2017,PG-13,96 min
8234,Movie,The Bygone,"March 23, 2020",2019,TV-MA,106 min
8235,Movie,The Cakemaker,"December 4, 2018",2017,TV-14,109 min
8236,TV Show,The Calling,"April 1, 2019",2018,TV-MA,1 Season
8237,Movie,The Captive,"July 20, 2018",2014,R,112 min
8238,Movie,The Car,"June 1, 2020",1977,PG,96 min
8239,Movie,The Carter Effect,"May 1, 2018",2017,TV-MA,60 min
8240,Movie,The Case for Christ,"November 21, 2017",2017,TV-PG,113 min
8241,Movie,The Cell,"June 13, 2019",2017,TV-MA,126 min
8242,Movie,The CEO,"September 1, 2019",2016,TV-14,109 min
8243,Movie,The Charnel House,"February 4, 2017",2016,R,93 min
8244,TV Show,The Chefs' Line,"August 1, 2019",2017,TV-14,1 Season
8245,Movie,The Chord,"June 20, 2019",2010,TV-MA,101 min
8246,Movie,The Chosen,"April 14, 2017",2016,TV-14,111 min
8247,Movie,The Chosen Ones,"May 8, 2016",2015,TV-MA,107 min
8248,Movie,The Christmas Candle,"November 1, 2019",2013,PG,100 min
8249,Movie,The Christmas Project,"March 1, 2019",2016,TV-PG,92 min
8250,Movie,The Cincinnati Kid,"November 1, 2019",1965,TV-14,103 min
8251,TV Show,The Code,"February 1, 2018",2011,TV-PG,1 Season
8252,Movie,The Company Men,"July 28, 2018",2010,R,105 min
8253,Movie,The Competition,"July 23, 2019",2018,TV-14,103 min
8254,Movie,The Confirmation,"February 6, 2019",2016,PG-13,101 min
8255,Movie,The Congress,"August 23, 2019",2013,TV-MA,123 min
8256,Movie,The Consul's Son,"April 25, 2019",2011,TV-14,114 min
8257,Movie,The Craft,"January 1, 2020",1996,R,101 min
8258,TV Show,The Cravings," April 20, 2017",2016,TV-14,2 Seasons
8259,Movie,The Croods,"July 29, 2019",2013,PG,99 min
8260,Movie,The Crow,"January 1, 2019",1994,R,102 min
8261,Movie,The Cruise,"October 1, 2019",1970,TV-PG,66 min
8262,Movie,The Crying Game,"January 1, 2020",1992,R,112 min
8263,TV Show,The Curse of Oak Island,"September 15, 2019",2016,TV-PG,1 Season
8264,Movie,The D Train,"April 2, 2017",2015,R,101 min
8265,Movie,The Damned Rain,"January 1, 2018",2009,TV-14,99 min
8266,Movie,The Dancer,"December 8, 2018",2011,TV-MA,105 min
8267,Movie,The Dark Crystal,"May 1, 2019",1982,PG,93 min
8268,Movie,The Dark Side of Life: Mumbai City,"December 31, 2019",2018,TV-MA,121 min
8269,Movie,The Darkest Dawn,"June 23, 2018",2016,TV-MA,75 min
8270,Movie,The Daughter,"April 26, 2017",2015,TV-MA,95 min
8271,Movie,The Dawn Wall,"March 4, 2019",2017,TV-MA,100 min
8272,TV Show,The Day My Butt Went Psycho!," June 30, 2015",2015,TV-Y7,2 Seasons
8273,Movie,The Departed,"January 1, 2021",2006,R,151 min
8274,Movie,The Desert Bride,"November 8, 2018",2017,TV-14,78 min
8275,Movie,The Detained,"February 15, 2019",2017,TV-14,85 min
8276,Movie,The Devil and Father Amorth,"July 23, 2018",2017,TV-PG,69 min
8277,Movie,The Devil Inside,"November 20, 2019",2012,R,84 min
8278,TV Show,The Devil Is a Part-Timer!,"April 1, 2019",2013,TV-14,1 Season
8279,Movie,The Devil We Know,"January 15, 2019",2018,TV-14,88 min
8280,Movie,The Diabolical,"August 1, 2018",2015,TV-MA,86 min
8281,Movie,The Dreamer,"October 4, 2018",2009,TV-PG,121 min
8282,Movie,The Drowning,"September 1, 2017",2016,TV-MA,99 min
8283,TV Show,The Drunk and on Drugs Happy Funtime Hour,"August 24, 2018",2011,TV-MA,1 Season
8284,Movie,The Duel,"June 2, 2019",2016,R,110 min
8285,Movie,The Dukes of Hazzard,"January 1, 2020",2005,PG-13,104 min
8286,Movie,The Dukes of Hazzard: The Beginning,"January 1, 2020",2007,R,95 min
8287,Movie,The Eichmann Show,"August 31, 2017",2015,TV-MA,96 min
8288,TV Show,The Eighties,"September 30, 2018",2016,TV-PG,1 Season
8289,Movie,The End of the Tour,"July 26, 2018",2015,R,106 min
8290,Movie,The Endless,"September 19, 2018",2017,TV-MA,112 min
8291,Movie,The Evil Dead,"January 10, 2020",1981,TV-MA,85 min
8292,Movie,The Exception,"July 26, 2019",2016,R,107 min
8293,Movie,The Eyes of My Mother,"April 6, 2017",2016,R,76 min
8294,TV Show,The Fear,"March 31, 2017",2012,TV-MA,1 Season
8295,Movie,The Fear of 13,"June 1, 2016",2015,TV-MA,95 min
8296,Movie,The Feels,"July 1, 2018",2018,TV-MA,88 min
8297,Movie,The Fighter,"January 13, 2019",2010,R,116 min
8298,Movie,The Figurine (Araromire),"October 1, 2019",2009,TV-14,121 min
8299,Movie,The Final Destination,"January 1, 2020",2009,R,82 min
8300,Movie,The First Line,"September 20, 2016",2014,TV-14,87 min
8301,Movie,The First Temptation of Christ,"December 3, 2019",2019,TV-MA,46 min
8302,Movie,The First Wives Club,"November 20, 2019",1996,PG,103 min
8303,TV Show,The Five,"September 15, 2017",2016,TV-MA,1 Season
8304,Movie,The Five Venoms,"July 31, 2018",1978,R,97 min
8305,Movie,The Flintstones,"October 1, 2019",1994,PG,91 min
8306,Movie,The Flintstones in Viva Rock Vegas,"October 1, 2019",2000,PG,91 min
8307,Movie,The Flying Guillotine,"July 28, 2018",1975,TV-MA,101 min
8308,Movie,The Forbidden Kingdom,"July 1, 2019",2008,PG-13,104 min
8309,Movie,The Force,"January 29, 2018",2017,TV-MA,92 min
8310,Movie,The Foreigner,"February 14, 2020",2017,R,113 min
8311,Movie,The Forgotten,"September 11, 2017",2014,TV-MA,89 min
8312,TV Show,The Fosters," October 5, 2017",2017,TV-14,5 Seasons
8313,Movie,The Founder,"August 21, 2020",2016,PG-13,115 min
8314,Movie,The Free Man,"October 1, 2017",2016,TV-PG,84 min
8315,Movie,The Frozen Ground,"August 27, 2020",2013,R,106 min
8316,TV Show,The Furchester Hotel," February 1, 2017",2015,TV-Y,2 Seasons
8317,TV Show,The Future of Water,"July 1, 2016",2007,TV-PG,1 Season
8318,Movie,The Gathering,"December 8, 2018",2003,TV-14,124 min
8319,Movie,The Gentleman Driver,"January 31, 2019",2018,TV-MA,83 min
8320,Movie,The Ghost Who Walks,"April 7, 2020",2019,TV-MA,107 min
8321,Movie,The Girl with the Dragon Tattoo,"January 5, 2021",2011,R,158 min
8322,TV Show,The Golden Years with Javed Akhtar,"June 1, 2017",2016,TV-G,1 Season
8323,Movie,The Golem,"June 26, 2019",2018,TV-MA,95 min
8324,Movie,The Good Catholic,"January 24, 2018",2017,PG-13,97 min
8325,Movie,The Good Neighbor,"December 5, 2016",2016,TV-MA,97 min
8326,Movie,"The Goods: Live Hard, Sell Hard","November 20, 2019",2009,R,89 min
8327,Movie,The Gospel of John,"October 20, 2018",2014,TV-14,161 min
8328,Movie,The Gospel of Luke,"October 19, 2018",2015,TV-14,205 min
8329,Movie,The Gospel of Mark,"October 19, 2018",2015,TV-14,123 min
8330,Movie,The Gospel of Matthew,"October 19, 2018",2014,TV-14,190 min
8331,Movie,The Great Battle,"April 8, 2019",2018,TV-MA,136 min
8332,TV Show,The Great British Baking Show: Masterclass,"December 1, 2018",2018,TV-PG,4 Seasons
8333,Movie,The Great Gambler,"December 31, 2019",1979,TV-14,161 min
8334,Movie,The Great Raid,"November 1, 2019",2005,R,133 min
8335,TV Show,The Great Train Robbery,"March 31, 2017",2013,NR,1 Season
8336,Movie,The Green Hornet,"April 18, 2020",2011,PG-13,119 min
8337,TV Show,The Guild,"March 2, 2019",2013,TV-MA,1 Season
8338,Movie,The Hatred,"December 11, 2017",2017,R,94 min
8339,Movie,The Haunting of Molly Hartley,"October 4, 2018",2008,PG-13,85 min
8340,Movie,The Healer,"June 1, 2020",2017,TV-14,108 min
8341,Movie,The Heat: A Kitchen (R)evolution,"May 7, 2019",2018,TV-MA,71 min
8342,Movie,The Help,"June 1, 2020",2011,PG-13,147 min
8343,Movie,The Heretics,"September 4, 2019",2017,TV-MA,88 min
8344,Movie,The Heroes of Evil,"June 1, 2016",2015,TV-MA,99 min
8345,Movie,The Heyday of the Insensitive Bastards,"February 26, 2018",2017,TV-MA,96 min
8346,Movie,The Hollow Point,"March 16, 2017",2016,R,97 min
8347,Movie,The Holy Man,"July 25, 2018",2005,TV-14,92 min
8348,TV Show,The Homecoming,"June 2, 2017",2015,TV-PG,1 Season
8349,Movie,The House on Coco Road,"June 30, 2017",2016,TV-14,79 min
8350,TV Show,The House That Made Me,"March 31, 2017",2015,TV-PG,3 Seasons
8351,Movie,The Human Factor: The Untold Story of the Bombay Film Orchestras,"April 1, 2017",2013,TV-PG,53 min
8352,Movie,The Humanity Bureau,"December 18, 2018",2017,R,94 min
8353,Movie,The Hundred-Foot Journey,"January 31, 2019",2014,PG,123 min
8354,TV Show,The Hunt,"May 14, 2017",2015,TV-PG,1 Season
8355,Movie,The Hurricane Heist,"September 26, 2018",2018,PG-13,103 min
8356,Movie,The Hurt Business,"February 1, 2017",2016,PG-13,111 min
8357,Movie,The Imaginarium of Doctor Parnassus,"March 8, 2019",2009,PG-13,123 min
8358,TV Show,The Inbetweeners," January 1, 2018",2010,TV-MA,3 Seasons
8359,Movie,The Incident,"June 19, 2017",2014,TV-MA,100 min
8360,Movie,The Incredible Story of the Giant Pear,"March 1, 2019",2018,TV-G,75 min
8361,Movie,The Incredibles 2,"January 30, 2019",2018,PG,118 min
8362,Movie,The Indian in the Cupboard,"November 1, 2020",1995,PG,96 min
8363,Movie,The Informant!,"August 1, 2018",2009,R,108 min
8364,Movie,The Intent,"May 15, 2017",2016,TV-MA,99 min
8365,Movie,The Intent 2: The Come Up,"February 21, 2019",2018,TV-MA,103 min
8366,Movie,The Invention of Lying,"January 1, 2020",2009,PG-13,99 min
8367,TV Show,The Investigator: A British Crime Story,"March 5, 2020",2018,TV-MA,2 Seasons
8368,Movie,The Invitation,"July 8, 2016",2015,TV-MA,100 min
8369,TV Show,The Irish Mob,"December 1, 2016",2008,TV-MA,1 Season
8370,Movie,The Iron Lady,"July 7, 2019",2011,PG-13,105 min
8371,Movie,The Jack King Affair,"January 2, 2018",2015,TV-14,52 min
8372,TV Show,The Jaime Maussan Show,"December 1, 2017",2010,TV-PG,1 Season
8373,Movie,The Jane Austen Book Club,"March 8, 2019",2007,PG-13,106 min
8374,TV Show,The Jungle Book,"May 11, 2019",2010,TV-Y7,1 Season
8375,Movie,The Jungle School,"October 30, 2018",2013,TV-PG,90 min
8376,Movie,The Keeping Hours,"September 1, 2018",2017,PG-13,95 min
8377,TV Show,The Kindness Diaries,"May 1, 2019",2019,TV-PG,1 Season
8378,Movie,The King's Speech,"June 2, 2018",2010,R,118 min
8379,TV Show,The L Word," March 20, 2018",2009,TV-MA,6 Seasons
8380,TV Show,The Lady in Dignity,"January 30, 2018",2017,TV-MA,1 Season
8381,Movie,The Lake House,"September 1, 2019",2006,PG,98 min
8382,Movie,The Lamb,"June 4, 2018",2017,PG,86 min
8383,Movie,The Land of the Enlightened,"January 1, 2017",2016,TV-MA,84 min
8384,Movie,The Last Days of Chez Nous,"November 1, 2016",1992,R,93 min
8385,Movie,The Last Exorcism,"September 1, 2019",2010,PG-13,88 min
8386,Movie,The Last Face,"January 13, 2020",2016,R,131 min
8387,Movie,The Last Hangover,"December 21, 2018",2018,TV-MA,44 min
8388,Movie,The Last Man on the Moon,"May 26, 2016",2014,TV-PG,96 min
8389,Movie,The Last Resort,"April 21, 2019",2018,TV-14,70 min
8390,Movie,The Last Whistle,"October 26, 2019",2019,PG,88 min
8391,Movie,The Legend of 420,"December 1, 2017",2017,TV-MA,87 min
8392,Movie,The Legend of Michael Mishra,"April 1, 2019",2016,TV-14,118 min
8393,TV Show,The Liar,"October 21, 2017",2013,TV-14,1 Season
8394,Movie,The Little Hours,"December 23, 2018",2017,R,89 min
8395,Movie,The Little Mermaid,"December 1, 2018",2018,PG,85 min
8396,Movie,The Little Prince,"November 6, 2020",2015,PG,107 min
8397,Movie,The Lives of Others,"March 15, 2019",2006,R,138 min
8398,TV Show,The Lizzie Borden Chronicles,"February 1, 2016",2015,TV-14,1 Season
8399,Movie,The Lobster,"December 2, 2018",2015,R,119 min
8400,Movie,The Lodgers,"August 23, 2018",2017,R,93 min
8401,Movie,The Long Goodbye: The Kara Tippetts Story,"June 23, 2019",2019,TV-PG,87 min
8402,Movie,The Longest Yard,"November 20, 2019",1974,R,121 min
8403,Movie,The Longshots,"January 30, 2019",2008,PG,95 min
8404,Movie,The Look of Silence,"February 26, 2016",2014,PG-13,103 min
8405,Movie,The Lord of the Rings: The Return of the King,"January 1, 2020",2003,PG-13,201 min
8406,Movie,The Lord of the Rings: The Two Towers,"January 1, 2020",2002,PG-13,179 min
8407,Movie,The Love Guru,"November 20, 2019",2008,PG-13,87 min
8408,Movie,The Lovers and the Despot,"February 23, 2017",2016,TV-14,98 min
8409,Movie,The lynx,"October 1, 2019",1982,TV-14,82 min
8410,Movie,The Mad Monk,"August 16, 2018",1993,TV-14,85 min
8411,Movie,The Magic Pill,"April 24, 2018",2017,TV-PG,90 min
8412,TV Show,The Making of Frozen Planet,"January 28, 2016",2012,TV-PG,1 Season
8413,Movie,The Man Who Would Be Polka King,"January 12, 2018",2009,TV-14,68 min
8414,Movie,The Mask of Zorro,"January 1, 2020",1998,PG-13,138 min
8415,Movie,The Matrix,"November 1, 2019",1999,R,136 min
8416,Movie,The Matrix Reloaded,"November 1, 2019",2003,R,138 min
8417,Movie,The Matrix Revolutions,"November 1, 2019",2003,R,129 min
8418,Movie,The Mayo Clinic,"April 19, 2019",2018,TV-14,116 min
8419,Movie,The Mayor,"September 30, 2017",2017,TV-MA,130 min
8420,Movie,"The Memphis Belle: A Story of a
Flying Fortress","March 31, 2017",1944,TV-PG,40 min
8421,Movie,The Men Who Stare at Goats,"June 4, 2019",2009,R,94 min
8422,TV Show,The Messengers,"April 17, 2016",2015,TV-14,1 Season
8423,TV Show,The Mind of a Chef," November 1, 2017",2016,TV-PG,5 Seasons
8424,TV Show,The Minimighty Kids," April 15, 2018",2012,TV-G,2 Seasons
8425,TV Show,The Ministry of Time," January 28, 2018",2017,TV-MA,3 Seasons
8426,Movie,The Model,"December 6, 2016",2016,TV-MA,104 min
8427,Movie,The Monster,"January 9, 2019",2016,R,91 min
8428,Movie,The Monster of Mangatiti,"December 15, 2015",2015,TV-MA,70 min
8429,TV Show,The Mortified Guide,"February 14, 2018",2018,TV-MA,1 Season
8430,TV Show,The Most Beautiful Hands of Delhi,"July 20, 2017",2017,TV-MA,1 Season
8431,Movie,The Muppets,"September 1, 2020",2011,PG,104 min
8432,TV Show,The Murder Detectives,"March 31, 2017",2015,TV-MA,1 Season
8433,Movie,The Music of Silence,"July 1, 2018",2017,TV-PG,115 min
8434,Movie,The Naked Gun 2 1/2: The Smell of Fear,"January 1, 2020",1991,PG-13,85 min
8435,Movie,The Naked Gun: From the Files of Police Squad!,"January 1, 2021",1988,PG-13,85 min
8436,Movie,The Natural,"January 1, 2020",1984,PG,138 min
8437,Movie,The Negro Soldier,"March 31, 2017",1944,TV-14,40 min
8438,TV Show,The Netflix Afterparty,"January 2, 2021",2021,TV-MA,1 Season
8439,Movie,The New Romantic,"April 15, 2019",2018,TV-MA,82 min
8440,TV Show,The Nineties,"September 30, 2018",2017,TV-14,1 Season
8441,Movie,The NSU-Complex,"December 28, 2016",2016,TV-14,90 min
8442,Movie,The Nutcracker and the Four Realms,"May 28, 2019",2018,PG,99 min
8443,TV Show,The Office (U.S.)," January 1, 2016",2012,TV-14,9 Seasons
8444,Movie,The One I Love,"May 30, 2019",2014,R,91 min
8445,Movie,The Only Mother To You All,"February 27, 2019",2008,TV-PG,106 min
8446,Movie,The Other Guys,"February 1, 2020",2010,PG-13,108 min
8447,Movie,The Parole Officer,"August 1, 2018",2001,R,94 min
8448,Movie,The Pass,"January 1, 2019",2016,NR,87 min
8449,Movie,The Peacemaker,"January 1, 2020",1997,R,124 min
8450,Movie,The Pelican Brief,"November 1, 2019",1993,PG-13,141 min
8451,Movie,The Perfect Day,"September 1, 2018",2018,TV-14,93 min
8452,Movie,The Perks of Being a Wallflower,"April 1, 2020",2012,PG-13,103 min
8453,Movie,The Phantom of the Opera,"June 1, 2019",2004,PG-13,141 min
8454,Movie,The Physician,"July 15, 2015",2013,R,155 min
8455,Movie,The Pink Panther,"July 1, 2019",2006,PG,93 min
8456,Movie,The Pirate Fairy,"June 15, 2014",2014,G,78 min
8457,Movie,The Pirates of Somalia,"March 1, 2018",2017,R,118 min
8458,Movie,The Pirates! Band of Misfits,"October 1, 2020",2012,PG,88 min
8459,Movie,The Place Beyond the Pines,"May 16, 2017",2012,R,140 min
8460,Movie,The Plan,"March 1, 2018",2015,TV-MA,124 min
8461,Movie,The Player,"June 20, 2019",2012,TV-MA,110 min
8462,Movie,The Polar Express,"January 1, 2021",2004,G,100 min
8463,Movie,The Power of Grayskull: The Definitive History of He-Man and the Masters of the Universe,"August 24, 2018",2017,TV-14,96 min
8464,Movie,The President's Barber,"October 1, 2017",2004,TV-MA,116 min
8465,Movie,The Prince,"February 22, 2019",2014,R,91 min
8466,Movie,The Prince & Me,"October 1, 2020",2004,PG,111 min
8467,Movie,The Princess and the Frog,"July 16, 2019",2009,G,98 min
8468,Movie,The Prison,"November 18, 2017",2017,TV-MA,125 min
8469,Movie,The Pursuit,"August 7, 2019",2019,TV-14,76 min
8470,Movie,The Pursuit of Happyness,"October 1, 2019",2006,PG-13,117 min
8471,Movie,The Push,"June 7, 2019",2018,TV-MA,90 min
8472,TV Show,The Pyramid Code,"February 8, 2016",2009,TV-PG,1 Season
8473,Movie,The Rainbow Troops,"October 21, 2018",2008,TV-PG,119 min
8474,Movie,The Rainmaker,"November 20, 2019",1997,PG-13,136 min
8475,TV Show,The Rap Game,"September 15, 2019",2016,TV-14,1 Season
8476,Movie,The Rat Race,"January 1, 2017",2010,TV-PG,52 min
8477,TV Show,The Real Football Factories,"December 29, 2017",2006,TV-MA,1 Season
8478,Movie,The Real Miyagi,"June 16, 2017",2015,TV-PG,81 min
8479,Movie,The Rebound,"February 28, 2019",2016,TV-MA,77 min
8480,Movie,The Redeemed and the Dominant: Fittest on Earth,"July 1, 2018",2017,TV-14,120 min
8481,Movie,The Rehearsal,"January 1, 2018",2016,TV-MA,102 min
8482,Movie,The Republic of Imbaba,"June 6, 2019",2015,TV-14,90 min
8483,TV Show,The Returned,"February 17, 2019",2015,TV-MA,1 Season
8484,Movie,The Rezort,"January 16, 2017",2016,TV-MA,90 min
8485,Movie,The Rift: The Dark Side of the Moon,"February 26, 2018",2016,TV-MA,92 min
8486,Movie,The Right One,"June 13, 2019",2011,TV-14,93 min
8487,Movie,The Ring,"January 1, 2020",2002,PG-13,116 min
8488,Movie,The Riot Club,"March 16, 2017",2014,R,107 min
8489,Movie,The River Thief,"January 14, 2017",2016,NR,87 min
8490,Movie,The River Wild,"September 1, 2018",1994,PG-13,111 min
8491,TV Show,The Road to Calvary,"September 1, 2018",2017,TV-14,1 Season
8492,Movie,The Rolling Stones: Olé Olé Olé! A Trip Across Latin America,"March 22, 2019",2016,TV-MA,101 min
8493,Movie,The Roommate,"April 1, 2020",2011,PG-13,91 min
8494,Movie,The Rover,"July 19, 2018",2014,R,103 min
8495,Movie,THE RUM DIARY,"December 6, 2019",2011,R,120 min
8496,Movie,The Runner,"September 8, 2017",2015,R,90 min
8497,Movie,The Salvation,"March 2, 2017",2014,R,92 min
8498,Movie,The Sapphires,"April 26, 2019",2012,PG-13,99 min
8499,Movie,The Score,"November 28, 2019",2001,R,124 min
8500,Movie,The Sea of Trees,"November 8, 2018",2015,PG-13,111 min
8501,Movie,The Search for Life in Space,"April 1, 2018",2016,TV-G,32 min
8502,Movie,The Secret Life of Pets 2,"December 27, 2019",2019,PG,86 min
8503,Movie,The Seven Five,"April 14, 2017",2014,R,104 min
8504,TV Show,The Seventies,"September 30, 2018",2015,TV-PG,1 Season
8505,Movie,The Shaukeens,"March 1, 2018",2014,TV-MA,123 min
8506,Movie,The Show,"June 1, 2020",2017,TV-MA,105 min
8507,Movie,The Sign of Venus,"November 13, 2020",1955,TV-14,97 min
8508,Movie,The Signal,"July 13, 2018",2014,PG-13,97 min
8509,Movie,The Similars,"January 15, 2017",2015,NR,90 min
8510,Movie,The Sinking Of Van Der Wijck,"September 28, 2018",2013,TV-14,163 min
8511,TV Show,The Sniffer," June 1, 2018",2017,TV-MA,3 Seasons
8512,Movie,The Social Network,"April 1, 2020",2010,PG-13,121 min
8513,Movie,The Space Between Us,"June 1, 2019",2016,PG-13,120 min
8514,Movie,The Spectacular Now,"July 15, 2018",2013,R,95 min
8515,Movie,The spiral,"October 1, 2019",1978,TV-MA,84 min
8516,Movie,The Spy Next Door,"November 1, 2020",2010,PG,94 min
8517,Movie,The Spy Who Fell to Earth,"April 5, 2019",2019,TV-MA,94 min
8518,Movie,The Stanford Prison Experiment,"June 17, 2017",2015,R,122 min
8519,TV Show,The Story of God with Morgan Freeman," February 1, 2019",2017,TV-14,2 Seasons
8520,TV Show,The Story of Us with Morgan Freeman,"February 1, 2019",2017,TV-14,1 Season
8521,Movie,The Student,"March 15, 2019",2017,TV-14,90 min
8522,Movie,The Sunshine Makers,"March 9, 2017",2015,TV-MA,91 min
8523,Movie,The Super,"February 16, 2019",2017,R,89 min
8524,TV Show,The Super Mario Bros. Super Show!,"May 22, 2016",1989,TV-Y7,1 Season
8525,Movie,The Surrounding Game,"August 30, 2018",2018,TV-14,98 min
8526,Movie,The Taking of Pelham 123,"September 1, 2019",2009,R,106 min
8527,Movie,The Talented Mr. Ripley,"January 1, 2020",1999,R,139 min
8528,Movie,The Texas Chainsaw Massacre,"October 22, 2019",1974,R,83 min
8529,Movie,The Thief and the Imbecile,"June 6, 2019",2013,TV-14,96 min
8530,Movie,The Tiger Hunter,"April 9, 2018",2016,TV-14,94 min
8531,Movie,The Tigers of Scotland,"November 1, 2018",2017,TV-G,58 min
8532,Movie,The Time Machine,"November 23, 2019",2002,PG-13,96 min
8533,Movie,The Time Traveler's Wife,"October 1, 2019",2009,PG-13,107 min
8534,TV Show,The Traffickers,"January 22, 2018",2016,TV-MA,1 Season
8535,Movie,The Tribes of Palos Verdes,"December 1, 2019",2017,R,104 min
8536,Movie,The Trigger Effect,"January 1, 2018",1996,R,94 min
8537,Movie,The Trip to Spain,"December 12, 2017",2016,TV-MA,108 min
8538,Movie,The Trust,"April 1, 2019",2015,R,91 min
8539,Movie,The Truth About Alcohol,"August 1, 2017",2016,TV-14,58 min
8540,TV Show,The Tudors," January 8, 2018",2010,TV-MA,4 Seasons
8541,Movie,The Tuxedo,"November 1, 2019",2002,PG-13,99 min
8542,TV Show,The Twilight Zone (Original Series),"July 1, 2017",1963,TV-14,4 Seasons
8543,Movie,The Ugly Truth,"April 25, 2019",2009,R,96 min
8544,Movie,The Unborn Child,"July 30, 2018",2011,TV-MA,93 min
8545,TV Show,The Underwear,"June 19, 2018",2017,TV-MA,1 Season
8546,TV Show,The Universe,"September 15, 2019",2009,TV-14,1 Season
8547,Movie,The Unknown Girl,"December 12, 2017",2016,TV-MA,106 min
8548,Movie,The Unknown Known,"February 22, 2019",2013,PG-13,103 min
8549,Movie,The Vatican Tapes,"April 20, 2020",2015,PG-13,91 min
8550,TV Show,The Vietnam War: A Film by Ken Burns and Lynn Novick,"June 20, 2018",2017,TV-MA,1 Season
8551,Movie,The Walls of the Moon,"April 18, 2019",2015,TV-14,98 min
8552,TV Show,The War: A Film by Ken Burns and Lynn Novick,"February 22, 2017",2007,TV-14,1 Season
8553,Movie,The Water Diviner,"October 7, 2019",2014,R,111 min
8554,Movie,The Water Horse: Legend of the Deep,"November 1, 2018",2007,PG,112 min
8555,Movie,The Waterboy,"March 8, 2017",1998,PG-13,90 min
8556,Movie,The Wedding Curse,"March 21, 2019",2006,TV-PG,101 min
8557,Movie,The Wedding Party 2: Destination Dubai,"September 21, 2019",2017,TV-14,98 min
8558,TV Show,The West Wing," December 25, 2015",2005,TV-14,7 Seasons
8559,Movie,The Witch,"September 17, 2018",2015,R,92 min
8560,Movie,The Witch Files,"February 1, 2019",2018,TV-14,88 min
8561,TV Show,The Womanizer,"September 1, 2016",2010,TV-MA,1 Season
8562,Movie,The Women Who Kill Lions,"August 1, 2017",2016,TV-MA,47 min
8563,Movie,The Women's Balcony,"December 19, 2017",2016,TV-PG,100 min
8564,Movie,The Workshop,"November 10, 2018",2017,TV-MA,114 min
8565,Movie,The World Is Not Enough,"December 31, 2019",1999,PG-13,128 min
8566,Movie,The World's Most Wanted Animal,"April 1, 2019",2018,TV-PG,53 min
8567,Movie,The Wrong Babysitter,"June 18, 2019",2017,TV-14,89 min
8568,TV Show,The Year of Happiness and Love,"September 1, 2016",2009,TV-PG,1 Season
8569,Movie,The Young Offenders,"March 9, 2017",2016,TV-MA,83 min
8570,Movie,The Young Vagabond,"August 16, 2018",1985,TV-14,85 min
8571,Movie,Theater of Life,"July 18, 2017",2016,TV-PG,94 min
8572,Movie,Theeram,"July 1, 2018",2017,TV-14,104 min
8573,Movie,"Thelonious Monk: Straight, No Chaser","November 1, 2019",1988,PG-13,89 min
8574,Movie,Theo Who Lived,"December 16, 2016",2016,TV-14,86 min
8575,TV Show,ThirTEEN Terrors,"March 1, 2019",2014,TV-14,1 Season
8576,TV Show,This Is My Love,"May 22, 2017",2015,TV-14,1 Season
8577,Movie,This Is Not What I Expected,"October 14, 2017",2017,TV-PG,107 min
8578,Movie,This Was Tomorrow,"December 15, 2015",2015,NR,77 min
8579,Movie,Thithi,"March 9, 2017",2015,TV-MA,123 min
8580,Movie,Thong Dee Fun Khao,"January 15, 2018",2017,TV-MA,122 min
8581,Movie,Thor: Ragnarok,"June 5, 2018",2017,PG-13,131 min
8582,Movie,Thor: Tales of Asgard,"April 15, 2020",2011,TV-Y7,77 min
8583,Movie,Thorne: Scaredy Cat,"November 2, 2016",2010,NR,125 min
8584,Movie,Thorne: Sleepyhead,"November 2, 2016",2010,NR,125 min
8585,Movie,Three,"June 3, 2017",2016,TV-MA,88 min
8586,Movie,Three-Quarters Decent,"June 20, 2019",2010,TV-14,96 min
8587,Movie,Thumper,"February 5, 2018",2017,TV-MA,93 min
8588,Movie,Thunderbolt,"March 31, 2017",1947,TV-PG,42 min
8589,TV Show,Tientsin Mystic,"February 9, 2018",2017,TV-14,1 Season
8590,Movie,Tik Tok,"July 1, 2017",2016,TV-14,108 min
8591,Movie,Tikli and Laxmi Bomb,"August 1, 2018",2017,TV-MA,151 min
8592,Movie,Time Please,"January 1, 2018",2013,TV-14,125 min
8593,TV Show,Timeless Season,"September 18, 2017",2009,TV-14,1 Season
8594,TV Show,Timeline,"February 23, 2018",2014,TV-14,1 Season
8595,Movie,Tinker Bell and the Legend of the NeverBeast,"May 17, 2015",2014,G,78 min
8596,Movie,Tinker',"March 19, 2019",2018,TV-14,97 min
8597,TV Show,Tip the Mouse,"September 1, 2017",2014,TV-Y,1 Season
8598,Movie,To Be a Miss,"January 1, 2017",2016,TV-14,84 min
8599,Movie,"To Wong Foo, Thanks for Everything! Julie Newmar","August 1, 2019",1995,PG-13,108 min
8600,TV Show,Toast of London,"September 1, 2017",2015,TV-MA,3 Seasons
8601,TV Show,Tobot,"September 11, 2019",2018,TV-Y7,2 Seasons
8602,Movie,Tokyo Idols,"October 1, 2017",2017,TV-14,89 min
8603,Movie,Tom and Jerry: The Magic Ring,"December 15, 2019",2001,TV-Y7,60 min
8604,Movie,Tomorrow Never Dies,"December 31, 2019",1997,PG-13,119 min
8605,TV Show,Top 10 Secrets and Mysteries,"March 15, 2019",2018,TV-14,1 Season
8606,TV Show,Top Grier,"December 31, 2018",2018,TV-MA,3 Seasons
8607,Movie,Tope: The Bait,"March 1, 2018",2016,TV-14,87 min
8608,Movie,Tortilla Soup,"September 15, 2020",2001,PG-13,104 min
8609,Movie,Total Frat Movie,"December 19, 2016",2016,NR,94 min
8610,TV Show,Towies,"December 27, 2017",2016,TV-MA,1 Season
8611,Movie,Tracers,"October 22, 2019",2015,PG-13,94 min
8612,Movie,Traffic Signal,"December 31, 2019",2007,TV-MA,130 min
8613,Movie,Train of the Dead,"July 25, 2018",2007,TV-MA,88 min
8614,Movie,Train to Busan,"March 18, 2017",2016,TV-MA,118 min
8615,Movie,Trainspotting,"October 1, 2019",1996,R,94 min
8616,Movie,Traitor,"July 1, 2018",2008,PG-13,114 min
8617,Movie,Transcendence,"November 1, 2018",2014,PG-13,119 min
8618,Movie,Trash,"January 1, 2019",2014,R,114 min
8619,Movie,Trash Fire,"February 2, 2017",2016,R,94 min
8620,Movie,Treasures from the Wreck of the Unbelievable,"January 1, 2018",2017,TV-G,82 min
8621,Movie,Tree Man,"November 1, 2016",2015,TV-PG,82 min
8622,Movie,Tremors,"January 1, 2020",1990,PG-13,96 min
8623,Movie,Tremors 2: Aftershocks,"January 1, 2020",1995,PG-13,100 min
8624,Movie,Tremors 3: Back to Perfection,"January 1, 2020",2001,PG,104 min
8625,Movie,Tremors 4: The Legend Begins,"January 1, 2020",2004,PG-13,101 min
8626,Movie,Tremors 5:  Bloodline,"January 1, 2020",2015,PG-13,99 min
8627,Movie,Tremors 6: A Cold Day in Hell,"May 1, 2018",2018,PG-13,98 min
8628,Movie,Trespass Against Us,"February 22, 2019",2016,R,100 min
8629,Movie,"Trikal (Past, Present, Future)","December 31, 2019",1985,TV-14,134 min
8630,Movie,Trimurti,"March 1, 2018",1995,TV-PG,173 min
8631,Movie,Trip to Bhangarh: Asia's Most Haunted Place,"November 1, 2017",2014,TV-MA,113 min
8632,Movie,Trixie Mattel: Moving Parts,"March 27, 2020",2019,TV-MA,91 min
8633,Movie,Trophy,"February 13, 2018",2017,TV-MA,110 min
8634,TV Show,Trotsky,"December 10, 2018",2017,TV-MA,1 Season
8635,Movie,Troy: The Odyssey,"March 12, 2018",2017,TV-MA,90 min
8636,Movie,True Grit,"January 1, 2020",1969,G,128 min
8637,Movie,True to the Game,"March 1, 2018",2017,R,108 min
8638,Movie,Trumbo,"May 19, 2020",2015,R,124 min
8639,Movie,Tucker and Dale vs. Evil,"March 29, 2019",2010,R,89 min
8640,Movie,Tukaram,"February 15, 2018",2012,TV-PG,162 min
8641,Movie,Tunisian Victory,"March 31, 2017",1944,TV-14,76 min
8642,Movie,Turbo,"September 12, 2019",2013,PG,96 min
8643,Movie,Tusk,"July 24, 2018",2014,R,102 min
8644,Movie,Twice,"December 31, 2017",2010,TV-14,53 min
8645,TV Show,Twin Peaks,"July 1, 2017",1990,TV-14,2 Seasons
8646,Movie,Twinsanity,"March 15, 2019",2018,TV-MA,86 min
8647,TV Show,Twirlywoos,"May 15, 2020",2018,TV-Y,2 Seasons
8648,Movie,"Twisted Trunk, Big Fat Body","January 15, 2017",2015,TV-14,89 min
8649,Movie,Two Graves,"May 1, 2019",2018,TV-MA,80 min
8650,Movie,Two Lovers and a Bear,"May 2, 2017",2016,R,95 min
8651,Movie,Tyke Elephant Outlaw,"December 1, 2015",2015,TV-14,78 min
8652,Movie,Tyson,"March 1, 2019",2008,R,90 min
8653,Movie,Ugly,"March 1, 2017",2013,NR,125 min
8654,TV Show,Ugly Duckling,"February 15, 2019",2015,TV-14,4 Seasons
8655,Movie,Una,"April 1, 2018",2016,R,94 min
8656,Movie,Unaccompanied Minors,"October 1, 2019",2006,PG,90 min
8657,Movie,Unacknowledged,"August 21, 2017",2017,TV-MA,104 min
8658,Movie,Under an Arctic Sky,"December 15, 2017",2017,TV-14,40 min
8659,Movie,Under The Skin,"July 15, 2018",2013,R,108 min
8660,Movie,Undercover Grandpa,"November 1, 2017",2016,PG-13,94 min
8661,Movie,Undercover: How to Operate Behind Enemy Lines,"March 31, 2017",1943,TV-PG,61 min
8662,Movie,Unfinished Song,"July 22, 2019",2012,PG-13,94 min
8663,Movie,Union Leader,"December 31, 2019",2017,TV-14,105 min
8664,Movie,Unruly Friends,"June 20, 2019",2011,TV-14,83 min
8665,Movie,Up in the Air,"January 1, 2020",2009,R,110 min
8666,Movie,Urvi,"January 15, 2018",2017,TV-MA,121 min
8667,Movie,Used Goods,"September 1, 2019",2018,TV-14,95 min
8668,Movie,USS Indianapolis: Men of Courage,"September 25, 2019",2016,R,130 min
8669,Movie,V for Vendetta,"October 1, 2018",2005,R,132 min
8670,TV Show,V.R. Troopers,"January 1, 2016",1995,TV-G,2 Seasons
8671,Movie,Vantage Point,"November 1, 2019",2008,PG-13,90 min
8672,Movie,Veerappan,"October 15, 2017",2016,TV-14,117 min
8673,Movie,Veerey Ki Wedding,"December 31, 2019",2018,TV-14,130 min
8674,Movie,Vegas Baby,"July 4, 2017",2016,TV-14,78 min
8675,Movie,Viceroy's House,"December 12, 2017",2017,NR,106 min
8676,Movie,Victor,"July 24, 2017",2015,PG-13,110 min
8677,Movie,Viking Destiny,"February 2, 2019",2018,R,91 min
8678,Movie,Vikings Unearthed,"March 1, 2017",2016,TV-PG,113 min
8679,Movie,Vincent N Roxxy,"September 2, 2017",2016,R,101 min
8680,TV Show,ViR: The Robot Boy,"March 31, 2018",2013,TV-Y7,2 Seasons
8681,Movie,Viswasapoorvam Mansoor,"July 1, 2018",2017,TV-14,125 min
8682,Movie,Vitti Dandu,"July 15, 2017",2014,TV-14,116 min
8683,Movie,Vizontele Tuuba,"March 10, 2017",2004,NR,106 min
8684,Movie,Vodka Diaries,"December 31, 2019",2018,TV-14,113 min
8685,TV Show,Vroomiz," August 1, 2017",2016,TV-Y,3 Seasons
8686,Movie,VS.,"June 19, 2019",2018,TV-MA,99 min
8687,Movie,Waar,"July 1, 2017",2013,TV-MA,130 min
8688,Movie,Waarrior Savitri,"November 1, 2017",2016,TV-14,120 min
8689,Movie,Waiting,"May 1, 2018",2015,TV-MA,94 min
8690,Movie,Waiting...,"September 23, 2020",2005,R,94 min
8691,TV Show,Wake Up,"March 31, 2018",2017,TV-14,2 Seasons
8692,Movie,Wakefield,"March 2, 2019",2016,R,109 min
8693,Movie,Walk with Me,"December 26, 2017",2017,TV-PG,94 min
8694,Movie,Walking Out,"October 1, 2019",2017,PG-13,96 min
8695,Movie,War,"April 1, 2019",2007,R,103 min
8696,Movie,War Chhod Na Yaar,"March 2, 2019",2013,TV-14,109 min
8697,Movie,War Horse,"May 6, 2019",2011,PG-13,147 min
8698,Movie,War on Everyone,"December 3, 2019",2016,R,98 min
8699,Movie,Warda,"April 18, 2019",2014,TV-14,73 min
8700,Movie,Warehoused,"November 1, 2017",2015,TV-14,92 min
8701,TV Show,Wartime Portraits,"September 15, 2016",2014,TV-MA,1 Season
8702,Movie,Water & Power: A California Heist,"February 1, 2018",2017,PG,78 min
8703,Movie,Waterschool,"July 25, 2018",2018,TV-G,68 min
8704,Movie,We Are Your Friends,"January 27, 2020",2015,R,96 min
8705,Movie,We Belong Together,"July 16, 2019",2018,TV-14,83 min
8706,Movie,We Need to Talk,"September 1, 2016",2016,TV-MA,91 min
8707,Movie,We the Animals,"February 11, 2019",2018,R,93 min
8708,Movie,"We, the Marines","July 1, 2018",2017,TV-PG,38 min
8709,Movie,We're No Animals,"August 15, 2017",2015,TV-MA,94 min
8710,Movie,Weather forecast,"October 1, 2019",1983,TV-MA,91 min
8711,TV Show,Weeds,"April 1, 2014",2012,TV-MA,8 Seasons
8712,Movie,Weeds on Fire,"September 27, 2018",2016,TV-MA,95 min
8713,TV Show,Weird Wonders of the World," March 31, 2017",2016,TV-PG,2 Seasons
8714,Movie,Welcome 2 Karachi,"March 1, 2018",2015,TV-MA,124 min
8715,Movie,Welcome to Monster High: The Origin Story,"October 1, 2017",2016,TV-Y7,73 min
8716,Movie,Welcome to New York,"March 23, 2017",2014,R,108 min
8717,Movie,Welcome to Willits,"February 6, 2018",2017,TV-MA,84 min
8718,Movie,Westerplatte Resists,"October 1, 2019",1967,TV-MA,93 min
8719,Movie,Westside vs. the World,"August 9, 2019",2019,TV-MA,96 min
8720,Movie,What a Wonderful Family!,"July 1, 2018",2017,TV-14,102 min
8721,TV Show,What Happens to My Family,"May 5, 2017",2016,TV-14,1 Season
8722,TV Show,What Is Love?,"January 1, 2017",2012,TV-14,1 Season
8723,Movie,What Lies Beneath,"January 1, 2020",2000,PG-13,130 min
8724,Movie,What Makes a Psychopath?,"February 1, 2019",2017,TV-14,52 min
8725,Movie,What Still Remains,"December 21, 2018",2018,TV-14,91 min
8726,Movie,What's Up With Love?,"December 8, 2018",2002,R,110 min
8727,TV Show,When Calls the Heart,"December 29, 2018",2017,TV-PG,5 Seasons
8728,Movie,When Hari Got Married,"December 25, 2016",2013,NR,75 min
8729,Movie,When Two Worlds Collide,"November 30, 2016",2016,TV-14,103 min
8730,Movie,Where the Money Is,"January 15, 2020",2000,PG-13,89 min
8731,Movie,Where's the Money,"January 22, 2018",2017,R,86 min
8732,Movie,While We're Young,"October 23, 2017",2015,R,97 min
8733,Movie,White Chamber,"August 1, 2019",2018,TV-MA,89 min
8734,Movie,White Island,"September 25, 2017",2016,TV-MA,91 min
8735,Movie,Who the F**k Is That Guy?,"September 1, 2017",2017,TV-MA,78 min
8736,Movie,Who's That Knocking at My Door?,"July 1, 2019",1967,R,90 min
8737,TV Show,Who's the One,"January 1, 2017",2011,TV-14,1 Season
8738,Movie,Why Are We Getting So Fat?,"February 1, 2019",2016,TV-14,50 min
8739,Movie,Why Knot,"October 15, 2017",2016,TV-MA,84 min
8740,Movie,Why We Fight: The Battle of Russia,"March 31, 2017",1943,TV-PG,82 min
8741,TV Show,Wild Alaska,"March 31, 2017",2015,TV-PG,1 Season
8742,TV Show,Wild Arabia,"March 31, 2017",2013,TV-PG,1 Season
8743,Movie,Wild Wild West,"January 1, 2020",1999,PG-13,106 min
8744,Movie,Wildlife,"September 1, 2020",2018,PG-13,105 min
8745,Movie,Williams,"November 4, 2017",2017,TV-MA,105 min
8746,Movie,Willy Wonka & the Chocolate Factory,"January 1, 2020",1971,G,100 min
8747,Movie,Winnie,"February 26, 2018",2017,TV-14,85 min
8748,TV Show,Winsanity,"December 15, 2018",2016,TV-G,1 Season
8749,Movie,Winter of Our Dreams,"November 1, 2016",1981,NR,86 min
8750,TV Show,Winter Sun,"August 1, 2017",2014,TV-MA,1 Season
8751,Movie,Winter's Bone,"March 1, 2019",2010,R,100 min
8752,Movie,Wish I Was Here,"August 16, 2018",2014,R,106 min
8753,Movie,Wish Man,"December 3, 2019",2019,TV-14,108 min
8754,Movie,Withdrawn,"May 1, 2018",2017,TV-MA,74 min
8755,Movie,Wolves,"March 29, 2019",2016,R,109 min
8756,TV Show,Women Behind Bars," November 1, 2016",2010,TV-14,3 Seasons
8757,Movie,Woodstock,"August 13, 2019",2019,TV-MA,97 min
8758,Movie,World Trade Center,"November 20, 2019",2006,PG-13,129 min
8759,TV Show,World's Busiest Cities,"February 1, 2019",2017,TV-PG,1 Season
8760,Movie,World's Weirdest Homes,"February 1, 2019",2015,TV-PG,49 min
8761,Movie,Would You Rather,"June 5, 2019",2013,TV-MA,93 min
8762,Movie,Wrong No.,"July 1, 2017",2015,TV-14,133 min
8763,Movie,Wrong Side Raju,"October 1, 2017",2016,TV-MA,140 min
8764,Movie,WWII: Report from the Aleutians,"March 31, 2017",1943,TV-PG,45 min
8765,Movie,Wyatt Earp,"January 1, 2020",1994,PG-13,191 min
8766,Movie,XX,"June 22, 2017",2017,R,81 min
8767,Movie,XXx,"January 1, 2019",2002,PG-13,124 min
8768,Movie,XXX: State of the Union,"January 1, 2019",2005,PG-13,101 min
8769,Movie,Y Tu Mamá También,"June 1, 2017",2001,R,106 min
8770,Movie,Y.M.I.: Yeh Mera India,"March 1, 2018",2008,TV-MA,137 min
8771,Movie,Yaadein,"March 1, 2018",2001,TV-14,171 min
8772,Movie,Yaara O Dildaara,"November 1, 2017",2011,TV-14,132 min
8773,Movie,Yamla Pagla Deewana 2,"May 1, 2017",2013,TV-14,147 min
8774,Movie,Yanda Kartavya Aahe,"January 1, 2018",2006,TV-PG,151 min
8775,Movie,يوم الدين,"October 22, 2019",2018,TV-14,97 min
8776,TV Show,Yeh Meri Family,"August 31, 2018",2018,TV-PG,1 Season
8777,Movie,Yellowbird,"August 5, 2015",2014,PG,90 min
8778,Movie,Yes or No,"December 6, 2018",2010,TV-PG,111 min
8779,Movie,Yes or No 2,"November 8, 2018",2012,TV-PG,112 min
8780,Movie,Yes or No 2.5,"November 8, 2018",2015,TV-PG,107 min
8781,TV Show,Yo-Kai Watch,"April 1, 2016",2015,TV-Y7,1 Season
8782,Movie,Yo-Kai Watch: The Movie,"December 1, 2016",2016,TV-Y7,96 min
8783,Movie,Yoga Hosers,"December 2, 2016",2016,PG-13,88 min
8784,TV Show,Yoko,"June 23, 2018",2016,TV-Y,1 Season
8785,Movie,Yoko and His Friends,"June 23, 2018",2015,TV-Y,78 min
8786,TV Show,YOM,"June 7, 2018",2016,TV-Y7,1 Season
8787,Movie,You Can Tutu,"December 31, 2017",2017,TV-G,87 min
8788,Movie,You Can’t Fight Christmas,"December 19, 2017",2017,TV-PG,85 min
8789,Movie,You Carry Me,"July 1, 2016",2015,TV-MA,157 min
8790,Movie,You Changed My Life,"February 27, 2019",2009,TV-PG,116 min
8791,Movie,You Don't Mess with the Zohan,"September 1, 2019",2008,UR,113 min
8792,Movie,Young Adult,"November 20, 2019",2011,R,94 min
8793,Movie,Young Tiger,"November 1, 2016",1973,NR,81 min
8794,Movie,"Yours, Mine and Ours","November 20, 2019",2005,PG,88 min
8795,Movie,اشتباك,"October 11, 2018",2016,TV-14,98 min
8796,TV Show,Yu-Gi-Oh! Arc-V,"May 1, 2018",2015,TV-Y7,2 Seasons
8797,TV Show,Yunus Emre,"January 17, 2017",2016,TV-PG,2 Seasons
8798,TV Show,Zak Storm,"September 13, 2018",2016,TV-Y7,3 Seasons
8799,Movie,Zed Plus,"December 31, 2019",2014,TV-MA,131 min
8800,Movie,Zenda,"February 15, 2018",2009,TV-14,120 min
8801,TV Show,Zindagi Gulzar Hai,"December 15, 2016",2012,TV-PG,1 Season
8802,Movie,Zinzana,"March 9, 2016",2015,TV-MA,96 min
8803,Movie,Zodiac,"November 20, 2019",2007,R,158 min
8804,TV Show,Zombie Dumb,"July 1, 2019",2018,TV-Y7,2 Seasons
8805,Movie,Zombieland,"November 1, 2019",2009,R,88 min
8806,Movie,Zoom,"January 11, 2020",2006,PG,88 min
8807,Movie,Zubaan,"March 2, 2019",2015,TV-14,111 min
