show_id,cast_id
1,1
4,1
11,1
15,1
17,1
21,1
46,1
67,1
70,1
75,1
92,1
102,1
103,1
111,1
118,1
124,1
125,1
148,1
182,1
186,1
219,1
224,1
225,1
231,1
234,1
235,1
236,1
243,1
256,1
263,1
264,1
267,1
281,1
284,1
291,1
303,1
311,1
318,1
321,1
367,1
369,1
370,1
379,1
380,1
404,1
405,1
431,1
441,1
445,1
458,1
463,1
466,1
467,1
474,1
491,1
496,1
498,1
500,1
512,1
520,1
523,1
550,1
561,1
621,1
627,1
642,1
646,1
654,1
665,1
711,1
725,1
728,1
739,1
749,1
760,1
761,1
762,1
770,1
782,1
786,1
832,1
843,1
845,1
852,1
853,1
855,1
861,1
868,1
877,1
881,1
901,1
908,1
912,1
920,1
926,1
937,1
958,1
1006,1
1012,1
1039,1
1057,1
1061,1
1062,1
1069,1
1071,1
1076,1
1077,1
1078,1
1079,1
1094,1
1095,1
1096,1
1098,1
1117,1
1118,1
1124,1
1144,1
1147,1
1156,1
1162,1
1170,1
1172,1
1183,1
1197,1
1205,1
1225,1
1226,1
1235,1
1243,1
1280,1
1281,1
1283,1
1293,1
1304,1
1314,1
1329,1
1332,1
1344,1
1366,1
1372,1
1384,1
1395,1
1401,1
1417,1
1421,1
1426,1
1438,1
1444,1
1450,1
1467,1
1480,1
1490,1
1528,1
1534,1
1536,1
1542,1
1558,1
1575,1
1587,1
1604,1
1624,1
1628,1
1629,1
1639,1
1670,1
1689,1
1691,1
1705,1
1719,1
1720,1
1722,1
1724,1
1727,1
1734,1
1745,1
1749,1
1757,1
1790,1
1793,1
1801,1
1806,1
1829,1
1854,1
1858,1
1869,1
1872,1
1886,1
1890,1
1891,1
1912,1
1914,1
1927,1
1935,1
1948,1
1952,1
1953,1
1962,1
1963,1
1991,1
2000,1
2003,1
2033,1
2034,1
2039,1
2042,1
2055,1
2086,1
2097,1
2098,1
2102,1
2110,1
2113,1
2114,1
2120,1
2129,1
2141,1
2153,1
2159,1
2166,1
2171,1
2191,1
2200,1
2201,1
2215,1
2218,1
2220,1
2223,1
2226,1
2229,1
2237,1
2238,1
2244,1
2246,1
2249,1
2299,1
2302,1
2317,1
2319,1
2323,1
2332,1
2335,1
2336,1
2342,1
2353,1
2356,1
2395,1
2407,1
2426,1
2432,1
2433,1
2477,1
2496,1
2549,1
2569,1
2570,1
2582,1
2605,1
2609,1
2628,1
2653,1
2658,1
2665,1
2685,1
2693,1
2700,1
2712,1
2714,1
2728,1
2737,1
2738,1
2743,1
2754,1
2777,1
2780,1
2787,1
2796,1
2806,1
2814,1
2826,1
2831,1
2867,1
2884,1
2894,1
2902,1
2930,1
2945,1
2949,1
2967,1
2983,1
3001,1
3014,1
3043,1
3054,1
3068,1
3093,1
3119,1
3122,1
3154,1
3176,1
3195,1
3221,1
3235,1
3243,1
3256,1
3260,1
3283,1
3293,1
3295,1
3314,1
3336,1
3350,1
3365,1
3366,1
3375,1
3391,1
3394,1
3395,1
3396,1
3397,1
3398,1
3401,1
3409,1
3418,1
3419,1
3455,1
3459,1
3461,1
3469,1
3470,1
3471,1
3480,1
3486,1
3491,1
3505,1
3530,1
3539,1
3540,1
3541,1
3559,1
3568,1
3593,1
3597,1
3622,1
3628,1
3630,1
3644,1
3677,1
3679,1
3682,1
3684,1
3698,1
3703,1
3705,1
3708,1
3715,1
3722,1
3727,1
3728,1
3733,1
3739,1
3744,1
3778,1
3790,1
3796,1
3804,1
3809,1
3810,1
3811,1
3812,1
3815,1
3829,1
3838,1
3858,1
3860,1
3892,1
3893,1
3896,1
3913,1
3935,1
3954,1
3968,1
3984,1
3988,1
4016,1
4051,1
4053,1
4055,1
4057,1
4085,1
4097,1
4100,1
4118,1
4136,1
4141,1
4169,1
4171,1
4173,1
4177,1
4186,1
4188,1
4200,1
4204,1
4237,1
4251,1
4257,1
4259,1
4267,1
4276,1
4299,1
4301,1
4303,1
4314,1
4323,1
4332,1
4348,1
4373,1
4394,1
4401,1
4409,1
4417,1
4475,1
4476,1
4477,1
4486,1
4495,1
4509,1
4514,1
4517,1
4556,1
4607,1
4609,1
4621,1
4622,1
4626,1
4628,1
4638,1
4640,1
4654,1
4655,1
4674,1
4683,1
4704,1
4739,1
4754,1
4759,1
4760,1
4779,1
4781,1
4802,1
4808,1
4812,1
4828,1
4837,1
4842,1
4847,1
4860,1
4868,1
4878,1
4888,1
4898,1
4912,1
4923,1
4980,1
4981,1
4996,1
5001,1
5044,1
5053,1
5055,1
5069,1
5086,1
5095,1
5133,1
5153,1
5169,1
5183,1
5210,1
5226,1
5234,1
5240,1
5241,1
5244,1
5252,1
5254,1
5257,1
5272,1
5276,1
5281,1
5292,1
5300,1
5308,1
5368,1
5371,1
5377,1
5419,1
5427,1
5428,1
5457,1
5468,1
5472,1
5480,1
5485,1
5504,1
5509,1
5522,1
5549,1
5568,1
5576,1
5603,1
5613,1
5637,1
5681,1
5687,1
5696,1
5726,1
5758,1
5770,1
5783,1
5784,1
5796,1
5798,1
5800,1
5805,1
5812,1
5815,1
5822,1
5823,1
5824,1
5845,1
5850,1
5855,1
5871,1
5878,1
5894,1
5907,1
5911,1
5915,1
5919,1
5926,1
5927,1
5930,1
5933,1
5972,1
5973,1
5983,1
5984,1
6011,1
6039,1
6044,1
6048,1
6049,1
6065,1
6096,1
6097,1
6109,1
6115,1
6128,1
6137,1
6140,1
6151,1
6167,1
6178,1
6179,1
6199,1
6207,1
6234,1
6254,1
6260,1
6262,1
6274,1
6287,1
6298,1
6325,1
6330,1
6346,1
6353,1
6388,1
6390,1
6392,1
6406,1
6407,1
6412,1
6418,1
6433,1
6435,1
6478,1
6484,1
6488,1
6491,1
6514,1
6522,1
6525,1
6526,1
6536,1
6564,1
6592,1
6608,1
6612,1
6614,1
6619,1
6639,1
6646,1
6649,1
6678,1
6680,1
6682,1
6685,1
6686,1
6692,1
6721,1
6738,1
6745,1
6762,1
6765,1
6776,1
6778,1
6786,1
6787,1
6788,1
6789,1
6790,1
6804,1
6816,1
6857,1
6866,1
6896,1
6899,1
6900,1
6901,1
6933,1
6939,1
6969,1
6977,1
6979,1
6980,1
6986,1
7001,1
7002,1
7017,1
7018,1
7020,1
7042,1
7046,1
7067,1
7077,1
7081,1
7082,1
7083,1
7084,1
7093,1
7101,1
7112,1
7132,1
7135,1
7136,1
7147,1
7177,1
7210,1
7223,1
7252,1
7274,1
7291,1
7294,1
7298,1
7300,1
7318,1
7320,1
7325,1
7340,1
7341,1
7342,1
7356,1
7405,1
7414,1
7428,1
7435,1
7436,1
7437,1
7439,1
7442,1
7450,1
7458,1
7468,1
7472,1
7484,1
7499,1
7505,1
7512,1
7515,1
7529,1
7555,1
7557,1
7562,1
7576,1
7577,1
7581,1
7599,1
7607,1
7610,1
7617,1
7618,1
7625,1
7626,1
7627,1
7630,1
7646,1
7648,1
7658,1
7665,1
7674,1
7680,1
7693,1
7700,1
7706,1
7709,1
7714,1
7741,1
7744,1
7754,1
7791,1
7796,1
7808,1
7813,1
7819,1
7823,1
7835,1
7868,1
7887,1
7888,1
7894,1
7912,1
7915,1
7931,1
7992,1
8020,1
8035,1
8045,1
8049,1
8058,1
8062,1
8067,1
8082,1
8097,1
8105,1
8110,1
8130,1
8136,1
8156,1
8163,1
8174,1
8176,1
8177,1
8179,1
8192,1
8200,1
8203,1
8208,1
8216,1
8236,1
8269,1
8276,1
8279,1
8288,1
8295,1
8309,1
8317,1
8319,1
8322,1
8341,1
8349,1
8351,1
8371,1
8389,1
8391,1
8401,1
8404,1
8408,1
8420,1
8424,1
8429,1
8432,1
8437,1
8440,1
8441,1
8451,1
8463,1
8476,1
8480,1
8501,1
8503,1
8504,1
8517,1
8522,1
8525,1
8550,1
8562,1
8574,1
8578,1
8598,1
8602,1
8605,1
8606,1
8610,1
8620,1
8621,1
8633,1
8651,1
8657,1
8661,1
8674,1
8701,1
8702,1
8703,1
8708,1
8724,1
8728,1
8729,1
8739,1
8740,1
8745,1
8747,1
8756,1
8757,1
8764,1
8804,1
2,2
2,3
2,4
2,5
1515,5
2,6
2,7
2,8
2,9
2,10
2,11
1594,11
2,12
2,13
2,14
2,15
2,16
2,17
2,18
2,19
2,20
7092,20
3,21
2669,21
3298,21
3,22
3,23
3747,23
4004,23
3,24
3,25
2669,25
3,26
6339,26
3,27
3,28
3,29
3426,29
5,30
3740,30
6160,30
8591,30
5,31
2354,31
5,32
5,33
2354,33
5,34
3467,34
5,35
8776,35
5,36
5,37
7174,37
6,38
4519,38
5853,38
6,39
337,39
1307,39
6,40
3946,40
7704,40
6,41
139,41
1319,41
1874,41
4519,41
5253,41
6827,41
6,42
2875,42
6,43
5853,43
6,44
6,45
1874,45
3602,45
4961,45
6,46
6,47
617,47
1462,47
2312,47
3799,47
5092,47
5127,47
6,48
1399,48
6,49
6,50
6,51
5083,51
5853,51
7582,51
8233,51
6,52
6,53
7,54
1453,54
1665,54
1682,54
3249,54
4387,54
8073,54
8315,54
7,55
365,55
1802,55
8069,55
7,56
265,56
1120,56
1538,56
2073,56
2552,56
3017,56
6434,56
6584,56
6910,56
8129,56
8221,56
8264,56
7,57
2357,57
5598,57
7,58
2160,58
7,59
824,59
1407,59
1802,59
2173,59
2719,59
4116,59
5908,59
6884,59
7951,59
8326,59
8642,59
7,60
3017,60
6007,60
8305,60
8711,60
7,61
168,61
324,61
2420,61
2544,61
2657,61
4696,61
4845,61
6487,61
7670,61
8306,61
7,62
818,62
2932,62
7317,62
7,63
400,63
2928,63
4372,63
5801,63
5870,63
8,64
8,65
8,66
8,67
8,68
8,69
8,70
8,71
9,72
4462,72
9,73
4462,73
6561,73
9,74
4462,74
8332,74
9,75
1597,75
4462,75
5258,75
8332,75
10,76
605,76
1044,76
1089,76
1627,76
5708,76
10,77
528,77
5048,77
5364,77
5369,77
5756,77
6613,77
6842,77
7480,77
8498,77
10,78
584,78
6580,78
8455,78
8743,78
10,79
583,79
1486,79
1765,79
3966,79
7962,79
10,80
548,80
1301,80
3296,80
4147,80
5597,80
10,81
2036,81
3966,81
5346,81
6495,81
10,82
2581,82
10,83
615,83
10,84
10,85
221,85
798,85
2145,85
3162,85
3958,85
4658,85
5332,85
6584,85
6777,85
7150,85
7209,85
10,86
12,87
12,88
8778,88
8779,88
12,89
12,90
1264,90
1817,90
3699,90
4841,90
7261,90
7668,90
8030,90
12,91
12,92
12,93
12,94
989,94
2195,94
12,95
12,96
12,97
12,98
12,99
12,100
12,101
12,102
12,103
12,104
12,105
12,106
12,107
12,108
12,109
12,110
12,111
13,112
479,112
13,113
13,114
3768,114
5528,114
13,115
13,116
5487,116
13,117
13,118
13,119
13,120
2778,120
13,121
13,122
14,123
14,124
14,125
14,126
14,127
3748,127
14,128
14,129
14,130
14,131
14,132
16,133
3801,133
6371,133
16,134
3970,134
16,135
5580,135
16,136
16,137
8549,137
16,138
16,139
5073,139
16,140
140,140
2932,140
3102,140
5416,140
5539,140
5941,140
7959,140
8506,140
18,141
2008,141
4677,141
4678,141
6409,141
18,142
1013,142
3299,142
7464,142
18,143
4355,143
18,144
1458,144
18,145
18,146
18,147
18,148
18,149
1458,149
18,150
6653,150
18,151
4381,151
6560,151
18,152
19,153
1657,153
2284,153
2694,153
4320,153
7070,153
19,154
261,154
1765,154
4411,154
5523,154
6380,154
8368,154
19,155
6879,155
19,156
19,157
19,158
19,159
792,159
6366,159
19,160
19,161
19,162
20,163
2294,163
3863,163
5266,163
5773,163
6672,163
7642,163
20,164
3576,164
20,165
766,165
20,166
2847,166
2865,166
4117,166
4767,166
4903,166
20,167
3177,167
3669,167
20,168
4083,168
20,169
20,170
22,171
1216,171
1217,171
6088,171
22,172
22,173
22,174
22,175
22,176
22,177
22,178
22,179
22,180
23,181
7918,181
23,182
23,183
23,184
23,185
25,185
27,185
3531,185
3976,185
4482,185
5335,185
5336,185
5337,185
5338,185
5339,185
5340,185
7163,185
23,186
27,186
24,187
255,187
1636,187
1893,187
2167,187
2580,187
24,188
255,188
1636,188
1893,188
2167,188
2580,188
24,189
255,189
1636,189
1893,189
2167,189
2580,189
24,190
25,191
25,192
2545,192
3918,192
4574,192
4725,192
5009,192
6913,192
7250,192
8145,192
25,193
2083,193
26,194
2329,194
27,195
254,195
298,195
6581,195
27,196
1411,196
2732,196
2735,196
4614,196
5617,196
27,197
4423,197
4424,197
6079,197
27,198
4587,198
6075,198
7095,198
8137,198
28,199
1880,199
2472,199
3754,199
4483,199
4913,199
5228,199
5534,199
5847,199
5880,199
6019,199
6165,199
6272,199
6304,199
6498,199
7009,199
7317,199
7518,199
8555,199
8791,199
28,200
1311,200
1617,200
1880,200
4093,200
4920,200
5534,200
5720,200
6978,200
7009,200
7717,200
28,201
169,201
936,201
1354,201
1419,201
1455,201
1894,201
2583,201
4291,201
4913,201
5040,201
5180,201
5649,201
5882,201
6584,201
28,202
471,202
730,202
731,202
889,202
913,202
976,202
1029,202
1263,202
1288,202
1554,202
2541,202
3476,202
4762,202
5176,202
5847,202
5880,202
7009,202
8438,202
28,203
1472,203
1880,203
2144,203
2541,203
5259,203
5534,203
5880,203
6019,203
6304,203
8791,203
28,204
794,204
1200,204
1811,204
2072,204
2101,204
2116,204
6487,204
7015,204
7165,204
8458,204
8743,204
28,205
232,205
1730,205
5182,205
5333,205
7061,205
8252,205
8254,205
8373,205
8758,205
28,206
962,206
1591,206
1627,206
1794,206
1880,206
2378,206
2657,206
3803,206
3842,206
5614,206
5653,206
5882,206
6019,206
7536,206
8642,206
28,207
1880,207
3600,207
5180,207
5327,207
5534,207
5714,207
28,208
1460,208
1880,208
4705,208
28,209
29,210
1910,210
6272,210
29,211
6332,211
6795,211
7194,211
29,212
818,212
1730,212
2136,212
3274,212
6182,212
8068,212
8201,212
8665,212
29,213
1958,213
29,214
29,215
29,216
29,217
29,218
29,219
531,219
30,220
3191,220
8284,220
30,221
348,221
560,221
575,221
890,221
1155,221
1596,221
3410,221
4813,221
8218,221
8513,221
30,222
347,222
944,222
1140,222
1609,222
1665,222
3126,222
6121,222
8180,222
8495,222
8805,222
30,223
132,223
135,223
560,223
7071,223
7072,223
7073,223
7074,223
7157,223
7715,223
8502,223
8723,223
30,224
971,224
7237,224
8516,224
30,225
6736,225
6794,225
7151,225
7400,225
7958,225
30,226
30,227
514,227
866,227
30,228
42,228
170,228
4206,228
8188,228
30,229
3864,229
31,230
1024,230
3033,230
3769,230
4886,230
31,231
2024,231
7923,231
31,232
6473,232
31,233
2917,233
3135,233
3447,233
4441,233
4583,233
4733,233
5516,233
8629,233
31,234
3886,234
31,235
217,235
8150,235
31,236
3656,236
32,237
2527,237
3701,237
32,238
32,239
3034,239
3904,239
8599,239
32,240
250,240
884,240
3604,240
5886,240
32,241
1242,241
4939,241
5114,241
32,242
32,243
32,244
2932,244
5607,244
5886,244
5941,244
6955,244
8361,244
8514,244
32,245
32,246
32,247
2541,247
33,248
824,248
2861,248
8223,248
8513,248
33,249
129,249
6918,249
7892,249
8675,249
33,250
403,250
33,251
33,252
8686,252
33,253
8649,253
33,254
1034,254
34,255
3289,255
3794,255
34,256
2651,256
34,257
4133,257
34,258
34,259
34,260
34,261
34,262
34,263
34,264
35,265
35,266
1617,266
6451,266
6950,266
7122,266
7827,266
35,267
35,268
35,269
8095,269
36,270
36,271
36,272
36,273
36,274
36,275
36,276
36,277
36,278
36,279
37,280
37,281
4361,281
37,282
3731,282
4004,282
6188,282
37,283
6339,283
8386,283
37,284
3834,284
37,285
37,286
2140,286
37,287
1224,287
3834,287
37,288
37,289
1625,289
3731,289
38,290
38,291
38,292
38,293
38,294
39,295
818,295
4630,295
39,296
296,296
39,297
3859,297
39,298
6519,298
39,299
314,299
1856,299
2221,299
3840,299
39,300
39,301
39,302
39,303
40,304
407,304
408,304
409,304
410,304
411,304
412,304
413,304
414,304
415,304
416,304
417,304
420,304
421,304
422,304
423,304
425,304
7236,304
40,305
90,305
406,305
407,305
408,305
409,305
410,305
411,305
412,305
413,305
414,305
415,305
416,305
417,305
418,305
419,305
420,305
421,305
422,305
423,305
424,305
425,305
2718,305
3057,305
6174,305
6462,305
6463,305
6464,305
6465,305
7236,305
7930,305
8122,305
8123,305
40,306
90,306
406,306
407,306
408,306
409,306
410,306
411,306
412,306
413,306
414,306
415,306
416,306
417,306
418,306
419,306
420,306
421,306
422,306
423,306
424,306
425,306
6174,306
6462,306
6463,306
6464,306
6465,306
7236,306
7930,306
8122,306
8123,306
40,307
90,307
407,307
408,307
409,307
410,307
411,307
412,307
413,307
414,307
415,307
416,307
417,307
420,307
421,307
422,307
423,307
424,307
425,307
2115,307
2293,307
2718,307
7236,307
40,308
90,308
407,308
408,308
409,308
410,308
411,308
412,308
413,308
414,308
415,308
416,308
417,308
418,308
419,308
420,308
421,308
422,308
423,308
424,308
425,308
2718,308
2842,308
3057,308
3404,308
6465,308
40,309
407,309
408,309
409,309
411,309
412,309
413,309
414,309
415,309
417,309
420,309
421,309
422,309
425,309
40,310
407,310
408,310
409,310
411,310
412,310
413,310
414,310
415,310
417,310
420,310
421,310
422,310
425,310
41,311
884,311
1041,311
1169,311
5299,311
6582,311
7030,311
7495,311
7500,311
8063,311
41,312
3599,312
4312,312
41,313
2527,313
3637,313
5866,313
41,314
346,314
443,314
3318,314
4140,314
5866,314
7526,314
41,315
2963,315
5175,315
5233,315
5341,315
5660,315
5830,315
6125,315
6126,315
41,316
98,316
112,316
250,316
1214,316
1656,316
2527,316
2764,316
3036,316
3599,316
3660,316
4624,316
4853,316
4991,316
5424,316
41,317
487,317
1697,317
3248,317
4659,317
6282,317
7098,317
7416,317
41,318
98,318
1214,318
2130,318
2911,318
3604,318
3668,318
4139,318
4360,318
4853,318
5886,318
7241,318
41,319
112,319
41,320
1259,320
1656,320
1761,320
3036,320
5341,320
6282,320
7098,320
41,321
72,321
352,321
433,321
510,321
884,321
1791,321
3059,321
3060,321
4140,321
4853,321
5138,321
5341,321
5644,321
5646,321
5760,321
5762,321
5866,321
5959,321
7022,321
7098,321
7416,321
8467,321
42,322
43,322
42,323
42,324
43,324
45,324
42,325
43,325
42,326
42,327
43,327
42,328
42,329
42,330
43,331
43,332
43,333
43,334
43,335
43,336
44,337
606,337
835,337
1445,337
3222,337
6642,337
7287,337
7516,337
8044,337
8060,337
8671,337
8765,337
8794,337
44,338
815,338
44,339
44,340
8660,340
44,341
44,342
569,342
4658,342
7282,342
7845,342
44,343
44,344
44,345
44,346
45,347
45,348
5951,348
45,349
7860,349
45,350
341,350
562,350
6031,350
8096,350
45,351
6117,351
45,352
45,353
2022,353
4038,353
5945,353
5951,353
6061,353
47,354
49,354
1519,354
1559,354
5945,354
6454,354
6736,354
7736,354
8218,354
8450,354
8526,354
47,355
144,355
3032,355
3151,355
3583,355
6929,355
7153,355
7475,355
8189,355
8237,355
8259,355
8642,355
8690,355
47,356
880,356
1284,356
1285,356
3793,356
5849,356
6251,356
8223,356
8273,356
8665,356
47,357
137,357
328,357
573,357
933,357
2004,357
3262,357
4386,357
6123,357
6827,357
8096,357
8458,357
8628,357
47,358
631,358
792,358
813,358
970,358
3760,358
5471,358
6323,358
7455,358
7524,358
8450,358
47,359
6779,359
47,360
854,360
47,361
3101,361
3410,361
4292,361
4435,361
5691,361
6088,361
6448,361
7991,361
8075,361
8107,361
8421,361
47,362
364,362
400,362
401,362
6004,362
8697,362
47,363
950,363
1060,363
2875,363
48,364
199,364
502,364
555,364
1312,364
48,365
472,365
1186,365
1312,365
2196,365
2240,365
2349,365
48,366
1897,366
2006,366
2253,366
2349,366
3145,366
8242,366
48,367
74,367
199,367
299,367
2196,367
2253,367
2349,367
48,368
48,369
48,370
959,370
1108,370
1655,370
2840,370
3167,370
48,371
299,371
1108,371
48,372
1234,372
48,373
899,373
2352,373
2939,373
49,374
1392,374
1839,374
6004,374
6380,374
6549,374
6876,374
49,375
143,375
1120,375
4496,375
5322,375
7588,375
49,376
341,376
809,376
6873,376
7752,376
8040,376
49,377
135,377
777,377
6261,377
8459,377
49,378
6373,378
49,379
2702,379
5982,379
6062,379
6338,379
6794,379
7271,379
49,380
171,380
7852,380
49,381
810,381
3828,381
4859,381
5049,381
7366,381
7852,381
8642,381
49,382
6444,382
6777,382
49,383
6723,383
6848,383
6978,383
7272,383
8446,383
8459,383
50,384
199,384
506,384
795,384
959,384
1002,384
1108,384
1312,384
2301,384
2608,384
3157,384
3393,384
5531,384
6468,384
7449,384
50,385
2655,385
2688,385
2939,385
3141,385
6468,385
6748,385
50,386
199,386
503,386
630,386
959,386
2131,386
2149,386
2253,386
2388,386
2608,386
2840,386
3167,386
3400,386
6898,386
50,387
85,387
269,387
299,387
375,387
430,387
472,387
1186,387
1195,387
1380,387
1897,387
2232,387
2688,387
2880,387
2885,387
3145,387
50,388
85,388
439,388
472,388
2253,388
2349,388
50,389
50,390
472,390
50,391
50,392
375,392
2253,392
50,393
481,393
50,394
1312,394
1655,394
50,395
2124,395
50,396
887,396
2103,396
2149,396
2538,396
3116,396
50,397
51,398
4284,398
51,399
2897,399
4455,399
6296,399
51,400
51,401
51,402
51,403
51,404
51,405
6386,405
51,406
52,407
53,407
54,407
55,407
2400,407
5673,407
5752,407
7089,407
7090,407
7091,407
52,408
53,408
54,408
55,408
5673,408
5749,408
7089,408
7090,408
7091,408
52,409
7091,409
52,410
53,410
54,410
55,410
5673,410
7089,410
7090,410
7091,410
52,411
53,411
54,411
55,411
62,411
2775,411
3021,411
3334,411
5673,411
7089,411
7090,411
7091,411
52,412
53,412
54,412
55,412
5673,412
7089,412
7090,412
7091,412
52,413
54,413
55,413
5415,413
5673,413
7089,413
7091,413
52,414
55,414
7091,414
7589,414
52,415
61,415
494,415
1187,415
1386,415
1540,415
2946,415
3438,415
4244,415
5673,415
7091,415
52,416
53,417
54,417
55,417
7089,417
7090,417
53,418
63,418
454,418
2646,418
3104,418
4244,418
4854,418
5294,418
7090,418
53,419
220,419
377,419
429,419
1483,419
3056,419
3340,419
5097,419
7090,419
54,420
2400,420
2699,420
3356,420
7089,420
54,421
2775,421
2855,421
2966,421
3056,421
3171,421
3334,421
7089,421
54,422
1052,422
4280,422
7089,422
55,423
55,424
701,424
2137,424
2445,424
2599,424
3725,424
3737,424
4280,424
56,425
301,425
3242,425
3868,425
4221,425
5614,425
6116,425
56,426
3242,426
57,427
58,427
59,427
60,427
61,427
62,427
63,427
64,427
3542,427
4390,427
5415,427
7560,427
57,428
58,428
59,428
60,428
61,428
62,428
63,428
64,428
3542,428
7560,428
57,429
58,429
61,429
1539,429
1540,429
2427,429
3737,429
5093,429
5232,429
5293,429
5748,429
7560,429
57,430
58,430
59,430
60,430
63,430
64,430
377,430
494,430
1483,430
2599,430
2775,430
3542,430
5610,430
7560,430
57,431
2063,431
2254,431
2399,431
4280,431
7560,431
57,432
1650,432
7560,432
57,433
77,433
292,433
844,433
1041,433
1909,433
1984,433
2587,433
2699,433
3056,433
3334,433
3337,433
3697,433
3717,433
5170,433
5294,433
6732,433
7156,433
7560,433
57,434
3342,434
3438,434
3785,434
7560,434
57,435
7560,435
57,436
60,436
3542,436
7560,436
58,437
64,437
2659,437
3542,437
3871,437
4280,437
5750,437
58,438
844,438
4271,438
5099,438
58,439
292,439
2445,439
3717,439
58,440
59,440
60,440
62,440
77,440
1300,440
3724,440
58,441
59,441
292,441
1984,441
2399,441
3542,441
4863,441
58,442
59,442
61,442
77,442
3089,442
3337,442
3697,442
4064,442
4313,442
5610,442
5854,442
6292,442
58,443
59,443
59,444
77,444
836,444
2659,444
5749,444
59,445
2445,445
3738,445
59,446
77,446
844,446
2176,446
2599,446
2946,446
3089,446
3880,446
4470,446
7218,446
59,447
60,447
63,447
59,448
60,448
59,449
1540,449
1929,449
2855,449
2966,449
3089,449
3171,449
3667,449
4064,449
4532,449
60,450
3341,450
4634,450
6828,450
60,451
804,451
60,452
77,452
5754,452
60,453
155,453
1539,453
2399,453
2659,453
2999,453
3871,453
5097,453
5415,453
5749,453
5750,453
5754,453
7089,453
60,454
60,455
77,455
2063,455
4634,455
4863,455
5097,455
5299,455
6732,455
7156,455
60,456
155,456
779,456
2063,456
5299,456
60,457
339,457
701,457
1041,457
1984,457
2526,457
2587,457
2966,457
3171,457
3664,457
3667,457
5179,457
6847,457
6849,457
6851,457
7156,457
60,458
292,458
2063,458
2445,458
2775,458
2855,458
2999,458
3717,458
5299,458
6732,458
6828,458
7377,458
60,459
61,459
60,460
6902,460
60,461
292,461
779,461
1539,461
1929,461
3738,461
4629,461
5096,461
5097,461
5750,461
60,462
77,462
155,462
779,462
844,462
1041,462
1042,462
1929,462
2063,462
2587,462
3056,462
3089,462
3220,462
3724,462
4064,462
4209,462
4313,462
4770,462
4983,462
5078,462
7156,462
7377,462
60,463
61,464
61,465
155,465
5097,465
61,466
1042,466
1919,466
2959,466
3056,466
3220,466
3665,466
3774,466
5170,466
5179,466
5477,466
5854,466
5864,466
61,467
2445,467
61,468
61,469
61,470
3342,470
3665,470
61,471
62,472
62,473
2775,473
3721,473
3725,473
3729,473
7377,473
62,474
1300,474
3356,474
3563,474
62,475
4470,475
4745,475
62,476
62,477
5299,477
7218,477
63,478
63,479
63,480
63,481
2775,481
63,482
2463,482
2775,482
3337,482
64,483
494,483
836,483
1258,483
2079,483
2181,483
3563,483
3697,483
4634,483
64,484
64,485
671,485
672,485
673,485
690,485
2741,485
7907,485
64,486
64,487
64,488
65,489
65,490
1307,490
2357,490
65,491
593,491
2810,491
3753,491
5322,491
66,492
66,493
2912,493
4203,493
6127,493
8374,493
66,494
66,495
99,495
1152,495
1619,495
1860,495
2132,495
2813,495
2815,495
6127,495
7417,495
68,496
68,497
2389,497
68,498
6991,498
68,499
7016,499
68,500
8302,500
68,501
68,502
69,503
71,504
1322,504
2537,504
6679,504
72,505
510,505
5138,505
72,506
510,506
2161,506
2963,506
5138,506
5660,506
5760,506
5830,506
7490,506
7492,506
7493,506
7494,506
7495,506
7496,506
7497,506
7498,506
7500,506
7501,506
7502,506
72,507
510,507
5138,507
5760,507
72,508
72,509
72,510
72,511
72,512
73,513
583,513
1472,513
2222,513
3158,513
5205,513
6214,513
8202,513
8442,513
73,514
3158,514
74,515
104,515
199,515
795,515
3155,515
3180,515
3210,515
5531,515
8557,515
74,516
1777,516
2655,516
2879,516
2883,516
3131,516
3393,516
3412,516
5531,516
8557,516
74,517
199,517
74,518
199,518
74,519
199,519
2993,519
74,520
104,520
439,520
472,520
887,520
2349,520
2382,520
2608,520
3094,520
7449,520
74,521
689,521
1186,521
1897,521
2006,521
2689,521
3432,521
76,522
1305,522
3932,522
7393,522
76,523
77,524
844,524
2699,524
2946,524
4989,524
77,525
1092,525
77,526
1919,526
2450,526
2659,526
2699,526
3104,526
4716,526
5754,526
6732,526
7628,526
77,527
332,527
701,527
772,527
1386,527
1909,527
1919,527
2855,527
2959,527
2966,527
3171,527
3589,527
3697,527
5170,527
77,528
155,528
581,528
701,528
844,528
1650,528
1909,528
2599,528
2946,528
3171,528
3220,528
3717,528
4209,528
4280,528
4313,528
4629,528
4770,528
5078,528
5170,528
5179,528
5754,528
77,529
77,530
339,530
429,530
494,530
2646,530
3281,530
3774,530
3959,530
4983,530
5093,530
5415,530
77,531
2599,531
3056,531
3089,531
4271,531
5854,531
77,532
4244,532
5237,532
77,533
2181,533
2254,533
2526,533
3056,533
3337,533
3738,533
5097,533
77,534
4470,534
4863,534
77,535
1045,535
1052,535
1258,535
1929,535
2063,535
3438,535
3717,535
5179,535
77,536
77,537
779,537
1386,537
3697,537
4634,537
4745,537
4863,537
8278,537
77,538
3697,538
6732,538
77,539
494,539
591,539
772,539
2775,539
3089,539
6847,539
77,540
632,540
804,540
808,540
1041,540
2587,540
3020,540
3021,540
3099,540
3104,540
3220,540
4209,540
4770,540
5078,540
5477,540
5655,540
5752,540
5754,540
7156,540
77,541
454,541
3174,541
4271,541
77,542
632,542
1041,542
1045,542
1909,542
1929,542
2063,542
2775,542
3340,542
3871,542
4244,542
5655,542
5754,542
5854,542
7156,542
7628,542
78,543
862,543
2115,543
2760,543
78,544
406,544
418,544
419,544
78,545
406,545
418,545
862,545
2115,545
2293,545
2760,545
3057,545
3226,545
6174,545
6465,545
7319,545
7930,545
8122,545
8123,545
78,546
2115,546
2293,546
3226,546
7319,546
78,547
862,547
2115,547
2293,547
3226,547
7319,547
78,548
78,549
940,549
78,550
1072,550
1073,550
2115,550
7319,550
79,551
80,551
298,551
1070,551
3702,551
3934,551
3940,551
4225,551
79,552
80,552
3313,552
79,553
80,553
2686,553
81,554
116,554
1805,554
5160,554
5342,554
7623,554
81,555
252,555
403,555
1398,555
1500,555
4295,555
81,556
364,556
4066,556
6251,556
6447,556
81,557
3063,557
4947,557
6467,557
6645,557
6897,557
8159,557
81,558
6130,558
8442,558
81,559
6187,559
81,560
764,560
6841,560
82,561
884,561
4292,561
6037,561
6116,561
6756,561
7961,561
8141,561
8514,561
82,562
643,562
4882,562
5034,562
82,563
353,563
592,563
1114,563
1583,563
1961,563
3967,563
6165,563
6457,563
7211,563
8052,563
8053,563
8284,563
8805,563
82,564
2876,564
4994,564
8581,564
82,565
82,566
2180,566
2756,566
3635,566
4519,566
4706,566
5038,566
8368,566
82,567
83,568
83,569
6063,569
83,570
83,571
83,572
8065,572
83,573
83,574
6245,574
83,575
5664,575
83,576
83,577
83,578
83,579
6995,579
83,580
7369,580
84,581
1472,581
2398,581
3759,581
5558,581
85,582
1186,582
2253,582
2689,582
3141,582
3152,582
6468,582
85,583
2232,583
2422,583
3113,583
3152,583
3216,583
3393,583
7449,583
85,584
257,584
2006,584
2919,584
85,585
85,586
630,586
705,586
1195,586
1382,586
2253,586
2880,586
3111,586
3116,586
85,587
85,588
439,588
481,588
503,588
995,588
1108,588
1777,588
2117,588
2131,588
2655,588
2840,588
3141,588
8228,588
85,589
2882,589
2885,589
86,590
1236,590
2400,590
3070,590
4224,590
5099,590
86,591
325,591
1236,591
2740,591
2877,591
3070,591
4224,591
8784,591
8785,591
86,592
1236,592
86,593
1236,593
2858,593
3021,593
5175,593
5233,593
6732,593
7498,593
8008,593
86,594
1236,594
86,595
1236,595
2877,595
86,596
1236,596
2740,596
2877,596
4224,596
86,597
494,597
1236,597
5175,597
86,598
1236,598
86,599
1150,599
1153,599
5175,599
5393,599
87,600
2672,600
8697,600
87,601
87,602
87,603
1295,603
2784,603
87,604
5307,604
87,605
1916,605
87,606
87,607
88,608
88,609
1408,609
1779,609
88,610
190,610
2216,610
3129,610
3405,610
4056,610
88,611
1463,611
88,612
190,612
1463,612
1779,612
3405,612
6771,612
7109,612
89,613
89,614
90,615
406,615
418,615
419,615
1011,615
2842,615
6174,615
6465,615
7930,615
8122,615
8123,615
90,616
419,616
6462,616
6463,616
6464,616
90,617
419,617
6462,617
6463,617
6464,617
91,618
361,618
1112,618
1702,618
1786,618
2057,618
5418,618
8213,618
91,619
1798,619
3526,619
4269,619
4318,619
91,620
3552,620
4921,620
6216,620
8191,620
91,621
1291,621
1392,621
91,622
7858,622
91,623
286,623
1550,623
8697,623
91,624
91,625
93,626
93,627
3747,627
93,628
93,629
2255,629
93,630
4213,630
93,631
4627,631
6524,631
93,632
93,633
735,633
1998,633
93,634
93,635
1422,635
93,636
94,637
94,638
94,639
94,640
4950,640
6600,640
6837,640
94,641
94,642
2803,642
94,643
2803,643
94,644
94,645
94,646
95,647
2378,647
2642,647
3370,647
4846,647
5446,647
5921,647
6819,647
7006,647
7504,647
95,648
584,648
2550,648
4859,648
6541,648
6798,648
7033,648
7155,648
95,649
527,649
4143,649
5060,649
5494,649
5607,649
7171,649
8037,649
95,650
113,650
151,650
326,650
755,650
951,650
2143,650
3906,650
3931,650
6391,650
7148,650
8072,650
8450,650
95,651
6859,651
7282,651
95,652
741,652
1192,652
1580,652
2145,652
2378,652
4154,652
5661,652
8382,652
95,653
95,654
1441,654
3105,654
95,655
2004,655
2080,655
4420,655
6391,655
6867,655
7031,655
8075,655
8076,655
8306,655
95,656
7659,656
95,657
95,658
2081,658
2815,658
6187,658
96,659
1084,659
1472,659
1936,659
2160,659
2172,659
3904,659
4675,659
97,660
97,661
97,662
97,663
97,664
97,665
97,666
97,667
97,668
97,669
98,670
1775,670
98,671
98,672
98,673
241,673
98,674
99,675
6490,675
99,676
6068,676
99,677
1152,677
1860,677
99,678
1152,678
1619,678
1860,678
2132,678
2808,678
99,679
1507,679
1509,679
2808,679
2912,679
99,680
1152,680
1619,680
1860,680
2132,680
99,681
1152,681
1619,681
1860,681
2132,681
2594,681
2595,681
2596,681
2815,681
99,682
99,683
2132,683
99,684
1152,684
1619,684
1860,684
2081,684
2132,684
2594,684
2595,684
2596,684
2812,684
2815,684
99,685
2132,685
99,686
1152,686
1619,686
1860,686
2132,686
100,687
8201,687
100,688
602,688
7010,688
8536,688
100,689
4411,689
5369,689
100,690
100,691
3223,691
100,692
723,692
100,693
5494,693
5703,693
7058,693
8439,693
100,694
137,694
2408,694
5268,694
5890,694
7729,694
8495,694
101,695
3276,695
101,696
536,696
4142,696
4360,696
5242,696
6054,696
101,697
6349,697
7595,697
7596,697
7597,697
101,698
6241,698
7099,698
8103,698
101,699
3247,699
101,700
2555,700
3209,700
5752,700
6242,700
7597,700
101,701
1204,701
1759,701
1760,701
6349,701
7022,701
101,702
101,703
4360,703
104,704
316,704
2382,704
104,705
3115,705
104,706
3155,706
8228,706
104,707
2974,707
3168,707
3408,707
104,708
795,708
846,708
1186,708
1383,708
1897,708
2235,708
3218,708
3408,708
7449,708
104,709
104,710
104,711
104,712
2210,712
104,713
104,714
104,715
105,716
105,717
106,718
4567,718
106,719
106,720
106,721
106,722
106,723
106,724
106,725
4567,725
106,726
106,727
106,728
4567,728
107,729
824,729
5287,729
5329,729
107,730
1880,730
2316,730
107,731
1656,731
2209,731
2764,731
2938,731
107,732
107,733
107,734
835,734
107,735
108,736
108,737
108,738
108,739
108,740
108,741
109,742
109,743
109,744
3416,744
109,745
109,746
109,747
109,748
109,749
110,750
4125,750
7642,750
110,751
110,752
3983,752
110,753
2211,753
4468,753
5403,753
110,754
3030,754
110,755
2656,755
6891,755
110,756
685,756
2872,756
3922,756
5375,756
110,757
670,757
110,758
685,758
5444,758
110,759
685,759
3922,759
4468,759
110,760
110,761
110,762
3327,762
4156,762
112,763
112,764
1425,764
1667,764
1865,764
2136,764
2520,764
3322,764
4139,764
4624,764
5381,764
5644,764
7098,764
7117,764
7416,764
112,765
391,765
112,766
241,766
1041,766
1169,766
1402,766
2788,766
3248,766
3443,766
3599,766
3944,766
6182,766
6355,766
7022,766
8144,766
8456,766
8595,766
112,767
113,768
1843,768
6135,768
7114,768
8072,768
8313,768
8446,768
113,769
933,769
2823,769
6626,769
8101,769
113,770
7140,770
113,771
113,772
6009,772
6879,772
113,773
113,774
114,775
3324,775
3326,775
5329,775
5884,775
8119,775
114,776
1723,776
114,777
114,778
114,779
114,780
114,781
114,782
115,783
1862,783
1940,783
2958,783
4412,783
5305,783
7184,783
7802,783
115,784
302,784
2723,784
2731,784
2732,784
2733,784
2735,784
3134,784
3135,784
3377,784
4793,784
4949,784
4953,784
4955,784
4956,784
4957,784
5008,784
5015,784
5136,784
5456,784
5461,784
5473,784
5482,784
5483,784
5486,784
5500,784
5501,784
5516,784
5572,784
5575,784
5617,784
5618,784
7707,784
7995,784
8630,784
115,785
1424,785
1976,785
2716,785
3164,785
4113,785
4467,785
4736,785
5461,785
5482,785
5486,785
6107,785
7250,785
7713,785
7997,785
8630,785
115,786
202,786
1306,786
1442,786
1866,786
1976,786
2269,786
2286,786
2735,786
4724,786
4793,786
115,787
1863,787
115,788
2732,788
2735,788
4794,788
5409,788
6913,788
7707,788
8630,788
115,789
115,790
7190,790
115,791
206,791
1473,791
5501,791
116,792
2853,792
6022,792
7283,792
116,793
892,793
3126,793
3262,793
6502,793
7334,793
7418,793
8399,793
116,794
7710,794
8270,794
116,795
6984,795
8384,795
8481,795
116,796
116,797
116,798
116,799
3026,799
116,800
5148,800
117,801
117,802
117,803
1023,803
1679,803
2277,803
3142,803
4284,803
4456,803
4458,803
4583,803
5963,803
6518,803
6888,803
7138,803
117,804
6295,804
117,805
1866,805
6892,805
7159,805
117,806
1389,806
2899,806
4452,806
8162,806
8648,806
117,807
8162,807
117,808
975,808
3413,808
7666,808
119,809
1123,809
4003,809
4258,809
4599,809
4723,809
7260,809
119,810
388,810
1713,810
2142,810
3136,810
3335,810
3766,810
3769,810
4691,810
5617,810
6160,810
6513,810
7397,810
7734,810
7760,810
119,811
1972,811
6826,811
119,812
1022,812
1978,812
4108,812
6064,812
119,813
893,813
1022,813
1713,813
119,814
552,814
3468,814
4701,814
6450,814
120,815
774,815
120,816
774,816
120,817
120,818
120,819
1494,819
4072,819
121,820
121,821
121,822
121,823
122,824
122,825
290,825
715,825
122,826
122,827
1835,827
1876,827
122,828
122,829
122,830
122,831
122,832
122,833
122,834
122,835
122,836
123,837
7171,837
123,838
1359,838
6201,838
7902,838
8072,838
8581,838
8803,838
123,839
358,839
478,839
747,839
890,839
2929,839
3894,839
5204,839
8514,839
123,840
8758,840
123,841
6088,841
123,842
943,842
2383,842
3735,842
6221,842
8490,842
8622,842
123,843
1955,843
123,844
126,845
6434,845
6640,845
7056,845
8230,845
126,846
889,846
897,846
1390,846
3806,846
4875,846
6711,846
7032,846
7504,846
126,847
2431,847
6033,847
7962,847
126,848
905,848
2853,848
3663,848
3686,848
5201,848
6697,848
7810,848
7866,848
8336,848
126,849
184,849
347,849
598,849
884,849
3017,849
3147,849
3498,849
4529,849
5513,849
8286,849
126,850
126,851
127,852
127,853
127,854
4668,854
127,855
5215,855
127,856
127,857
127,858
127,859
128,860
128,861
354,861
1711,861
7282,861
128,862
198,862
1025,862
1122,862
1577,862
5756,862
6498,862
6955,862
7056,862
128,863
6663,863
128,864
5030,864
6061,864
6138,864
6551,864
128,865
128,866
1119,866
5317,866
6625,866
7211,866
8212,866
8508,866
128,867
2403,867
128,868
128,869
2420,869
4658,869
128,870
138,870
8608,870
128,871
6720,871
128,872
128,873
6735,873
7798,873
128,874
129,875
162,875
560,875
1657,875
3668,875
5324,875
6018,875
6163,875
6993,875
8152,875
8153,875
8436,875
129,876
164,876
783,876
1145,876
3754,876
6843,876
8196,876
8662,876
8677,876
129,877
8488,877
129,878
576,878
669,878
963,878
1307,878
4908,878
5124,878
6567,878
6855,878
7045,878
7369,878
8456,878
129,879
7473,879
129,880
1577,880
2899,880
8246,880
129,881
3181,881
4352,881
5164,881
129,882
1034,882
129,883
4130,883
130,884
5256,884
5557,884
6031,884
7564,884
8436,884
130,885
847,885
1240,885
6164,885
7307,885
7504,885
130,886
609,886
800,886
2708,886
3870,886
4001,886
5561,886
6124,886
6623,886
6711,886
7092,886
7176,886
7214,886
7271,886
8230,886
8442,886
8519,886
8520,886
8617,886
130,887
170,887
356,887
576,887
2576,887
5562,887
6148,887
6494,887
130,888
7812,888
130,889
3239,889
3735,889
6116,889
130,890
130,891
6755,891
7857,891
130,892
130,893
131,894
1027,894
2062,894
2786,894
4115,894
7491,894
7493,894
7494,894
7495,894
7496,894
7498,894
7502,894
131,895
131,896
131,897
131,898
132,899
2629,899
6004,899
7929,899
132,900
8106,900
132,901
1016,901
1056,901
1905,901
8336,901
132,902
6444,902
6481,902
8743,902
132,903
5418,903
5659,903
6063,903
7198,903
7199,903
132,904
132,905
132,906
132,907
132,908
177,908
433,908
574,908
575,908
3100,908
5858,908
7242,908
8197,908
132,909
133,910
133,911
133,912
133,913
133,914
133,915
133,916
133,917
1341,917
5251,917
5349,917
133,918
133,919
133,920
133,921
133,922
133,923
1287,923
2990,923
133,924
134,925
2425,925
3390,925
6618,925
6926,925
134,926
813,926
1958,926
2121,926
7171,926
7516,926
134,927
1398,927
3552,927
5322,927
6950,927
8198,927
8671,927
134,928
822,928
2702,928
3211,928
134,929
3194,929
134,930
134,931
8148,931
134,932
2425,932
7929,932
8626,932
134,933
134,934
135,935
811,935
1146,935
2705,935
2898,935
5319,935
5324,935
6035,935
6148,935
6487,935
6621,935
7137,935
7632,935
7752,935
8768,935
135,936
792,936
7715,936
8197,936
135,937
1367,937
135,938
7854,938
8455,938
135,939
7756,939
8149,939
135,940
140,940
1855,940
6337,940
6338,940
135,941
331,941
1695,941
3236,941
5849,941
8334,941
8490,941
135,942
326,942
135,943
6136,943
7621,943
7715,943
8253,943
135,944
183,944
929,944
1453,944
7715,944
135,945
835,945
136,946
487,946
2208,946
4677,946
4678,946
7880,946
7881,946
7882,946
7883,946
7884,946
8077,946
136,947
1014,947
1699,947
3473,947
7275,947
8450,947
136,948
301,948
8536,948
136,949
136,950
136,951
7958,951
136,952
6960,952
136,953
1459,953
2044,953
3512,953
136,954
136,955
136,956
569,956
137,957
2861,957
4096,957
4321,957
8004,957
8357,957
8527,957
137,958
286,958
446,958
817,958
1561,958
2707,958
5312,958
7812,958
7970,958
8449,958
137,959
172,959
954,959
1448,959
3802,959
5649,959
137,960
1699,960
2597,960
6885,960
137,961
342,961
565,961
1053,961
6638,961
8527,961
137,962
162,962
584,962
6060,962
7751,962
8345,962
8669,962
137,963
351,963
717,963
3826,963
6142,963
6736,963
8197,963
137,964
328,964
1486,964
2861,964
7071,964
8273,964
138,965
138,966
138,967
138,968
2908,968
2932,968
4624,968
5168,968
5941,968
138,969
333,969
138,970
138,971
138,972
138,973
138,974
7049,974
138,975
7682,975
138,976
138,977
5842,977
6471,977
7192,977
8652,977
139,978
619,978
2678,978
5204,978
6511,978
6944,978
7152,978
139,979
157,979
965,979
1596,979
2121,979
4876,979
4902,979
6475,979
8732,979
139,980
631,980
932,980
6665,980
7902,980
8088,980
8362,980
8495,980
8642,980
139,981
5691,981
139,982
139,983
139,984
139,985
7767,985
139,986
337,986
1276,986
1715,986
4364,986
6370,986
6936,986
140,987
167,987
140,988
7959,988
140,989
6062,989
140,990
7752,990
140,991
140,992
7214,992
7959,992
8068,992
140,993
3296,993
6165,993
7518,993
7896,993
8526,993
8791,993
140,994
140,995
686,995
4822,995
6487,995
8240,995
140,996
333,996
336,996
393,996
1301,996
1487,996
2297,996
3894,996
3946,996
5204,996
5961,996
6245,996
6328,996
6511,996
7114,996
7563,996
7715,996
7803,996
7913,996
8361,996
8446,996
8642,996
8767,996
8768,996
140,997
347,997
2681,997
2898,997
5547,997
140,998
145,998
146,998
183,998
5262,998
6061,998
6212,998
6213,998
6344,998
6584,998
7412,998
7670,998
141,999
276,999
2466,999
3642,999
4125,999
5540,999
141,1000
7801,1000
141,1001
1997,1001
141,1002
141,1003
141,1004
141,1005
142,1006
175,1006
355,1006
438,1006
495,1006
953,1006
1104,1006
1660,1006
5993,1006
6089,1006
6267,1006
6760,1006
7404,1006
7729,1006
7803,1006
7986,1006
8465,1006
142,1007
448,1007
449,1007
450,1007
451,1007
452,1007
1715,1007
7483,1007
142,1008
6944,1008
7193,1008
142,1009
1308,1009
1514,1009
142,1010
2284,1010
142,1011
6916,1011
142,1012
142,1013
143,1014
800,1014
1769,1014
2045,1014
3765,1014
7691,1014
143,1015
361,1015
549,1015
7963,1015
143,1016
6187,1016
8458,1016
143,1017
1499,1017
143,1018
143,1019
143,1020
143,1021
143,1022
143,1023
143,1024
144,1025
1103,1025
1200,1025
6886,1025
144,1026
5126,1026
6340,1026
7157,1026
7585,1026
144,1027
1014,1027
2315,1027
3552,1027
5761,1027
6022,1027
7137,1027
8004,1027
144,1028
719,1028
943,1028
1257,1028
1365,1028
144,1029
1586,1029
6124,1029
7214,1029
7606,1029
7609,1029
7615,1029
7616,1029
7866,1029
144,1030
8581,1030
144,1031
465,1031
1702,1031
3870,1031
6326,1031
7150,1031
8499,1031
145,1032
146,1032
147,1032
145,1033
146,1033
147,1033
145,1034
145,1035
146,1035
147,1035
145,1036
145,1037
146,1037
145,1038
146,1038
145,1039
146,1039
145,1040
145,1041
145,1042
145,1043
146,1044
146,1045
7399,1045
146,1046
361,1046
3958,1046
6910,1046
7370,1046
8102,1046
147,1047
147,1048
147,1049
147,1050
360,1050
2583,1050
6448,1050
7016,1050
7639,1050
7640,1050
147,1051
8467,1051
147,1052
703,1052
5905,1052
7114,1052
7485,1052
147,1053
149,1054
2088,1054
2382,1054
149,1055
2919,1055
149,1056
149,1057
149,1058
555,1058
149,1059
3112,1059
149,1060
149,1061
150,1062
171,1062
150,1063
7016,1063
150,1064
150,1065
8010,1065
150,1066
150,1067
150,1068
150,1069
150,1070
7114,1070
7317,1070
150,1071
150,1072
6062,1072
150,1073
151,1074
2233,1074
2799,1074
3726,1074
7962,1074
151,1075
333,1075
567,1075
2576,1075
7913,1075
151,1076
799,1076
1455,1076
2233,1076
4975,1076
151,1077
349,1077
594,1077
7114,1077
8379,1077
151,1078
6158,1078
6777,1078
151,1079
8339,1079
151,1080
315,1080
8260,1080
151,1081
151,1082
5557,1082
151,1083
8018,1083
151,1084
151,1085
3609,1085
151,1086
867,1086
151,1087
151,1088
171,1088
911,1088
1054,1088
151,1089
8475,1089
152,1090
2785,1090
7968,1090
8336,1090
152,1091
1051,1091
152,1092
3650,1092
152,1093
152,1094
160,1094
1335,1094
4149,1094
4342,1094
4349,1094
4471,1094
7346,1094
7372,1094
152,1095
3649,1095
4349,1095
152,1096
4346,1096
7641,1096
152,1097
7795,1097
153,1098
153,1099
153,1100
153,1101
153,1102
6995,1102
154,1103
154,1104
4224,1104
5429,1104
154,1105
5429,1105
8796,1105
154,1106
1171,1106
5429,1106
7030,1106
7690,1106
154,1107
325,1107
1171,1107
2216,1107
4056,1107
8597,1107
155,1108
581,1108
844,1108
2137,1108
2254,1108
2775,1108
3089,1108
3774,1108
155,1109
454,1109
1909,1109
2587,1109
3667,1109
6828,1109
8278,1109
155,1110
3742,1110
155,1111
779,1111
1092,1111
2321,1111
2450,1111
2463,1111
2946,1111
2959,1111
3089,1111
3337,1111
3341,1111
3342,1111
3724,1111
3785,1111
4983,1111
5655,1111
155,1112
2181,1112
2775,1112
155,1113
2427,1113
3959,1113
155,1114
3340,1114
3871,1114
5754,1114
7765,1114
155,1115
632,1115
701,1115
2800,1115
3356,1115
3697,1115
4244,1115
6849,1115
155,1116
1258,1116
155,1117
377,1117
1483,1117
2463,1117
2587,1117
3337,1117
3664,1117
3724,1117
3959,1117
5170,1117
5835,1117
155,1118
1187,1118
2063,1118
2400,1118
3666,1118
4209,1118
4770,1118
5078,1118
5097,1118
5750,1118
6849,1118
6851,1118
155,1119
640,1119
804,1119
2068,1119
155,1120
429,1120
779,1120
1041,1120
2063,1120
2789,1120
3089,1120
3104,1120
3337,1120
3664,1120
4064,1120
4280,1120
4470,1120
4817,1120
4989,1120
5749,1120
156,1121
156,1122
5959,1122
156,1123
1365,1123
8083,1123
8267,1123
156,1124
5942,1124
8160,1124
8161,1124
156,1125
156,1126
7527,1126
8267,1126
8431,1126
156,1127
156,1128
156,1129
156,1130
157,1131
157,1132
2364,1132
4520,1132
5955,1132
6206,1132
6426,1132
7578,1132
8769,1132
157,1133
1538,1133
1999,1133
5571,1133
7753,1133
8662,1133
157,1134
157,1135
8433,1135
157,1136
157,1137
553,1137
157,1138
1855,1138
157,1139
157,1140
157,1141
157,1142
158,1143
158,1144
158,1145
805,1145
3183,1145
158,1146
5288,1146
158,1147
158,1148
4058,1148
158,1149
158,1150
442,1150
480,1150
551,1150
2100,1150
6383,1150
6384,1150
159,1151
1617,1151
159,1152
376,1152
3556,1152
159,1153
164,1153
1454,1153
1880,1153
2080,1153
6641,1153
159,1154
3763,1154
6253,1154
6928,1154
6929,1154
8066,1154
8129,1154
159,1155
360,1155
5262,1155
159,1156
6063,1156
159,1157
159,1158
159,1159
159,1160
160,1161
4149,1161
4335,1161
4339,1161
7346,1161
160,1162
7053,1162
7346,1162
160,1163
160,1164
160,1165
4349,1165
7346,1165
160,1166
7346,1166
160,1167
7346,1167
160,1168
7346,1168
7372,1168
160,1169
7346,1169
161,1170
3239,1170
7126,1170
161,1171
161,1172
161,1173
161,1174
5901,1174
161,1175
161,1176
161,1177
162,1178
6165,1178
6189,1178
8056,1178
8230,1178
8273,1178
162,1179
6000,1179
6136,1179
6855,1179
8188,1179
162,1180
229,1180
819,1180
1264,1180
2331,1180
6563,1180
6610,1180
6867,1180
7045,1180
7636,1180
7855,1180
8310,1180
8565,1180
8604,1180
162,1181
831,1181
2208,1181
2261,1181
6930,1181
8474,1181
162,1182
936,1182
1464,1182
1754,1182
2657,1182
3063,1182
4066,1182
4852,1182
6993,1182
162,1183
1102,1183
5949,1183
7045,1183
7987,1183
7988,1183
8044,1183
8302,1183
162,1184
596,1184
8111,1184
8188,1184
162,1185
6620,1185
162,1186
162,1187
341,1187
5949,1187
6377,1187
163,1188
1198,1188
1518,1188
1519,1188
2394,1188
5345,1188
6201,1188
6326,1188
163,1189
5888,1189
5960,1189
8191,1189
8752,1189
163,1190
495,1190
583,1190
6880,1190
8752,1190
163,1191
1301,1191
1865,1191
3803,1191
4043,1191
6326,1191
8191,1191
163,1192
1865,1192
2331,1192
4511,1192
163,1193
351,1193
607,1193
609,1193
1702,1193
2635,1193
3410,1193
3606,1193
5127,1193
6271,1193
8068,1193
163,1194
163,1195
5512,1195
6317,1195
6754,1195
163,1196
163,1197
164,1198
361,1198
584,1198
2995,1198
7205,1198
7670,1198
8175,1198
164,1199
164,1200
2713,1200
4846,1200
6958,1200
7014,1200
8264,1200
8366,1200
164,1201
598,1201
936,1201
1894,1201
2583,1201
5139,1201
5489,1201
5607,1201
5614,1201
7580,1201
164,1202
2563,1202
3894,1202
5204,1202
6610,1202
6634,1202
6799,1202
7050,1202
7198,1202
7199,1202
8765,1202
164,1203
7956,1203
8704,1203
164,1204
824,1204
1157,1204
2250,1204
2928,1204
3248,1204
3443,1204
4493,1204
6040,1204
6843,1204
8285,1204
8326,1204
8690,1204
164,1205
810,1205
6272,1205
6844,1205
7956,1205
164,1206
598,1206
2940,1206
3584,1206
4534,1206
5102,1206
5346,1206
5686,1206
5901,1206
6050,1206
6711,1206
7009,1206
7014,1206
7056,1206
7299,1206
8131,1206
8394,1206
165,1207
810,1207
936,1207
1257,1207
1794,1207
1894,1207
2583,1207
2593,1207
4291,1207
5228,1207
8732,1207
165,1208
2004,1208
2080,1208
3017,1208
7621,1208
165,1209
342,1209
350,1209
356,1209
560,1209
565,1209
2204,1209
6337,1209
7238,1209
7890,1209
7965,1209
8011,1209
165,1210
3750,1210
3960,1210
5346,1210
5454,1210
5614,1210
5901,1210
7032,1210
7621,1210
8066,1210
165,1211
1454,1211
165,1212
2080,1212
4364,1212
5862,1212
6338,1212
7722,1212
7723,1212
165,1213
6219,1213
7003,1213
165,1214
172,1214
933,1214
3635,1214
6189,1214
6768,1214
7045,1214
7316,1214
7516,1214
8101,1214
165,1215
6984,1215
7283,1215
8270,1215
8378,1215
165,1216
7855,1216
165,1217
2866,1217
3296,1217
3552,1217
4541,1217
4547,1217
7056,1217
165,1218
165,1219
165,1220
335,1220
6118,1220
165,1221
4386,1221
8218,1221
8357,1221
166,1222
3577,1222
3833,1222
166,1223
2345,1223
5771,1223
6220,1223
7578,1223
166,1224
2709,1224
5606,1224
6220,1224
6408,1224
166,1225
166,1226
1215,1226
1262,1226
7143,1226
166,1227
166,1228
166,1229
166,1230
167,1231
580,1231
703,1231
2315,1231
3182,1231
3228,1231
6881,1231
7114,1231
7432,1231
7821,1231
7869,1231
8499,1231
167,1232
461,1232
8111,1232
167,1233
790,1233
167,1234
1664,1234
2116,1234
6147,1234
167,1235
8250,1235
167,1236
7880,1236
7881,1236
7882,1236
7883,1236
7884,1236
8225,1236
167,1237
3182,1237
3228,1237
6881,1237
7821,1237
167,1238
336,1238
1016,1238
6344,1238
167,1239
168,1240
830,1240
864,1240
1627,1240
1861,1240
2719,1240
4772,1240
5060,1240
8363,1240
168,1241
183,1241
889,1241
897,1241
2908,1241
2962,1241
3082,1241
3373,1241
3716,1241
3958,1241
5262,1241
5879,1241
6089,1241
7150,1241
7366,1241
8731,1241
168,1242
293,1242
4541,1242
5488,1242
7670,1242
168,1243
328,1243
567,1243
1470,1243
1511,1243
1925,1243
5959,1243
6448,1243
168,1244
7127,1244
168,1245
3032,1245
7670,1245
168,1246
400,1246
461,1246
4374,1246
4761,1246
4874,1246
5139,1246
5737,1246
6355,1246
168,1247
2642,1247
2903,1247
6187,1247
168,1248
168,1249
5868,1249
169,1250
637,1250
682,1250
943,1250
5960,1250
6172,1250
6712,1250
6918,1250
7959,1250
7965,1250
8081,1250
8159,1250
8415,1250
8416,1250
8417,1250
8508,1250
169,1251
5346,1251
5901,1251
6796,1251
169,1252
2174,1252
169,1253
1102,1253
5119,1253
5694,1253
6114,1253
7563,1253
169,1254
4846,1254
8190,1254
169,1255
169,1256
334,1256
170,1257
947,1257
1652,1257
3894,1257
4370,1257
5204,1257
5932,1257
6720,1257
7461,1257
8196,1257
170,1258
2408,1258
4529,1258
5471,1258
170,1259
943,1259
2204,1259
5060,1259
8453,1259
170,1260
1899,1260
170,1261
593,1261
639,1261
3658,1261
6251,1261
6345,1261
6504,1261
7902,1261
8240,1261
8342,1261
170,1262
2057,1262
7752,1262
170,1263
4838,1263
7263,1263
7964,1263
171,1264
171,1265
171,1266
171,1267
4859,1267
171,1268
171,1269
1249,1269
6840,1269
171,1270
6927,1270
171,1271
171,1272
171,1273
171,1274
171,1275
171,1276
1455,1276
7311,1276
171,1277
171,1278
171,1279
1455,1279
171,1280
171,1281
171,1282
171,1283
1106,1283
1621,1283
1901,1283
2134,1283
8731,1283
171,1284
171,1285
1249,1285
171,1286
1054,1286
171,1287
171,1288
171,1289
171,1290
1054,1290
3476,1290
171,1291
497,1291
931,1291
2906,1291
3102,1291
3920,1291
171,1292
171,1293
171,1294
171,1295
171,1296
172,1297
944,1297
947,1297
2011,1297
2122,1297
8549,1297
172,1298
6791,1298
7565,1298
8474,1298
172,1299
830,1299
4493,1299
6495,1299
8595,1299
173,1300
574,1300
575,1300
1257,1300
3692,1300
5085,1300
5858,1300
6884,1300
7242,1300
7440,1300
7554,1300
8264,1300
173,1301
2204,1301
3274,1301
3297,1301
3946,1301
4219,1301
6187,1301
6467,1301
6993,1301
7547,1301
7904,1301
8289,1301
8452,1301
173,1302
8264,1302
173,1303
447,1303
4939,1303
5176,1303
5469,1303
5614,1303
7827,1303
173,1304
6098,1304
173,1305
173,1306
173,1307
173,1308
1333,1308
2799,1308
173,1309
173,1310
173,1311
173,1312
173,1313
174,1314
175,1315
8229,1315
8416,1315
8417,1315
175,1316
3870,1316
6089,1316
8227,1316
8398,1316
8617,1316
175,1317
175,1318
952,1318
8018,1318
175,1319
792,1319
175,1320
175,1321
175,1322
175,1323
175,1324
175,1325
176,1326
3324,1326
5614,1326
176,1327
176,1328
176,1329
176,1330
176,1331
176,1332
7221,1332
176,1333
177,1334
180,1334
181,1334
1451,1334
2903,1334
3373,1334
4291,1334
6062,1334
6551,1334
6666,1334
7058,1334
7517,1334
177,1335
177,1336
612,1336
1596,1336
2992,1336
6885,1336
8070,1336
177,1337
177,1338
8622,1338
177,1339
177,1340
177,1341
177,1342
178,1343
178,1344
178,1345
178,1346
178,1347
178,1348
178,1349
178,1350
178,1351
6474,1351
178,1352
7531,1352
7715,1352
179,1353
347,1353
1397,1353
2455,1353
2563,1353
4386,1353
5418,1353
6625,1353
6665,1353
6880,1353
7457,1353
7812,1353
8068,1353
8073,1353
8180,1353
8334,1353
8345,1353
8396,1353
8506,1353
179,1354
347,1354
574,1354
575,1354
957,1354
2455,1354
2642,1354
3022,1354
3386,1354
3692,1354
4066,1354
4479,1354
4719,1354
4939,1354
5858,1354
6020,1354
7242,1354
8127,1354
8336,1354
179,1355
4752,1355
6504,1355
179,1356
1301,1356
5312,1356
5614,1356
6172,1356
6617,1356
8100,1356
179,1357
6701,1357
179,1358
1812,1358
2139,1358
5038,1358
179,1359
6535,1359
179,1360
180,1361
936,1361
1894,1361
2583,1361
2708,1361
3478,1361
4291,1361
7962,1361
8416,1361
8417,1361
180,1362
180,1363
181,1363
583,1363
7004,1363
180,1364
1315,1364
3560,1364
5101,1364
5262,1364
5563,1364
6344,1364
180,1365
181,1365
180,1366
180,1367
181,1367
7717,1367
181,1368
6777,1368
181,1369
1580,1369
7467,1369
7884,1369
8788,1369
181,1370
181,1371
181,1372
181,1373
594,1373
678,1373
1888,1373
5537,1373
7211,1373
183,1374
183,1375
3100,1375
6280,1375
183,1376
1923,1376
183,1377
360,1377
741,1377
936,1377
1894,1377
2583,1377
3184,1377
5262,1377
5794,1377
6040,1377
6512,1377
183,1378
4774,1378
6344,1378
7058,1378
7209,1378
183,1379
598,1379
953,1379
6434,1379
6838,1379
183,1380
5542,1380
5795,1380
5814,1380
6340,1380
8366,1380
8638,1380
184,1381
351,1381
800,1381
820,1381
6889,1381
184,1382
328,1382
1407,1382
1585,1382
1763,1382
2460,1382
3191,1382
3864,1382
4147,1382
4269,1382
4997,1382
7896,1382
184,1383
4147,1383
7586,1383
8794,1383
184,1384
923,1384
1702,1384
2581,1384
3870,1384
6200,1384
6914,1384
8452,1384
184,1385
184,1386
793,1386
6796,1386
7794,1386
8188,1386
184,1387
1331,1387
2022,1387
6480,1387
6803,1387
184,1388
184,1389
185,1390
4228,1390
187,1391
187,1392
1584,1392
1662,1392
1835,1392
187,1393
8118,1393
187,1394
187,1395
2666,1395
187,1396
1286,1396
1584,1396
3361,1396
4133,1396
187,1397
3446,1397
187,1398
1529,1398
187,1399
187,1400
188,1401
1042,1401
1092,1401
1258,1401
2427,1401
2646,1401
2775,1401
3020,1401
3959,1401
4271,1401
4275,1401
5093,1401
5564,1401
7156,1401
189,1402
2070,1402
2359,1402
189,1403
374,1403
2070,1403
189,1404
2138,1404
4666,1404
5028,1404
5650,1404
189,1405
1815,1405
6793,1405
6885,1405
7623,1405
7668,1405
7936,1405
8117,1405
189,1406
189,1407
189,1408
1330,1408
5104,1408
189,1409
735,1409
1422,1409
2563,1409
3731,1409
6880,1409
190,1410
3200,1410
190,1411
1463,1411
2216,1411
4056,1411
190,1412
190,1413
190,1414
191,1415
1294,1415
2194,1415
191,1416
191,1417
192,1418
2563,1418
4292,1418
6201,1418
7913,1418
192,1419
4922,1419
6201,1419
192,1420
391,1420
3236,1420
4179,1420
4496,1420
8140,1420
8704,1420
8758,1420
192,1421
6957,1421
192,1422
192,1423
702,1423
1252,1423
1545,1423
4620,1423
5160,1423
5793,1423
192,1424
192,1425
3926,1425
192,1426
8352,1426
192,1427
5880,1427
192,1428
8290,1428
192,1429
272,1429
3326,1429
3526,1429
5306,1429
192,1430
637,1430
1718,1430
192,1431
3222,1431
192,1432
1252,1432
1301,1432
7480,1432
193,1433
1677,1433
1863,1433
2269,1433
2282,1433
2716,1433
5009,1433
5081,1433
5131,1433
5132,1433
5305,1433
5409,1433
7361,1433
193,1434
202,1434
203,1434
204,1434
205,1434
216,1434
217,1434
218,1434
1941,1434
6871,1434
7080,1434
193,1435
203,1435
205,1435
206,1435
703,1435
1862,1435
2271,1435
2290,1435
2340,1435
2341,1435
2565,1435
2725,1435
2726,1435
2735,1435
2958,1435
3137,1435
4467,1435
4613,1435
4680,1435
4695,1435
4733,1435
4861,1435
4956,1435
5010,1435
5119,1435
5461,1435
5500,1435
6035,1435
6064,1435
6450,1435
6913,1435
6937,1435
7110,1435
7145,1435
7184,1435
7187,1435
7248,1435
7381,1435
8125,1435
8146,1435
8505,1435
8770,1435
8773,1435
193,1436
914,1436
1866,1436
2545,1436
4430,1436
4584,1436
4949,1436
4956,1436
5010,1436
6177,1436
6297,1436
6299,1436
6523,1436
6568,1436
7387,1436
7525,1436
8770,1436
193,1437
1946,1437
3140,1437
6077,1437
7239,1437
8684,1437
193,1438
4956,1438
6695,1438
7513,1438
7743,1438
8682,1438
193,1439
519,1439
1424,1439
1939,1439
1976,1439
2340,1439
3730,1439
4336,1439
4729,1439
5215,1439
5617,1439
6160,1439
6177,1439
8024,1439
8696,1439
8799,1439
194,1440
3309,1440
3674,1440
4849,1440
194,1441
399,1441
194,1442
3614,1442
8468,1442
194,1443
3691,1443
195,1444
195,1445
195,1446
195,1447
4679,1447
195,1448
195,1449
2600,1449
6673,1449
6674,1449
195,1450
195,1451
195,1452
195,1453
196,1454
216,1454
384,1454
1562,1454
2726,1454
2748,1454
2917,1454
3918,1454
4661,1454
4791,1454
6441,1454
6605,1454
6937,1454
7184,1454
7745,1454
196,1455
2277,1455
2731,1455
3134,1455
3146,1455
4442,1455
4458,1455
4614,1455
4732,1455
4955,1455
6611,1455
196,1456
1947,1456
196,1457
6605,1457
7720,1457
196,1458
196,1459
5482,1459
6300,1459
6589,1459
6670,1459
7021,1459
7170,1459
7420,1459
196,1460
542,1460
1866,1460
2340,1460
2341,1460
2727,1460
3033,1460
4600,1460
4949,1460
5009,1460
6299,1460
6301,1460
7024,1460
7213,1460
7838,1460
8612,1460
196,1461
552,1461
2127,1461
5015,1461
196,1462
196,1463
1020,1463
1946,1463
2717,1463
4510,1463
4574,1463
4581,1463
6203,1463
6845,1463
7394,1463
7802,1463
7828,1463
8629,1463
8799,1463
197,1464
197,1465
1449,1465
3763,1465
197,1466
2053,1466
197,1467
1882,1467
7815,1467
197,1468
514,1468
197,1469
1307,1469
3147,1469
6081,1469
6582,1469
197,1470
197,1471
7951,1471
197,1472
197,1473
198,1474
1025,1474
198,1475
1025,1475
198,1476
1025,1476
1794,1476
2423,1476
3158,1476
3343,1476
198,1477
1025,1477
3317,1477
3325,1477
4870,1477
198,1478
1025,1478
3018,1478
4719,1478
5201,1478
7891,1478
198,1479
475,1479
1025,1479
1688,1479
2788,1479
3828,1479
4592,1479
4846,1479
4875,1479
6182,1479
6373,1479
8102,1479
8326,1479
8363,1479
198,1480
1025,1480
3921,1480
198,1481
1025,1481
4961,1481
198,1482
5369,1482
198,1483
198,1484
198,1485
1025,1485
6744,1485
199,1486
481,1486
555,1486
959,1486
995,1486
199,1487
199,1488
199,1489
299,1489
430,1489
757,1489
2885,1489
3152,1489
6748,1489
7739,1489
199,1490
199,1491
2253,1491
2608,1491
3155,1491
3412,1491
199,1492
1087,1492
2149,1492
2240,1492
199,1493
1002,1493
200,1494
204,1494
1306,1494
6568,1494
6892,1494
200,1495
201,1495
202,1495
200,1496
4599,1496
6513,1496
7533,1496
200,1497
200,1498
200,1499
200,1500
7703,1500
200,1501
1473,1501
1684,1501
2291,1501
3499,1501
4456,1501
201,1502
1019,1502
4579,1502
4730,1502
6568,1502
7387,1502
201,1503
203,1503
3134,1503
4724,1503
6568,1503
7387,1503
201,1504
2283,1504
7250,1504
8048,1504
8771,1504
201,1505
202,1505
3202,1505
4801,1505
6871,1505
201,1506
201,1507
6177,1507
8009,1507
201,1508
1020,1508
2717,1508
3143,1508
4432,1508
4589,1508
5963,1508
7831,1508
8005,1508
202,1509
2730,1509
5022,1509
7080,1509
7591,1509
202,1510
202,1511
2271,1511
2722,1511
2734,1511
2897,1511
3144,1511
4359,1511
4434,1511
4798,1511
6131,1511
6351,1511
6450,1511
7713,1511
202,1512
5131,1512
202,1513
202,1514
5131,1514
203,1515
205,1515
1424,1515
3127,1515
3659,1515
4736,1515
6605,1515
6892,1515
203,1516
216,1516
1976,1516
2545,1516
2748,1516
4430,1516
4681,1516
4826,1516
7476,1516
7720,1516
203,1517
204,1518
204,1519
204,1520
1442,1520
2546,1520
2986,1520
4430,1520
4794,1520
4957,1520
5305,1520
6297,1520
6301,1520
6441,1520
6937,1520
7145,1520
7945,1520
204,1521
1796,1521
2127,1521
2283,1521
3714,1521
4729,1521
6074,1521
204,1522
2721,1522
4113,1522
6871,1522
7184,1522
7737,1522
204,1523
7874,1523
204,1524
204,1525
205,1526
205,1527
5184,1527
8773,1527
205,1528
3164,1528
4602,1528
205,1529
3137,1529
4677,1529
4678,1529
6166,1529
8807,1529
205,1530
1442,1530
4433,1530
6913,1530
6937,1530
205,1531
4728,1531
7100,1531
7873,1531
206,1532
4794,1532
6297,1532
6937,1532
206,1533
4724,1533
4953,1533
6290,1533
7387,1533
206,1534
7145,1534
206,1535
4510,1535
5652,1535
6913,1535
6937,1535
7266,1535
7703,1535
8673,1535
206,1536
3143,1536
206,1537
2723,1537
2917,1537
2958,1537
2970,1537
4428,1537
4801,1537
5448,1537
6852,1537
7023,1537
7388,1537
7825,1537
7997,1537
207,1538
1024,1538
2287,1538
7806,1538
207,1539
4466,1539
5838,1539
207,1540
3078,1540
6994,1540
207,1541
211,1541
1088,1541
1389,1541
1713,1541
2288,1541
2289,1541
2986,1541
3033,1541
3769,1541
3951,1541
4446,1541
4691,1541
6473,1541
207,1542
207,1543
3037,1543
4003,1543
4466,1543
5779,1543
7103,1543
207,1544
4583,1544
8684,1544
208,1545
216,1545
2730,1545
4581,1545
5022,1545
6523,1545
6568,1545
6655,1545
6892,1545
7250,1545
208,1546
3918,1546
4953,1546
8172,1546
208,1547
2273,1547
7734,1547
208,1548
302,1548
208,1549
216,1549
208,1550
216,1550
1306,1550
1866,1550
1947,1550
4430,1550
4737,1550
4801,1550
4953,1550
6321,1550
7250,1550
208,1551
2286,1551
209,1552
1423,1552
1427,1552
1680,1552
1867,1552
1941,1552
2273,1552
2730,1552
4443,1552
4458,1552
4723,1552
4732,1552
5022,1552
5215,1552
6300,1552
6523,1552
6589,1552
6871,1552
7080,1552
7381,1552
8172,1552
209,1553
218,1553
2748,1553
2897,1553
3482,1553
4439,1553
4457,1553
5215,1553
6203,1553
7996,1553
209,1554
2288,1554
2291,1554
2748,1554
3137,1554
4449,1554
4450,1554
4722,1554
5470,1554
209,1555
3146,1555
6203,1555
209,1556
2268,1556
2626,1556
2748,1556
4442,1556
4727,1556
6518,1556
7138,1556
7260,1556
209,1557
209,1558
4446,1558
4466,1558
8763,1558
209,1559
519,1559
1972,1559
5500,1559
6695,1559
7914,1559
7941,1559
210,1560
1306,1560
1866,1560
1947,1560
2269,1560
2274,1560
2282,1560
2290,1560
2545,1560
2717,1560
3495,1560
4680,1560
4694,1560
4695,1560
4729,1560
4734,1560
4737,1560
4798,1560
6108,1560
6290,1560
6297,1560
6299,1560
7024,1560
7080,1560
7110,1560
7525,1560
7713,1560
7911,1560
8162,1560
8505,1560
210,1561
1017,1561
1019,1561
1676,1561
2725,1561
4449,1561
4566,1561
4728,1561
210,1562
4729,1562
4731,1562
4734,1562
4946,1562
5588,1562
210,1563
2723,1563
2970,1563
5501,1563
6441,1563
6913,1563
7023,1563
210,1564
4579,1564
210,1565
1389,1565
2282,1565
3164,1565
3805,1565
4258,1565
4443,1565
6073,1565
6103,1565
6734,1565
7451,1565
7838,1565
7903,1565
210,1566
384,1566
3234,1566
4693,1566
7036,1566
210,1567
865,1567
4428,1567
210,1568
217,1568
4693,1568
4729,1568
4796,1568
7996,1568
210,1569
1675,1569
211,1570
212,1570
4613,1570
211,1571
211,1572
211,1573
211,1574
211,1575
212,1576
5215,1576
5473,1576
5507,1576
6278,1576
7393,1576
7666,1576
212,1577
212,1578
4439,1578
7119,1578
7187,1578
7239,1578
8770,1578
212,1579
3140,1579
6166,1579
6578,1579
8048,1579
212,1580
2290,1580
3900,1580
4109,1580
4442,1580
4465,1580
4562,1580
4589,1580
5962,1580
6974,1580
7995,1580
212,1581
4566,1581
212,1582
213,1583
3453,1583
6923,1583
7209,1583
8310,1583
213,1584
6100,1584
6985,1584
213,1585
1797,1585
213,1586
4353,1586
213,1587
1176,1587
7111,1587
213,1588
516,1588
5075,1588
6052,1588
7275,1588
213,1589
213,1590
213,1591
2531,1591
213,1592
213,1593
6188,1593
213,1594
213,1595
5861,1595
6895,1595
214,1596
214,1597
214,1598
214,1599
214,1600
214,1601
214,1602
214,1603
214,1604
214,1605
214,1606
214,1607
214,1608
215,1609
1378,1609
6054,1609
215,1610
527,1610
215,1611
4320,1611
6187,1611
6326,1611
7079,1611
8083,1611
8185,1611
215,1612
2980,1612
3552,1612
3775,1612
6172,1612
215,1613
1765,1613
4263,1613
4964,1613
6577,1613
6880,1613
8336,1613
215,1614
7202,1614
215,1615
1809,1615
215,1616
1420,1616
7167,1616
8662,1616
215,1617
215,1618
215,1619
524,1619
2045,1619
215,1620
5470,1620
5491,1620
215,1621
216,1622
384,1622
1142,1622
1681,1622
2266,1622
2268,1622
2716,1622
2724,1622
2731,1622
2732,1622
3143,1622
3617,1622
4458,1622
4956,1622
5630,1622
6074,1622
6131,1622
6360,1622
6486,1622
6961,1622
7161,1622
7190,1622
7250,1622
7381,1622
7558,1622
7945,1622
8157,1622
8333,1622
216,1623
1019,1623
1442,1623
4579,1623
4722,1623
5719,1623
6297,1623
7213,1623
216,1624
1424,1624
1713,1624
2286,1624
2721,1624
2731,1624
3137,1624
4562,1624
5009,1624
5022,1624
5618,1624
7903,1624
7997,1624
216,1625
3912,1625
7159,1625
216,1626
1001,1626
4508,1626
216,1627
2722,1627
3617,1627
4713,1627
6036,1627
7166,1627
217,1628
460,1628
5762,1628
6265,1628
217,1629
2283,1629
217,1630
4210,1630
217,1631
822,1631
1864,1631
2187,1631
3590,1631
4003,1631
4198,1631
4288,1631
4686,1631
4694,1631
4826,1631
5838,1631
7036,1631
7163,1631
8640,1631
217,1632
1023,1632
3659,1632
217,1633
217,1634
218,1635
1116,1635
1473,1635
1681,1635
1943,1635
3714,1635
4439,1635
4454,1635
4580,1635
5009,1635
6299,1635
7381,1635
218,1636
975,1636
1022,1636
1940,1636
1943,1636
2021,1636
2272,1636
2280,1636
3150,1636
3279,1636
4584,1636
4720,1636
4732,1636
4861,1636
4953,1636
5132,1636
5482,1636
5483,1636
5500,1636
6008,1636
6064,1636
6233,1636
6256,1636
6695,1636
6994,1636
7095,1636
7138,1636
7172,1636
7394,1636
7420,1636
8629,1636
8689,1636
218,1637
638,1637
1977,1637
2205,1637
2290,1637
2565,1637
2757,1637
4439,1637
4454,1637
4583,1637
4599,1637
5218,1637
6203,1637
6204,1637
6513,1637
6565,1637
7185,1637
7846,1637
218,1638
218,1639
7024,1639
220,1640
2463,1640
2775,1640
3341,1640
4390,1640
5170,1640
220,1641
2137,1641
2176,1641
2399,1641
2775,1641
3281,1641
3827,1641
4989,1641
5655,1641
7156,1641
220,1642
640,1642
2181,1642
2599,1642
2966,1642
3171,1642
3667,1642
4629,1642
4817,1642
5096,1642
5097,1642
6732,1642
220,1643
640,1643
220,1644
1386,1644
3589,1644
220,1645
1045,1645
220,1646
772,1646
2181,1646
2365,1646
3666,1646
3737,1646
3871,1646
4275,1646
5232,1646
6732,1646
6828,1646
7218,1646
220,1647
1092,1647
1386,1647
2699,1647
3220,1647
5655,1647
221,1648
2074,1648
2145,1648
3162,1648
221,1649
2145,1649
3162,1649
221,1650
3162,1650
221,1651
1495,1651
3162,1651
221,1652
3162,1652
221,1653
3162,1653
221,1654
3162,1654
6280,1654
6377,1654
222,1655
6348,1655
6470,1655
223,1656
4386,1656
7866,1656
8427,1656
223,1657
223,1658
7404,1658
8619,1658
223,1659
223,1660
223,1661
3239,1661
223,1662
1882,1662
2168,1662
3780,1662
3830,1662
223,1663
7946,1663
223,1664
223,1665
223,1666
5148,1666
5416,1666
223,1667
223,1668
1896,1668
223,1669
223,1670
226,1671
226,1672
226,1673
1347,1673
226,1674
226,1675
226,1676
226,1677
3121,1677
226,1678
226,1679
226,1680
226,1681
227,1682
1446,1682
227,1683
227,1684
227,1685
227,1686
227,1687
227,1688
227,1689
227,1690
228,1691
228,1692
228,1693
592,1693
612,1693
1136,1693
3108,1693
6777,1693
228,1694
527,1694
2905,1694
3732,1694
4908,1694
5829,1694
229,1695
1786,1695
229,1696
1237,1696
2713,1696
6671,1696
7403,1696
7810,1696
8553,1696
229,1697
1879,1697
5122,1697
8587,1697
229,1698
229,1699
560,1699
592,1699
6317,1699
6768,1699
8495,1699
8536,1699
229,1700
729,1700
6380,1700
6512,1700
229,1701
229,1702
229,1703
230,1704
230,1705
230,1706
230,1707
1016,1707
232,1708
682,1708
1325,1708
1500,1708
1538,1708
5048,1708
5547,1708
6047,1708
7309,1708
8342,1708
232,1709
487,1709
592,1709
836,1709
1453,1709
2681,1709
3904,1709
4496,1709
4822,1709
5322,1709
7238,1709
7444,1709
8237,1709
8595,1709
232,1710
4122,1710
232,1711
232,1712
342,1712
433,1712
1486,1712
1625,1712
2158,1712
3320,1712
3663,1712
5345,1712
5664,1712
6035,1712
7073,1712
7165,1712
7316,1712
7697,1712
7970,1712
233,1713
233,1714
237,1715
238,1715
239,1715
240,1715
2686,1715
237,1716
238,1716
239,1716
240,1716
237,1717
238,1717
239,1717
240,1717
237,1718
238,1718
239,1718
240,1718
237,1719
238,1719
239,1719
240,1719
237,1720
238,1720
239,1720
240,1720
241,1721
612,1721
623,1721
3552,1721
4774,1721
8698,1721
241,1722
1252,1722
241,1723
1169,1723
6052,1723
7452,1723
241,1724
397,1724
891,1724
1378,1724
2456,1724
7022,1724
241,1725
241,1726
473,1726
241,1727
1254,1727
1791,1727
241,1728
241,1729
242,1730
242,1731
242,1732
7149,1732
242,1733
4940,1733
242,1734
242,1735
242,1736
244,1737
2873,1737
244,1738
2972,1738
3489,1738
5910,1738
6707,1738
244,1739
244,1740
244,1741
626,1741
245,1742
859,1742
2444,1742
245,1743
1571,1743
2638,1743
8529,1743
245,1744
1230,1744
4031,1744
7488,1744
8241,1744
245,1745
8795,1745
245,1746
245,1747
2111,1747
2439,1747
6801,1747
6878,1747
6915,1747
7551,1747
8154,1747
245,1748
2615,1748
245,1749
860,1749
245,1750
245,1751
2419,1751
4024,1751
246,1752
1443,1752
247,1753
317,1753
3156,1753
4137,1753
6664,1753
7469,1753
247,1754
314,1754
5732,1754
247,1755
3843,1755
5289,1755
6825,1755
8568,1755
247,1756
4712,1756
8561,1756
247,1757
247,1758
4272,1758
247,1759
248,1760
1525,1760
4366,1760
5268,1760
248,1761
248,1762
3151,1762
248,1763
3109,1763
8373,1763
248,1764
3151,1764
4025,1764
248,1765
248,1766
2576,1766
5695,1766
7565,1766
248,1767
248,1768
6328,1768
8497,1768
249,1769
549,1769
1802,1769
2527,1769
5450,1769
6261,1769
6306,1769
7433,1769
8583,1769
249,1770
1748,1770
2940,1770
4795,1770
4843,1770
5703,1770
5887,1770
249,1771
1084,1771
2581,1771
2926,1771
8076,1771
249,1772
5993,1772
6998,1772
249,1773
2363,1773
5126,1773
5738,1773
5756,1773
6885,1773
7263,1773
7593,1773
249,1774
249,1775
1219,1775
250,1776
250,1777
836,1777
1992,1777
3753,1777
5151,1777
5207,1777
8458,1777
250,1778
1474,1778
6214,1778
250,1779
847,1779
1082,1779
6355,1779
7815,1779
250,1780
4364,1780
250,1781
250,1782
250,1783
250,1784
3692,1784
250,1785
251,1786
251,1787
251,1788
251,1789
774,1789
4934,1789
251,1790
251,1791
251,1792
251,1793
252,1794
595,1794
2004,1794
2080,1794
4853,1794
6018,1794
6124,1794
6897,1794
7758,1794
7856,1794
8168,1794
8458,1794
252,1795
703,1795
7010,1795
8751,1795
252,1796
252,1797
1161,1797
252,1798
252,1799
252,1800
1291,1800
2862,1800
7148,1800
7396,1800
252,1801
252,1802
253,1803
253,1804
253,1805
6503,1805
253,1806
1916,1806
253,1807
253,1808
253,1809
253,1810
253,1811
253,1812
254,1813
851,1813
1945,1813
2767,1813
3499,1813
4508,1813
4826,1813
5008,1813
6177,1813
6523,1813
7036,1813
254,1814
1898,1814
4395,1814
4459,1814
4587,1814
4606,1814
4612,1814
4734,1814
254,1815
255,1816
1636,1816
1893,1816
2167,1816
2580,1816
255,1817
1636,1817
1893,1817
2167,1817
2580,1817
255,1818
1636,1818
2167,1818
255,1819
1636,1819
2167,1819
255,1820
2167,1820
255,1821
2167,1821
255,1822
255,1823
2167,1823
257,1824
257,1825
257,1826
2117,1826
2349,1826
257,1827
3215,1827
8228,1827
257,1828
2196,1828
257,1829
899,1829
2883,1829
257,1830
1186,1830
1897,1830
2253,1830
257,1831
439,1831
1195,1831
1655,1831
2235,1831
2301,1831
2326,1831
2883,1831
2886,1831
5531,1831
257,1832
257,1833
269,1833
439,1833
502,1833
508,1833
2006,1833
2124,1833
2196,1833
2253,1833
2352,1833
2608,1833
2880,1833
2886,1833
6468,1833
257,1834
1383,1834
258,1835
2083,1835
2664,1835
2761,1835
3207,1835
4887,1835
258,1836
2590,1836
4098,1836
4692,1836
258,1837
298,1837
1521,1837
1680,1837
2266,1837
3976,1837
4102,1837
4900,1837
7995,1837
8024,1837
258,1838
1778,1838
2987,1838
258,1839
3569,1839
3570,1839
3571,1839
258,1840
3569,1840
3570,1840
3571,1840
258,1841
258,1842
258,1843
259,1844
259,1845
259,1846
259,1847
259,1848
259,1849
5781,1849
259,1850
259,1851
259,1852
260,1853
260,1854
260,1855
260,1856
260,1857
260,1858
260,1859
260,1860
261,1861
337,1861
1200,1861
6135,1861
7137,1861
261,1862
3503,1862
261,1863
2139,1863
3485,1863
4130,1863
6604,1863
261,1864
1596,1864
1809,1864
5659,1864
7152,1864
7452,1864
261,1865
664,1865
916,1865
5307,1865
261,1866
261,1867
1468,1867
3126,1867
8397,1867
261,1868
2328,1868
261,1869
261,1870
262,1871
2996,1871
262,1872
4415,1872
4816,1872
8301,1872
262,1873
262,1874
262,1875
1460,1875
262,1876
262,1877
262,1878
262,1879
265,1880
350,1880
957,1880
1265,1880
1388,1880
1627,1880
5346,1880
5901,1880
6798,1880
7516,1880
8068,1880
265,1881
442,1881
480,1881
1244,1881
2719,1881
4851,1881
6580,1881
6633,1881
8221,1881
265,1882
6001,1882
265,1883
6144,1883
6338,1883
6716,1883
7521,1883
8538,1883
265,1884
1244,1884
2396,1884
2866,1884
3529,1884
4804,1884
5623,1884
5922,1884
6311,1884
265,1885
2635,1885
7697,1885
265,1886
358,1886
8555,1886
8761,1886
265,1887
4122,1887
4859,1887
5521,1887
265,1888
265,1889
265,1890
5085,1890
7987,1890
265,1891
4370,1891
4404,1891
265,1892
492,1892
2136,1892
4902,1892
266,1893
1045,1893
1187,1893
2137,1893
2176,1893
2321,1893
2775,1893
3337,1893
5564,1893
5835,1893
6828,1893
266,1894
1045,1894
1187,1894
3665,1894
4532,1894
5835,1894
266,1895
2775,1895
3089,1895
3667,1895
4271,1895
8278,1895
266,1896
454,1896
1300,1896
266,1897
1909,1897
2079,1897
2959,1897
3089,1897
3340,1897
3520,1897
4745,1897
266,1898
2959,1898
266,1899
2959,1899
268,1900
5203,1900
7396,1900
8361,1900
268,1901
1367,1901
3228,1901
5880,1901
6112,1901
7317,1901
7432,1901
7565,1901
7803,1901
8255,1901
8736,1901
268,1902
1913,1902
2329,1902
3026,1902
3453,1902
6211,1902
6712,1902
7283,1902
8270,1902
8581,1902
268,1903
3228,1903
3477,1903
5186,1903
268,1904
268,1905
268,1906
268,1907
269,1908
269,1909
630,1909
3214,1909
269,1910
269,1911
269,1912
3210,1912
269,1913
4215,1913
269,1914
269,1915
269,1916
502,1916
2148,1916
2235,1916
2919,1916
3218,1916
5964,1916
7479,1916
270,1917
270,1918
270,1919
1150,1919
270,1920
270,1921
1150,1921
270,1922
1150,1922
2877,1922
270,1923
966,1923
5854,1923
5868,1923
6421,1923
270,1924
325,1924
4224,1924
5429,1924
270,1925
270,1926
270,1927
1060,1927
4839,1927
270,1928
4839,1928
271,1929
911,1929
1342,1929
271,1930
1495,1930
3485,1930
5306,1930
271,1931
2122,1931
3126,1931
3265,1931
3552,1931
6717,1931
8057,1931
271,1932
6517,1932
271,1933
271,1934
271,1935
272,1936
4269,1936
4520,1936
272,1937
817,1937
1447,1937
1457,1937
7620,1937
8259,1937
8361,1937
272,1938
272,1939
738,1939
1950,1939
272,1940
272,1941
2765,1941
8280,1941
273,1942
3867,1942
8783,1942
273,1943
1402,1943
273,1944
1592,1944
2250,1944
2928,1944
3443,1944
3655,1944
4874,1944
273,1945
4637,1945
273,1946
2119,1946
6823,1946
273,1947
2209,1947
2875,1947
274,1948
274,1949
2359,1949
5213,1949
274,1950
8483,1950
274,1951
1111,1951
3329,1951
274,1952
275,1953
717,1953
1538,1953
5256,1953
7504,1953
275,1954
869,1954
3828,1954
4931,1954
8069,1954
275,1955
330,1955
4929,1955
7058,1955
8188,1955
8273,1955
8558,1955
8618,1955
275,1956
1014,1956
5160,1956
6163,1956
7176,1956
275,1957
5176,1957
5607,1957
275,1958
5484,1958
5890,1958
6226,1958
275,1959
6415,1959
275,1960
4369,1960
5614,1960
276,1961
3983,1961
4253,1961
4676,1961
5627,1961
6975,1961
276,1962
276,1963
7035,1963
276,1964
6408,1964
7578,1964
276,1965
276,1966
276,1967
276,1968
6975,1968
276,1969
2566,1969
4170,1969
276,1970
276,1971
4253,1971
276,1972
1658,1972
276,1973
2675,1973
276,1974
277,1975
3576,1975
277,1976
277,1977
1261,1977
3837,1977
4007,1977
277,1978
277,1979
488,1979
2847,1979
2865,1979
3863,1979
4639,1979
6653,1979
277,1980
278,1981
278,1982
278,1983
278,1984
278,1985
278,1986
278,1987
278,1988
279,1989
280,1990
280,1991
1239,1991
2062,1991
5175,1991
5270,1991
6239,1991
6242,1991
6244,1991
7465,1991
280,1992
738,1992
2520,1992
280,1993
2567,1993
280,1994
1159,1994
3318,1994
4785,1994
280,1995
280,1996
884,1996
280,1997
282,1998
3214,1998
282,1999
282,2000
282,2001
282,2002
1837,2002
282,2003
282,2004
282,2005
282,2006
282,2007
283,2008
1003,2008
1784,2008
283,2009
895,2009
283,2010
283,2011
283,2012
2236,2012
283,2013
3280,2013
283,2014
283,2015
1393,2015
3707,2015
283,2016
283,2017
283,2018
505,2018
283,2019
283,2020
283,2021
283,2022
2537,2022
285,2023
1284,2023
1400,2023
2214,2023
4869,2023
8752,2023
285,2024
2214,2024
4869,2024
6190,2024
6730,2024
8422,2024
8489,2024
285,2025
775,2025
2214,2025
4869,2025
285,2026
677,2026
2214,2026
2679,2026
3771,2026
4869,2026
5199,2026
285,2027
2214,2027
285,2028
2214,2028
2406,2028
285,2029
2214,2029
285,2030
286,2031
2597,2031
3291,2031
3392,2031
7418,2031
8378,2031
286,2032
333,2032
1611,2032
7226,2032
7631,2032
7632,2032
8321,2032
8454,2032
286,2033
286,2034
854,2034
6954,2034
286,2035
286,2036
287,2037
287,2038
287,2039
1573,2039
287,2040
287,2041
287,2042
4637,2042
4707,2042
287,2043
526,2043
1254,2043
1846,2043
2208,2043
3473,2043
3476,2043
3599,2043
4365,2043
4493,2043
4590,2043
4591,2043
4858,2043
5145,2043
5238,2043
5774,2043
6282,2043
6582,2043
7542,2043
7543,2043
7960,2043
8144,2043
8582,2043
287,2044
2250,2044
287,2045
287,2046
8390,2046
288,2047
288,2048
288,2049
288,2050
288,2051
288,2052
288,2053
288,2054
288,2055
289,2056
5361,2056
289,2057
1804,2057
3186,2057
6673,2057
289,2058
289,2059
289,2060
289,2061
289,2062
2094,2062
289,2063
289,2064
3553,2064
4751,2064
5716,2064
289,2065
3861,2065
7259,2065
289,2066
290,2067
4045,2067
290,2068
806,2068
290,2069
290,2070
290,2071
6402,2071
290,2072
290,2073
292,2074
1045,2074
2775,2074
2959,2074
2966,2074
3171,2074
3272,2074
3273,2074
4145,2074
4244,2074
4537,2074
5415,2074
7377,2074
8278,2074
292,2075
3721,2075
3725,2075
3729,2075
5099,2075
292,2076
292,2077
292,2078
292,2079
640,2079
701,2079
844,2079
1300,2079
2463,2079
6427,2079
292,2080
5097,2080
7907,2080
292,2081
429,2081
3697,2081
292,2082
332,2082
779,2082
844,2082
1386,2082
2427,2082
3721,2082
3725,2082
3729,2082
4132,2082
4275,2082
4537,2082
4992,2082
7218,2082
7377,2082
292,2083
2775,2083
5097,2083
292,2084
2181,2084
3171,2084
3724,2084
5754,2084
6732,2084
7156,2084
7628,2084
292,2085
292,2086
292,2087
3099,2087
4745,2087
5096,2087
5299,2087
292,2088
4244,2088
292,2089
1919,2089
292,2090
1258,2090
2659,2090
2999,2090
5749,2090
5750,2090
292,2091
2067,2091
5097,2091
5564,2091
6427,2091
293,2092
790,2092
6271,2092
6885,2092
8302,2092
293,2093
4706,2093
6620,2093
293,2094
293,2095
892,2095
6885,2095
8218,2095
8378,2095
8675,2095
293,2096
3055,2096
293,2097
293,2098
6200,2098
293,2099
6798,2099
293,2100
294,2101
294,2102
307,2102
620,2102
748,2102
1100,2102
2232,2102
2422,2102
2478,2102
2880,2102
3153,2102
3210,2102
3216,2102
7449,2102
8298,2102
294,2103
294,2104
294,2105
2183,2105
2188,2105
4221,2105
294,2106
294,2107
294,2108
294,2109
294,2110
295,2111
295,2112
295,2113
295,2114
295,2115
295,2116
295,2117
295,2118
295,2119
295,2120
295,2121
295,2122
295,2123
295,2124
295,2125
295,2126
295,2127
296,2128
296,2129
296,2130
1301,2130
4201,2130
296,2131
296,2132
296,2133
297,2134
1289,2134
2677,2134
3151,2134
297,2135
297,2136
4038,2136
6135,2136
297,2137
297,2138
297,2139
5943,2139
7323,2139
297,2140
298,2141
4560,2141
298,2142
4347,2142
4713,2142
6568,2142
298,2143
4608,2143
298,2144
3594,2144
4681,2144
298,2145
298,2146
1521,2146
298,2147
1521,2147
4226,2147
4447,2147
4459,2147
298,2148
1099,2148
2390,2148
2941,2148
3538,2148
4050,2148
4189,2148
4954,2148
298,2149
298,2150
298,2151
298,2152
8681,2152
298,2153
298,2154
4347,2154
4588,2154
7583,2154
298,2155
298,2156
4954,2156
298,2157
4900,2157
298,2158
3933,2158
4062,2158
7681,2158
298,2159
2941,2159
299,2160
2253,2160
2422,2160
2688,2160
2879,2160
3114,2160
3393,2160
7449,2160
299,2161
899,2161
299,2162
2689,2162
3412,2162
299,2163
299,2164
995,2164
2538,2164
2688,2164
3153,2164
299,2165
828,2165
299,2166
300,2167
3747,2167
300,2168
300,2169
300,2170
300,2171
300,2172
300,2173
300,2174
300,2175
301,2176
548,2176
7418,2176
301,2177
301,2178
357,2178
595,2178
1136,2178
1901,2178
5694,2178
6201,2178
6438,2178
6584,2178
8671,2178
301,2179
301,2180
890,2180
5038,2180
8069,2180
301,2181
302,2182
1676,2182
3142,2182
4602,2182
4735,2182
4955,2182
5618,2182
6074,2182
302,2183
302,2184
3510,2184
302,2185
5015,2185
302,2186
1423,2186
1427,2186
1867,2186
4336,2186
5617,2186
6074,2186
6301,2186
7142,2186
8799,2186
304,2187
4170,2187
6706,2187
304,2188
6706,2188
304,2189
6706,2189
304,2190
6706,2190
304,2191
2035,2191
6706,2191
304,2192
6706,2192
304,2193
6706,2193
304,2194
6706,2194
304,2195
6706,2195
304,2196
6706,2196
305,2197
306,2198
4214,2198
306,2199
306,2200
2211,2200
2674,2200
2956,2200
4117,2200
4890,2200
8078,2200
306,2201
3352,2201
306,2202
2089,2202
2211,2202
2364,2202
2674,2202
5314,2202
5627,2202
6329,2202
306,2203
306,2204
306,2205
3484,2205
306,2206
1841,2206
2089,2206
2294,2206
2522,2206
3352,2206
4468,2206
306,2207
307,2208
2514,2208
3115,2208
307,2209
307,2210
307,2211
307,2212
307,2213
307,2214
307,2215
307,2216
307,2217
307,2218
307,2219
308,2220
448,2220
449,2220
450,2220
451,2220
452,2220
6985,2220
7237,2220
8752,2220
308,2221
6089,2221
6601,2221
308,2222
5074,2222
308,2223
3601,2223
6912,2223
308,2224
308,2225
308,2226
308,2227
308,2228
308,2229
5319,2229
309,2230
310,2231
310,2232
310,2233
310,2234
310,2235
312,2236
312,2237
312,2238
312,2239
312,2240
312,2241
312,2242
3863,2242
4910,2242
5059,2242
7701,2242
8425,2242
312,2243
312,2244
870,2244
312,2245
4382,2245
312,2246
3945,2246
312,2247
312,2248
312,2249
312,2250
2537,2250
312,2251
312,2252
3709,2252
312,2253
312,2254
312,2255
312,2256
312,2257
312,2258
8246,2258
312,2259
312,2260
313,2261
4325,2261
314,2262
3884,2262
314,2263
340,2263
314,2264
8561,2264
315,2265
1397,2265
5989,2265
315,2266
6497,2266
7333,2266
315,2267
608,2267
2750,2267
8405,2267
8406,2267
315,2268
315,2269
315,2270
1400,2270
315,2271
316,2272
503,2272
1030,2272
2324,2272
4215,2272
7876,2272
316,2273
316,2274
316,2275
316,2276
630,2276
316,2277
316,2278
316,2279
316,2280
317,2281
4197,2281
6825,2281
317,2282
4270,2282
5767,2282
7469,2282
317,2283
5402,2283
5806,2283
7060,2283
7811,2283
317,2284
4242,2284
317,2285
3237,2285
4163,2285
5806,2285
7811,2285
8561,2285
8568,2285
317,2286
3591,2286
5806,2286
7060,2286
319,2287
320,2288
323,2288
3277,2288
6664,2288
320,2289
3275,2289
320,2290
3277,2290
3285,2290
320,2291
320,2292
320,2293
320,2294
5730,2294
6664,2294
6825,2294
320,2295
3275,2295
322,2296
1341,2296
2307,2296
8568,2296
8737,2296
322,2297
322,2298
5701,2298
7469,2298
322,2299
1795,2299
4272,2299
4273,2299
5731,2299
8737,2299
322,2300
322,2301
323,2302
6606,2302
7811,2302
323,2303
5701,2303
323,2304
8561,2304
323,2305
3877,2305
3881,2305
3883,2305
323,2306
1795,2306
5730,2306
324,2307
1814,2307
3032,2307
3842,2307
7527,2307
8366,2307
324,2308
918,2308
932,2308
1416,2308
2116,2308
2563,2308
2583,2308
6340,2308
6640,2308
7547,2308
8273,2308
324,2309
3184,2309
3296,2309
3701,2309
4902,2309
5262,2309
5481,2309
6061,2309
6584,2309
6819,2309
8382,2309
324,2310
2544,2310
6062,2310
6434,2310
7516,2310
7827,2310
324,2311
7272,2311
324,2312
2866,2312
5197,2312
5901,2312
324,2313
2073,2313
7957,2313
8639,2313
324,2314
324,2315
338,2315
324,2316
324,2317
324,2318
324,2319
325,2320
325,2321
325,2322
325,2323
326,2324
327,2324
580,2324
1416,2324
7895,2324
8732,2324
326,2325
327,2325
1255,2325
7621,2325
326,2326
426,2326
1114,2326
1613,2326
3191,2326
4292,2326
6720,2326
6855,2326
326,2327
327,2327
6730,2327
326,2328
327,2328
326,2329
327,2329
326,2330
5426,2330
6716,2330
326,2331
8382,2331
326,2332
3663,2332
326,2333
327,2334
8541,2334
327,2335
929,2335
8599,2335
328,2336
3117,2336
5571,2336
6031,2336
6331,2336
6794,2336
7014,2336
7196,2336
8414,2336
8581,2336
328,2337
574,2337
575,2337
610,2337
2904,2337
3692,2337
7242,2337
328,2338
948,2338
1060,2338
6092,2338
8255,2338
8321,2338
328,2339
328,2340
329,2341
2084,2341
2221,2341
3512,2341
3718,2341
4662,2341
6135,2341
7064,2341
7947,2341
329,2342
329,2343
2101,2343
3668,2343
329,2344
329,2345
329,2346
2713,2346
329,2347
329,2348
329,2349
330,2350
341,2350
393,2350
1359,2350
1470,2350
6273,2350
6827,2350
7866,2350
8273,2350
330,2351
1611,2351
1625,2351
6502,2351
6590,2351
7736,2351
7950,2351
8462,2351
330,2352
5038,2352
6498,2352
6910,2352
7127,2352
7203,2352
7803,2352
330,2353
3502,2353
6684,2353
330,2354
598,2354
890,2354
1053,2354
1541,2354
1657,2354
6638,2354
6959,2354
7148,2354
7151,2354
7275,2354
8297,2354
8431,2354
330,2355
764,2355
8238,2355
8326,2355
330,2356
6889,2356
8470,2356
330,2357
330,2358
331,2359
1204,2359
1695,2359
3779,2359
6993,2359
7006,2359
8127,2359
8191,2359
8642,2359
331,2360
1695,2360
7153,2360
7516,2360
7956,2360
8147,2360
8690,2360
331,2361
1695,2361
2408,2361
6031,2361
6843,2361
8325,2361
8660,2361
331,2362
515,2362
521,2362
619,2362
1695,2362
3552,2362
3803,2362
5176,2362
5614,2362
5631,2362
7006,2362
7009,2362
331,2363
1097,2363
3885,2363
8068,2363
8291,2363
331,2364
7882,2364
331,2365
7058,2365
331,2366
836,2366
1695,2366
2004,2366
2080,2366
3828,2366
4219,2366
6434,2366
6928,2366
6929,2366
331,2367
8458,2367
332,2368
1909,2368
4275,2368
4992,2368
5835,2368
332,2369
581,2369
2254,2369
3697,2369
3880,2369
4209,2369
4770,2369
5232,2369
5415,2369
5835,2369
332,2370
332,2371
332,2372
332,2373
1909,2373
2079,2373
2176,2373
2946,2373
2966,2373
3089,2373
3138,2373
3171,2373
3240,2373
3665,2373
3697,2373
3785,2373
4064,2373
4271,2373
4532,2373
4992,2373
6828,2373
7377,2373
333,2374
952,2374
1120,2374
1410,2374
5092,2374
5208,2374
6070,2374
8081,2374
8668,2374
333,2375
1360,2375
333,2376
4322,2376
5940,2376
7637,2376
333,2377
478,2377
3828,2377
6978,2377
8214,2377
333,2378
333,2379
334,2380
3383,2380
5649,2380
334,2381
4658,2381
334,2382
334,2383
6950,2383
334,2384
4761,2384
7845,2384
334,2385
334,2386
334,2387
334,2388
1665,2388
6037,2388
7485,2388
7752,2388
7845,2388
7957,2388
334,2389
6304,2389
334,2390
335,2391
353,2391
1289,2391
335,2392
677,2392
6304,2392
7241,2392
335,2393
335,2394
335,2395
335,2396
335,2397
6170,2397
335,2398
336,2399
342,2399
565,2399
890,2399
2122,2399
3291,2399
4293,2399
6475,2399
6716,2399
7582,2399
8002,2399
336,2400
4643,2400
4843,2400
7629,2400
336,2401
6323,2401
336,2402
2905,2402
3793,2402
4664,2402
8342,2402
336,2403
800,2403
890,2403
1035,2403
1244,2403
1406,2403
1583,2403
1958,2403
3676,2403
4178,2403
6201,2403
336,2404
4034,2404
336,2405
1167,2405
2394,2405
7334,2405
336,2406
336,2407
3228,2407
7913,2407
337,2408
1500,2408
5471,2408
5947,2408
6423,2408
8514,2408
337,2409
475,2409
826,2409
1702,2409
4043,2409
4643,2409
337,2410
1516,2410
8084,2410
337,2411
1053,2411
2046,2411
3228,2411
3775,2411
5557,2411
5686,2411
7003,2411
337,2412
5332,2412
8493,2412
337,2413
1129,2413
1780,2413
7287,2413
337,2414
1791,2414
337,2415
8390,2415
337,2416
8148,2416
8518,2416
337,2417
337,2418
5166,2418
337,2419
338,2420
6693,2420
8690,2420
338,2421
361,2421
750,2421
864,2421
1102,2421
1665,2421
5130,2421
6245,2421
8407,2421
338,2422
5312,2422
6245,2422
7242,2422
8147,2422
338,2423
338,2424
5643,2424
8184,2424
338,2425
338,2426
6756,2426
8639,2426
338,2427
338,2428
1448,2428
1834,2428
5264,2428
6309,2428
338,2429
5645,2429
6756,2429
338,2430
1257,2430
2057,2430
338,2431
338,2432
2848,2432
338,2433
3770,2433
5646,2433
6238,2433
7332,2433
339,2434
1258,2434
2079,2434
3520,2434
3717,2434
4716,2434
339,2435
779,2435
1258,2435
2063,2435
4313,2435
5096,2435
5097,2435
7377,2435
339,2436
1386,2436
2365,2436
2946,2436
3337,2436
3356,2436
3737,2436
4132,2436
4537,2436
4634,2436
7156,2436
340,2437
340,2438
340,2439
6157,2439
7360,2439
8568,2439
340,2440
341,2441
1301,2441
1765,2441
1843,2441
2133,2441
6020,2441
6377,2441
7309,2441
8083,2441
341,2442
341,2443
892,2443
1155,2443
3019,2443
3453,2443
7328,2443
341,2444
579,2444
6487,2444
8500,2444
341,2445
341,2446
3390,2446
3453,2446
8617,2446
341,2447
8396,2447
341,2448
5978,2448
6642,2448
8054,2448
342,2449
565,2449
598,2449
1470,2449
5959,2449
6487,2449
6827,2449
7299,2449
7827,2449
8088,2449
8394,2449
8399,2449
8490,2449
342,2450
560,2450
565,2450
580,2450
609,2450
6020,2450
8189,2450
8527,2450
342,2451
1255,2451
342,2452
342,2453
7176,2453
7660,2453
7736,2453
342,2454
8599,2454
342,2455
342,2456
565,2456
2681,2456
6165,2456
6186,2456
6656,2456
8526,2456
8642,2456
8690,2456
8695,2456
342,2457
6950,2457
8604,2457
342,2458
1152,2458
1860,2458
2132,2458
2756,2458
342,2459
3308,2459
4383,2459
7075,2459
8010,2459
343,2460
355,2460
343,2461
343,2462
343,2463
358,2463
1769,2463
2318,2463
5678,2463
6799,2463
8168,2463
343,2464
343,2465
343,2466
343,2467
343,2468
344,2469
345,2469
1198,2469
6019,2469
6481,2469
6716,2469
344,2470
345,2470
6481,2470
344,2471
344,2472
345,2472
8289,2472
344,2473
345,2473
5944,2473
5945,2473
6633,2473
344,2474
6556,2474
7272,2474
344,2475
344,2476
5943,2476
6549,2476
344,2477
344,2478
345,2479
345,2480
345,2481
346,2482
346,2483
346,2484
346,2485
1097,2485
1760,2485
1842,2485
3085,2485
3230,2485
3346,2485
4718,2485
5321,2485
5423,2485
5735,2485
5752,2485
5776,2485
6241,2485
6839,2485
7595,2485
7596,2485
346,2486
3230,2486
3276,2486
3346,2486
3456,2486
3457,2486
3585,2486
3770,2486
4324,2486
4512,2486
4535,2486
4641,2486
4880,2486
5302,2486
6236,2486
346,2487
814,2487
4365,2487
5270,2487
6236,2487
8140,2487
346,2488
4880,2488
5423,2488
5735,2488
5776,2488
7596,2488
7597,2488
346,2489
1697,2489
3085,2489
4880,2489
5242,2489
5270,2489
5752,2489
6235,2489
6241,2489
6244,2489
346,2490
346,2491
8182,2491
8352,2491
346,2492
5145,2492
6238,2492
6243,2492
347,2493
495,2493
931,2493
962,2493
2593,2493
4783,2493
6013,2493
6626,2493
6955,2493
7006,2493
8191,2493
8665,2493
347,2494
719,2494
1388,2494
2823,2494
2862,2494
5539,2494
5631,2494
5890,2494
8127,2494
8273,2494
347,2495
957,2495
1102,2495
1198,2495
2380,2495
3373,2495
5262,2495
7511,2495
8326,2495
347,2496
5176,2496
5607,2496
5756,2496
347,2497
2147,2497
4592,2497
6950,2497
348,2498
400,2498
957,2498
1103,2498
2396,2498
2860,2498
4624,2498
7516,2498
8227,2498
8643,2498
8690,2498
8783,2498
348,2499
6635,2499
6843,2499
7817,2499
8446,2499
348,2500
5103,2500
6716,2500
6754,2500
6883,2500
7516,2500
7521,2500
8285,2500
348,2501
361,2501
1336,2501
1445,2501
6043,2501
7582,2501
348,2502
1425,2502
1754,2502
2563,2502
4218,2502
4543,2502
4544,2502
4545,2502
4546,2502
4547,2502
4548,2502
4549,2502
4550,2502
4551,2502
4552,2502
4553,2502
4554,2502
4555,2502
6110,2502
6153,2502
6448,2502
6610,2502
6838,2502
8565,2502
348,2503
349,2504
573,2504
3296,2504
4001,2504
7370,2504
8056,2504
8302,2504
349,2505
703,2505
1379,2505
2455,2505
4044,2505
4269,2505
5038,2505
5085,2505
5513,2505
5664,2505
6703,2505
6870,2505
349,2506
6457,2506
7049,2506
349,2507
6797,2507
7151,2507
8221,2507
8527,2507
349,2508
1812,2508
2418,2508
3562,2508
6024,2508
349,2509
719,2509
3478,2509
4643,2509
7588,2509
8124,2509
350,2510
6744,2510
8068,2510
350,2511
461,2511
819,2511
2122,2511
6648,2511
6957,2511
8396,2511
8421,2511
350,2512
970,2512
6136,2512
7855,2512
8252,2512
8431,2512
350,2513
350,2514
7176,2514
350,2515
350,2516
350,2517
2635,2517
8402,2517
350,2518
933,2518
2574,2518
6556,2518
7843,2518
350,2519
4940,2519
6944,2519
8308,2519
8518,2519
350,2520
350,2521
350,2522
8560,2522
351,2523
956,2523
2312,2523
7309,2523
7443,2523
7444,2523
8043,2523
8252,2523
351,2524
351,2525
943,2525
1242,2525
1457,2525
3676,2525
7482,2525
8302,2525
351,2526
5953,2526
351,2527
351,2528
1301,2528
2133,2528
2772,2528
4043,2528
6914,2528
351,2529
2408,2529
8303,2529
351,2530
351,2531
6141,2531
352,2532
6248,2532
352,2533
6248,2533
352,2534
352,2535
352,2536
3316,2536
4652,2536
6355,2536
352,2537
2663,2537
352,2538
884,2538
1403,2538
4635,2538
5489,2538
6222,2538
6223,2538
352,2539
352,2540
2023,2540
4312,2540
353,2541
1609,2541
2908,2541
6245,2541
8069,2541
353,2542
3735,2542
353,2543
3802,2543
353,2544
2698,2544
8119,2544
353,2545
2424,2545
353,2546
817,2546
7370,2546
354,2547
7843,2547
8345,2547
354,2548
3643,2548
5166,2548
5999,2548
6631,2548
354,2549
2030,2549
5227,2549
354,2550
3010,2550
7427,2550
8342,2550
354,2551
354,2552
1885,2552
354,2553
5092,2553
6143,2553
7403,2553
355,2554
355,2555
5943,2555
355,2556
355,2557
6799,2557
6943,2557
355,2558
616,2558
813,2558
5536,2558
6502,2558
6610,2558
6720,2558
6887,2558
7212,2558
7516,2558
7729,2558
8305,2558
355,2559
600,2559
609,2559
835,2559
3527,2559
6723,2559
6779,2559
7309,2559
8671,2559
356,2560
1910,2560
6556,2560
7524,2560
8500,2560
356,2561
1634,2561
3726,2561
3795,2561
6541,2561
6885,2561
7986,2561
356,2562
475,2562
1613,2562
2386,2562
2417,2562
3793,2562
4413,2562
5471,2562
6720,2562
7869,2562
8346,2562
8599,2562
356,2563
829,2563
971,2563
2922,2563
4657,2563
4752,2563
6013,2563
6066,2563
6172,2563
6541,2563
6697,2563
8549,2563
8642,2563
8698,2563
8758,2563
356,2564
936,2564
5941,2564
7137,2564
8638,2564
8692,2564
356,2565
4496,2565
6794,2565
356,2566
1794,2566
6165,2566
356,2567
747,2567
1786,2567
8493,2567
357,2568
7691,2568
8497,2568
357,2569
556,2569
585,2569
3635,2569
6201,2569
7961,2569
8159,2569
357,2570
1106,2570
1136,2570
1154,2570
1715,2570
1998,2570
4017,2570
5892,2570
7480,2570
8581,2570
357,2571
1103,2571
6584,2571
7954,2571
8637,2571
357,2572
766,2572
1013,2572
357,2573
1410,2573
6307,2573
7547,2573
8465,2573
357,2574
637,2574
3236,2574
3582,2574
8449,2574
357,2575
357,2576
358,2577
4320,2577
6148,2577
6704,2577
7003,2577
8168,2577
8297,2577
358,2578
2847,2578
4117,2578
4883,2578
358,2579
358,2580
1060,2580
6770,2580
7913,2580
358,2581
358,2582
358,2583
358,2584
358,2585
359,2586
4269,2586
6007,2586
6541,2586
8381,2586
359,2587
1699,2587
6885,2587
359,2588
359,2589
359,2590
359,2591
359,2592
3239,2592
7524,2592
359,2593
359,2594
359,2595
360,2596
3646,2596
4308,2596
5262,2596
5379,2596
361,2597
777,2597
1702,2597
3967,2597
5083,2597
5649,2597
6798,2597
7238,2597
7691,2597
7866,2597
8555,2597
361,2598
703,2598
1145,2598
1334,2598
1448,2598
5901,2598
6201,2598
8459,2598
361,2599
549,2599
6391,2599
361,2600
583,2600
7904,2600
8608,2600
361,2601
393,2601
905,2601
931,2601
1029,2601
1058,2601
2133,2601
361,2602
583,2602
1219,2602
1621,2602
3276,2602
6186,2602
6556,2602
8366,2602
8535,2602
8692,2602
361,2603
475,2603
884,2603
5359,2603
5474,2603
6591,2603
7482,2603
8068,2603
8147,2603
8175,2603
361,2604
2121,2604
2898,2604
6271,2604
6843,2604
7818,2604
361,2605
448,2605
449,2605
450,2605
451,2605
452,2605
515,2605
5880,2605
8184,2605
8611,2605
361,2606
1102,2606
1472,2606
2004,2606
2080,2606
2322,2606
4493,2606
8184,2606
8516,2606
361,2607
5488,2607
7902,2607
8395,2607
361,2608
583,2608
970,2608
1462,2608
6665,2608
7462,2608
7482,2608
7640,2608
7904,2608
7970,2608
8450,2608
361,2609
2261,2609
2976,2609
4243,2609
362,2610
4029,2610
362,2611
6085,2611
6258,2611
362,2612
1711,2612
2002,2612
6116,2612
362,2613
6958,2613
8222,2613
362,2614
6283,2614
6413,2614
362,2615
362,2616
2023,2616
363,2617
748,2617
363,2618
363,2619
363,2620
363,2621
363,2622
363,2623
430,2623
1382,2623
363,2624
363,2625
363,2626
364,2627
364,2628
1815,2628
3390,2628
8117,2628
364,2629
961,2629
2977,2629
4067,2629
5403,2629
5464,2629
5596,2629
364,2630
1707,2630
2309,2630
3024,2630
4114,2630
4468,2630
5188,2630
5444,2630
5553,2630
5955,2630
364,2631
3863,2631
4125,2631
5464,2631
7578,2631
7701,2631
8078,2631
364,2632
1253,2632
364,2633
1707,2633
3374,2633
364,2634
2802,2634
5889,2634
6867,2634
7896,2634
8506,2634
365,2635
8456,2635
8595,2635
365,2636
4635,2636
8530,2636
365,2637
1791,2637
4624,2637
8196,2637
365,2638
365,2639
365,2640
366,2641
366,2642
366,2643
366,2644
366,2645
4642,2645
5147,2645
366,2646
372,2646
366,2647
366,2648
368,2649
368,2650
907,2650
991,2650
996,2650
1595,2650
2622,2650
3521,2650
6726,2650
6727,2650
6728,2650
6905,2650
6906,2650
7247,2650
8683,2650
368,2651
368,2652
368,2653
368,2654
368,2655
368,2656
368,2657
987,2657
368,2658
368,2659
368,2660
368,2661
5325,2661
368,2662
371,2663
371,2664
371,2665
371,2666
371,2667
371,2668
371,2669
1702,2669
1879,2669
2905,2669
371,2670
371,2671
2704,2671
372,2672
4664,2672
372,2673
372,2674
2403,2674
5147,2674
8802,2674
372,2675
3238,2675
372,2676
372,2677
372,2678
372,2679
372,2680
372,2681
372,2682
373,2683
373,2684
691,2684
2920,2684
373,2685
2212,2685
373,2686
1563,2686
373,2687
4357,2687
373,2688
691,2688
373,2689
691,2689
374,2690
559,2690
1125,2690
1141,2690
7192,2690
7193,2690
374,2691
2695,2691
3041,2691
374,2692
5747,2692
374,2693
374,2694
554,2694
374,2695
374,2696
374,2697
3041,2697
374,2698
1330,2698
3535,2698
375,2699
1655,2699
3141,2699
3167,2699
7449,2699
375,2700
1777,2700
2240,2700
2301,2700
2833,2700
2939,2700
3145,2700
3152,2700
375,2701
375,2702
1108,2702
376,2703
2386,2703
376,2704
7999,2704
376,2705
376,2706
376,2707
376,2708
376,2709
376,2710
7682,2710
376,2711
2916,2711
376,2712
377,2713
1483,2713
2193,2713
377,2714
1483,2714
2193,2714
377,2715
1483,2715
2193,2715
377,2716
1483,2716
1761,2716
2193,2716
377,2717
1483,2717
2193,2717
377,2718
1483,2718
2193,2718
2877,2718
3086,2718
377,2719
1483,2719
2193,2719
2858,2719
2963,2719
5233,2719
5660,2719
5808,2719
5854,2719
377,2720
1483,2720
2193,2720
5646,2720
377,2721
1483,2721
5564,2721
377,2722
1483,2722
2427,2722
2789,2722
6427,2722
378,2723
378,2724
378,2725
378,2726
3121,2726
378,2727
3030,2727
378,2728
378,2729
378,2730
378,2731
2199,2731
378,2732
378,2733
381,2734
7238,2734
381,2735
381,2736
6805,2736
381,2737
381,2738
381,2739
381,2740
669,2740
764,2740
381,2741
381,2742
5566,2742
381,2743
2160,2743
2406,2743
6558,2743
381,2744
382,2745
1269,2745
1271,2745
3861,2745
5361,2745
8023,2745
382,2746
3861,2746
382,2747
382,2748
1804,2748
382,2749
382,2750
5361,2750
382,2751
382,2752
382,2753
382,2754
4811,2754
382,2755
382,2756
382,2757
7259,2757
382,2758
382,2759
382,2760
382,2761
382,2762
383,2763
383,2764
3109,2764
3828,2764
4829,2764
5359,2764
6704,2764
383,2765
2934,2765
383,2766
383,2767
8660,2767
383,2768
6164,2768
7504,2768
383,2769
383,2770
383,2771
1502,2771
383,2772
383,2773
383,2774
384,2775
4482,2775
5335,2775
5336,2775
5337,2775
5338,2775
5339,2775
5340,2775
384,2776
1017,2776
1940,2776
1976,2776
3789,2776
3916,2776
4510,2776
5022,2776
6177,2776
6233,2776
6523,2776
7362,2776
7874,2776
7903,2776
7995,2776
8770,2776
384,2777
384,2778
2275,2778
4457,2778
5483,2778
384,2779
1941,2779
4801,2779
6513,2779
384,2780
1294,2780
385,2781
6863,2781
385,2782
385,2783
385,2784
385,2785
385,2786
386,2787
386,2788
386,2789
3768,2789
386,2790
386,2791
386,2792
386,2793
386,2794
387,2795
1589,2795
387,2796
1589,2796
3980,2796
387,2797
1589,2797
387,2798
387,2799
1589,2799
387,2800
1589,2800
2308,2800
387,2801
1381,2801
1589,2801
2082,2801
2308,2801
2441,2801
2543,2801
2771,2801
3232,2801
3351,2801
3509,2801
3554,2801
3678,2801
4146,2801
4832,2801
4833,2801
4857,2801
387,2802
1589,2802
1845,2802
387,2803
1589,2803
387,2804
1589,2804
7503,2804
388,2805
2917,2805
3766,2805
4691,2805
5617,2805
388,2806
1864,2806
7932,2806
8592,2806
388,2807
638,2807
975,2807
1940,2807
2671,2807
3531,2807
4450,2807
7838,2807
8024,2807
8696,2807
388,2808
975,2808
1473,2808
2816,2808
5041,2808
6256,2808
6290,2808
7213,2808
7420,2808
7996,2808
388,2809
389,2810
389,2811
389,2812
390,2813
935,2813
1468,2813
7078,2813
7565,2813
390,2814
922,2814
6326,2814
7406,2814
8003,2814
8287,2814
8458,2814
390,2815
7890,2815
8549,2815
390,2816
6060,2816
8116,2816
390,2817
391,2818
1379,2818
391,2819
433,2819
2158,2819
3668,2819
3868,2819
4312,2819
4659,2819
4853,2819
4991,2819
5416,2819
6393,2819
8382,2819
391,2820
1583,2820
391,2821
2284,2821
391,2822
391,2823
1763,2823
8222,2823
391,2824
6201,2824
6326,2824
8595,2824
391,2825
5038,2825
391,2826
3219,2826
391,2827
921,2827
391,2828
391,2829
391,2830
1198,2830
1388,2830
7126,2830
7329,2830
391,2831
6527,2831
392,2832
392,2833
747,2833
1000,2833
2179,2833
2962,2833
6085,2833
392,2834
678,2834
392,2835
392,2836
1937,2836
2906,2836
7027,2836
7086,2836
7088,2836
392,2837
545,2837
7537,2837
392,2838
392,2839
393,2840
7078,2840
8336,2840
393,2841
1561,2841
3330,2841
6062,2841
6777,2841
7954,2841
393,2842
475,2842
1665,2842
1769,2842
1924,2842
3894,2842
5204,2842
6172,2842
7478,2842
393,2843
393,2844
606,2844
661,2844
5334,2844
6604,2844
6998,2844
7986,2844
8213,2844
8668,2844
8723,2844
393,2845
393,2846
5204,2846
8496,2846
393,2847
393,2848
393,2849
2045,2849
2875,2849
5295,2849
393,2850
7410,2850
393,2851
393,2852
4368,2852
5691,2852
394,2853
4771,2853
5360,2853
5390,2853
394,2854
394,2855
394,2856
394,2857
5390,2857
394,2858
5360,2858
5390,2858
7770,2858
394,2859
5390,2859
394,2860
394,2861
4771,2861
5390,2861
394,2862
394,2863
5390,2863
395,2864
395,2865
395,2866
395,2867
395,2868
395,2869
395,2870
395,2871
395,2872
395,2873
395,2874
395,2875
396,2876
4168,2876
4825,2876
396,2877
4168,2877
6679,2877
396,2878
396,2879
396,2880
396,2881
396,2882
396,2883
397,2884
397,2885
397,2886
4317,2886
397,2887
397,2888
7668,2888
8488,2888
397,2889
397,2890
3098,2890
397,2891
397,2892
2406,2892
5833,2892
398,2893
638,2893
3805,2893
398,2894
1978,2894
6821,2894
398,2895
1671,2895
1713,2895
3159,2895
5516,2895
398,2896
398,2897
398,2898
2918,2898
398,2899
398,2900
398,2901
398,2902
398,2903
2588,2903
398,2904
399,2905
399,2906
3053,2906
3781,2906
3866,2906
399,2907
399,2908
400,2909
401,2909
1846,2909
3552,2909
4372,2909
4853,2909
5801,2909
5954,2909
6222,2909
7960,2909
8083,2909
400,2910
401,2910
465,2910
1121,2910
2158,2910
3552,2910
4853,2910
8229,2910
8447,2910
8587,2910
400,2911
401,2911
5745,2911
400,2912
401,2912
7962,2912
8159,2912
400,2913
401,2913
1486,2913
2663,2913
4617,2913
7153,2913
7370,2913
8421,2913
400,2914
5884,2914
400,2915
401,2915
400,2916
401,2916
5859,2916
400,2917
401,2917
5959,2917
400,2918
400,2919
2300,2919
2707,2919
5450,2919
8535,2919
400,2920
401,2920
957,2920
6451,2920
7122,2920
8783,2920
400,2921
1169,2921
1368,2921
3042,2921
4662,2921
5956,2921
6219,2921
6416,2921
6585,2921
6754,2921
8260,2921
400,2922
3473,2922
3476,2922
5381,2922
5801,2922
400,2923
884,2923
1688,2923
2077,2923
3248,2923
3443,2923
4372,2923
4652,2923
5139,2923
5489,2923
5801,2923
5866,2923
7750,2923
8456,2923
400,2924
401,2924
1846,2924
400,2925
6985,2925
8783,2925
401,2926
6451,2926
7122,2926
8159,2926
401,2927
402,2928
5076,2928
402,2929
2847,2929
5306,2929
5659,2929
402,2930
2865,2930
2956,2930
402,2931
402,2932
402,2933
3024,2933
402,2934
766,2934
1261,2934
2656,2934
402,2935
402,2936
402,2937
402,2938
402,2939
402,2940
402,2941
403,2942
1765,2942
2060,2942
8514,2942
403,2943
5525,2943
6897,2943
403,2944
1289,2944
403,2945
403,2946
3970,2946
403,2947
1809,2947
403,2948
403,2949
403,2950
4366,2950
403,2951
595,2951
3101,2951
8355,2951
403,2952
410,2953
416,2953
7236,2953
410,2954
416,2954
1010,2954
7236,2954
419,2955
6462,2955
6463,2955
6464,2955
419,2956
4721,2956
6462,2956
6463,2956
6464,2956
424,2957
424,2958
2718,2958
424,2959
426,2960
2172,2960
426,2961
426,2962
6328,2962
426,2963
426,2964
426,2965
2563,2965
427,2966
1379,2966
1913,2966
8581,2966
427,2967
427,2968
427,2969
1913,2969
427,2970
4111,2970
427,2971
5219,2971
427,2972
427,2973
428,2974
2440,2974
7551,2974
7948,2974
8461,2974
428,2975
428,2976
1512,2976
1847,2976
1920,2976
2111,2976
3160,2976
4126,2976
6741,2976
6915,2976
7426,2976
428,2977
3160,2977
428,2978
1512,2978
2248,2978
3160,2978
4024,2978
6741,2978
6808,2978
6915,2978
7488,2978
7948,2978
428,2979
2403,2979
8461,2979
428,2980
2248,2980
428,2981
428,2982
428,2983
1663,2983
6270,2983
6915,2983
428,2984
429,2985
429,2986
1274,2986
429,2987
1386,2987
1909,2987
2176,2987
2365,2987
2445,2987
2946,2987
3089,2987
3342,2987
3717,2987
4064,2987
4989,2987
5179,2987
5864,2987
429,2988
1045,2988
3342,2988
4271,2988
4745,2988
4989,2988
429,2989
2079,2989
2321,2989
3337,2989
3959,2989
429,2990
632,2990
804,2990
1929,2990
3020,2990
3104,2990
3666,2990
3717,2990
4244,2990
5179,2990
6847,2990
6849,2990
6851,2990
429,2991
673,2991
836,2991
1919,2991
2365,2991
2399,2991
2646,2991
2920,2991
3020,2991
3721,2991
3729,2991
430,2992
430,2993
430,2994
430,2995
795,2995
430,2996
430,2997
2148,2997
430,2998
430,2999
689,2999
3432,2999
430,3000
432,3001
433,3002
950,3002
1200,3002
1457,3002
2158,3002
2380,3002
2848,3002
4994,3002
7457,3002
8199,3002
8679,3002
433,3003
2158,3003
4853,3003
433,3004
4853,3004
433,3005
2408,3005
3055,3005
4719,3005
4853,3005
5682,3005
6457,3005
6796,3005
7045,3005
433,3006
3668,3006
4490,3006
7293,3006
433,3007
2133,3007
4853,3007
6058,3007
7028,3007
433,3008
1028,3008
4853,3008
6761,3008
433,3009
8363,3009
433,3010
3660,3010
433,3011
2922,3011
3668,3011
6337,3011
6426,3011
7457,3011
8769,3011
433,3012
3668,3012
8650,3012
433,3013
2548,3013
3668,3013
4785,3013
6426,3013
7540,3013
7710,3013
8313,3013
8394,3013
8421,3013
433,3014
3668,3014
4368,3014
7489,3014
8185,3014
433,3015
2158,3015
3239,3015
5283,3015
8725,3015
433,3016
1201,3016
433,3017
3173,3017
433,3018
434,3019
434,3020
6487,3020
434,3021
1932,3021
1933,3021
434,3022
434,3023
435,3024
1418,3024
4114,3024
6408,3024
6483,3024
435,3025
435,3026
435,3027
435,3028
435,3029
435,3030
435,3031
435,3032
435,3033
436,3034
2529,3034
4646,3034
436,3035
436,3036
436,3037
436,3038
1644,3038
1767,3038
2350,3038
3511,3038
436,3039
3611,3039
436,3040
4155,3040
4849,3040
436,3041
436,3042
3427,3042
3691,3042
437,3043
437,3044
437,3045
437,3046
437,3047
437,3048
437,3049
437,3050
437,3051
437,3052
437,3053
437,3054
437,3055
438,3056
952,3056
1179,3056
1397,3056
3676,3056
4515,3056
4928,3056
5212,3056
5333,3056
6697,3056
8090,3056
438,3057
438,3058
438,3059
438,3060
438,3061
677,3061
3081,3061
6050,3061
6331,3061
7956,3061
8567,3061
438,3062
438,3063
5286,3063
7772,3063
438,3064
7251,3064
438,3065
438,3066
439,3067
689,3067
1210,3067
3215,3067
6468,3067
439,3068
439,3069
472,3069
689,3069
757,3069
899,3069
1234,3069
2148,3069
2210,3069
2232,3069
2333,3069
2352,3069
2832,3069
2919,3069
3155,3069
3432,3069
439,3070
857,3070
2879,3070
6898,3070
439,3071
3214,3071
440,3072
440,3073
440,3074
440,3075
440,3076
440,3077
440,3078
440,3079
440,3080
440,3081
2528,3081
442,3082
480,3082
551,3082
823,3082
442,3083
480,3083
551,3083
442,3084
480,3084
551,3084
1466,3084
3320,3084
3799,3084
5200,3084
442,3085
551,3085
442,3086
480,3086
3399,3086
3686,3086
5201,3086
6147,3086
442,3087
480,3087
442,3088
480,3088
442,3089
551,3089
442,3090
551,3090
890,3090
4834,3090
442,3091
480,3091
551,3091
8326,3091
442,3092
480,3092
551,3092
443,3093
487,3093
1761,3093
2208,3093
4139,3093
4991,3093
8159,3093
443,3094
1697,3094
5270,3094
5641,3094
6236,3094
6349,3094
7543,3094
443,3095
1697,3095
7522,3095
444,3096
3887,3096
3945,3096
5306,3096
5910,3096
6560,3096
444,3097
6426,3097
8414,3097
444,3098
444,3099
444,3100
444,3101
444,3102
444,3103
2236,3103
3002,3103
444,3104
8051,3104
444,3105
444,3106
3626,3106
8178,3106
444,3107
444,3108
444,3109
446,3110
777,3110
917,3110
1585,3110
2707,3110
7466,3110
7913,3110
7950,3110
8357,3110
8399,3110
446,3111
2351,3111
7455,3111
7482,3111
8043,3111
8068,3111
446,3112
1435,3112
2868,3112
6000,3112
6009,3112
6206,3112
6855,3112
8638,3112
446,3113
1845,3113
2823,3113
5454,3113
446,3114
446,3115
2203,3115
446,3116
447,3117
586,3117
1379,3117
1768,3117
5414,3117
6009,3117
6092,3117
7516,3117
8214,3117
8487,3117
8500,3117
8732,3117
447,3118
7455,3118
447,3119
2004,3119
5092,3119
7890,3119
447,3120
5941,3120
7854,3120
7970,3120
8315,3120
447,3121
4959,3121
5127,3121
8376,3121
447,3122
1435,3122
447,3123
447,3124
619,3124
2386,3124
2927,3124
3828,3124
4696,3124
8502,3124
447,3125
6889,3125
448,3126
449,3126
450,3126
451,3126
452,3126
475,3126
935,3126
1365,3126
1457,3126
2746,3126
6163,3126
6413,3126
6503,3126
6703,3126
7702,3126
7731,3126
448,3127
449,3127
450,3127
451,3127
452,3127
1996,3127
2929,3127
3348,3127
4293,3127
7812,3127
7855,3127
8494,3127
448,3128
449,3128
450,3128
451,3128
452,3128
6124,3128
6794,3128
448,3129
449,3129
450,3129
451,3129
452,3129
1410,3129
2316,3129
6147,3129
6415,3129
6951,3129
7629,3129
448,3130
449,3130
450,3130
451,3130
452,3130
4519,3130
8792,3130
448,3131
449,3131
450,3131
451,3131
452,3131
3183,3131
448,3132
449,3132
450,3132
451,3132
452,3132
2702,3132
2961,3132
7929,3132
450,3133
3775,3133
6020,3133
7263,3133
8068,3133
8168,3133
8342,3133
450,3134
451,3134
798,3134
1614,3134
2746,3134
6537,3134
6640,3134
7585,3134
8777,3134
451,3135
955,3135
1397,3135
451,3136
492,3136
607,3136
611,3136
613,3136
1541,3136
4292,3136
4511,3136
5614,3136
451,3137
922,3137
2898,3137
452,3138
944,3138
2598,3138
6190,3138
6327,3138
6391,3138
6663,3138
7964,3138
8493,3138
452,3139
1000,3139
1834,3139
2906,3139
5134,3139
6020,3139
6697,3139
7299,3139
7961,3139
8665,3139
453,3140
1324,3140
1851,3140
453,3141
2482,3141
6824,3141
453,3142
1137,3142
2650,3142
453,3143
1526,3143
1606,3143
4376,3143
453,3144
453,3145
1850,3145
7446,3145
453,3146
453,3147
453,3148
453,3149
2650,3149
8050,3149
453,3150
453,3151
453,3152
2650,3152
453,3153
453,3154
2931,3154
3071,3154
5443,3154
453,3155
454,3156
454,3157
3520,3157
454,3158
844,3158
1045,3158
2599,3158
3356,3158
5237,3158
454,3159
4716,3159
454,3160
454,3161
454,3162
1258,3162
1386,3162
1909,3162
2063,3162
2587,3162
2959,3162
3056,3162
3174,3162
3337,3162
3341,3162
3785,3162
454,3163
3174,3163
454,3164
454,3165
454,3166
454,3167
3697,3167
454,3168
454,3169
454,3170
454,3171
3438,3171
454,3172
454,3173
454,3174
2463,3174
3104,3174
4209,3174
4275,3174
4770,3174
5078,3174
455,3175
6481,3175
6993,3175
8075,3175
8076,3175
455,3176
5156,3176
6993,3176
8175,3176
455,3177
455,3178
455,3179
456,3180
1578,3180
457,3181
1385,3181
457,3182
1626,3182
457,3183
2960,3183
457,3184
457,3185
457,3186
457,3187
457,3188
2256,3188
2350,3188
457,3189
3053,3189
3130,3189
4133,3189
457,3190
3072,3190
3614,3190
3615,3190
459,3191
4040,3191
4078,3191
459,3192
4298,3192
7195,3192
459,3193
3814,3193
459,3194
1630,3194
4469,3194
7195,3194
459,3195
774,3195
459,3196
459,3197
459,3198
1535,3198
460,3199
460,3200
1017,3200
5414,3200
460,3201
460,3202
460,3203
1882,3203
460,3204
6797,3204
460,3205
460,3206
460,3207
3022,3207
5659,3207
460,3208
2772,3208
3793,3208
6512,3208
6819,3208
460,3209
460,3210
460,3211
461,3212
1155,3212
1436,3212
6145,3212
6448,3212
7071,3212
7631,3212
7632,3212
461,3213
495,3213
1145,3213
1265,3213
3928,3213
5134,3213
461,3214
1617,3214
1817,3214
4991,3214
6953,3214
8530,3214
461,3215
7987,3215
7988,3215
461,3216
461,3217
461,3218
462,3219
462,3220
462,3221
462,3222
462,3223
462,3224
462,3225
462,3226
462,3227
462,3228
462,3229
462,3230
464,3231
464,3232
464,3233
4521,3233
464,3234
464,3235
464,3236
464,3237
464,3238
465,3239
1839,3239
6201,3239
465,3240
1586,3240
4519,3240
5253,3240
6683,3240
7817,3240
7869,3240
8075,3240
8076,3240
8513,3240
8755,3240
465,3241
4374,3241
465,3242
575,3242
579,3242
3388,3242
5837,3242
5865,3242
5877,3242
6544,3242
8604,3242
465,3243
487,3243
4534,3243
4785,3243
6182,3243
6306,3243
6798,3243
7263,3243
7950,3243
8255,3243
8396,3243
8642,3243
465,3244
3552,3244
6100,3244
8355,3244
8559,3244
465,3245
465,3246
3390,3246
3775,3246
4096,3246
6316,3246
8399,3246
465,3247
2059,3247
2096,3247
3118,3247
468,3248
4168,3248
8051,3248
8769,3248
469,3249
469,3250
469,3251
469,3252
469,3253
469,3254
469,3255
469,3256
469,3257
470,3258
4795,3258
470,3259
816,3259
1363,3259
1901,3259
2378,3259
4293,3259
5186,3259
6699,3259
470,3260
600,3260
1621,3260
5853,3260
8010,3260
470,3261
2823,3261
470,3262
1436,3262
2802,3262
6112,3262
7019,3262
470,3263
1949,3263
470,3264
470,3265
5382,3265
471,3266
730,3266
731,3266
889,3266
913,3266
976,3266
1029,3266
1263,3266
1288,3266
1503,3266
1554,3266
8438,3266
471,3267
663,3267
730,3267
731,3267
889,3267
913,3267
976,3267
1029,3267
1219,3267
1263,3267
1288,3267
1472,3267
1554,3267
1861,3267
3004,3267
3795,3267
4977,3267
8438,3267
472,3268
472,3269
472,3270
506,3270
2124,3270
2333,3270
2422,3270
2883,3270
2939,3270
3210,3270
6748,3270
472,3271
555,3271
795,3271
472,3272
1234,3272
1312,3272
2210,3272
2232,3272
2352,3272
473,3273
473,3274
4372,3274
4853,3274
5064,3274
5381,3274
5801,3274
473,3275
473,3276
473,3277
473,3278
5937,3278
475,3279
1811,3279
3477,3279
6013,3279
7585,3279
8289,3279
8512,3279
8805,3279
475,3280
880,3280
1336,3280
2935,3280
2944,3280
8694,3280
8765,3280
475,3281
1880,3281
5821,3281
5880,3281
475,3282
476,3283
476,3284
477,3284
476,3285
476,3286
476,3287
476,3288
476,3289
476,3290
476,3291
477,3292
477,3293
477,3294
477,3295
477,3296
478,3297
6951,3297
8325,3297
8518,3297
478,3298
478,3299
8337,3299
478,3300
478,3301
831,3301
4664,3301
5981,3301
478,3302
4834,3302
479,3303
479,3304
479,3305
479,3306
479,3307
479,3308
480,3309
3291,3309
480,3310
480,3311
5253,3311
481,3312
2478,3312
481,3313
502,3313
899,3313
2655,3313
2832,3313
3179,3313
5964,3313
481,3314
1087,3314
2538,3314
481,3315
481,3316
1195,3316
2049,3316
3172,3316
481,3317
2049,3317
481,3318
481,3319
481,3320
1195,3320
1897,3320
2124,3320
2148,3320
482,3321
482,3322
482,3323
5741,3323
482,3324
2554,3324
482,3325
482,3326
3096,3326
482,3327
482,3328
1600,3328
482,3329
482,3330
483,3331
1291,3331
6584,3331
7725,3331
7856,3331
484,3332
484,3333
484,3334
484,3335
484,3336
484,3337
484,3338
484,3339
484,3340
484,3341
485,3342
486,3343
486,3344
486,3345
486,3346
6281,3346
487,3347
1834,3347
2635,3347
4167,3347
5649,3347
6711,3347
6736,3347
8305,3347
8467,3347
8638,3347
487,3348
493,3348
2030,3348
2386,3348
5227,3348
5312,3348
5420,3348
487,3349
7241,3349
487,3350
5651,3350
487,3351
812,3351
1582,3351
1697,3351
1758,3351
1759,3351
1760,3351
2178,3351
3230,3351
3346,3351
3456,3351
3457,3351
3585,3351
3770,3351
3910,3351
4142,3351
4324,3351
4535,3351
4641,3351
4880,3351
5242,3351
5302,3351
6241,3351
6535,3351
7099,3351
7332,3351
487,3352
488,3353
1433,3353
4468,3353
5533,3353
8706,3353
488,3354
670,3354
1560,3354
488,3355
2956,3355
3374,3355
4890,3355
5773,3355
8425,3355
8706,3355
488,3356
488,3357
488,3358
488,3359
488,3360
488,3361
488,3362
488,3363
488,3364
1387,3364
489,3365
489,3366
963,3366
8487,3366
489,3367
4935,3367
6936,3367
489,3368
489,3369
677,3369
7856,3369
489,3370
489,3371
490,3372
2539,3372
2557,3372
490,3373
2404,3373
490,3374
490,3375
490,3376
490,3377
490,3378
490,3379
490,3380
490,3381
492,3382
1122,3382
3364,3382
4479,3382
6066,3382
6148,3382
6791,3382
7524,3382
492,3383
5228,3383
7988,3383
492,3384
5319,3384
492,3385
492,3386
492,3387
584,3387
1264,3387
2143,3387
3038,3387
3236,3387
5346,3387
5901,3387
7392,3387
8502,3387
492,3388
3498,3388
5870,3388
6580,3388
492,3389
3046,3389
492,3390
492,3391
493,3392
1242,3392
493,3393
2106,3393
2261,3393
3828,3393
4617,3393
5359,3393
5720,3393
6955,3393
7015,3393
7205,3393
7453,3393
8088,3393
8326,3393
493,3394
8656,3394
493,3395
493,3396
775,3396
3323,3396
493,3397
493,3398
493,3399
493,3400
4059,3400
4360,3400
494,3401
494,3402
494,3403
494,3404
3436,3404
494,3405
494,3406
734,3406
494,3407
494,3408
1964,3408
3099,3408
3721,3408
3725,3408
3729,3408
494,3409
494,3410
3665,3410
4532,3410
495,3411
567,3411
5882,3411
6037,3411
6843,3411
7211,3411
8106,3411
8211,3411
8805,3411
495,3412
777,3412
7639,3412
7640,3412
495,3413
2403,3413
495,3414
495,3415
2909,3415
495,3416
497,3417
1136,3417
497,3418
1781,3418
497,3419
497,3420
497,3421
1811,3421
497,3422
497,3423
5173,3423
6316,3423
497,3424
497,3425
8004,3425
499,3426
1897,3426
2494,3426
2608,3426
2689,3426
2939,3426
3113,3426
3116,3426
3153,3426
3179,3426
3180,3426
6748,3426
8298,3426
499,3427
7742,3427
499,3428
499,3429
499,3430
499,3431
499,3432
499,3433
499,3434
499,3435
501,3436
501,3437
501,3438
501,3439
501,3440
501,3441
501,3442
501,3443
501,3444
501,3445
501,3446
501,3447
502,3448
795,3448
2165,3448
502,3449
2196,3449
3094,3449
3114,3449
502,3450
555,3450
502,3451
502,3452
502,3453
503,3454
3115,3454
3116,3454
3141,3454
503,3455
1312,3455
1726,3455
2148,3455
2349,3455
2514,3455
2655,3455
3145,3455
6468,3455
7739,3455
503,3456
503,3457
504,3458
7958,3458
504,3459
504,3460
4351,3460
504,3461
504,3462
6705,3462
504,3463
1327,3463
504,3464
504,3465
504,3466
2654,3466
504,3467
505,3468
1013,3468
3808,3468
505,3469
3707,3469
3755,3469
505,3470
505,3471
505,3472
505,3473
1599,3473
505,3474
505,3475
3047,3475
7085,3475
8395,3475
505,3476
505,3477
505,3478
506,3479
506,3480
650,3480
506,3481
650,3481
705,3481
506,3482
506,3483
1100,3483
506,3484
650,3484
506,3485
506,3486
507,3487
507,3488
6110,3488
8065,3488
507,3489
507,3490
508,3491
689,3491
1312,3491
508,3492
1087,3492
1777,3492
2478,3492
508,3493
828,3493
1383,3493
2974,3493
3114,3493
3155,3493
508,3494
508,3495
857,3495
508,3496
2514,3496
3179,3496
3180,3496
508,3497
508,3498
508,3499
509,3500
509,3501
509,3502
509,3503
509,3504
532,3504
3850,3504
3852,3504
5350,3504
510,3505
619,3505
1445,3505
2862,3505
3836,3505
5124,3505
5138,3505
5176,3505
5256,3505
5760,3505
6094,3505
6172,3505
510,3506
5138,3506
5760,3506
511,3507
1333,3507
3305,3507
511,3508
511,3509
511,3510
511,3511
511,3512
511,3513
511,3514
1066,3514
8081,3514
511,3515
6932,3515
511,3516
511,3517
511,3518
511,3519
511,3520
511,3521
511,3522
3324,3522
511,3523
6193,3523
7685,3523
511,3524
1066,3524
511,3525
513,3526
513,3527
513,3528
513,3529
513,3530
513,3531
513,3532
514,3533
8506,3533
514,3534
514,3535
6805,3535
514,3536
6143,3536
7582,3536
8498,3536
514,3537
965,3537
6070,3537
8535,3537
8694,3537
515,3538
4933,3538
5150,3538
6561,3538
8358,3538
515,3539
515,3540
515,3541
515,3542
516,3543
516,3544
1493,3544
516,3545
516,3546
516,3547
516,3548
516,3549
516,3550
516,3551
517,3552
517,3553
2195,3553
517,3554
517,3555
517,3556
3258,3556
4030,3556
517,3557
2924,3557
517,3558
517,3559
517,3560
3362,3560
3690,3560
517,3561
517,3562
517,3563
517,3564
3287,3564
517,3565
517,3566
517,3567
517,3568
518,3569
518,3570
518,3571
1563,3571
5883,3571
518,3572
518,3573
5263,3573
5857,3573
518,3574
518,3575
518,3576
518,3577
518,3578
518,3579
518,3580
5155,3580
518,3581
3302,3581
4743,3581
518,3582
518,3583
518,3584
519,3585
2291,3585
2340,3585
4336,3585
4562,3585
4738,3585
5218,3585
7239,3585
8000,3585
519,3586
7408,3586
519,3587
1870,3587
3531,3587
519,3588
519,3589
519,3590
2736,3590
4693,3590
521,3591
5614,3591
5863,3591
521,3592
2106,3592
4971,3592
521,3593
619,3593
719,3593
764,3593
1695,3593
2657,3593
5060,3593
5614,3593
5880,3593
6626,3593
7540,3593
521,3594
1617,3594
2460,3594
5756,3594
6467,3594
6929,3594
7908,3594
521,3595
818,3595
521,3596
521,3597
3663,3597
3836,3597
4795,3597
4961,3597
5614,3597
5863,3597
522,3598
2308,3598
522,3599
522,3600
522,3601
522,3602
522,3603
524,3604
6147,3604
6880,3604
524,3605
1992,3605
3039,3605
8686,3605
524,3606
7598,3606
8096,3606
8669,3606
524,3607
590,3607
5207,3607
5611,3607
524,3608
4295,3608
8294,3608
8370,3608
524,3609
790,3609
524,3610
524,3611
781,3611
524,3612
5366,3612
524,3613
4405,3613
4533,3613
524,3614
2969,3614
7483,3614
524,3615
524,3616
524,3617
524,3618
2629,3618
4998,3618
7224,3618
524,3619
524,3620
7759,3620
8734,3620
524,3621
525,3622
2451,3622
5844,3622
525,3623
768,3623
2451,3623
2479,3623
525,3624
2451,3624
525,3625
525,3626
525,3627
525,3628
525,3629
525,3630
525,3631
525,3632
525,3633
684,3633
1965,3633
525,3634
525,3635
525,3636
525,3637
525,3638
525,3639
525,3640
2451,3640
525,3641
2451,3641
2971,3641
525,3642
525,3643
2451,3643
525,3644
2451,3644
525,3645
1177,3645
2451,3645
3302,3645
5328,3645
525,3646
2451,3646
7465,3646
525,3647
1274,3647
2451,3647
525,3648
3902,3648
525,3649
643,3649
1177,3649
526,3650
2555,3650
3346,3650
3645,3650
4365,3650
4590,3650
4591,3650
4718,3650
5161,3650
5238,3650
5302,3650
5321,3650
5423,3650
5735,3650
5774,3650
5776,3650
6243,3650
7332,3650
7542,3650
7543,3650
8103,3650
526,3651
4142,3651
4365,3651
4590,3651
4591,3651
4880,3651
5238,3651
5774,3651
6235,3651
6236,3651
6241,3651
7332,3651
7542,3651
7543,3651
526,3652
812,3652
1582,3652
2178,3652
3209,3652
3230,3652
3456,3652
3457,3652
3585,3652
3693,3652
3910,3652
4324,3652
4365,3652
4535,3652
4590,3652
4591,3652
4641,3652
5238,3652
5423,3652
5735,3652
5774,3652
5776,3652
7542,3652
7543,3652
8103,3652
526,3653
4365,3653
5238,3653
5774,3653
6241,3653
6242,3653
7542,3653
7543,3653
8582,3653
526,3654
714,3654
4590,3654
5302,3654
5774,3654
6236,3654
6238,3654
6240,3654
6241,3654
7022,3654
7542,3654
527,3655
4964,3655
5386,3655
527,3656
4659,3656
4991,3656
5246,3656
527,3657
8175,3657
527,3658
527,3659
527,3660
1794,3660
1855,3660
527,3661
884,3661
1301,3661
2965,3661
2984,3661
527,3662
1453,3662
3102,3662
4143,3662
527,3663
527,3664
527,3665
6588,3665
527,3666
7033,3666
8225,3666
527,3667
2091,3667
527,3668
645,3668
2391,3668
2772,3668
5073,3668
527,3669
527,3670
527,3671
1301,3671
6797,3671
527,3672
6303,3672
6593,3672
7588,3672
8587,3672
527,3673
6799,3673
527,3674
527,3675
1817,3675
527,3676
528,3677
528,3678
528,3679
528,3680
528,3681
529,3682
3199,3682
4557,3682
4577,3682
529,3683
529,3684
529,3685
7388,3685
529,3686
529,3687
529,3688
529,3689
530,3690
530,3691
530,3692
530,3693
2367,3693
530,3694
2366,3694
2374,3694
2377,3694
530,3695
530,3696
2367,3696
4023,3696
4031,3696
531,3697
531,3698
531,3699
856,3699
1219,3699
2030,3699
3325,3699
531,3700
531,3701
532,3702
3385,3702
4527,3702
5260,3702
7474,3702
532,3703
3848,3703
532,3704
532,3705
532,3706
532,3707
532,3708
7724,3708
533,3709
1478,3709
3239,3709
6797,3709
533,3710
1368,3710
4312,3710
4318,3710
533,3711
533,3712
533,3713
533,3714
533,3715
7194,3715
533,3716
533,3717
533,3718
8299,3718
533,3719
5488,3719
5773,3719
7062,3719
533,3720
5646,3720
534,3721
534,3722
4208,3722
534,3723
1611,3723
4496,3723
5084,3723
7271,3723
8671,3723
534,3724
6060,3724
534,3725
577,3725
1036,3725
2778,3725
534,3726
534,3727
8235,3727
534,3728
534,3729
4642,3729
534,3730
535,3731
2052,3731
2392,3731
2476,3731
2533,3731
2559,3731
6829,3731
6830,3731
8050,3731
535,3732
2476,3732
2559,3732
535,3733
2476,3733
2559,3733
535,3734
2476,3734
2559,3734
535,3735
2476,3735
2559,3735
535,3736
2476,3736
2559,3736
535,3737
2559,3737
536,3738
536,3739
536,3740
536,3741
4623,3741
536,3742
536,3743
2379,3743
537,3744
537,3745
537,3746
537,3747
537,3748
537,3749
6627,3749
537,3750
537,3751
537,3752
537,3753
538,3754
2146,3754
5263,3754
5857,3754
538,3755
2146,3755
5263,3755
5857,3755
538,3756
2146,3756
5263,3756
5857,3756
538,3757
2146,3757
5263,3757
5857,3757
538,3758
2146,3758
5263,3758
5857,3758
538,3759
2146,3759
539,3760
539,3761
539,3762
539,3763
4958,3763
539,3764
539,3765
2980,3765
539,3766
539,3767
2951,3767
539,3768
539,3769
539,3770
3525,3770
539,3771
539,3772
540,3773
540,3774
540,3775
540,3776
2795,3776
540,3777
540,3778
540,3779
541,3780
1552,3780
541,3781
541,3782
541,3783
790,3783
541,3784
541,3785
541,3786
541,3787
541,3788
542,3789
1229,3789
2266,3789
2535,3789
3791,3789
4103,3789
4589,3789
5442,3789
6547,3789
542,3790
7993,3790
542,3791
6655,3791
6913,3791
7145,3791
7903,3791
542,3792
3567,3792
4886,3792
5779,3792
6315,3792
7899,3792
8640,3792
542,3793
2793,3793
542,3794
542,3795
7095,3795
7924,3795
543,3796
543,3797
5221,3797
5297,3797
5304,3797
5401,3797
5462,3797
5482,3797
543,3798
2739,3798
5397,3798
543,3799
5462,3799
543,3800
543,3801
544,3802
544,3803
544,3804
879,3804
544,3805
879,3805
544,3806
879,3806
4650,3806
544,3807
7007,3807
8292,3807
544,3808
544,3809
1110,3809
545,3810
545,3811
545,3812
545,3813
545,3814
545,3815
545,3816
545,3817
1298,3817
2357,3817
545,3818
545,3819
6383,3819
6385,3819
7917,3819
546,3820
1153,3820
2963,3820
7289,3820
546,3821
4408,3821
546,3822
734,3822
1041,3822
2963,3822
5175,3822
5660,3822
5754,3822
5854,3822
546,3823
1027,3823
2786,3823
2910,3823
4115,3823
5175,3823
5830,3823
6240,3823
6828,3823
8006,3823
8007,3823
8008,3823
8715,3823
546,3824
5233,3824
6239,3824
546,3825
5299,3825
7628,3825
8798,3825
547,3826
3417,3826
3610,3826
547,3827
1626,3827
547,3828
2453,3828
547,3829
547,3830
3361,3830
547,3831
547,3832
547,3833
1297,3833
547,3834
547,3835
3610,3835
547,3836
547,3837
547,3838
547,3839
1297,3839
547,3840
547,3841
547,3842
547,3843
547,3844
547,3845
547,3846
548,3847
548,3848
2385,3848
548,3849
548,3850
548,3851
548,3852
548,3853
548,3854
4689,3854
548,3855
5157,3855
548,3856
548,3857
3050,3857
7508,3857
548,3858
549,3859
549,3860
576,3860
1349,3860
2378,3860
7205,3860
8543,3860
549,3861
549,3862
549,3863
549,3864
549,3865
799,3865
1030,3865
1879,3865
6723,3865
549,3866
4528,3866
549,3867
585,3867
2471,3867
549,3868
1895,3868
2172,3868
2418,3868
2799,3868
3109,3868
3562,3868
5278,3868
7287,3868
8452,3868
549,3869
8615,3869
549,3870
1786,3870
551,3871
552,3872
2271,3872
3569,3872
3570,3872
3571,3872
3617,3872
552,3873
975,3873
1870,3873
1978,3873
2031,3873
3049,3873
3133,3873
552,3874
1983,3874
1987,3874
552,3875
1674,3875
2187,3875
5008,3875
6670,3875
552,3876
553,3877
610,3877
553,3878
7254,3878
553,3879
553,3880
4316,3880
553,3881
553,3882
553,3883
553,3884
553,3885
554,3886
554,3887
554,3888
554,3889
554,3890
554,3891
554,3892
554,3893
554,3894
554,3895
555,3896
555,3897
3216,3897
555,3898
555,3899
555,3900
3172,3900
555,3901
555,3902
1383,3902
2049,3902
2919,3902
556,3903
4092,3903
8187,3903
556,3904
4922,3904
8180,3904
556,3905
5675,3905
6958,3905
7071,3905
8669,3905
556,3906
2678,3906
5416,3906
556,3907
3224,3907
5148,3907
6022,3907
6312,3907
7632,3907
8185,3907
556,3908
867,3908
1089,3908
1198,3908
1244,3908
1711,3908
2792,3908
8342,3908
556,3909
6323,3909
6841,3909
7417,3909
8615,3909
556,3910
1014,3910
1702,3910
2678,3910
5103,3910
6883,3910
7457,3910
7961,3910
556,3911
556,3912
6566,3912
556,3913
556,3914
994,3914
557,3915
3612,3915
557,3916
3309,3916
3612,3916
3781,3916
3866,3916
557,3917
557,3918
557,3919
715,3919
4494,3919
557,3920
1529,3920
557,3921
558,3922
607,3922
829,3922
948,3922
1794,3922
2305,3922
3779,3922
6186,3922
6885,3922
7079,3922
7283,3922
8353,3922
8442,3922
8638,3922
558,3923
1155,3923
1996,3923
5168,3923
6446,3923
558,3924
1436,3924
3022,3924
6984,3924
558,3925
1119,3925
3188,3925
4978,3925
558,3926
558,3927
558,3928
558,3929
2059,3929
2095,3929
2096,3929
3118,3929
7477,3929
558,3930
6211,3930
7637,3930
559,3931
559,3932
559,3933
5151,3933
559,3934
559,3935
559,3936
559,3937
559,3938
559,3939
560,3940
1066,3940
2998,3940
7088,3940
7890,3940
8723,3940
560,3941
8072,3941
8107,3941
560,3942
560,3943
7424,3943
8474,3943
560,3944
1141,3944
6416,3944
560,3945
560,3946
6723,3946
560,3947
8767,3947
560,3948
562,3949
563,3949
564,3949
2903,3949
4291,3949
4479,3949
4549,3949
6640,3949
8407,3949
562,3950
3908,3950
8455,3950
562,3951
563,3951
564,3951
2073,3951
3795,3951
5060,3951
6415,3951
6985,3951
8777,3951
562,3952
563,3952
564,3952
7331,3952
562,3953
563,3953
564,3953
5324,3953
562,3954
563,3954
564,3954
3443,3954
6116,3954
6844,3954
7014,3954
8325,3954
562,3955
564,3955
5156,3955
5881,3955
8357,3955
8407,3955
562,3956
1762,3956
4201,3956
5921,3956
563,3957
564,3957
7712,3957
563,3958
819,3958
6656,3958
8725,3958
563,3959
563,3960
563,3961
7736,3961
563,3962
564,3962
598,3962
2331,3962
2642,3962
3501,3962
6050,3962
6426,3962
7122,3962
8088,3962
8102,3962
8131,3962
8446,3962
564,3963
565,3963
2053,3963
2295,3963
5446,3963
6998,3963
7146,3963
7962,3963
564,3964
2576,3964
3338,3964
7015,3964
7710,3964
8366,3964
8558,3964
565,3965
951,3965
1763,3965
2837,3965
7478,3965
8273,3965
8297,3965
8446,3965
565,3966
6117,3966
6261,3966
8107,3966
8285,3966
8402,3966
565,3967
813,3967
2057,3967
5536,3967
6201,3967
6380,3967
6541,3967
6914,3967
7639,3967
7640,3967
8616,3967
566,3968
5082,3968
566,3969
566,3970
566,3971
566,3972
566,3973
566,3974
567,3975
952,3975
2903,3975
4291,3975
6448,3975
6744,3975
6827,3975
7547,3975
8221,3975
8336,3975
567,3976
1084,3976
3966,3976
4617,3976
6019,3976
6448,3976
567,3977
574,3977
575,3977
4829,3977
5858,3977
6448,3977
6512,3977
7198,3977
7242,3977
8456,3977
8595,3977
567,3978
600,3978
2396,3978
2906,3978
6332,3978
6626,3978
6819,3978
7507,3978
7952,3978
567,3979
567,3980
568,3980
4541,3980
7563,3980
567,3981
1930,3981
5091,3981
6448,3981
6807,3981
567,3982
5156,3982
5265,3982
5881,3982
8131,3982
8609,3982
567,3983
1122,3983
1577,3983
2408,3983
2868,3983
5880,3983
6344,3983
6448,3983
6584,3983
7962,3983
568,3984
902,3984
1140,3984
8381,3984
568,3985
605,3985
943,3985
1541,3985
2768,3985
3477,3985
3771,3985
4463,3985
6187,3985
6494,3985
7794,3985
7965,3985
8149,3985
568,3986
4038,3986
4652,3986
8260,3986
568,3987
6534,3987
6867,3987
7524,3987
8285,3987
8436,3987
8604,3987
568,3988
6563,3988
6879,3988
568,3989
6147,3989
8638,3989
568,3990
569,3991
569,3992
569,3993
4066,3993
569,3994
569,3995
8107,3995
570,3996
570,3997
570,3998
570,3999
570,4000
570,4001
570,4002
570,4003
570,4004
570,4005
570,4006
570,4007
6817,4007
571,4008
7824,4008
571,4009
1856,4009
3876,4009
4331,4009
4338,4009
4339,4009
4343,4009
4402,4009
4500,4009
8585,4009
571,4010
571,4011
6718,4011
8577,4011
571,4012
6606,4012
571,4013
571,4014
3835,4014
3876,4014
4331,4014
4334,4014
7053,4014
7304,4014
7998,4014
8585,4014
571,4015
3879,4015
7641,4015
571,4016
571,4017
572,4018
572,4019
572,4020
572,4021
572,4022
572,4023
572,4024
572,4025
572,4026
572,4027
572,4028
572,4029
572,4030
572,4031
2320,4031
573,4032
7598,4032
8248,4032
573,4033
4263,4033
5207,4033
573,4034
965,4034
3775,4034
6923,4034
573,4035
574,4036
575,4036
1255,4036
1613,4036
2586,4036
3692,4036
5228,4036
5858,4036
7242,4036
8102,4036
574,4037
1448,4037
5124,4037
6537,4037
7006,4037
8346,4037
574,4038
575,4038
3650,4038
7242,4038
7243,4038
7824,4038
7901,4038
8033,4038
8308,4038
8310,4038
8516,4038
8541,4038
8793,4038
574,4039
575,4039
2642,4039
3692,4039
4657,4039
4846,4039
5820,4039
5858,4039
5886,4039
7242,4039
7440,4039
7444,4039
7635,4039
574,4040
3692,4040
5858,4040
8416,4040
576,4041
909,4041
1241,4041
2147,4041
4080,4041
6253,4041
7516,4041
8506,4041
576,4042
576,4043
576,4044
576,4045
741,4045
3222,4045
576,4046
2295,4046
5346,4046
576,4047
577,4048
3044,4048
5557,4048
6423,4048
6959,4048
8321,4048
8618,4048
8655,4048
577,4049
1053,4049
6959,4049
577,4050
1114,4050
1583,4050
2251,4050
4063,4050
4929,4050
7970,4050
577,4051
2554,4051
4906,4051
577,4052
8399,4052
577,4053
5753,4053
577,4054
5100,4054
5650,4054
577,4055
2554,4055
6212,4055
6867,4055
577,4056
577,4057
577,4058
2043,4058
4835,4058
6984,4058
8553,4058
577,4059
577,4060
2677,4060
3101,4060
577,4061
578,4062
1570,4062
2801,4062
578,4063
1570,4063
578,4064
578,4065
578,4066
2801,4066
578,4067
578,4068
1921,4068
578,4069
1921,4069
578,4070
2801,4070
579,4071
3488,4071
5048,4071
6544,4071
8159,4071
579,4072
2452,4072
6206,4072
579,4073
579,4074
579,4075
579,4076
582,4076
934,4076
1016,4076
8197,4076
579,4077
2520,4077
8159,4077
579,4078
579,4079
1958,4079
580,4080
580,4081
580,4082
580,4083
4961,4083
5659,4083
6212,4083
6213,4083
6434,4083
7253,4083
8225,4083
8415,4083
580,4084
580,4085
6344,4085
580,4086
580,4087
582,4088
582,4089
1354,4089
582,4090
1460,4090
8765,4090
582,4091
582,4092
582,4093
582,4094
582,4095
582,4096
1354,4096
583,4097
719,4097
3754,4097
4318,4097
6807,4097
7902,4097
8220,4097
8227,4097
583,4098
4657,4098
4922,4098
7516,4098
8037,4098
8191,4098
8220,4098
583,4099
5521,4099
7517,4099
8513,4099
583,4100
800,4100
970,4100
583,4101
738,4101
3097,4101
583,4102
2173,4102
3081,4102
3795,4102
3828,4102
5880,4102
6055,4102
6153,4102
7317,4102
7563,4102
583,4103
873,4103
7678,4103
583,4104
1907,4104
2116,4104
2702,4104
4219,4104
7516,4104
583,4105
1214,4105
1349,4105
2541,4105
5888,4105
584,4106
7075,4106
7214,4106
584,4107
6000,4107
6186,4107
6795,4107
584,4108
950,4108
6018,4108
6446,4108
8518,4108
584,4109
2106,4109
3836,4109
3928,4109
5541,4109
5762,4109
7921,4109
8069,4109
584,4110
663,4110
6066,4110
8443,4110
584,4111
7316,4111
585,4112
741,4112
585,4113
4940,4113
6227,4113
6656,4113
585,4114
8379,4114
585,4115
2074,4115
7963,4115
585,4116
585,4117
1454,4117
585,4118
585,4119
8038,4119
8129,4119
585,4120
4635,4120
5682,4120
5801,4120
6154,4120
6155,4120
6222,4120
6477,4120
6551,4120
585,4121
2509,4121
585,4122
5346,4122
585,4123
7768,4123
586,4124
7733,4124
8083,4124
586,4125
1161,4125
4876,4125
6494,4125
6885,4125
7271,4125
8254,4125
586,4126
1260,4126
3224,4126
4472,4126
586,4127
1845,4127
5345,4127
586,4128
2228,4128
5662,4128
586,4129
809,4129
3098,4129
3826,4129
6643,4129
586,4130
994,4130
587,4131
6144,4131
8336,4131
587,4132
793,4132
8803,4132
587,4133
1397,4133
3443,4133
4853,4133
4991,4133
5303,4133
6446,4133
7098,4133
8581,4133
587,4134
587,4135
587,4136
587,4137
587,4138
587,4139
587,4140
588,4141
1850,4141
8726,4141
588,4142
694,4142
6824,4142
588,4143
2118,4143
588,4144
3949,4144
588,4145
588,4146
1497,4146
2931,4146
6400,4146
588,4147
3444,4147
3949,4147
6017,4147
588,4148
2118,4148
588,4149
588,4150
1091,4150
1270,4150
588,4151
589,4152
589,4153
589,4154
589,4155
589,4156
590,4157
1176,4157
6428,4157
6610,4157
6867,4157
7550,4157
7810,4157
8565,4157
8604,4157
590,4158
5414,4158
590,4159
590,4160
590,4161
1218,4161
1360,4161
3970,4161
7392,4161
7509,4161
7967,4161
590,4162
803,4162
1699,4162
4993,4162
8669,4162
590,4163
590,4164
4387,4164
590,4165
591,4166
772,4166
3721,4166
3725,4166
3729,4166
5096,4166
591,4167
772,4167
1909,4167
3342,4167
5232,4167
6828,4167
7218,4167
591,4168
772,4168
2063,4168
2800,4168
4745,4168
591,4169
772,4169
1187,4169
2137,4169
3738,4169
3871,4169
5093,4169
6902,4169
591,4170
772,4170
1045,4170
1092,4170
2699,4170
2775,4170
5299,4170
6828,4170
591,4171
772,4171
1052,4171
2775,4171
3334,4171
3717,4171
591,4172
592,4173
829,4173
1301,4173
5114,4173
6212,4173
6213,4173
6978,4173
7443,4173
7444,4173
7667,4173
8470,4173
8743,4173
592,4174
747,4174
780,4174
4292,4174
592,4175
592,4176
2057,4176
6978,4176
592,4177
592,4178
6768,4178
592,4179
592,4180
8711,4180
592,4181
592,4182
593,4183
800,4183
2011,4183
3006,4183
4290,4183
4291,4183
5036,4183
6883,4183
7052,4183
8196,4183
8283,4183
593,4184
1511,4184
2456,4184
3775,4184
593,4185
1084,4185
1265,4185
2011,4185
2810,4185
4290,4185
5036,4185
5103,4185
6504,4185
6955,4185
593,4186
6843,4186
593,4187
593,4188
8446,4188
593,4189
4870,4189
6040,4189
7453,4189
593,4190
593,4191
2480,4191
3239,4191
5303,4191
8264,4191
594,4192
4865,4192
5989,4192
6897,4192
7952,4192
7961,4192
594,4193
826,4193
6223,4193
6370,4193
594,4194
594,4195
6562,4195
594,4196
2381,4196
2573,4196
594,4197
2719,4197
4206,4197
6953,4197
8806,4197
594,4198
594,4199
2957,4199
4493,4199
5631,4199
595,4200
4405,4200
5346,4200
5694,4200
5901,4200
6066,4200
6425,4200
6750,4200
6957,4200
595,4201
1702,4201
1765,4201
1932,4201
1933,4201
4121,4201
5418,4201
5694,4201
5829,4201
595,4202
5065,4202
6635,4202
6916,4202
8581,4202
595,4203
619,4203
3518,4203
3552,4203
5694,4203
7392,4203
7892,4203
8185,4203
595,4204
740,4204
1802,4204
6306,4204
6928,4204
6929,4204
595,4205
826,4205
5849,4205
6323,4205
6501,4205
8533,4205
595,4206
5694,4206
595,4207
2312,4207
4043,4207
5253,4207
5683,4207
6349,4207
6613,4207
6779,4207
6876,4207
7712,4207
8237,4207
8459,4207
595,4208
1397,4208
1794,4208
3686,4208
7019,4208
7518,4208
596,4209
8111,4209
596,4210
1585,4210
8111,4210
596,4211
2642,4211
3017,4211
4479,4211
6187,4211
8111,4211
596,4212
4043,4212
5283,4212
7462,4212
8111,4212
597,4213
1472,4213
2830,4213
2837,4213
3601,4213
3836,4213
4451,4213
5284,4213
7407,4213
597,4214
1690,4214
597,4215
1924,4215
3498,4215
4851,4215
7015,4215
597,4216
3296,4216
597,4217
1839,4217
5127,4217
5317,4217
5386,4217
5607,4217
6303,4217
6943,4217
597,4218
2173,4218
6373,4218
597,4219
597,4220
598,4221
936,4221
1843,4221
2121,4221
2583,4221
2861,4221
3535,4221
4939,4221
8139,4221
598,4222
909,4222
2030,4222
2147,4222
5227,4222
5378,4222
6626,4222
7516,4222
598,4223
668,4223
1102,4223
1730,4223
1794,4223
5756,4223
6081,4223
7148,4223
7827,4223
8038,4223
599,4224
1500,4224
1814,4224
2678,4224
5734,4224
5882,4224
6879,4224
7639,4224
7640,4224
8421,4224
8449,4224
8665,4224
599,4225
6233,4225
599,4226
599,4227
599,4228
599,4229
599,4230
599,4231
599,4232
4950,4232
600,4233
2710,4233
2908,4233
4875,4233
7033,4233
7730,4233
7827,4233
600,4234
3390,4234
6068,4234
600,4235
1410,4235
5359,4235
5450,4235
6634,4235
600,4236
1702,4236
6136,4236
6848,4236
8704,4236
600,4237
1586,4237
2755,4237
5953,4237
8543,4237
600,4238
600,4239
601,4240
831,4240
3296,4240
3828,4240
4619,4240
6172,4240
6249,4240
6944,4240
8188,4240
601,4241
798,4241
817,4241
943,4241
1550,4241
7457,4241
601,4242
8019,4242
601,4243
1958,4243
8221,4243
8527,4243
601,4244
601,4245
601,4246
601,4247
1611,4247
602,4248
603,4248
604,4248
1449,4248
5698,4248
602,4249
603,4249
604,4249
1769,4249
602,4250
603,4250
604,4250
1449,4250
7050,4250
602,4251
604,4251
602,4252
603,4252
1449,4252
602,4253
602,4254
603,4255
603,4256
603,4257
603,4258
603,4259
603,4260
603,4261
604,4262
604,4263
604,4264
604,4265
604,4266
605,4267
1060,4267
5960,4267
6136,4267
6549,4267
7507,4267
8129,4267
8421,4267
605,4268
829,4268
1583,4268
3022,4268
3906,4268
7417,4268
7516,4268
7866,4268
605,4269
605,4270
947,4270
605,4271
8403,4271
605,4272
613,4272
1191,4272
4971,4272
605,4273
1028,4273
2424,4273
7582,4273
605,4274
606,4275
4592,4275
6155,4275
6222,4275
7198,4275
7199,4275
606,4276
6223,4276
606,4277
2961,4277
606,4278
606,4279
4379,4279
5607,4279
5678,4279
6144,4279
606,4280
7211,4280
606,4281
606,4282
606,4283
5756,4283
606,4284
606,4285
606,4286
606,4287
616,4287
2260,4287
4843,4287
6261,4287
7126,4287
606,4288
606,4289
606,4290
606,4291
607,4292
2861,4292
3453,4292
3906,4292
607,4293
1699,4293
607,4294
8370,4294
8669,4294
607,4295
607,4296
5802,4296
608,4297
611,4297
8237,4297
8427,4297
8768,4297
608,4298
608,4299
608,4300
608,4301
608,4302
608,4303
609,4304
948,4304
2898,4304
4025,4304
5954,4304
6451,4304
7122,4304
8252,4304
609,4305
971,4305
609,4306
1538,4306
3224,4306
5103,4306
6053,4306
6883,4306
7171,4306
7516,4306
7962,4306
7963,4306
8069,4306
8072,4306
8214,4306
609,4307
780,4307
7072,4307
8300,4307
609,4308
955,4308
4876,4308
5005,4308
5173,4308
5573,4308
5934,4308
7431,4308
7983,4308
609,4309
6885,4309
609,4310
5720,4310
609,4311
2864,4311
6333,4311
6501,4311
6683,4311
7137,4311
7817,4311
8453,4311
609,4312
610,4313
1470,4313
1486,4313
2861,4313
6338,4313
6447,4313
6634,4313
6744,4313
8139,4313
8357,4313
8495,4313
8617,4313
8643,4313
8783,4313
610,4314
1625,4314
3019,4314
6201,4314
7079,4314
7287,4314
8052,4314
8053,4314
8617,4314
610,4315
777,4315
7726,4315
610,4316
1459,4316
5150,4316
8321,4316
610,4317
6334,4317
610,4318
610,4319
610,4320
611,4321
612,4321
6498,4321
8096,4321
611,4322
611,4323
613,4323
1486,4323
3909,4323
6187,4323
6819,4323
611,4324
611,4325
611,4326
5033,4326
611,4327
2406,4327
7858,4327
611,4328
613,4328
2208,4328
612,4329
1797,4329
2980,4329
8262,4329
8669,4329
612,4330
5638,4330
612,4331
1060,4331
612,4332
7343,4332
612,4333
612,4334
1363,4334
613,4335
4502,4335
7327,4335
613,4336
613,4337
613,4338
613,4339
613,4340
2060,4340
613,4341
7778,4341
614,4342
3214,4342
614,4343
2388,4343
2993,4343
614,4344
614,4345
2388,4345
614,4346
2388,4346
614,4347
614,4348
614,4349
614,4350
614,4351
614,4352
614,4353
614,4354
615,4355
1538,4355
7756,4355
615,4356
682,4356
1538,4356
1665,4356
1702,4356
4043,4356
6189,4356
615,4357
615,4358
1359,4358
3392,4358
8054,4358
615,4359
615,4360
615,4361
1255,4361
615,4362
615,4363
615,4364
637,4364
615,4365
615,4366
615,4367
615,4368
5739,4368
7324,4368
616,4369
1030,4369
3147,4369
4429,4369
5330,4369
6378,4369
6844,4369
7198,4369
8637,4369
616,4370
799,4370
927,4370
5545,4370
6541,4370
616,4371
616,4372
7723,4372
616,4373
616,4374
947,4374
617,4375
8246,4375
617,4376
3867,4376
617,4377
3938,4377
617,4378
3170,4378
3526,4378
5160,4378
5342,4378
7629,4378
8386,4378
617,4379
1699,4379
1776,4379
617,4380
5268,4380
7140,4380
7355,4380
617,4381
6116,4381
6886,4381
8339,4381
617,4382
4534,4382
618,4383
618,4384
618,4385
618,4386
618,4387
618,4388
3492,4388
619,4389
1591,4389
2260,4389
2455,4389
2810,4389
5176,4389
8037,4389
619,4390
2694,4390
7045,4390
619,4391
619,4392
4185,4392
620,4393
620,4394
3131,4394
620,4395
620,4396
620,4397
620,4398
620,4399
620,4400
620,4401
622,4402
622,4403
622,4404
623,4405
825,4405
3836,4405
4325,4405
4627,4405
8704,4405
623,4406
1198,4406
3038,4406
5176,4406
6058,4406
623,4407
4179,4407
8381,4407
623,4408
1291,4408
2394,4408
4633,4408
5206,4408
623,4409
7987,4409
7988,4409
623,4410
623,4411
1958,4411
623,4412
8277,4412
623,4413
7126,4413
624,4414
624,4415
1566,4415
1631,4415
2913,4415
3192,4415
3573,4415
624,4416
624,4417
4070,4417
4076,4417
624,4418
4039,4418
8445,4418
625,4419
625,4420
625,4421
625,4422
625,4423
625,4424
625,4425
625,4426
625,4427
2914,4427
626,4428
626,4429
626,4430
626,4431
626,4432
626,4433
626,4434
626,4435
626,4436
626,4437
626,4438
626,4439
626,4440
626,4441
626,4442
626,4443
626,4444
626,4445
7144,4445
628,4446
628,4447
628,4448
629,4449
1884,4449
629,4450
1884,4450
629,4451
1884,4451
629,4452
1396,4452
1759,4452
1884,4452
3693,4452
4365,4452
4880,4452
5145,4452
5423,4452
5735,4452
5752,4452
5776,4452
6244,4452
6349,4452
7750,4452
8601,4452
629,4453
1697,4453
1884,4453
4142,4453
8601,4453
629,4454
812,4454
1582,4454
2178,4454
2555,4454
3230,4454
3456,4454
3457,4454
3585,4454
3910,4454
4142,4454
4324,4454
4535,4454
4641,4454
5641,4454
6240,4454
6241,4454
7543,4454
630,4455
3214,4455
630,4456
6784,4456
630,4457
7479,4457
630,4458
630,4459
630,4460
631,4461
2904,4461
5474,4461
5943,4461
6206,4461
7078,4461
7639,4461
7640,4461
631,4462
905,4462
4096,4462
4783,4462
5127,4462
5160,4462
5342,4462
5474,4462
8494,4462
631,4463
1622,4463
3348,4463
4096,4463
4643,4463
5471,4463
6092,4463
7475,4463
8042,4463
8085,4463
8459,4463
8655,4463
631,4464
6736,4464
8526,4464
631,4465
1880,4465
3170,4465
4292,4465
5649,4465
6081,4465
6331,4465
6338,4465
6582,4465
6881,4465
6950,4465
7864,4465
8459,4465
631,4466
631,4467
5212,4467
631,4468
6340,4468
7584,4468
7866,4468
631,4469
632,4470
779,4470
844,4470
1041,4470
1042,4470
1187,4470
1300,4470
1386,4470
1929,4470
2063,4470
2463,4470
3020,4470
3089,4470
3099,4470
3174,4470
3337,4470
3724,4470
4209,4470
4244,4470
4629,4470
4770,4470
5078,4470
5293,4470
5294,4470
5477,4470
5564,4470
5748,4470
5864,4470
7156,4470
632,4471
2427,4471
2599,4471
2855,4471
4244,4471
5170,4471
5477,4471
632,4472
640,4472
3785,4472
4244,4472
4532,4472
4629,4472
632,4473
1386,4473
2067,4473
2715,4473
2775,4473
2946,4473
3717,4473
3742,4473
3774,4473
4244,4473
5564,4473
633,4474
633,4475
633,4476
633,4477
633,4478
636,4478
1825,4478
633,4479
633,4480
633,4481
633,4482
742,4482
634,4483
634,4484
634,4485
635,4486
636,4487
636,4488
1826,4488
636,4489
1830,4489
1833,4489
636,4490
636,4491
636,4492
636,4493
3856,4493
636,4494
636,4495
637,4496
1388,4496
1398,4496
1468,4496
1813,4496
2378,4496
4386,4496
6475,4496
6493,4496
6827,4496
7157,4496
7165,4496
7671,4496
7958,4496
637,4497
5441,4497
637,4498
1047,4498
5992,4498
637,4499
7203,4499
637,4500
638,4501
2270,4501
2290,4501
2588,4501
4458,4501
4560,4501
4680,4501
4724,4501
4732,4501
4861,4501
6074,4501
6290,4501
6473,4501
7116,4501
7381,4501
7899,4501
638,4502
1674,4502
2270,4502
3033,4502
4422,4502
638,4503
1674,4503
2285,4503
3140,4503
3912,4503
3914,4503
4256,4503
4421,4503
4424,4503
4450,4503
4452,4503
4457,4503
4584,4503
4726,4503
6036,4503
6169,4503
7734,4503
7822,4503
8000,4503
8268,4503
8684,4503
638,4504
1473,4504
3136,4504
3269,4504
4702,4504
638,4505
4701,4505
7463,4505
638,4506
1898,4506
638,4507
2446,4507
3127,4507
4576,4507
5136,4507
7790,4507
8607,4507
638,4508
2834,4508
638,4509
4670,4509
638,4510
1973,4510
1977,4510
2290,4510
6077,4510
7338,4510
638,4511
1674,4511
3037,4511
4432,4511
6204,4511
6473,4511
7065,4511
638,4512
638,4513
638,4514
638,4515
3805,4515
5022,4515
638,4516
1020,4516
1022,4516
1166,4516
3700,4516
4791,4516
5008,4516
5041,4516
5456,4516
6301,4516
6568,4516
7401,4516
639,4517
3239,4517
5614,4517
6916,4517
7045,4517
7730,4517
8255,4517
639,4518
3556,4518
639,4519
640,4520
640,4521
640,4522
640,4523
640,4524
5835,4524
640,4525
2063,4525
640,4526
3174,4526
640,4527
640,4528
2063,4528
2659,4528
2775,4528
5096,4528
5179,4528
5749,4528
5750,4528
640,4529
640,4530
844,4530
2587,4530
2775,4530
4209,4530
4770,4530
4863,4530
5078,4530
5097,4530
5293,4530
5748,4530
640,4531
640,4532
3563,4532
5096,4532
641,4533
641,4534
641,4535
641,4536
641,4537
641,4538
641,4539
641,4540
1154,4540
1906,4540
7092,4540
641,4541
641,4542
2612,4542
4959,4542
641,4543
641,4544
643,4545
2920,4545
3902,4545
4743,4545
643,4546
2067,4546
2603,4546
3433,4546
643,4547
4764,4547
5570,4547
643,4548
643,4549
2298,4549
643,4550
4357,4550
643,4551
643,4552
643,4553
643,4554
1686,4554
5328,4554
643,4555
4753,4555
8695,4555
643,4556
2920,4556
643,4557
644,4558
1155,4558
4690,4558
5890,4558
6272,4558
6624,4558
6627,4558
6703,4558
6984,4558
7329,4558
8378,4558
8494,4558
8532,4558
8616,4558
644,4559
644,4560
722,4560
1525,4560
2177,4560
2378,4560
2763,4560
2961,4560
4029,4560
5833,4560
6227,4560
8421,4560
644,4561
644,4562
644,4563
7753,4563
644,4564
644,4565
1842,4565
2022,4565
2962,4565
4525,4565
4659,4565
4991,4565
5801,4565
6502,4565
6537,4565
6584,4565
7752,4565
7947,4565
8467,4565
8552,4565
645,4566
1436,4566
2744,4566
2837,4566
3257,4566
4757,4566
5785,4566
5920,4566
7057,4566
645,4567
1390,4567
5810,4567
6805,4567
645,4568
1471,4568
1802,4568
3828,4568
4463,4568
7031,4568
645,4569
645,4570
645,4571
645,4572
645,4573
645,4574
3038,4574
5346,4574
647,4575
1841,4575
2649,4575
3347,4575
5535,4575
7990,4575
647,4576
2649,4576
3347,4576
3458,4576
5535,4576
5541,4576
6707,4576
647,4577
2401,4577
647,4578
2008,4578
2649,4578
3347,4578
3460,4578
647,4579
2649,4579
3347,4579
4371,4579
4903,4579
5744,4579
647,4580
3105,4580
647,4581
3347,4581
3981,4581
647,4582
3047,4582
647,4583
647,4584
6653,4584
647,4585
2873,4585
647,4586
1393,4586
7841,4586
647,4587
1271,4587
647,4588
4910,4588
647,4589
647,4590
647,4591
3347,4591
647,4592
648,4593
648,4594
648,4595
648,4596
648,4597
649,4598
3865,4598
650,4599
2301,4599
650,4600
705,4600
650,4601
650,4602
650,4603
650,4604
650,4605
651,4606
4253,4606
651,4607
651,4608
651,4609
3557,4609
3839,4609
652,4610
653,4610
757,4610
1108,4610
4215,4610
6468,4610
652,4611
653,4611
652,4612
653,4612
3168,4612
652,4613
653,4613
652,4614
653,4614
652,4615
653,4615
652,4616
653,4616
652,4617
653,4617
652,4618
653,4618
652,4619
653,4619
652,4620
653,4620
652,4621
653,4621
655,4622
656,4622
655,4623
656,4623
655,4624
656,4624
2956,4624
655,4625
656,4625
655,4626
656,4626
655,4627
656,4627
655,4628
655,4629
656,4630
656,4631
656,4632
656,4633
657,4634
657,4635
657,4636
658,4637
659,4638
1175,4638
1211,4638
3475,4638
659,4639
1584,4639
3853,4639
659,4640
1299,4640
659,4641
659,4642
660,4643
660,4644
7738,4644
660,4645
660,4646
2528,4646
660,4647
3250,4647
8575,4647
660,4648
8575,4648
660,4649
660,4650
660,4651
708,4651
660,4652
6336,4652
660,4653
660,4654
660,4655
660,4656
661,4657
709,4657
6936,4657
661,4658
661,4659
1198,4659
5011,4659
661,4660
1880,4660
661,4661
2702,4661
661,4662
5580,4662
8637,4662
661,4663
662,4664
5503,4664
662,4665
662,4666
662,4667
2009,4667
662,4668
662,4669
662,4670
662,4671
2359,4671
662,4672
662,4673
4361,4673
662,4674
6503,4674
662,4675
662,4676
5365,4676
7192,4676
663,4677
4971,4677
663,4678
8243,4678
663,4679
663,4680
663,4681
663,4682
663,4683
6580,4683
664,4684
4872,4684
664,4685
664,4686
664,4687
5012,4687
664,4688
664,4689
664,4690
5775,4690
664,4691
666,4692
666,4693
666,4694
666,4695
666,4696
666,4697
666,4698
666,4699
666,4700
667,4701
667,4702
774,4702
1569,4702
667,4703
667,4704
667,4705
667,4706
1569,4706
2334,4706
667,4707
667,4708
667,4709
667,4710
668,4711
668,4712
668,4713
2386,4713
668,4714
668,4715
668,4716
668,4717
668,4718
668,4719
668,4720
2758,4720
8073,4720
668,4721
5865,4721
7864,4721
668,4722
2004,4722
2080,4722
5064,4722
5424,4722
7717,4722
668,4723
6391,4723
669,4724
1809,4724
2875,4724
4853,4724
7137,4724
7400,4724
8054,4724
669,4725
1583,4725
3635,4725
3793,4725
4292,4725
6163,4725
6380,4725
669,4726
3775,4726
4080,4726
5126,4726
669,4727
6148,4727
8717,4727
669,4728
669,4729
669,4730
669,4731
2592,4731
5114,4731
5334,4731
5471,4731
670,4732
2294,4732
3435,4732
3587,4732
670,4733
4068,4733
4125,4733
670,4734
2977,4734
5444,4734
670,4735
670,4736
4676,4736
7701,4736
670,4737
4068,4737
4903,4737
670,4738
5059,4738
670,4739
670,4740
670,4741
670,4742
670,4743
670,4744
670,4745
670,4746
670,4747
3588,4747
671,4748
672,4748
673,4748
690,4748
2427,4748
2741,4748
671,4749
672,4749
673,4749
690,4749
1042,4749
4634,4749
7907,4749
671,4750
672,4750
690,4750
671,4751
672,4751
673,4751
690,4751
671,4752
672,4752
690,4752
671,4753
672,4753
690,4753
671,4754
672,4754
690,4754
671,4755
672,4755
690,4755
671,4756
690,4756
7156,4756
672,4757
673,4757
2741,4757
672,4758
4862,4758
673,4759
1540,4759
673,4760
3729,4760
673,4761
673,4762
2445,4762
2775,4762
673,4763
2789,4763
673,4764
674,4765
675,4766
7946,4766
675,4767
675,4768
802,4768
944,4768
1702,4768
1798,4768
8457,4768
675,4769
1060,4769
6446,4769
8345,4769
8617,4769
8806,4769
675,4770
1751,4770
7956,4770
675,4771
675,4772
675,4773
675,4774
675,4775
1845,4775
7946,4775
675,4776
676,4777
676,4778
677,4779
3867,4779
677,4780
7471,4780
8325,4780
677,4781
2598,4781
3927,4781
8439,4781
677,4782
792,4782
677,4783
1394,4783
2934,4783
677,4784
5566,4784
677,4785
8645,4785
677,4786
677,4787
677,4788
677,4789
8334,4789
677,4790
677,4791
6815,4791
677,4792
3189,4792
677,4793
8439,4793
677,4794
8727,4794
677,4795
797,4795
677,4796
5765,4796
6004,4796
6618,4796
677,4797
6189,4797
7126,4797
8257,4797
678,4798
1888,4798
6656,4798
6883,4798
7580,4798
678,4799
1097,4799
1617,4799
1888,4799
4624,4799
6467,4799
7205,4799
7725,4799
8765,4799
678,4800
1888,4800
678,4801
1888,4801
678,4802
1263,4802
1276,4802
1888,4802
678,4803
1888,4803
678,4804
1888,4804
678,4805
1888,4805
5333,4805
6035,4805
7999,4805
679,4806
1219,4806
2364,4806
2425,4806
5114,4806
8671,4806
679,4807
738,4807
966,4807
2581,4807
4653,4807
679,4808
1704,4808
679,4809
2364,4809
6338,4809
6714,4809
6819,4809
6887,4809
680,4810
7215,4810
8654,4810
680,4811
4030,4811
680,4812
3258,4812
8545,4812
680,4813
680,4814
680,4815
680,4816
680,4817
1068,4817
680,4818
680,4819
681,4820
681,4821
681,4822
5156,4822
682,4823
1637,4823
682,4824
682,4825
4263,4825
5616,4825
8083,4825
682,4826
682,4827
682,4828
682,4829
1794,4829
2420,4829
3476,4829
5942,4829
6777,4829
7723,4829
682,4830
682,4831
682,4832
6416,4832
682,4833
682,4834
3108,4834
6226,4834
7483,4834
683,4835
683,4836
683,4837
684,4838
997,4838
684,4839
684,4840
2479,4840
684,4841
684,4842
684,4843
684,4844
684,4845
684,4846
684,4847
1964,4847
684,4848
5071,4848
684,4849
685,4850
4381,4850
4881,4850
685,4851
698,4851
1433,4851
685,4852
716,4852
726,4852
685,4853
685,4854
707,4854
1560,4854
685,4855
716,4855
685,4856
698,4856
1841,4856
4067,4856
4260,4856
685,4857
707,4857
716,4857
686,4858
1472,4858
1687,4858
2979,4858
3953,4858
4122,4858
5536,4858
6584,4858
6722,4858
7179,4858
7180,4858
7181,4858
8502,4858
686,4859
4034,4859
4822,4859
5580,4859
5888,4859
7019,4859
7427,4859
7475,4859
7794,4859
686,4860
1158,4860
4122,4860
4269,4860
686,4861
3800,4861
3904,4861
686,4862
3478,4862
686,4863
2383,4863
2940,4863
3686,4863
5201,4863
7299,4863
8394,4863
8698,4863
686,4864
687,4865
3613,4865
4092,4865
687,4866
3614,4866
4780,4866
687,4867
687,4868
3612,4868
687,4869
687,4870
6402,4870
687,4871
3289,4871
3474,4871
687,4872
688,4873
4347,4873
688,4874
688,4875
1191,4875
1459,4875
4405,4875
4533,4875
4627,4875
8248,4875
8615,4875
688,4876
904,4876
974,4876
1377,4876
6976,4876
7438,4876
7681,4876
688,4877
7163,4877
689,4878
1382,4878
2232,4878
2422,4878
2478,4878
2907,4878
689,4879
689,4880
689,4881
899,4881
1382,4881
1383,4881
1777,4881
691,4882
2920,4882
691,4883
691,4884
3020,4884
691,4885
1132,4885
691,4886
2066,4886
691,4887
691,4888
1563,4888
2067,4888
692,4889
692,4890
692,4891
692,4892
692,4893
692,4894
692,4895
692,4896
693,4897
5384,4897
693,4898
4773,4898
693,4899
693,4900
693,4901
693,4902
693,4903
693,4904
693,4905
693,4906
694,4907
2392,4907
2532,4907
2533,4907
2650,4907
694,4908
1497,4908
6017,4908
694,4909
1415,4909
1497,4909
2118,4909
694,4910
694,4911
2392,4911
2533,4911
6387,4911
694,4912
1851,4912
694,4913
694,4914
3071,4914
6185,4914
6689,4914
8318,4914
8473,4914
694,4915
2118,4915
695,4916
695,4917
696,4918
696,4919
696,4920
697,4921
6245,4921
6317,4921
6936,4921
697,4922
697,4923
697,4924
697,4925
697,4926
697,4927
697,4928
697,4929
697,4930
699,4931
1031,4931
699,4932
1785,4932
3994,4932
4165,4932
4469,4932
700,4933
700,4934
700,4935
2803,4935
700,4936
700,4937
5723,4937
700,4938
700,4939
2825,4939
701,4940
4629,4940
701,4941
2599,4941
2804,4941
2855,4941
3337,4941
3342,4941
3717,4941
3827,4941
701,4942
779,4942
2063,4942
3667,4942
4209,4942
4770,4942
5078,4942
5477,4942
5564,4942
701,4943
1386,4943
3737,4943
701,4944
844,4944
1300,4944
1386,4944
1909,4944
2137,4944
2599,4944
2775,4944
2946,4944
2999,4944
3056,4944
3099,4944
3104,4944
3220,4944
3342,4944
3665,4944
3697,4944
3724,4944
3785,4944
3871,4944
4209,4944
4275,4944
4770,4944
5078,4944
5293,4944
5294,4944
5477,4944
5655,4944
5748,4944
7156,4944
7218,4944
7377,4944
701,4945
701,4946
4275,4946
701,4947
701,4948
701,4949
2181,4949
3667,4949
701,4950
2775,4950
3737,4950
702,4951
702,4952
702,4953
702,4954
702,4955
702,4956
702,4957
703,4958
1621,4958
2940,4958
3022,4958
3066,4958
5048,4958
703,4959
1901,4959
2908,4959
3735,4959
5212,4959
5319,4959
7307,4959
703,4960
6331,4960
6501,4960
7482,4960
8282,4960
8466,4960
703,4961
3228,4961
704,4962
704,4963
2618,4963
6071,4963
704,4964
2361,4964
704,4965
704,4966
2622,4966
704,4967
704,4968
704,4969
1212,4969
704,4970
973,4970
3424,4970
704,4971
982,4971
996,4971
2606,4971
2613,4971
2621,4971
6905,4971
6909,4971
7916,4971
8683,4971
705,4972
705,4973
705,4974
705,4975
705,4976
705,4977
705,4978
706,4979
706,4980
707,4981
726,4981
707,4982
8344,4982
707,4983
707,4984
708,4985
3689,4985
6508,4985
708,4986
708,4987
708,4988
708,4989
3258,4989
7644,4989
7645,4989
708,4990
708,4991
708,4992
708,4993
709,4994
1200,4994
1500,4994
1665,4994
3894,4994
5204,4994
5657,4994
7990,4994
709,4995
921,4995
709,4996
854,4996
1649,4996
3380,4996
4822,4996
6504,4996
709,4997
2471,4997
4940,4997
6227,4997
709,4998
2260,4998
5631,4998
5779,4998
709,4999
6187,4999
6779,4999
709,5000
710,5001
710,5002
710,5003
2466,5003
710,5004
710,5005
710,5006
710,5007
710,5008
710,5009
710,5010
710,5011
4979,5011
710,5012
4431,5012
712,5013
6872,5013
712,5014
3095,5014
712,5015
712,5016
2405,5016
712,5017
2320,5017
712,5018
712,5019
2697,5019
4356,5019
712,5020
1004,5020
712,5021
841,5021
712,5022
712,5023
1572,5023
713,5024
713,5025
713,5026
713,5027
713,5028
713,5029
2856,5029
713,5030
714,5031
1097,5031
1842,5031
4512,5031
6535,5031
714,5032
2107,5032
714,5033
714,5034
714,5035
1758,5035
2555,5035
3247,5035
5270,5035
6240,5035
7099,5035
714,5036
2555,5036
6094,5036
714,5037
3770,5037
4512,5037
4590,5037
4591,5037
5238,5037
5774,5037
7542,5037
7543,5037
8601,5037
715,5038
715,5039
715,5040
715,5041
717,5042
717,5043
717,5044
717,5045
717,5046
717,5047
718,5048
1456,5048
718,5049
968,5049
718,5050
718,5051
5206,5051
718,5052
718,5053
718,5054
719,5055
5993,5055
719,5056
1486,5056
1541,5056
7006,5056
719,5057
5446,5057
5986,5057
6814,5057
6846,5057
719,5058
867,5058
7309,5058
8751,5058
719,5059
720,5060
720,5061
720,5062
720,5063
720,5064
720,5065
720,5066
3556,5066
721,5067
1506,5067
721,5068
1506,5068
721,5069
1506,5069
721,5070
1506,5070
722,5071
740,5071
2177,5071
2763,5071
2875,5071
6610,5071
722,5072
2177,5072
2763,5072
722,5073
2177,5073
2763,5073
7986,5073
722,5074
2177,5074
2763,5074
722,5075
2177,5075
2763,5075
722,5076
2177,5076
2763,5076
4940,5076
722,5077
2177,5077
2763,5077
722,5078
2177,5078
2763,5078
722,5079
2177,5079
2763,5079
8645,5079
724,5080
2080,5080
5809,5080
726,5081
4755,5081
5239,5081
5598,5081
727,5082
1788,5082
727,5083
1788,5083
727,5084
1788,5084
727,5085
1788,5085
729,5086
5278,5086
729,5087
5422,5087
6459,5087
6805,5087
8326,5087
729,5088
775,5088
3763,5088
729,5089
729,5090
2131,5090
729,5091
732,5092
2632,5092
4327,5092
732,5093
732,5094
732,5095
732,5096
732,5097
732,5098
3463,5098
732,5099
732,5100
732,5101
732,5102
732,5103
732,5104
732,5105
732,5106
732,5107
732,5108
732,5109
732,5110
732,5111
1484,5111
3359,5111
733,5112
733,5113
734,5114
1984,5114
5175,5114
734,5115
734,5116
734,5117
734,5118
1121,5118
734,5119
734,5120
734,5121
734,5122
1254,5122
735,5123
735,5124
8483,5124
735,5125
735,5126
6609,5126
735,5127
2695,5127
735,5128
4744,5128
735,5129
735,5130
736,5131
2941,5131
736,5132
4560,5132
736,5133
736,5134
737,5135
737,5136
737,5137
737,5138
737,5139
737,5140
737,5141
737,5142
3510,5142
3982,5142
4455,5142
7239,5142
737,5143
737,5144
737,5145
4562,5145
4733,5145
7558,5145
738,5146
1566,5146
1603,5146
1733,5146
4047,5146
4076,5146
738,5147
1979,5147
738,5148
738,5149
5166,5149
6307,5149
6535,5149
7253,5149
738,5150
1041,5150
1865,5150
4635,5150
4652,5150
4817,5150
5644,5150
5866,5150
7022,5150
740,5151
2901,5151
740,5152
3193,5152
4657,5152
8296,5152
740,5153
1516,5153
1861,5153
740,5154
2460,5154
740,5155
966,5155
741,5156
3584,5156
3752,5156
5025,5156
5332,5156
6040,5156
7956,5156
741,5157
1849,5157
3752,5157
6040,5157
8029,5157
741,5158
944,5158
3310,5158
4490,5158
6040,5158
741,5159
2005,5159
4761,5159
741,5160
2758,5160
5329,5160
741,5161
2073,5161
6040,5161
7956,5161
741,5162
1260,5162
2635,5162
4037,5162
5566,5162
6447,5162
6928,5162
7087,5162
741,5163
742,5164
742,5165
742,5166
742,5167
742,5168
742,5169
742,5170
742,5171
742,5172
743,5173
743,5174
743,5175
743,5176
743,5177
743,5178
743,5179
743,5180
744,5181
1586,5181
5426,5181
6760,5181
744,5182
744,5183
2228,5183
744,5184
744,5185
744,5186
2065,5186
2125,5186
744,5187
744,5188
6643,5188
6645,5188
745,5189
4884,5189
745,5190
745,5191
745,5192
746,5193
746,5194
746,5195
746,5196
746,5197
746,5198
746,5199
747,5200
1402,5200
2829,5200
3609,5200
3904,5200
8382,5200
747,5201
747,5202
4656,5202
5322,5202
747,5203
4296,5203
7685,5203
747,5204
7010,5204
7027,5204
748,5205
1195,5205
748,5206
828,5206
1087,5206
2148,5206
2232,5206
2382,5206
2974,5206
3157,5206
3167,5206
7449,5206
748,5207
828,5207
748,5208
748,5209
748,5210
748,5211
748,5212
750,5213
788,5213
905,5213
2130,5213
6213,5213
6280,5213
751,5214
751,5215
751,5216
8178,5216
751,5217
2236,5217
3981,5217
751,5218
751,5219
2105,5219
751,5220
751,5221
752,5222
753,5223
2363,5223
2412,5223
4829,5223
6875,5223
8679,5223
753,5224
2383,5224
2467,5224
5114,5224
7517,5224
753,5225
4473,5225
6926,5225
753,5226
2823,5226
4630,5226
5283,5226
5837,5226
6033,5226
753,5227
753,5228
5810,5228
753,5229
4908,5229
8255,5229
754,5230
754,5231
3299,5231
3553,5231
754,5232
754,5233
2094,5233
3889,5233
754,5234
3553,5234
754,5235
754,5236
754,5237
754,5238
754,5239
755,5240
1291,5240
2596,5240
2788,5240
4263,5240
6610,5240
6635,5240
6794,5240
7003,5240
755,5241
1035,5241
5761,5241
755,5242
3909,5242
4269,5242
4320,5242
6885,5242
755,5243
7152,5243
755,5244
3775,5244
755,5245
1614,5245
1699,5245
755,5246
2935,5246
4964,5246
6661,5246
6717,5246
6958,5246
755,5247
933,5247
8616,5247
755,5248
756,5249
757,5250
757,5251
757,5252
2689,5252
3157,5252
757,5253
757,5254
757,5255
2240,5255
758,5256
998,5256
1887,5256
3574,5256
3939,5256
6095,5256
6342,5256
6811,5256
6812,5256
6813,5256
7301,5256
7302,5256
7571,5256
7572,5256
7573,5256
7748,5256
7749,5256
8215,5256
8354,5256
8412,5256
758,5257
759,5258
4221,5258
759,5259
759,5260
1487,5260
2057,5260
2460,5260
4875,5260
6663,5260
6807,5260
7691,5260
759,5261
6793,5261
6885,5261
759,5262
759,5263
759,5264
759,5265
5207,5265
7392,5265
7623,5265
8199,5265
759,5266
759,5267
759,5268
763,5269
3475,5269
763,5270
1662,5270
763,5271
764,5272
925,5272
1546,5272
6114,5272
764,5273
1960,5273
3754,5273
764,5274
3066,5274
764,5275
764,5276
1737,5276
764,5277
765,5278
2047,5278
765,5279
2047,5279
765,5280
2047,5280
765,5281
2047,5281
5119,5281
765,5282
2047,5282
765,5283
2047,5283
765,5284
2047,5284
765,5285
766,5286
766,5287
2865,5287
4117,5287
766,5288
7858,5288
766,5289
766,5290
5596,5290
6329,5290
766,5291
4755,5291
766,5292
766,5293
767,5294
5343,5294
768,5295
768,5296
768,5297
768,5298
768,5299
3020,5299
768,5300
768,5301
768,5302
768,5303
769,5304
769,5305
769,5306
769,5307
769,5308
6600,5308
769,5309
769,5310
769,5311
769,5312
769,5313
769,5314
771,5315
772,5316
844,5316
3138,5316
3240,5316
5610,5316
772,5317
2775,5317
3589,5317
5232,5317
772,5318
772,5319
3563,5319
772,5320
1909,5320
3342,5320
4992,5320
772,5321
772,5322
772,5323
773,5324
773,5325
5530,5325
773,5326
773,5327
773,5328
773,5329
773,5330
774,5331
4934,5331
774,5332
774,5333
774,5334
1535,5334
3995,5334
774,5335
775,5336
2383,5336
3870,5336
8019,5336
8315,5336
775,5337
2691,5337
775,5338
776,5339
776,5340
776,5341
5961,5341
8450,5341
8761,5341
776,5342
4892,5342
6477,5342
7953,5342
776,5343
776,5344
776,5345
776,5346
4805,5346
776,5347
776,5348
776,5349
777,5350
6754,5350
6755,5350
7122,5350
7858,5350
8280,5350
777,5351
2408,5351
777,5352
8043,5352
777,5353
777,5354
6066,5354
777,5355
2318,5355
2969,5355
7058,5355
777,5356
7794,5356
777,5357
777,5358
777,5359
778,5360
778,5361
778,5362
778,5363
778,5364
778,5365
778,5366
778,5367
778,5368
778,5369
779,5370
2715,5370
3774,5370
4132,5370
4537,5370
779,5371
3785,5371
4390,5371
5170,5371
5237,5371
5299,5371
779,5372
2775,5372
779,5373
2463,5373
3341,5373
4390,5373
5237,5373
779,5374
779,5375
2176,5375
2959,5375
3520,5375
5864,5375
7218,5375
8278,5375
779,5376
779,5377
779,5378
780,5379
789,5379
813,5379
1200,5379
1839,5379
4043,5379
6355,5379
6424,5379
6809,5379
6894,5379
6910,5379
7044,5379
7803,5379
8526,5379
780,5380
1538,5380
1704,5380
4774,5380
6326,5380
7702,5380
7752,5380
8262,5380
8671,5380
780,5381
3788,5381
5103,5381
5203,5381
5720,5381
6323,5381
6883,5381
7643,5381
7858,5381
8182,5381
780,5382
780,5383
7211,5383
780,5384
2597,5384
6640,5384
780,5385
780,5386
780,5387
6699,5387
781,5388
781,5389
781,5390
781,5391
781,5392
781,5393
1507,5393
1508,5393
2808,5393
2912,5393
781,5394
783,5395
783,5396
6579,5396
8645,5396
8751,5396
783,5397
783,5398
7171,5398
783,5399
783,5400
783,5401
783,5402
783,5403
1060,5403
1436,5403
3107,5403
5126,5403
5208,5403
5513,5403
784,5404
784,5405
784,5406
784,5407
784,5408
784,5409
784,5410
784,5411
784,5412
784,5413
785,5414
3771,5414
6444,5414
6549,5414
8149,5414
785,5415
785,5416
785,5417
6193,5417
6932,5417
785,5418
785,5419
2481,5419
4687,5419
4965,5419
4966,5419
4967,5419
5016,5419
5017,5419
5019,5419
5020,5419
5881,5419
6942,5419
785,5420
785,5421
785,5422
787,5423
3726,5423
6323,5423
7712,5423
8668,5423
8753,5423
8765,5423
787,5424
809,5424
1134,5424
787,5425
813,5425
1107,5425
1836,5425
5833,5425
6823,5425
7203,5425
7327,5425
787,5426
6459,5426
787,5427
2755,5427
4971,5427
5208,5427
8616,5427
787,5428
1625,5428
7854,5428
787,5429
4405,5429
6880,5429
7157,5429
8085,5429
787,5430
1609,5430
787,5431
787,5432
2065,5432
2840,5432
3826,5432
788,5433
7411,5433
8308,5433
8695,5433
788,5434
6723,5434
788,5435
867,5435
1861,5435
3732,5435
4448,5435
6723,5435
7004,5435
7033,5435
7209,5435
8273,5435
8382,5435
788,5436
1370,5436
4296,5436
4991,5436
788,5437
6723,5437
788,5438
3616,5438
6512,5438
788,5439
788,5440
788,5441
3920,5441
789,5442
810,5442
1457,5442
2908,5442
6791,5442
6798,5442
8227,5442
789,5443
902,5443
8312,5443
789,5444
6354,5444
6377,5444
8076,5444
789,5445
5295,5445
789,5446
5295,5446
789,5447
789,5448
1617,5448
1880,5448
2713,5448
4913,5448
5880,5448
6007,5448
6819,5448
7009,5448
7056,5448
7518,5448
8076,5448
789,5449
6261,5449
8506,5449
8725,5449
790,5450
1704,5450
3158,5450
4543,5450
5207,5450
7128,5450
7400,5450
7413,5450
8675,5450
790,5451
3775,5451
4706,5451
7489,5451
8488,5451
790,5452
6610,5452
6867,5452
790,5453
2745,5453
3598,5453
790,5454
4974,5454
5753,5454
7598,5454
790,5455
3598,5455
8303,5455
790,5456
3583,5456
5160,5456
5342,5456
790,5457
5717,5457
790,5458
2980,5458
6923,5458
790,5459
790,5460
7664,5460
790,5461
1699,5461
3291,5461
3583,5461
4706,5461
6316,5461
7275,5461
790,5462
1699,5462
790,5463
790,5464
1371,5464
1815,5464
4706,5464
8292,5464
790,5465
1059,5465
790,5466
7865,5466
790,5467
790,5468
790,5469
790,5470
1204,5470
4706,5470
791,5471
791,5472
792,5473
6110,5473
8758,5473
792,5474
7203,5474
8523,5474
792,5475
866,5475
4318,5475
8201,5475
8416,5475
8417,5475
792,5476
792,5477
2746,5477
792,5478
792,5479
792,5480
792,5481
7237,5481
792,5482
792,5483
792,5484
792,5485
792,5486
792,5487
792,5488
792,5489
6818,5489
792,5490
792,5491
792,5492
792,5493
792,5494
1047,5494
792,5495
792,5496
792,5497
792,5498
793,5499
8516,5499
793,5500
8119,5500
793,5501
7044,5501
793,5502
2635,5502
6124,5502
6138,5502
793,5503
1112,5503
1468,5503
6444,5503
7936,5503
793,5504
793,5505
1114,5505
793,5506
794,5507
953,5507
5994,5507
6807,5507
794,5508
1140,5508
7287,5508
794,5509
1080,5509
794,5510
794,5511
4534,5511
6551,5511
7443,5511
8220,5511
794,5512
794,5513
798,5513
6416,5513
8149,5513
794,5514
7204,5514
794,5515
794,5516
5952,5516
795,5517
1726,5517
2832,5517
3408,5517
795,5518
795,5519
1383,5519
5531,5519
795,5520
796,5521
5332,5521
796,5522
2995,5522
5103,5522
796,5523
6303,5523
6519,5523
8466,5523
796,5524
2696,5524
2788,5524
2810,5524
5176,5524
5441,5524
6226,5524
7453,5524
8394,5524
796,5525
830,5525
2053,5525
3928,5525
796,5526
2260,5526
5614,5526
7205,5526
797,5527
797,5528
797,5529
797,5530
7237,5530
797,5531
797,5532
1139,5532
5334,5532
7582,5532
797,5533
5720,5533
797,5534
797,5535
798,5536
2315,5536
6172,5536
6910,5536
8723,5536
798,5537
1291,5537
5547,5537
798,5538
8558,5538
798,5539
935,5539
1053,5539
2396,5539
3170,5539
8083,5539
8313,5539
798,5540
798,5541
798,5542
799,5543
799,5544
6844,5544
7016,5544
799,5545
799,5546
799,5547
6777,5547
800,5548
1855,5548
1907,5548
2157,5548
3458,5548
3753,5548
4752,5548
4822,5548
5322,5548
800,5549
800,5550
2673,5550
3188,5550
5426,5550
6380,5550
7593,5550
800,5551
5658,5551
801,5552
801,5553
801,5554
801,5555
2892,5555
801,5556
801,5557
801,5558
801,5559
801,5560
801,5561
802,5562
1129,5562
1141,5562
1937,5562
3310,5562
3718,5562
4046,5562
5330,5562
6723,5562
6844,5562
8030,5562
802,5563
802,5564
802,5565
802,5566
802,5567
802,5568
802,5569
4978,5569
802,5570
803,5571
5383,5571
8465,5571
803,5572
829,5572
1154,5572
4320,5572
7508,5572
803,5573
1179,5573
3870,5573
5837,5573
6610,5573
803,5574
803,5575
1495,5575
2691,5575
8695,5575
803,5576
4083,5576
803,5577
803,5578
803,5579
804,5580
3089,5580
3342,5580
5232,5580
804,5581
804,5582
805,5583
6164,5583
805,5584
805,5585
805,5586
805,5587
805,5588
805,5589
805,5590
805,5591
805,5592
806,5593
806,5594
885,5594
806,5595
806,5596
806,5597
806,5598
3794,5598
806,5599
807,5600
807,5601
1131,5601
1248,5601
1256,5601
1968,5601
807,5602
807,5603
807,5604
807,5605
1248,5605
1256,5605
807,5606
808,5607
808,5608
1964,5608
808,5609
808,5610
808,5611
808,5612
1248,5612
1256,5612
809,5613
5753,5613
7659,5613
809,5614
809,5615
1815,5615
4511,5615
809,5616
5638,5616
6087,5616
6212,5616
8362,5616
809,5617
1134,5617
3658,5617
3692,5617
5332,5617
809,5618
809,5619
810,5620
1264,5620
810,5621
931,5621
970,5621
1470,5621
2679,5621
810,5622
810,5623
948,5623
952,5623
1089,5623
2768,5623
4846,5623
8227,5623
8665,5623
810,5624
2576,5624
5664,5624
7153,5624
8225,5624
8376,5624
810,5625
811,5626
4662,5626
5007,5626
6307,5626
8549,5626
811,5627
1301,5627
7588,5627
8638,5627
811,5628
8305,5628
811,5629
811,5630
1775,5630
811,5631
6129,5631
6777,5631
811,5632
811,5633
2908,5633
6944,5633
7431,5633
7586,5633
811,5634
812,5635
1582,5635
2178,5635
3230,5635
3456,5635
3457,5635
3585,5635
3770,5635
3910,5635
4324,5635
4535,5635
4641,5635
812,5636
1582,5636
2178,5636
3209,5636
3230,5636
3456,5636
3457,5636
3585,5636
3770,5636
3910,5636
4142,5636
4324,5636
4535,5636
4641,5636
4880,5636
5752,5636
6238,5636
812,5637
1582,5637
2178,5637
3230,5637
3456,5637
3457,5637
3585,5637
3910,5637
4324,5637
4535,5637
4641,5637
812,5638
1582,5638
2178,5638
3230,5638
3457,5638
3645,5638
3770,5638
3910,5638
4324,5638
5161,5638
5302,5638
5423,5638
5735,5638
5776,5638
6839,5638
812,5639
1582,5639
2178,5639
3230,5639
3457,5639
3585,5639
4324,5639
812,5640
1582,5640
2178,5640
812,5641
1582,5641
2178,5641
812,5642
1760,5642
2178,5642
3230,5642
3456,5642
3457,5642
3585,5642
3910,5642
4324,5642
4535,5642
4641,5642
5423,5642
5735,5642
5776,5642
812,5643
1758,5643
2178,5643
3230,5643
3456,5643
3457,5643
3585,5643
3910,5643
4324,5643
4535,5643
4641,5643
8103,5643
813,5644
6567,5644
813,5645
813,5646
1125,5646
6634,5646
7398,5646
813,5647
814,5648
3795,5648
7146,5648
814,5649
815,5650
3170,5650
6768,5650
815,5651
2085,5651
4875,5651
815,5652
6720,5652
815,5653
815,5654
3828,5654
4123,5654
815,5655
8250,5655
815,5656
815,5657
816,5658
816,5659
2860,5659
6517,5659
816,5660
6942,5660
816,5661
3964,5661
4690,5661
816,5662
1823,5662
816,5663
816,5664
5934,5664
816,5665
816,5666
2547,5666
3964,5666
816,5667
1916,5667
8397,5667
817,5668
7810,5668
817,5669
3329,5669
5741,5669
817,5670
817,5671
892,5671
817,5672
7485,5672
817,5673
817,5674
6743,5674
818,5675
951,5675
3473,5675
4321,5675
4624,5675
6009,5675
6028,5675
6182,5675
6955,5675
7521,5675
7536,5675
8134,5675
818,5676
1119,5676
3765,5676
6840,5676
7221,5676
7733,5676
8459,5676
818,5677
818,5678
2576,5678
3454,5678
4624,5678
5283,5678
6317,5678
818,5679
5366,5679
6613,5679
8147,5679
818,5680
831,5680
5756,5680
8066,5680
819,5681
5159,5681
819,5682
819,5683
819,5684
4902,5684
5414,5684
819,5685
819,5686
819,5687
819,5688
819,5689
819,5690
819,5691
820,5692
820,5693
820,5694
820,5695
7204,5695
820,5696
820,5697
820,5698
820,5699
820,5700
821,5701
1555,5701
821,5702
821,5703
2557,5703
821,5704
821,5705
821,5706
8193,5706
821,5707
821,5708
821,5709
2458,5709
2464,5709
2465,5709
821,5710
821,5711
5176,5711
6862,5711
821,5712
821,5713
822,5714
2899,5714
3269,5714
3820,5714
3886,5714
4508,5714
823,5715
6138,5715
8198,5715
823,5716
823,5717
823,5718
824,5719
5626,5719
824,5720
5288,5720
6475,5720
8452,5720
8493,5720
824,5721
824,5722
1995,5722
2544,5722
3373,5722
4696,5722
4829,5722
4845,5722
5450,5722
825,5723
1121,5723
1583,5723
3370,5723
3429,5723
5921,5723
5941,5723
6519,5723
825,5724
1345,5724
1899,5724
2241,5724
3905,5724
4521,5724
6709,5724
825,5725
4485,5725
825,5726
826,5727
1112,5727
5562,5727
6998,5727
826,5728
4630,5728
6875,5728
826,5729
1044,5729
5708,5729
826,5730
7954,5730
826,5731
8373,5731
8806,5731
826,5732
3643,5732
4404,5732
6118,5732
6876,5732
827,5733
4792,5733
5843,5733
828,5734
828,5735
828,5736
828,5737
828,5738
829,5739
5312,5739
6144,5739
7794,5739
7896,5739
8499,5739
829,5740
7272,5740
7952,5740
8442,5740
829,5741
873,5741
3867,5741
4908,5741
7238,5741
829,5742
1260,5742
1453,5742
1815,5742
829,5743
830,5744
830,5745
8456,5745
8595,5745
830,5746
4819,5746
4921,5746
830,5747
2357,5747
7956,5747
830,5748
1425,5748
2995,5748
5691,5748
8175,5748
8180,5748
8656,5748
830,5749
830,5750
3318,5750
831,5751
2837,5751
6843,5751
831,5752
8373,5752
831,5753
831,5754
3750,5754
6551,5754
831,5755
5422,5755
8076,5755
831,5756
831,5757
831,5758
831,5759
831,5760
8227,5760
8250,5760
833,5761
833,5762
833,5763
833,5764
833,5765
833,5766
833,5767
833,5768
833,5769
833,5770
833,5771
834,5772
834,5773
4777,5773
834,5774
834,5775
834,5776
834,5777
834,5778
834,5779
834,5780
834,5781
834,5782
834,5783
834,5784
834,5785
834,5786
834,5787
834,5788
835,5789
835,5790
3100,5790
835,5791
835,5792
835,5793
835,5794
5899,5794
835,5795
6220,5795
7592,5795
835,5796
2401,5796
836,5797
836,5798
836,5799
3880,5799
6847,5799
6849,5799
836,5800
836,5801
836,5802
1688,5802
1846,5802
2077,5802
5341,5802
836,5803
836,5804
837,5805
837,5806
4252,5806
837,5807
837,5808
837,5809
837,5810
3282,5810
837,5811
837,5812
837,5813
837,5814
838,5815
838,5816
4523,5816
5966,5816
838,5817
838,5818
838,5819
838,5820
838,5821
838,5822
838,5823
838,5824
839,5825
5035,5825
840,5826
840,5827
840,5828
840,5829
840,5830
840,5831
840,5832
840,5833
840,5834
840,5835
840,5836
840,5837
840,5838
840,5839
841,5840
841,5841
841,5842
1643,5842
841,5843
4521,5843
841,5844
841,5845
841,5846
3507,5846
841,5847
842,5848
1287,5848
842,5849
842,5850
3671,5850
3843,5850
842,5851
1341,5851
4262,5851
842,5852
5732,5852
7641,5852
842,5853
842,5854
842,5855
842,5856
3178,5856
842,5857
842,5858
1067,5858
842,5859
844,5860
1092,5860
2181,5860
2699,5860
2775,5860
2946,5860
3171,5860
4145,5860
4313,5860
5232,5860
844,5861
2068,5861
2699,5861
2946,5861
3667,5861
3724,5861
3785,5861
4209,5861
4244,5861
4745,5861
4770,5861
5078,5861
5170,5861
6828,5861
7156,5861
7377,5861
844,5862
844,5863
6847,5863
6849,5863
6851,5863
844,5864
2068,5864
2365,5864
2587,5864
3056,5864
3737,5864
4280,5864
844,5865
2775,5865
5610,5865
844,5866
1092,5866
2526,5866
2646,5866
4280,5866
4992,5866
5093,5866
7218,5866
844,5867
844,5868
5655,5868
844,5869
3563,5869
846,5870
2301,5870
2840,5870
2880,5870
2886,5870
846,5871
846,5872
846,5873
846,5874
846,5875
846,5876
846,5877
846,5878
847,5879
1932,5879
1933,5879
2581,5879
3864,5879
5694,5879
8752,5879
847,5880
7399,5880
847,5881
4555,5881
4852,5881
8455,5881
847,5882
1771,5882
4763,5882
5141,5882
847,5883
848,5884
3614,5884
848,5885
3278,5885
4045,5885
848,5886
848,5887
848,5888
848,5889
848,5890
849,5891
3680,5891
5916,5891
5939,5891
6013,5891
6840,5891
7710,5891
849,5892
4961,5892
5108,5892
5369,5892
849,5893
849,5894
1301,5894
3386,5894
849,5895
849,5896
849,5897
849,5898
849,5899
1089,5899
1240,5899
1301,5899
1613,5899
3228,5899
5841,5899
6172,5899
6340,5899
7516,5899
7717,5899
850,5900
851,5901
851,5902
851,5903
8672,5903
851,5904
851,5905
851,5906
851,5907
851,5908
4359,5908
851,5909
854,5910
3388,5910
6201,5910
6395,5910
7193,5910
7404,5910
854,5911
5182,5911
854,5912
1325,5912
2498,5912
3236,5912
6280,5912
6777,5912
7991,5912
854,5913
1525,5913
5212,5913
6519,5913
8751,5913
854,5914
5535,5914
7554,5914
854,5915
854,5916
1301,5916
4855,5916
5176,5916
5902,5916
854,5917
5030,5917
5849,5917
8707,5917
854,5918
1940,5918
3751,5918
4583,5918
5838,5918
8675,5918
854,5919
854,5920
854,5921
8806,5921
856,5922
856,5923
7908,5923
856,5924
856,5925
7905,5925
856,5926
6349,5926
7717,5926
856,5927
1950,5927
3828,5927
856,5928
4829,5928
5523,5928
857,5929
857,5930
857,5931
857,5932
857,5933
858,5934
2522,5934
8078,5934
858,5935
3837,5935
4937,5935
5736,5935
7106,5935
858,5936
858,5937
859,5938
860,5938
859,5939
1202,5939
2437,5939
2438,5939
2638,5939
6173,5939
6532,5939
7886,5939
8482,5939
859,5940
859,5941
859,5942
1920,5942
859,5943
859,5944
1230,5944
1571,5944
4985,5944
6156,5944
8245,5944
8256,5944
859,5945
859,5946
860,5947
1971,5947
860,5948
8795,5948
860,5949
3977,5949
4904,5949
6597,5949
7310,5949
8154,5949
860,5950
860,5951
1230,5951
2639,5951
860,5952
860,5953
860,5954
860,5955
8775,5955
8795,5955
862,5956
2115,5956
2293,5956
2718,5956
3057,5956
3226,5956
7319,5956
862,5957
3057,5957
6174,5957
6462,5957
6463,5957
6464,5957
6465,5957
7319,5957
7930,5957
8122,5957
8123,5957
862,5958
2115,5958
2293,5958
3226,5958
7319,5958
863,5959
863,5960
2203,5960
6163,5960
863,5961
3799,5961
863,5962
863,5963
2172,5963
863,5964
1514,5964
2932,5964
8385,5964
864,5965
6066,5965
864,5966
864,5967
4859,5967
6323,5967
8326,5967
8458,5967
864,5968
1665,5968
8038,5968
8075,5968
8076,5968
8077,5968
864,5969
3263,5969
6282,5969
7137,5969
8075,5969
8076,5969
8077,5969
864,5970
1102,5970
2315,5970
2641,5970
2657,5970
3937,5970
4990,5970
5611,5970
5849,5970
6725,5970
7527,5970
8366,5970
8396,5970
864,5971
930,5971
1107,5971
1665,5971
3100,5971
3102,5971
3458,5971
4540,5971
5880,5971
5974,5971
6307,5971
6873,5971
8018,5971
8075,5971
8076,5971
8753,5971
8767,5971
865,5972
1423,5972
1424,5972
1947,5972
2016,5972
4441,5972
4732,5972
4801,5972
6300,5972
6568,5972
6852,5972
7566,5972
7995,5972
865,5973
872,5973
1142,5973
2278,5973
2721,5973
2730,5973
3700,5973
4432,5973
4602,5973
4720,5973
4756,5973
5588,5973
5600,5973
6075,5973
865,5974
4601,5974
4612,5974
6568,5974
8172,5974
865,5975
1680,5975
1684,5975
2017,5975
3132,5975
5152,5975
6603,5975
6994,5975
7924,5975
8265,5975
865,5976
6852,5976
7802,5976
865,5977
3499,5977
8612,5977
865,5978
1796,5978
4736,5978
4957,5978
5463,5978
6913,5978
7096,5978
7707,5978
866,5979
2318,5979
3423,5979
8167,5979
866,5980
3430,5980
4964,5980
6493,5980
7028,5980
7196,5980
7272,5980
8168,5980
8334,5980
866,5981
2122,5981
4293,5981
7392,5981
866,5982
917,5982
1392,5982
1538,5982
6164,5982
6541,5982
7033,5982
7516,5982
8224,5982
8467,5982
866,5983
2108,5983
2116,5983
5862,5983
866,5984
8237,5984
866,5985
2756,5985
7856,5985
8019,5985
866,5986
2379,5986
3399,5986
5683,5986
7991,5986
8334,5986
866,5987
866,5988
867,5989
3870,5989
5065,5989
5513,5989
6200,5989
7114,5989
8240,5989
8254,5989
867,5990
1240,5990
1583,5990
5961,5990
8617,5990
867,5991
867,5992
867,5993
7504,5993
7843,5993
8599,5993
867,5994
867,5995
2679,5995
5981,5995
6193,5995
867,5996
2406,5996
867,5997
3526,5997
5345,5997
6337,5997
6957,5997
8751,5997
8753,5997
869,5998
869,5999
2250,5999
2928,5999
3443,5999
869,6000
869,6001
869,6002
869,6003
869,6004
869,6005
870,6006
4848,6006
5306,6006
5535,6006
6673,6006
8310,6006
870,6007
4673,6007
870,6008
870,6009
7257,6009
870,6010
8051,6010
870,6011
870,6012
870,6013
870,6014
4639,6014
7259,6014
7326,6014
870,6015
870,6016
7554,6016
870,6017
7711,6017
870,6018
870,6019
870,6020
2972,6020
6560,6020
6679,6020
870,6021
871,6022
4463,6022
872,6023
2917,6023
3049,6023
4713,6023
5184,6023
872,6024
2087,6024
3900,6024
7103,6024
7184,6024
7394,6024
7914,6024
8629,6024
872,6025
2986,6025
3497,6025
4682,6025
4861,6025
872,6026
2565,6026
3127,6026
3531,6026
4392,6026
4861,6026
7899,6026
7911,6026
872,6027
1024,6027
1142,6027
1266,6027
2269,6027
2590,6027
4723,6027
8392,6027
872,6028
1411,6028
2277,6028
2986,6028
4152,6028
6455,6028
7911,6028
872,6029
2726,6029
7110,6029
7713,6029
8629,6029
872,6030
2446,6030
3714,6030
7000,6030
7713,6030
7875,6030
872,6031
1429,6031
1944,6031
872,6032
872,6033
873,6034
2136,6034
2702,6034
6991,6034
873,6035
3795,6035
5566,6035
873,6036
6066,6036
873,6037
8558,6037
873,6038
873,6039
873,6040
873,6041
5643,6041
874,6042
2897,6042
3751,6042
3914,6042
874,6043
874,6044
874,6045
1684,6045
2289,6045
2415,6045
2811,6045
3482,6045
3499,6045
4702,6045
4725,6045
6578,6045
6888,6045
7737,6045
8770,6045
874,6046
1228,6046
874,6047
874,6048
2277,6048
4578,6048
874,6049
874,6050
875,6051
875,6052
875,6053
876,6054
1736,6054
1808,6054
3994,6054
4018,6054
4041,6054
876,6055
2050,6055
3992,6055
4070,6055
876,6056
876,6057
1678,6057
4022,6057
4469,6057
876,6058
1031,6058
4076,6058
876,6059
1785,6059
3992,6059
3993,6059
4075,6059
8790,6059
876,6060
1708,6060
4018,6060
4075,6060
8790,6060
876,6061
876,6062
878,6063
878,6064
878,6065
878,6066
878,6067
878,6068
878,6069
878,6070
5834,6070
879,6071
6053,6071
879,6072
879,6073
879,6074
880,6075
970,6075
1611,6075
1768,6075
6323,6075
6482,6075
6944,6075
8057,6075
8421,6075
8615,6075
880,6076
880,6077
880,6078
3383,6078
880,6079
4997,6079
8717,6079
880,6080
880,6081
880,6082
1044,6082
5708,6082
880,6083
880,6084
880,6085
880,6086
1751,6086
882,6087
882,6088
882,6089
1154,6089
1906,6089
2925,6089
5517,6089
882,6090
882,6091
883,6092
883,6093
6187,6093
883,6094
883,6095
4352,6095
883,6096
883,6097
883,6098
1403,6098
883,6099
883,6100
883,6101
884,6102
884,6103
884,6104
884,6105
902,6105
884,6106
884,6107
884,6108
884,6109
884,6110
884,6111
6121,6111
884,6112
1425,6112
1656,6112
2209,6112
2764,6112
3320,6112
3604,6112
5631,6112
6182,6112
884,6113
884,6114
4624,6114
884,6115
884,6116
1049,6116
884,6117
7407,6117
8731,6117
884,6118
1311,6118
2250,6118
5591,6118
884,6119
1102,6119
1370,6119
1798,6119
2544,6119
4206,6119
5381,6119
5524,6119
5614,6119
6884,6119
7006,6119
7241,6119
884,6120
884,6121
5166,6121
884,6122
884,6123
884,6124
884,6125
884,6126
3084,6126
5175,6126
884,6127
884,6128
884,6129
966,6129
884,6130
884,6131
885,6132
1065,6132
2651,6132
3361,6132
885,6133
1175,6133
885,6134
3691,6134
4342,6134
885,6135
885,6136
1529,6136
886,6137
886,6138
886,6139
886,6140
3112,6140
3212,6140
886,6141
886,6142
3042,6142
886,6143
886,6144
887,6145
2117,6145
2919,6145
887,6146
995,6146
2883,6146
887,6147
3210,6147
887,6148
887,6149
887,6150
887,6151
887,6152
887,6153
888,6154
888,6155
888,6156
888,6157
888,6158
888,6159
888,6160
3381,6160
888,6161
888,6162
888,6163
888,6164
888,6165
889,6166
897,6166
890,6167
3775,6167
5103,6167
5441,6167
6332,6167
890,6168
890,6169
891,6170
1343,6170
2980,6170
4820,6170
7598,6170
891,6171
6068,6171
891,6172
891,6173
8414,6173
891,6174
2379,6174
6020,6174
7086,6174
891,6175
892,6176
3224,6176
6428,6176
7212,6176
7810,6176
8185,6176
8321,6176
892,6177
956,6177
5651,6177
6840,6177
6956,6177
892,6178
6501,6178
892,6179
1416,6179
2315,6179
7475,6179
892,6180
7079,6180
892,6181
8449,6181
892,6182
893,6183
8591,6183
893,6184
6542,6184
893,6185
893,6186
8591,6186
894,6187
894,6188
894,6189
894,6190
894,6191
894,6192
894,6193
1055,6193
1414,6193
1496,6193
2475,6193
6753,6193
6830,6193
8132,6193
894,6194
2052,6194
6400,6194
6445,6194
6753,6194
8132,6194
895,6195
5659,6195
5910,6195
6560,6195
7841,6195
8246,6195
895,6196
895,6197
1902,6197
2499,6197
4355,6197
8509,6197
895,6198
896,6199
1289,6199
2904,6199
3151,6199
6699,6199
7078,6199
896,6200
1146,6200
7810,6200
896,6201
897,6202
7913,6202
897,6203
897,6204
897,6205
897,6206
897,6207
898,6208
1185,6208
4773,6208
898,6209
2338,6209
3178,6209
5782,6209
898,6210
898,6211
898,6212
898,6213
898,6214
898,6215
898,6216
899,6217
2235,6217
2388,6217
2478,6217
2833,6217
3131,6217
5531,6217
8557,6217
899,6218
2148,6218
2840,6218
899,6219
899,6220
2210,6220
2882,6220
3094,6220
3168,6220
3180,6220
3214,6220
899,6221
899,6222
900,6223
900,6224
900,6225
900,6226
900,6227
900,6228
900,6229
900,6230
900,6231
900,6232
902,6233
902,6234
902,6235
902,6236
902,6237
903,6238
903,6239
903,6240
2529,6240
903,6241
903,6242
903,6243
903,6244
1063,6244
2607,6244
903,6245
904,6246
904,6247
974,6247
6667,6247
904,6248
2684,6248
7708,6248
904,6249
904,6250
7927,6250
904,6251
904,6252
905,6253
931,6253
2593,6253
3066,6253
905,6254
970,6254
1188,6254
1301,6254
4617,6254
6037,6254
6768,6254
7019,6254
7991,6254
8536,6254
8730,6254
8803,6254
905,6255
1136,6255
1392,6255
3441,6255
3958,6255
4962,6255
6172,6255
7238,6255
905,6256
5580,6256
905,6257
905,6258
906,6259
1856,6259
7284,6259
7824,6259
906,6260
906,6261
906,6262
1104,6262
3835,6262
906,6263
906,6264
2206,6264
906,6265
907,6266
980,6266
983,6266
907,6267
2621,6267
907,6268
2025,6268
3428,6268
5582,6268
6726,6268
6727,6268
6728,6268
6729,6268
8553,6268
907,6269
996,6269
6726,6269
6727,6269
907,6270
907,6271
1432,6271
1900,6271
6205,6271
907,6272
909,6273
6635,6273
7328,6273
8292,6273
909,6274
909,6275
2412,6275
3321,6275
6147,6275
8119,6275
909,6276
8084,6276
8493,6276
8668,6276
909,6277
909,6278
7150,6278
909,6279
909,6280
909,6281
910,6282
910,6283
910,6284
4183,6284
910,6285
910,6286
910,6287
910,6288
910,6289
911,6290
935,6290
3163,6290
911,6291
5534,6291
7988,6291
911,6292
2577,6292
3296,6292
3410,6292
4620,6292
6428,6292
7263,6292
7810,6292
911,6293
1244,6293
1550,6293
3906,6293
5841,6293
5908,6293
7316,6293
7452,6293
8378,6293
911,6294
2708,6294
4292,6294
4386,6294
4617,6294
5126,6294
5566,6294
6163,6294
7309,6294
8254,6294
911,6295
911,6296
1125,6296
6410,6296
8523,6296
911,6297
1106,6297
3793,6297
4960,6297
7508,6297
911,6298
8220,6298
914,6299
914,6300
914,6301
914,6302
914,6303
914,6304
6166,6304
914,6305
2268,6305
915,6306
915,6307
915,6308
916,6309
916,6310
916,6311
916,6312
916,6313
916,6314
916,6315
916,6316
2896,6316
916,6317
917,6318
4176,6318
5114,6318
5324,6318
917,6319
7550,6319
917,6320
917,6321
6143,6321
7044,6321
917,6322
3027,6322
4889,6322
8107,6322
917,6323
965,6323
918,6324
2045,6324
4936,6324
5346,6324
5901,6324
7913,6324
8282,6324
918,6325
1754,6325
3478,6325
918,6326
2823,6326
6253,6326
7691,6326
918,6327
7896,6327
8495,6327
8526,6327
918,6328
8645,6328
918,6329
5103,6329
8196,6329
8214,6329
918,6330
918,6331
918,6332
6889,6332
8107,6332
919,6333
919,6334
1980,6334
2358,6334
3572,6334
921,6335
921,6336
921,6337
921,6338
921,6339
2827,6339
921,6340
921,6341
921,6342
921,6343
921,6344
921,6345
922,6346
6303,6346
8037,6346
8783,6346
922,6347
922,6348
4853,6348
5124,6348
5943,6348
5989,6348
6155,6348
6958,6348
7509,6348
7967,6348
8030,6348
8153,6348
8214,6348
8719,6348
922,6349
2957,6349
6098,6349
7321,6349
922,6350
4360,6350
5176,6350
6219,6350
6283,6350
7075,6350
923,6351
7208,6351
923,6352
1514,6352
6148,6352
7019,6352
8188,6352
923,6353
1053,6353
5686,6353
8312,6353
923,6354
923,6355
923,6356
923,6357
924,6358
1557,6358
924,6359
1557,6359
924,6360
1557,6360
924,6361
1557,6361
2862,6361
8443,6361
924,6362
1557,6362
924,6363
925,6364
6114,6364
925,6365
6114,6365
925,6366
6114,6366
925,6367
1758,6367
3323,6367
4623,6367
4820,6367
6114,6367
925,6368
925,6369
4623,6369
6114,6369
925,6370
1845,6370
3319,6370
6114,6370
925,6371
6114,6371
925,6372
925,6373
5694,6373
927,6374
1652,6374
7287,6374
927,6375
1455,6375
5545,6375
6377,6375
7150,6375
8407,6375
927,6376
927,6377
927,6378
928,6379
928,6380
928,6381
928,6382
928,6383
928,6384
928,6385
928,6386
929,6387
2623,6387
3152,6387
7027,6387
8112,6387
929,6388
5562,6388
8619,6388
929,6389
929,6390
929,6391
929,6392
6053,6392
930,6393
5691,6393
6481,6393
930,6394
930,6395
1066,6395
930,6396
930,6397
931,6398
1613,6398
6201,6398
6879,6398
6887,6398
8004,6398
8803,6398
931,6399
1457,6399
2072,6399
3501,6399
4081,6399
6066,6399
6613,6399
6819,6399
6950,6399
8665,6399
931,6400
2383,6400
3498,6400
3927,6400
5060,6400
5488,6400
7516,6400
932,6401
1145,6401
5165,6401
5268,6401
6566,6401
7014,6401
932,6402
2524,6402
6212,6402
932,6403
932,6404
1145,6404
3055,6404
4480,6404
5278,6404
5441,6404
5756,6404
6711,6404
6798,6404
7087,6404
8227,6404
8543,6404
932,6405
1634,6405
3263,6405
932,6406
7194,6406
932,6407
932,6408
2591,6408
933,6409
1813,6409
7092,6409
7639,6409
7640,6409
7896,6409
8229,6409
8273,6409
8363,6409
8474,6409
8527,6409
933,6410
5936,6410
933,6411
2713,6411
3518,6411
3552,6411
3987,6411
6323,6411
6642,6411
6712,6411
7489,6411
8541,6411
933,6412
6149,6412
933,6413
4827,6413
8116,6413
8563,6413
934,6414
6380,6414
7516,6414
7588,6414
7794,6414
7904,6414
934,6415
7890,6415
7965,6415
934,6416
934,6417
5565,6417
5694,6417
934,6418
7518,6418
934,6419
934,6420
934,6421
934,6422
935,6423
5960,6423
6086,6423
6502,6423
7196,6423
7283,6423
8096,6423
935,6424
935,6425
7245,6425
935,6426
936,6427
1894,6427
2583,6427
3410,6427
4043,6427
4291,6427
6807,6427
7137,6427
936,6428
1407,6428
1894,6428
936,6429
2678,6429
5978,6429
7794,6429
8056,6429
936,6430
1014,6430
1028,6430
1036,6430
1155,6430
1585,6430
6047,6430
7038,6430
7466,6430
7480,6430
8342,6430
938,6431
7514,6431
939,6432
940,6432
941,6432
942,6432
1072,6432
1073,6432
1074,6432
1075,6432
940,6433
940,6434
942,6434
940,6435
940,6436
2760,6436
940,6437
940,6438
2115,6438
2293,6438
2753,6438
940,6439
942,6439
1010,6439
1011,6439
940,6440
941,6441
942,6441
1010,6441
6465,6441
941,6442
1007,6442
1008,6442
1073,6442
8786,6442
941,6443
941,6444
942,6445
942,6446
942,6447
8680,6447
942,6448
942,6449
942,6450
942,6451
942,6452
8680,6452
943,6453
6875,6453
7730,6453
943,6454
6323,6454
943,6455
944,6456
8794,6456
944,6457
1028,6457
1066,6457
944,6458
944,6459
5332,6459
5523,6459
944,6460
944,6461
944,6462
944,6463
8395,6463
945,6464
1922,6464
3836,6464
8405,6464
8406,6464
945,6465
3303,6465
945,6466
5874,6466
5875,6466
7053,6466
7284,6466
7391,6466
945,6467
946,6468
946,6469
4690,6469
946,6470
4368,6470
8310,6470
8692,6470
946,6471
947,6472
1981,6472
7309,6472
8011,6472
947,6473
8262,6473
947,6474
947,6475
947,6476
8106,6476
947,6477
948,6478
1388,6478
2121,6478
8553,6478
948,6479
2331,6479
3909,6479
8004,6479
8072,6479
8396,6479
8533,6479
948,6480
3022,6480
3477,6480
5160,6480
5342,6480
6879,6480
8616,6480
948,6481
948,6482
1981,6482
8416,6482
8417,6482
949,6483
949,6484
1319,6484
2926,6484
3927,6484
4658,6484
4699,6484
5199,6484
949,6485
6206,6485
6582,6485
6623,6485
949,6486
7032,6486
8306,6486
949,6487
6411,6487
949,6488
949,6489
949,6490
949,6491
949,6492
949,6493
950,6494
6998,6494
7088,6494
8512,6494
950,6495
3753,6495
5322,6495
5793,6495
950,6496
950,6497
950,6498
3027,6498
951,6499
6082,6499
6798,6499
8399,6499
951,6500
6212,6500
951,6501
2431,6501
951,6502
3181,6502
3602,6502
4352,6502
5164,6502
6370,6502
7772,6502
951,6503
951,6504
951,6505
8428,6505
952,6506
2552,6506
6434,6506
952,6507
1122,6507
1502,6507
2862,6507
3439,6507
3643,6507
4043,6507
6958,6507
952,6508
1511,6508
3107,6508
4624,6508
5756,6508
7194,6508
7963,6508
8129,6508
8149,6508
952,6509
952,6510
953,6511
2860,6511
5199,6511
5484,6511
7803,6511
953,6512
1125,6512
8212,6512
953,6513
1114,6513
8037,6513
8056,6513
953,6514
1334,6514
2408,6514
5849,6514
7297,6514
7424,6514
8530,6514
953,6515
2130,6515
4624,6515
6693,6515
8131,6515
8286,6515
953,6516
953,6517
954,6518
5199,6518
5268,6518
5378,6518
7219,6518
7391,6518
8056,6518
8381,6518
8415,6518
8416,6518
8417,6518
954,6519
1014,6519
1910,6519
3552,6519
3775,6519
5038,6519
5048,6519
6066,6519
7152,6519
954,6520
1657,6520
6245,6520
954,6521
8346,6521
954,6522
954,6523
6332,6523
8342,6523
8467,6523
954,6524
1910,6524
955,6525
955,6526
955,6527
3819,6527
7537,6527
955,6528
1435,6528
6887,6528
955,6529
956,6530
6471,6530
6720,6530
6723,6530
8047,6530
956,6531
6744,6531
956,6532
956,6533
7485,6533
956,6534
956,6535
956,6536
956,6537
957,6538
7122,6538
957,6539
957,6540
957,6541
957,6542
2406,6542
5176,6542
7961,6542
8129,6542
957,6543
4312,6543
5303,6543
6303,6543
8639,6543
957,6544
957,6545
7959,6545
957,6546
7122,6546
8643,6546
957,6547
959,6548
959,6549
1382,6549
959,6550
959,6551
959,6552
1726,6552
5964,6552
959,6553
959,6554
959,6555
959,6556
960,6557
960,6558
960,6559
960,6560
960,6561
960,6562
960,6563
960,6564
960,6565
960,6566
961,6567
1997,6567
2782,6567
4083,6567
4784,6567
5266,6567
5403,6567
5553,6567
5773,6567
6672,6567
7701,6567
961,6568
3837,6568
3978,6568
4903,6568
5578,6568
8078,6568
961,6569
2838,6569
4205,6569
4758,6569
5621,6569
8425,6569
961,6570
4474,6570
5744,6570
6792,6570
961,6571
3177,6571
4830,6571
961,6572
2211,6572
2309,6572
4067,6572
5403,6572
961,6573
3978,6573
961,6574
3642,6574
961,6575
961,6576
3374,6576
5239,6576
5620,6576
7642,6576
961,6577
962,6578
1403,6578
4935,6578
962,6579
962,6580
1158,6580
1403,6580
1472,6580
2346,6580
5614,6580
962,6581
4263,6581
4297,6581
5151,6581
6660,6581
7328,6581
8370,6581
8399,6581
962,6582
1257,6582
1591,6582
1794,6582
2004,6582
2080,6582
2085,6582
2544,6582
2862,6582
3779,6582
5046,6582
5176,6582
5614,6582
5631,6582
6226,6582
7440,6582
7735,6582
7757,6582
8394,6582
962,6583
1730,6583
962,6584
962,6585
3386,6585
962,6586
962,6587
962,6588
4657,6588
963,6589
1157,6589
2601,6589
6170,6589
6627,6589
963,6590
963,6591
963,6592
963,6593
964,6594
1524,6594
5077,6594
964,6595
1524,6595
964,6596
1524,6596
4407,6596
964,6597
1524,6597
964,6598
1524,6598
964,6599
1524,6599
964,6600
965,6601
1812,6601
3686,6601
4147,6601
5201,6601
965,6602
2932,6602
3495,6602
965,6603
6814,6603
965,6604
7071,6604
7073,6604
965,6605
3799,6605
965,6606
5908,6606
6086,6606
965,6607
966,6608
2472,6608
966,6609
3035,6609
966,6610
966,6611
1715,6611
1780,6611
2383,6611
7827,6611
966,6612
966,6613
5319,6613
966,6614
966,6615
966,6616
966,6617
1027,6617
1049,6617
1984,6617
2786,6617
966,6618
966,6619
1041,6619
1180,6619
3085,6619
4817,6619
5233,6619
5854,6619
7784,6619
7786,6619
8063,6619
8781,6619
8782,6619
966,6620
5450,6620
6019,6620
6640,6620
966,6621
966,6622
967,6623
967,6624
967,6625
967,6626
967,6627
967,6628
967,6629
967,6630
969,6631
969,6632
969,6633
969,6634
969,6635
969,6636
969,6637
1607,6637
970,6638
1561,6638
3262,6638
3410,6638
5312,6638
5555,6638
6638,6638
7148,6638
7418,6638
8370,6638
8490,6638
970,6639
970,6640
1486,6640
6797,6640
7547,6640
7593,6640
8805,6640
970,6641
1407,6641
4320,6641
6201,6641
6641,6641
7406,6641
8003,6641
8581,6641
8693,6641
8697,6641
970,6642
6814,6642
971,6643
1537,6643
3870,6643
6333,6643
6671,6643
7593,6643
8495,6643
971,6644
1665,6644
7860,6644
7913,6644
8198,6644
8642,6644
971,6645
8526,6645
971,6646
971,6647
1922,6647
5332,6647
5683,6647
7620,6647
971,6648
1791,6648
971,6649
1278,6649
8180,6649
8345,6649
972,6650
1179,6650
1440,6650
1765,6650
6621,6650
6819,6650
6848,6650
7066,6650
7221,6650
7282,6650
7565,6650
7582,6650
7967,6650
8069,6650
8259,6650
8315,6650
8352,6650
8496,6650
8538,6650
8668,6650
8758,6650
972,6651
1285,6651
6338,6651
972,6652
5889,6652
972,6653
8717,6653
972,6654
972,6655
973,6656
5594,6656
6225,6656
973,6657
973,6658
973,6659
973,6660
3508,6660
6906,6660
973,6661
3284,6661
973,6662
973,6663
973,6664
974,6665
974,6666
974,6667
974,6668
974,6669
7940,6669
974,6670
975,6671
2343,6671
3714,6671
4089,6671
6990,6671
7926,6671
975,6672
1024,6672
1978,6672
2031,6672
3144,6672
4450,6672
4613,6672
4720,6672
6578,6672
6888,6672
8612,6672
975,6673
1946,6673
2393,6673
3766,6673
6888,6673
7187,6673
7514,6673
8350,6673
976,6674
994,6674
2122,6674
4179,6674
976,6675
994,6675
976,6676
994,6676
976,6677
994,6677
976,6678
994,6678
3681,6678
4138,6678
4319,6678
976,6679
994,6679
977,6680
982,6680
1432,6680
977,6681
3284,6681
977,6682
977,6683
977,6684
980,6684
981,6684
2606,6684
5582,6684
6225,6684
977,6685
1432,6685
1709,6685
2606,6685
3403,6685
6225,6685
6277,6685
977,6686
977,6687
977,6688
1871,6688
977,6689
978,6690
1871,6690
2025,6690
978,6691
978,6692
1209,6692
1212,6692
978,6693
978,6694
6726,6694
6727,6694
6728,6694
978,6695
978,6696
1871,6696
978,6697
1432,6697
2025,6697
979,6698
2617,6698
2619,6698
3403,6698
3483,6698
979,6699
7916,6699
979,6700
985,6700
6225,6700
980,6701
981,6701
980,6702
981,6702
980,6703
981,6703
982,6703
980,6704
981,6704
980,6705
981,6705
980,6706
981,6706
6909,6706
981,6707
982,6707
985,6707
2621,6707
2622,6707
6225,6707
982,6708
996,6708
2310,6708
2313,6708
2622,6708
6983,6708
8553,6708
982,6709
2313,6709
5979,6709
982,6710
982,6711
2614,6711
982,6712
982,6713
1954,6713
2313,6713
983,6714
983,6715
983,6716
6071,6716
983,6717
983,6718
983,6719
2428,6719
983,6720
3483,6720
984,6721
984,6722
984,6723
984,6724
985,6725
1220,6725
1374,6725
2313,6725
2619,6725
6225,6725
6286,6725
7296,6725
985,6726
3534,6726
6277,6726
985,6727
985,6728
1900,6728
6225,6728
985,6729
3521,6729
7296,6729
985,6730
3521,6730
6225,6730
6286,6730
6727,6730
6728,6730
986,6731
987,6731
3890,6731
7716,6731
986,6732
987,6732
986,6733
987,6733
986,6734
986,6735
987,6735
990,6735
2617,6735
3483,6735
5594,6735
986,6736
986,6737
986,6738
988,6739
988,6740
988,6741
988,6742
988,6743
988,6744
988,6745
988,6746
988,6747
988,6748
988,6749
989,6750
989,6751
989,6752
3689,6752
989,6753
989,6754
989,6755
990,6756
3508,6756
990,6757
2619,6757
3508,6757
5977,6757
990,6758
990,6759
990,6760
1889,6760
3508,6760
990,6761
990,6762
2682,6762
991,6763
3428,6763
3521,6763
6286,6763
6726,6763
6727,6763
6728,6763
991,6764
3403,6764
991,6765
992,6766
2634,6766
8241,6766
992,6767
992,6768
992,6769
992,6770
993,6771
1184,6771
994,6772
994,6773
994,6774
994,6775
6964,6775
994,6776
7550,6776
994,6777
995,6778
3114,6778
3215,6778
3432,6778
995,6779
995,6780
1087,6780
2333,6780
2688,6780
2939,6780
3311,6780
7739,6780
8242,6780
995,6781
995,6782
995,6783
996,6784
2606,6784
2621,6784
2622,6784
3890,6784
5582,6784
8553,6784
8683,6784
996,6785
2622,6785
6071,6785
8683,6785
996,6786
6071,6786
996,6787
8683,6787
996,6788
996,6789
997,6790
997,6791
1133,6791
997,6792
997,6793
999,6794
1000,6795
2046,6795
3526,6795
4147,6795
4502,6795
5102,6795
6082,6795
6316,6795
6334,6795
1000,6796
1001,6797
3497,6797
8005,6797
1001,6798
2421,6798
3659,6798
7463,6798
1001,6799
1001,6800
1001,6801
1001,6802
1002,6803
2349,6803
1002,6804
1462,6804
1002,6805
1002,6806
3172,6806
1002,6807
1002,6808
1003,6809
4168,6809
4825,6809
1003,6810
1320,6810
2649,6810
1003,6811
8700,6811
1003,6812
1003,6813
1461,6813
1003,6814
5657,6814
1003,6815
3460,6815
4362,6815
8769,6815
1004,6816
1004,6817
1004,6818
1004,6819
1004,6820
1004,6821
1005,6822
1005,6823
1005,6824
1007,6825
1008,6825
1009,6825
4714,6825
1007,6826
1008,6827
8680,6827
1008,6828
1008,6829
1008,6830
1073,6830
1009,6831
1010,6832
1011,6832
1010,6833
1011,6833
1010,6834
1010,6835
1011,6835
3057,6835
1010,6836
1010,6837
1010,6838
1011,6839
1011,6840
1013,6841
1460,6841
2412,6841
4964,6841
1013,6842
1013,6843
1013,6844
7867,6844
1013,6845
1013,6846
1013,6847
4253,6847
7251,6847
1014,6848
2861,6848
3022,6848
3191,6848
3970,6848
6058,6848
6098,6848
6340,6848
8638,6848
1014,6849
1014,6850
6768,6850
1014,6851
5122,6851
6423,6851
7635,6851
1014,6852
5127,6852
1015,6853
1464,6853
1015,6854
3183,6854
3450,6854
3931,6854
1015,6855
1016,6856
1016,6857
1016,6858
1016,6859
1016,6860
1016,6861
1017,6862
1472,6862
1543,6862
1976,6862
2275,6862
2671,6862
2988,6862
4315,6862
5519,6862
1017,6863
1411,6863
2275,6863
6203,6863
1017,6864
1942,6864
4421,6864
6382,6864
1017,6865
4734,6865
1017,6866
4603,6866
7116,6866
7118,6866
7119,6866
7250,6866
1018,6867
1020,6867
1021,6867
1023,6867
1115,6867
1862,6867
1945,6867
2546,6867
3132,6867
3133,6867
3148,6867
4661,6867
4733,6867
4976,6867
5421,6867
7825,6867
1018,6868
2501,6868
6758,6868
1018,6869
1018,6870
1019,6870
5779,6870
1018,6871
1018,6872
1018,6873
1018,6874
1018,6875
1228,6875
2816,6875
2899,6875
2918,6875
1018,6876
1019,6877
3659,6877
4428,6877
4736,6877
1019,6878
4467,6878
6892,6878
7213,6878
1019,6879
2271,6879
6450,6879
6967,6879
1019,6880
2734,6880
4258,6880
4566,6880
4578,6880
5041,6880
5184,6880
6695,6880
1020,6881
1427,6881
1020,6882
8379,6882
1020,6883
2948,6883
1020,6884
1423,6884
1427,6884
1684,6884
3914,6884
4103,6884
4336,6884
4465,6884
4565,6884
4610,6884
4734,6884
6074,6884
6107,6884
6177,6884
6655,6884
7118,6884
7689,6884
8024,6884
1020,6885
2127,6885
5015,6885
1020,6886
6008,6886
1021,6887
1022,6888
3079,6888
4599,6888
1022,6889
1022,6890
1679,6890
1681,6890
1898,6890
1946,6890
2187,6890
2268,6890
2327,6890
2337,6890
3007,6890
3148,6890
3590,6890
3714,6890
3934,6890
3940,6890
4358,6890
4693,6890
5399,6890
5473,6890
5619,6890
6473,6890
1022,6891
1975,6891
6301,6891
1022,6892
5015,6892
1022,6893
1023,6894
4467,6894
1023,6895
1023,6896
6169,6896
7822,6896
1023,6897
3447,6897
3886,6897
1024,6898
1713,6898
5421,6898
8146,6898
1024,6899
2274,6899
3482,6899
4826,6899
5473,6899
6473,6899
1024,6900
1024,6901
1024,6902
2717,6902
3133,6902
3142,6902
3982,6902
4670,6902
1024,6903
1123,6903
1142,6903
3079,6903
3617,6903
3900,6903
4446,6903
4686,6903
6056,6903
7408,6903
1024,6904
1266,6904
1681,6904
1026,6905
1725,6905
5167,6905
1026,6906
1725,6906
1026,6907
1725,6907
1026,6908
1026,6909
1026,6910
1725,6910
1026,6911
1725,6911
1026,6912
1363,6912
1026,6913
1026,6914
1381,6914
1026,6915
2082,6915
2441,6915
2543,6915
2771,6915
3232,6915
3351,6915
3509,6915
3678,6915
4146,6915
4765,6915
5167,6915
7503,6915
1027,6916
2786,6916
4115,6916
1027,6917
2786,6917
4115,6917
1027,6918
2786,6918
1027,6919
1027,6920
1027,6921
5393,6921
6236,6921
7784,6921
7786,6921
1027,6922
1028,6923
1155,6923
1764,6923
1996,6923
4293,6923
1028,6924
6201,6924
8456,6924
8581,6924
8697,6924
1028,6925
4025,6925
1028,6926
1839,6926
1960,6926
5148,6926
1028,6927
3069,6927
6283,6927
6831,6927
6958,6927
7287,6927
8233,6927
1028,6928
1029,6929
1058,6929
8074,6929
1029,6930
1058,6930
1029,6931
1058,6931
8788,6931
1029,6932
1058,6932
1029,6933
1030,6934
1726,6934
8242,6934
1030,6935
1030,6936
1030,6937
2131,6937
1030,6938
1030,6939
1031,6940
4020,6940
1031,6941
3639,6941
1031,6942
1031,6943
1031,6944
1527,6944
4047,6944
1031,6945
1708,6945
3994,6945
4075,6945
8790,6945
1031,6946
1031,6947
1498,6947
3573,6947
1031,6948
1031,6949
1031,6950
1785,6950
1031,6951
1031,6952
1031,6953
1031,6954
1678,6954
2050,6954
4040,6954
4074,6954
1031,6955
1567,6955
1710,6955
3639,6955
4042,6955
4069,6955
4074,6955
4079,6955
1031,6956
1736,6956
3993,6956
4020,6956
4074,6956
1031,6957
1785,6957
4074,6957
7544,6957
8445,6957
1031,6958
4021,6958
4074,6958
1032,6959
1032,6960
1032,6961
4274,6961
1032,6962
1032,6963
1032,6964
1032,6965
1032,6966
6123,6966
1032,6967
1032,6968
1033,6969
1033,6970
1033,6971
1033,6972
1033,6973
1034,6974
6201,6974
8581,6974
1034,6975
1036,6975
2397,6975
5048,6975
6123,6975
6517,6975
7078,6975
1034,6976
1388,6976
6959,6976
1034,6977
1446,6977
8117,6977
1034,6978
1611,6978
5837,6978
8113,6978
1034,6979
7812,6979
1034,6980
1550,6980
2012,6980
2853,6980
2909,6980
3518,6980
3552,6980
4627,6980
8488,6980
8540,6980
1034,6981
5091,6981
1035,6982
5102,6982
8500,6982
1035,6983
4029,6983
1035,6984
1035,6985
7303,6985
1036,6986
1811,6986
2252,6986
1036,6987
1036,6988
1036,6989
3224,6989
3453,6989
4876,6989
1036,6990
5352,6990
5761,6990
6100,6990
8199,6990
8310,6990
1036,6991
1036,6992
1037,6993
1037,6994
1037,6995
1263,6995
1276,6995
5810,6995
1037,6996
1037,6997
1037,6998
1037,6999
1037,7000
1037,7001
1037,7002
1038,7003
1038,7004
1038,7005
2736,7005
2834,7005
7362,7005
1038,7006
3918,7006
6104,7006
1038,7007
1038,7008
2087,7008
1038,7009
1038,7010
1040,7011
1040,7012
1040,7013
1040,7014
1041,7015
1187,7015
3099,7015
3717,7015
3774,7015
1041,7016
2063,7016
2176,7016
2526,7016
2599,7016
2946,7016
3056,7016
3099,7016
3281,7016
3341,7016
3664,7016
3785,7016
4209,7016
4271,7016
4770,7016
5078,7016
5170,7016
5477,7016
1041,7017
1919,7017
2063,7017
4390,7017
5237,7017
1041,7018
1041,7019
1052,7019
4863,7019
7765,7019
1041,7020
3589,7020
4244,7020
4745,7020
1041,7021
7628,7021
1041,7022
5299,7022
6828,7022
7288,7022
1041,7023
1042,7024
1092,7024
2063,7024
3056,7024
3089,7024
3174,7024
3438,7024
4992,7024
5835,7024
5854,7024
1042,7025
1042,7026
2920,7026
1042,7027
1042,7028
1042,7029
1042,7030
2445,7030
5299,7030
1042,7031
1042,7032
1043,7033
1044,7034
5708,7034
6711,7034
6768,7034
7453,7034
1044,7035
5708,7035
1044,7036
5708,7036
1044,7037
1739,7037
5708,7037
1044,7038
1044,7039
5708,7039
6030,7039
1044,7040
2391,7040
5708,7040
1044,7041
1044,7042
2424,7042
6805,7042
7580,7042
7735,7042
1045,7043
4716,7043
4992,7043
5854,7043
1045,7044
1045,7045
2445,7045
3721,7045
3725,7045
3729,7045
3880,7045
1045,7046
3056,7046
1045,7047
2599,7047
4992,7047
5179,7047
5564,7047
1045,7048
1045,7049
3697,7049
1045,7050
1046,7051
2423,7051
3158,7051
3343,7051
1046,7052
1047,7053
1047,7054
1047,7055
3788,7055
1047,7056
1047,7057
1047,7058
1047,7059
1140,7059
1047,7060
1048,7061
1048,7062
1048,7063
1048,7064
1048,7065
1048,7066
1049,7067
1049,7068
1049,7069
2161,7069
1049,7070
5830,7070
8008,7070
8798,7070
1049,7071
1121,7071
2963,7071
3021,7071
6282,7071
6732,7071
6912,7071
1049,7072
1049,7073
1050,7074
1050,7075
1050,7076
1050,7077
1050,7078
1050,7079
1050,7080
1050,7081
1050,7082
1050,7083
1050,7084
1050,7085
1050,7086
1051,7087
3343,7087
1051,7088
1051,7089
1051,7090
1051,7091
1051,7092
1051,7093
1051,7094
1964,7094
1051,7095
1052,7096
1052,7097
1052,7098
1052,7099
1052,7100
1053,7101
2005,7101
2864,7101
1053,7102
5317,7102
8010,7102
1053,7103
1053,7104
5426,7104
1053,7105
1054,7106
1054,7107
1673,7107
6641,7107
1054,7108
1054,7109
1054,7110
1055,7111
1055,7112
1055,7113
1055,7114
1055,7115
1194,7115
1055,7116
1055,7117
1091,7117
2475,7117
1055,7118
1055,7119
1476,7119
2475,7119
1056,7120
1056,7121
1056,7122
1056,7123
1056,7124
1056,7125
1056,7126
1056,7127
1056,7128
6189,7128
1056,7129
3002,7129
5961,7129
7794,7129
1058,7130
2347,7130
1058,7131
1059,7132
1288,7132
1474,7132
1059,7133
1288,7133
1059,7134
1288,7134
1059,7135
1288,7135
1059,7136
1288,7136
1059,7137
1059,7138
1059,7139
1059,7140
7629,7140
8378,7140
1059,7141
5717,7141
7079,7141
1060,7142
6163,7142
6567,7142
1060,7143
5228,7143
8362,7143
1060,7144
1060,7145
4653,7145
5890,7145
1060,7146
1060,7147
5539,7147
1060,7148
1060,7149
1301,7149
1910,7149
4822,7149
4975,7149
5940,7149
7508,7149
8069,7149
8459,7149
1060,7150
1060,7151
3526,7151
4643,7151
5228,7151
1060,7152
3967,7152
1060,7153
3118,7153
5465,7153
6964,7153
1060,7154
1406,7154
3775,7154
7970,7154
1060,7155
3123,7155
7897,7155
1060,7156
1359,7156
2172,7156
6591,7156
6663,7156
6879,7156
7140,7156
7461,7156
7593,7156
1060,7157
7962,7157
7963,7157
8257,7157
1063,7158
1063,7159
1063,7160
3072,7160
1063,7161
2529,7161
1063,7162
1063,7163
1063,7164
1063,7165
1063,7166
1063,7167
1064,7168
1265,7168
5029,7168
5346,7168
5841,7168
5901,7168
6172,7168
6201,7168
6613,7168
8396,7168
8452,7168
1064,7169
2694,7169
1064,7170
4534,7170
5283,7170
1064,7171
2172,7171
1064,7172
1065,7173
1065,7174
1065,7175
1065,7176
3075,7176
1065,7177
1712,7177
3205,7177
4305,7177
8108,7177
1065,7178
1065,7179
1065,7180
1066,7181
2471,7181
4366,7181
5675,7181
6054,7181
1066,7182
1349,7182
7773,7182
8639,7182
1066,7183
5833,7183
1066,7184
5993,7184
1066,7185
1066,7186
1066,7187
4529,7187
1066,7188
1129,7188
7153,7188
1066,7189
1066,7190
4876,7190
6281,7190
1066,7191
1066,7192
1740,7192
6932,7192
1066,7193
1740,7193
3076,7193
4429,7193
1066,7194
5186,7194
1066,7195
7917,7195
1066,7196
1066,7197
1066,7198
2998,7198
4623,7198
1066,7199
1066,7200
1066,7201
1066,7202
1066,7203
1067,7204
3488,7204
4342,7204
6381,7204
6544,7204
1067,7205
1104,7205
1341,7205
1067,7206
2861,7206
4915,7206
5391,7206
5394,7206
5404,7206
6038,7206
6447,7206
7967,7206
7994,7206
8406,7206
1067,7207
1067,7208
1067,7209
1067,7210
3843,7210
5290,7210
1068,7211
1068,7212
1068,7213
1068,7214
1068,7215
1068,7216
1068,7217
1068,7218
1068,7219
1068,7220
1068,7221
1068,7222
1068,7223
1068,7224
3250,7224
1068,7225
1068,7226
1068,7227
1068,7228
1068,7229
1068,7230
1068,7231
1070,7232
1070,7233
1072,7234
1072,7235
1072,7236
1073,7236
1073,7237
1073,7238
1073,7239
1074,7240
1074,7241
1074,7242
1074,7243
1074,7244
7319,7244
1080,7245
2002,7245
6116,7245
1080,7246
2474,7246
1080,7247
1080,7248
1551,7248
1080,7249
3527,7249
1080,7250
6280,7250
8676,7250
1080,7251
1081,7252
1081,7253
3648,7253
1081,7254
1081,7255
1082,7256
1573,7256
2145,7256
1082,7257
1082,7258
3319,7258
1082,7259
1082,7260
1083,7261
1083,7262
1084,7263
6795,7263
1084,7264
2544,7264
4696,7264
4845,7264
7952,7264
8502,7264
1084,7265
1561,7265
1932,7265
1933,7265
1085,7266
2558,7266
1085,7267
1085,7268
2558,7268
1085,7269
1085,7270
1086,7271
1086,7272
1286,7272
1086,7273
1086,7274
3500,7274
1086,7275
1626,7275
1644,7275
2409,7275
1087,7276
2049,7276
1087,7277
1108,7277
2240,7277
2349,7277
5531,7277
6468,7277
1087,7278
1087,7279
2388,7279
1087,7280
1087,7281
1383,7281
2006,7281
2840,7281
2883,7281
8557,7281
1088,7282
3136,7282
5617,7282
7213,7282
1088,7283
2142,7283
3061,7283
1088,7284
2142,7284
4288,7284
4564,7284
4577,7284
4715,7284
5652,7284
7804,7284
1088,7285
6295,7285
1088,7286
1088,7287
4729,7287
1088,7288
1245,7288
1679,7288
1089,7289
6201,7289
1089,7290
1765,7290
3239,7290
3870,7290
5562,7290
6814,7290
7521,7290
8297,7290
1089,7291
3184,7291
1089,7292
1089,7293
1090,7294
1090,7295
5720,7295
1090,7296
1091,7297
4516,7297
1091,7298
1091,7299
1091,7300
1091,7301
4161,7301
8050,7301
1092,7302
1092,7303
1092,7304
1093,7305
1664,7305
1883,7305
3239,7305
1097,7306
1842,7306
1097,7307
1842,7307
3645,7307
5161,7307
1097,7308
1842,7308
6282,7308
1097,7309
1842,7309
1099,7310
4135,7310
1099,7311
1099,7312
1100,7313
1100,7314
1100,7315
1100,7316
1100,7317
1100,7318
1100,7319
1100,7320
1101,7321
1101,7322
8513,7322
1101,7323
6136,7323
7902,7323
1101,7324
1873,7324
1101,7325
1101,7326
1101,7327
1723,7327
1102,7328
1924,7328
2576,7328
2593,7328
3038,7328
5441,7328
6928,7328
7015,7328
8656,7328
1102,7329
1453,7329
2378,7329
6541,7329
7079,7329
1102,7330
1511,7330
1613,7330
1665,7330
2080,7330
1102,7331
1260,7331
2576,7331
3031,7331
3524,7331
5880,7331
6332,7331
6467,7331
6551,7331
6556,7331
8111,7331
1103,7332
1334,7332
2011,7332
2678,7332
4630,7332
6498,7332
6711,7332
6840,7332
8127,7332
8366,7332
1103,7333
1103,7334
1103,7335
4206,7335
8656,7335
1103,7336
1103,7337
7586,7337
1103,7338
3478,7338
8761,7338
1103,7339
2203,7339
2746,7339
6163,7339
1103,7340
1104,7341
4330,7341
1104,7342
1104,7343
1185,7343
1104,7344
4350,7344
1104,7345
1104,7346
1104,7347
1104,7348
1105,7349
1105,7350
1105,7351
1425,7351
1105,7352
3780,7352
3830,7352
1105,7353
5181,7353
1105,7354
1105,7355
1105,7356
7445,7356
1105,7357
1105,7358
1106,7359
3686,7359
5201,7359
1106,7360
1106,7361
1325,7361
2527,7361
5011,7361
8074,7361
1106,7362
1106,7363
1106,7364
1107,7365
1107,7366
1107,7367
6050,7367
1107,7368
1107,7369
8047,7369
1107,7370
1107,7371
1108,7372
1108,7373
4215,7373
1108,7374
2006,7374
2879,7374
5964,7374
8228,7374
1109,7375
3702,7375
3891,7375
1109,7376
2684,7376
4887,7376
8115,7376
1109,7377
1110,7378
1110,7379
1110,7380
1110,7381
1110,7382
1110,7383
1110,7384
1111,7385
7989,7385
1111,7386
4384,7386
4906,7386
1111,7387
7747,7387
1111,7388
1111,7389
2579,7389
7989,7389
1111,7390
1111,7391
7989,7391
1111,7392
1111,7393
1111,7394
4744,7394
1112,7395
1112,7396
3818,7396
1112,7397
1112,7398
1538,7398
3527,7398
1112,7399
1112,7400
1112,7401
1113,7402
6823,7402
1113,7403
8109,7403
1113,7404
3581,7404
5064,7404
5341,7404
5424,7404
5870,7404
6195,7404
1113,7405
1113,7406
1113,7407
5242,7407
5302,7407
1113,7408
1113,7409
8601,7409
1113,7410
1114,7411
1538,7411
4293,7411
7056,7411
8026,7411
8315,7411
8465,7411
8709,7411
1114,7412
6541,7412
6777,7412
8052,7412
8053,7412
8470,7412
1114,7413
3562,7413
1114,7414
1750,7414
2840,7414
4540,7414
4929,7414
5653,7414
5833,7414
6088,7414
6584,7414
8324,7414
8777,7414
1114,7415
8066,7415
1115,7416
1675,7416
1859,7416
1941,7416
1944,7416
2274,7416
2725,7416
2732,7416
3134,7416
3148,7416
4103,7416
4430,7416
4442,7416
4458,7416
4566,7416
4581,7416
4614,7416
4730,7416
5022,7416
5572,7416
5652,7416
6108,7416
6290,7416
7190,7416
8771,7416
1115,7417
2291,7417
4452,7417
4612,7417
4733,7417
5009,7417
7831,7417
8157,7417
1115,7418
1116,7418
4450,7418
4733,7418
6871,7418
8125,7418
8696,7418
1115,7419
2286,7419
4702,7419
6382,7419
1115,7420
1116,7420
1424,7420
1684,7420
1976,7420
2721,7420
3033,7420
3134,7420
3135,7420
3137,7420
3140,7420
3335,7420
4432,7420
4508,7420
4566,7420
4661,7420
4756,7420
4953,7420
5588,7420
5617,7420
5618,7420
6360,7420
6568,7420
7187,7420
7591,7420
8172,7420
8392,7420
1115,7421
8776,7421
8799,7421
1115,7422
2767,7422
5461,7422
6360,7422
6605,7422
7362,7422
7720,7422
8000,7422
8696,7422
1116,7423
5421,7423
1116,7424
1306,7424
1866,7424
1947,7424
2272,7424
2282,7424
2546,7424
3033,7424
4430,7424
4433,7424
4441,7424
4443,7424
4452,7424
4455,7424
4457,7424
4508,7424
4957,7424
5456,7424
6108,7424
6297,7424
6299,7424
6518,7424
6852,7424
6871,7424
6937,7424
7838,7424
7875,7424
8005,7424
1116,7425
7689,7425
1116,7426
1778,7426
2087,7426
4454,7426
1116,7427
2269,7427
2285,7427
3531,7427
1116,7428
3740,7428
1119,7429
1284,7429
1285,7429
2420,7429
3451,7429
6043,7429
8313,7429
8346,7429
8453,7429
8792,7429
1119,7430
1388,7430
1119,7431
6033,7431
8436,7431
1119,7432
1119,7433
1119,7434
1120,7435
2072,7435
3191,7435
7521,7435
8039,7435
1120,7436
2708,7436
4017,7436
6425,7436
1120,7437
1223,7437
5426,7437
1120,7438
4034,7438
7003,7438
1120,7439
1121,7440
2093,7440
3943,7440
5033,7440
6704,7440
6867,7440
7152,7440
7462,7440
7565,7440
7715,7440
8019,7440
1121,7441
1121,7442
1121,7443
1121,7444
1121,7445
3668,7445
1122,7446
2711,7446
5288,7446
1122,7447
2406,7447
3583,7447
3771,7447
6349,7447
7457,7447
8302,7447
1123,7448
3136,7448
4455,7448
1123,7449
3079,7449
3914,7449
3916,7449
4104,7449
4427,7449
4572,7449
4661,7449
5442,7449
6074,7449
6888,7449
8145,7449
1123,7450
1123,7451
1123,7452
1123,7453
1125,7454
8113,7454
1125,7455
1125,7456
1126,7457
5112,7457
1127,7458
1208,7458
1127,7459
1127,7460
1127,7461
1127,7462
1127,7463
1127,7464
5943,7464
1127,7465
1127,7466
1127,7467
1127,7468
1127,7469
1128,7470
3686,7470
5201,7470
1129,7471
6373,7471
1129,7472
6954,7472
1129,7473
5837,7473
7520,7473
1129,7474
1129,7475
1129,7476
7947,7476
1129,7477
1130,7478
1131,7479
1744,7479
1131,7480
1256,7480
1131,7481
5034,7481
1131,7482
1187,7482
1248,7482
1256,7482
1131,7483
1131,7484
1131,7485
5142,7485
1131,7486
1131,7487
5299,7487
1132,7488
1256,7488
1132,7489
1132,7490
1132,7491
1132,7492
1132,7493
1132,7494
2920,7494
1133,7495
1133,7496
1133,7497
1133,7498
1248,7498
1133,7499
1248,7499
1133,7500
1134,7501
1516,7501
1649,7501
7929,7501
8182,7501
8493,7501
8734,7501
1134,7502
1134,7503
3224,7503
1134,7504
2909,7504
1134,7505
6135,7505
1134,7506
1134,7507
1135,7508
1634,7508
2571,7508
2573,7508
1135,7509
6642,7509
1135,7510
3082,7510
5172,7510
6512,7510
7058,7510
7150,7510
1135,7511
1135,7512
2999,7512
3334,7512
6902,7512
6911,7512
1135,7513
2999,7513
3334,7513
1135,7514
1135,7515
1135,7516
1135,7517
3334,7517
1136,7518
6541,7518
7905,7518
8196,7518
1136,7519
6476,7519
1136,7520
6028,7520
8758,7520
1136,7521
6143,7521
6760,7521
1136,7522
3123,7522
5151,7522
6007,7522
7733,7522
1136,7523
5580,7523
1136,7524
1715,7524
2417,7524
4944,7524
7019,7524
7404,7524
8465,7524
1137,7525
4393,7525
1137,7526
2118,7526
1137,7527
1137,7528
1434,7528
3973,7528
4393,7528
1137,7529
1532,7529
1137,7530
1850,7530
1137,7531
1137,7532
1138,7533
1138,7534
1138,7535
1138,7536
1138,7537
1138,7538
1139,7539
2101,7539
3453,7539
4997,7539
6143,7539
6211,7539
1139,7540
1139,7541
1139,7542
1139,7543
3598,7543
5033,7543
1139,7544
1139,7545
1139,7546
7950,7546
1139,7547
1140,7548
1140,7549
3097,7549
6663,7549
6886,7549
1140,7550
1140,7551
1879,7551
8160,7551
1140,7552
1140,7553
6770,7553
1140,7554
1141,7555
1141,7556
1141,7557
1141,7558
6249,7558
1141,7559
1141,7560
1141,7561
1142,7562
3133,7562
3142,7562
3144,7562
3146,7562
3150,7562
3159,7562
5218,7562
1142,7563
2286,7563
2340,7563
2811,7563
3164,7563
4720,7563
7116,7563
1143,7564
1145,7565
1913,7565
2048,7565
2077,7565
2173,7565
4312,7565
6187,7565
1145,7566
2995,7566
7004,7566
8175,7566
1145,7567
6316,7567
6943,7567
7203,7567
8366,7567
8619,7567
1145,7568
2598,7568
4799,7568
1145,7569
2541,7569
1146,7570
2713,7570
8085,7570
8223,7570
1146,7571
1289,7571
2853,7571
4025,7571
6047,7571
6717,7571
6779,7571
7478,7571
8083,7571
1146,7572
6428,7572
6493,7572
6918,7572
8497,7572
1146,7573
5761,7573
1146,7574
2904,7574
7936,7574
8697,7574
1146,7575
1146,7576
7751,7576
1146,7577
1146,7578
1146,7579
2860,7579
1146,7580
1148,7581
1149,7582
1149,7583
7378,7583
1149,7584
1149,7585
1149,7586
4943,7586
1149,7587
1149,7588
1149,7589
4943,7589
5896,7589
1149,7590
1149,7591
1150,7592
1150,7593
1150,7594
1150,7595
5429,7595
1150,7596
1150,7597
4839,7597
1150,7598
7288,7598
1150,7599
1150,7600
1151,7601
1152,7602
1860,7602
1152,7603
1860,7603
5559,7603
1153,7604
1153,7605
3436,7605
8007,7605
1153,7606
1153,7607
1153,7608
1153,7609
1153,7610
1153,7611
1153,7612
1154,7613
2585,7613
4221,7613
1154,7614
1154,7615
1154,7616
1906,7616
1154,7617
1154,7618
1154,7619
1154,7620
1155,7621
8290,7621
1155,7622
1155,7623
1435,7623
1788,7623
7299,7623
8650,7623
1155,7624
1157,7625
1157,7626
1157,7627
1157,7628
1580,7628
2145,7628
2583,7628
4037,7628
1157,7629
1157,7630
1158,7631
1353,7631
2703,7631
2792,7631
3184,7631
3187,7631
3828,7631
3868,7631
4122,7631
4939,7631
5262,7631
8191,7631
8502,7631
1158,7632
1159,7633
3318,7633
1159,7634
3318,7634
1159,7635
1159,7636
3318,7636
1159,7637
2260,7637
3318,7637
3321,7637
1159,7638
3318,7638
1159,7639
3318,7639
1159,7640
1159,7641
1160,7642
2013,7642
2977,7642
1160,7643
1160,7644
1160,7645
3069,7645
4007,7645
4356,7645
5508,7645
1160,7646
4513,7646
1160,7647
6792,7647
1160,7648
1160,7649
5178,7649
7803,7649
1161,7650
1161,7651
1161,7652
1161,7653
1161,7654
1163,7655
1954,7655
1163,7656
1163,7657
1163,7658
1163,7659
1164,7660
1787,7660
1165,7661
1165,7662
1165,7663
1165,7664
5620,7664
7106,7664
1165,7665
2568,7665
3549,7665
3889,7665
3948,7665
4884,7665
5067,7665
1165,7666
1165,7667
1165,7668
1165,7669
3553,7669
1165,7670
1166,7671
1713,7671
5421,7671
1166,7672
2393,7672
3531,7672
5711,7672
1166,7673
2717,7673
2729,7673
4612,7673
8009,7673
1166,7674
1166,7675
2857,7675
2918,7675
3144,7675
3148,7675
4359,7675
4467,7675
4562,7675
5473,7675
1166,7676
2187,7676
4434,7676
1166,7677
3982,7677
4258,7677
5779,7677
1166,7678
8807,7678
1166,7679
1677,7679
7239,7679
7734,7679
1166,7680
1166,7681
1166,7682
1167,7683
1167,7684
2795,7684
1167,7685
1167,7686
1167,7687
1167,7688
3118,7688
4502,7688
1167,7689
2794,7689
7392,7689
8358,7689
1168,7690
1168,7691
1168,7692
1168,7693
1168,7694
8015,7694
1168,7695
1168,7696
1168,7697
1169,7698
1169,7699
4139,7699
5341,7699
5644,7699
5754,7699
5866,7699
7500,7699
1169,7700
5889,7700
1171,7701
1171,7702
1171,7703
2740,7703
2877,7703
5429,7703
8597,7703
8784,7703
8785,7703
8796,7703
1171,7704
2182,7704
7690,7704
1171,7705
1171,7706
1173,7707
4221,7707
1174,7708
1174,7709
1174,7710
1174,7711
1174,7712
1174,7713
1174,7714
1175,7715
1175,7716
1175,7717
1584,7717
3075,7717
3474,7717
3781,7717
1175,7718
3929,7718
1175,7719
1175,7720
2943,7720
1175,7721
1175,7722
1176,7723
1265,7723
1550,7723
5038,7723
5491,7723
5517,7723
6924,7723
8362,7723
8446,7723
8447,7723
8537,7723
1176,7724
7631,7724
7632,7724
8096,7724
1176,7725
1702,7725
7462,7725
1176,7726
1176,7727
1176,7728
1176,7729
1176,7730
5033,7730
7598,7730
1176,7731
1177,7732
1177,7733
3090,7733
1177,7734
1177,7735
1178,7736
1178,7737
1178,7738
1287,7738
3259,7738
4119,7738
1178,7739
1178,7740
1178,7741
1178,7742
1178,7743
1179,7744
7192,7744
7193,7744
1179,7745
3388,7745
3718,7745
8030,7745
1179,7746
1879,7746
6020,7746
7027,7746
8611,7746
1179,7747
1179,7748
1179,7749
8761,7749
1179,7750
1179,7751
1180,7752
7786,7752
1180,7753
1180,7754
1180,7755
1180,7756
7786,7756
1180,7757
7764,7757
7784,7757
7786,7757
1180,7758
1180,7759
7786,7759
1180,7760
7784,7760
7786,7760
1180,7761
7765,7761
7774,7761
7775,7761
7777,7761
7780,7761
7781,7761
7782,7761
7784,7761
7786,7761
1180,7762
7765,7762
7784,7762
7786,7762
1180,7763
1180,7764
3581,7764
4624,7764
1180,7765
1667,7765
7456,7765
7465,7765
1181,7766
6195,7766
1181,7767
2082,7767
2441,7767
2543,7767
2771,7767
3232,7767
3351,7767
3509,7767
3678,7767
3862,7767
3980,7767
7149,7767
8272,7767
1181,7768
1181,7769
3862,7769
1181,7770
1182,7771
7999,7771
1182,7772
1182,7773
2119,7773
2168,7773
3780,7773
3830,7773
1182,7774
1182,7775
1182,7776
1182,7777
1182,7778
2136,7778
7146,7778
1182,7779
6209,7779
6942,7779
8036,7779
1185,7780
4644,7780
1185,7781
3835,7781
6502,7781
1185,7782
1185,7783
1185,7784
1186,7785
1186,7786
1187,7787
1258,7787
1919,7787
2063,7787
2400,7787
3666,7787
3667,7787
3959,7787
1187,7788
1929,7788
3664,7788
5854,7788
6732,7788
7377,7788
1187,7789
1187,7790
1187,7791
1187,7792
2999,7792
3272,7792
3273,7792
5170,7792
6732,7792
7156,7792
1187,7793
1187,7794
5299,7794
1187,7795
1188,7796
2947,7796
3338,7796
7987,7796
7988,7796
8184,7796
1188,7797
1188,7798
2204,7798
1188,7799
1188,7800
1188,7801
1188,7802
1189,7803
6489,7803
1189,7804
4436,7804
1189,7805
1189,7806
3244,7806
1189,7807
8301,7807
8387,7807
1189,7808
1189,7809
1189,7810
1189,7811
1189,7812
1189,7813
1189,7814
1190,7815
3975,7815
4977,7815
5326,7815
1191,7816
1879,7816
1191,7817
8151,7817
1191,7818
1191,7819
1475,7819
2028,7819
2387,7819
4928,7819
7446,7819
1191,7820
3478,7820
3535,7820
5651,7820
6490,7820
8742,7820
1191,7821
1191,7822
5351,7822
1191,7823
1193,7824
8802,7824
1193,7825
1193,7826
1193,7827
1193,7828
1193,7829
1193,7830
1193,7831
1193,7832
1194,7833
1194,7834
1194,7835
1194,7836
1194,7837
1290,7837
1194,7838
1194,7839
1195,7840
2124,7840
2880,7840
1195,7841
2514,7841
2879,7841
2880,7841
1195,7842
2688,7842
1196,7843
2905,7843
3686,7843
7062,7843
8254,7843
8345,7843
1198,7844
5454,7844
8342,7844
8518,7844
8637,7844
1198,7845
1518,7845
1519,7845
1559,7845
2391,7845
6638,7845
6665,7845
7307,7845
7588,7845
8342,7845
8758,7845
1198,7846
1199,7847
1199,7848
1199,7849
1199,7850
1199,7851
1199,7852
1199,7853
1199,7854
1200,7855
1541,7855
4405,7855
7623,7855
1200,7856
6201,7856
6744,7856
8083,7856
8396,7856
1200,7857
6677,7857
1200,7858
2892,7858
1200,7859
3868,7859
4864,7859
5848,7859
1201,7860
1201,7861
1201,7862
2560,7862
3536,7862
1201,7863
1201,7864
1201,7865
1201,7866
1980,7866
1201,7867
1201,7868
1202,7869
1202,7870
1202,7871
1202,7872
1202,7873
1203,7874
1203,7875
1203,7876
6565,7876
7846,7876
1203,7877
1203,7878
3532,7878
1203,7879
1203,7880
1203,7881
1204,7882
1843,7882
1204,7883
7417,7883
1204,7884
2380,7884
4111,7884
6613,7884
6626,7884
1204,7885
2139,7885
6501,7885
8617,7885
1204,7886
3775,7886
5043,7886
6841,7886
1204,7887
2331,7887
3552,7887
5176,7887
1204,7888
4950,7888
6067,7888
6447,7888
1204,7889
4805,7889
7099,7889
1204,7890
3247,7890
6243,7890
7022,7890
7595,7890
7597,7890
1204,7891
1204,7892
1206,7893
7878,7893
1206,7894
1206,7895
1206,7896
1206,7897
1206,7898
1206,7899
1206,7900
1206,7901
1206,7902
1206,7903
1206,7904
1420,7904
1614,7904
6885,7904
7550,7904
8378,7904
1207,7905
1207,7906
1207,7907
3333,7907
1207,7908
1207,7909
1207,7910
1207,7911
1207,7912
1207,7913
1207,7914
1207,7915
1209,7916
1209,7917
1209,7918
1209,7919
2668,7919
1209,7920
1209,7921
2616,7921
1209,7922
1209,7923
3483,7923
1209,7924
1210,7925
1210,7926
1210,7927
1837,7927
1210,7928
1210,7929
1210,7930
1210,7931
1210,7932
1210,7933
1211,7934
3359,7934
1211,7935
1211,7936
2411,7936
1211,7937
1211,7938
1211,7939
1211,7940
1835,7940
1878,7940
1212,7941
1212,7942
2668,7942
5594,7942
1212,7943
6088,7943
1212,7944
1212,7945
1212,7946
2040,7946
2429,7946
2621,7946
3403,7946
5977,7946
6909,7946
1213,7947
2255,7947
1213,7948
1213,7949
1213,7950
1213,7951
1213,7952
1213,7953
1213,7954
1213,7955
1213,7956
1214,7957
1403,7957
1214,7958
1214,7959
7735,7959
1214,7960
1214,7961
1403,7961
1557,7961
1846,7961
1894,7961
4139,7961
4624,7961
6355,7961
8144,7961
1214,7962
1214,7963
1215,7964
1215,7965
1215,7966
3550,7966
1215,7967
1215,7968
1215,7969
1216,7970
1217,7970
5543,7970
6729,7970
1216,7971
1217,7971
1216,7972
1892,7972
1216,7973
1217,7973
1216,7974
1217,7974
6983,7974
1216,7975
1217,7975
1216,7976
1217,7977
1217,7978
1218,7979
4642,7979
1218,7980
1218,7981
1218,7982
1218,7983
1218,7984
1218,7985
1677,7985
1218,7986
4717,7986
1218,7987
6880,7987
1218,7988
1218,7989
1218,7990
1391,7990
5574,7990
1218,7991
1218,7992
1218,7993
1219,7994
1219,7995
2498,7995
8205,7995
8282,7995
1219,7996
1403,7996
1592,7996
2250,7996
2928,7996
3443,7996
3655,7996
4201,7996
4762,7996
7678,7996
1219,7997
5306,7997
5566,7997
6395,7997
1220,7998
2622,7998
7716,7998
7981,7998
8683,7998
1220,7999
5389,7999
7296,7999
1220,8000
1221,8001
2838,8001
5744,8001
6408,8001
1221,8002
1221,8003
1221,8004
1221,8005
1221,8006
1221,8007
1221,8008
1222,8009
1476,8009
1222,8010
1222,8011
2931,8011
1222,8012
1222,8013
1222,8014
1223,8015
1223,8016
5988,8016
5992,8016
1223,8017
1223,8018
1223,8019
1592,8019
3063,8019
4624,8019
5988,8019
6221,8019
6482,8019
8456,8019
8467,8019
1223,8020
1223,8021
5988,8021
1223,8022
1223,8023
1224,8024
1224,8025
1224,8026
1224,8027
1224,8028
1224,8029
1224,8030
1227,8031
5528,8031
1227,8032
1228,8033
5500,8033
1228,8034
1676,8034
3137,8034
3146,8034
4442,8034
5021,8034
1228,8035
2421,8035
5548,8035
6218,8035
6531,8035
6603,8035
1228,8036
1228,8037
2267,8037
2811,8037
4198,8037
6169,8037
7760,8037
8048,8037
8631,8037
8807,8037
1228,8038
1429,8038
1228,8039
2343,8039
3133,8039
3915,8039
3916,8039
4103,8039
4108,8039
7036,8039
8000,8039
8146,8039
1228,8040
1228,8041
4840,8041
1229,8042
1229,8043
1229,8044
1229,8045
1703,8045
1229,8046
1229,8047
2279,8047
1230,8048
2491,8048
1230,8049
1920,8049
1230,8050
1230,8051
2029,8051
7837,8051
1230,8052
1230,8053
8664,8053
1230,8054
6808,8054
1230,8055
1230,8056
1231,8057
1231,8058
2987,8058
1231,8059
1231,8060
1231,8061
1232,8062
1232,8063
1232,8064
1232,8065
1232,8066
1232,8067
1233,8068
1350,8068
2135,8068
1233,8069
1233,8070
6674,8070
1233,8071
1233,8072
1233,8073
1233,8074
1233,8075
1233,8076
1233,8077
1234,8078
1234,8079
1234,8080
1234,8081
1234,8082
1234,8083
1234,8084
1237,8085
1237,8086
1237,8087
1237,8088
1237,8089
1237,8090
1237,8091
1237,8092
1237,8093
1237,8094
1238,8095
1238,8096
1238,8097
1238,8098
1238,8099
1270,8099
1238,8100
1238,8101
1434,8101
1497,8101
2931,8101
1238,8102
1270,8102
1238,8103
1324,8103
1238,8104
1239,8105
3841,8105
1239,8106
4637,8106
6190,8106
1239,8107
1239,8108
1240,8109
1360,8109
1397,8109
7327,8109
8695,8109
1240,8110
1702,8110
1880,8110
3102,8110
5847,8110
1240,8111
1764,8111
3301,8111
7664,8111
8496,8111
1240,8112
2581,8112
1240,8113
1240,8114
1632,8114
1240,8115
3492,8115
4752,8115
1240,8116
2708,8116
4066,8116
5880,8116
6186,8116
6434,8116
1241,8117
3239,8117
6391,8117
1241,8118
4201,8118
5890,8118
6201,8118
1241,8119
1798,8119
5030,8119
1241,8120
1445,8120
1241,8121
1242,8122
1242,8123
1242,8124
1242,8125
1581,8125
2048,8125
3173,8125
3407,8125
3944,8125
1242,8126
1502,8126
3439,8126
1242,8127
1780,8127
1242,8128
1242,8129
1242,8130
3524,8130
1242,8131
1242,8132
1242,8133
1257,8133
3842,8133
5346,8133
5734,8133
5882,8133
5901,8133
6993,8133
7521,8133
7710,8133
1244,8134
1252,8134
1609,8134
3967,8134
7480,8134
7902,8134
8252,8134
8356,8134
8765,8134
1244,8135
1244,8136
1244,8137
1702,8137
2554,8137
4121,8137
6066,8137
7508,8137
1244,8138
1245,8139
2834,8139
3510,8139
4826,8139
1245,8140
1245,8141
7454,8141
1245,8142
5297,8142
5482,8142
1245,8143
2816,8143
4583,8143
6321,8143
7260,8143
1245,8144
3033,8144
1245,8145
2272,8145
3951,8145
4510,8145
1246,8146
7699,8146
8016,8146
1246,8147
7699,8147
8016,8147
1246,8148
1246,8149
3552,8149
7699,8149
8016,8149
1246,8150
8016,8150
1246,8151
5567,8151
5937,8151
8071,8151
1246,8152
1246,8153
1627,8153
5567,8153
1246,8154
1246,8155
2524,8155
1247,8156
4346,8156
6453,8156
1247,8157
1247,8158
1247,8159
1247,8160
1247,8161
1247,8162
1247,8163
1247,8164
1248,8165
1248,8166
1248,8167
1248,8168
1250,8169
1337,8169
2866,8169
4930,8169
5747,8169
1251,8170
1251,8171
1252,8172
1252,8173
1252,8174
1252,8175
1252,8176
8197,8176
8283,8176
1252,8177
1253,8178
5318,8178
1253,8179
1253,8180
3353,8180
1253,8181
1253,8182
1295,8182
3768,8182
5107,8182
1253,8183
1253,8184
1253,8185
1253,8186
1253,8187
3768,8187
1253,8188
1254,8189
1601,8189
1792,8189
3660,8189
5233,8189
6239,8189
7465,8189
1254,8190
4312,8190
4372,8190
4652,8190
5801,8190
1254,8191
3021,8191
4140,8191
5341,8191
5646,8191
5754,8191
5808,8191
6902,8191
7491,8191
7492,8191
7493,8191
7494,8191
7495,8191
7496,8191
7497,8191
7500,8191
7501,8191
7502,8191
1255,8192
1255,8193
1255,8194
1255,8195
1255,8196
1256,8197
5071,8197
1256,8198
1256,8199
1563,8199
1256,8200
1257,8201
1257,8202
1257,8203
1257,8204
1717,8204
3370,8204
5886,8204
8363,8204
1257,8205
1257,8206
1257,8207
1258,8208
2365,8208
2445,8208
2715,8208
2775,8208
2804,8208
3272,8208
3273,8208
4716,8208
5293,8208
5294,8208
5748,8208
1258,8209
5835,8209
1259,8210
1259,8211
2963,8211
5175,8211
5341,8211
5660,8211
7628,8211
1259,8212
1688,8212
1984,8212
5868,8212
6421,8212
8006,8212
1259,8213
1259,8214
7277,8214
7278,8214
1259,8215
5854,8215
1260,8216
6007,8216
8405,8216
8406,8216
1260,8217
1468,8217
1843,8217
6018,8217
6879,8217
7165,8217
8043,8217
8129,8217
8221,8217
1260,8218
1260,8219
6272,8219
1260,8220
1260,8221
1260,8222
3399,8222
1260,8223
3753,8223
6337,8223
1260,8224
1265,8224
4534,8224
5847,8224
6028,8224
6924,8224
7009,8224
7866,8224
8069,8224
8088,8224
8264,8224
8326,8224
1261,8225
2211,8225
2309,8225
3374,8225
3504,8225
4125,8225
5444,8225
1261,8226
3669,8226
1261,8227
3983,8227
5578,8227
1261,8228
1261,8229
1261,8230
4114,8230
1261,8231
1262,8232
5606,8232
1262,8233
2345,8233
1262,8234
1267,8234
6220,8234
1262,8235
1262,8236
1262,8237
1262,8238
6220,8238
1262,8239
1262,8240
6099,8240
6220,8240
7592,8240
1262,8241
1263,8242
1276,8242
1263,8243
1276,8243
5382,8243
1264,8244
6567,8244
1264,8245
1264,8246
1264,8247
1265,8248
1359,8248
2861,8248
5683,8248
7418,8248
7963,8248
8455,8248
1265,8249
2667,8249
3274,8249
4785,8249
5882,8249
6641,8249
7710,8249
8431,8249
8512,8249
1265,8250
6323,8250
6918,8250
8373,8250
1265,8251
6164,8251
6189,8251
7717,8251
1265,8252
2548,8252
5102,8252
5303,8252
5346,8252
5562,8252
5614,8252
7275,8252
7504,8252
7710,8252
8037,8252
8088,8252
1266,8253
2727,8253
1266,8254
2289,8254
3482,8254
5630,8254
7118,8254
7872,8254
1266,8255
2343,8255
3061,8255
5021,8255
1267,8256
1267,8257
1267,8258
1267,8259
1268,8260
7624,8260
8117,8260
1268,8261
1721,8261
8454,8261
1268,8262
2056,8262
4274,8262
4403,8262
1268,8263
4403,8263
1268,8264
1268,8265
2328,8265
1268,8266
1268,8267
1268,8268
1269,8269
1271,8269
2600,8269
8022,8269
1269,8270
1271,8270
8022,8270
8023,8270
1269,8271
1271,8271
8022,8271
8023,8271
1269,8272
1271,8272
8023,8272
1269,8273
1269,8274
1269,8275
1269,8276
1271,8276
8023,8276
1269,8277
7259,8277
1270,8278
1270,8279
1270,8280
1270,8281
1270,8282
1270,8283
1270,8284
1270,8285
1270,8286
1982,8286
1270,8287
1270,8288
1270,8289
1270,8290
1270,8291
1271,8292
7265,8292
8023,8292
1271,8293
8023,8293
1271,8294
3186,8294
8023,8294
1271,8295
6653,8295
8023,8295
1271,8296
8023,8296
1271,8297
8023,8297
1271,8298
8023,8298
1271,8299
8023,8299
1271,8300
8023,8300
1271,8301
8023,8301
1271,8302
8023,8302
1271,8303
2568,8303
1271,8304
8023,8304
1271,8305
8023,8305
1271,8306
2094,8306
7711,8306
1272,8307
1272,8308
1272,8309
1272,8310
1272,8311
1272,8312
1272,8313
1272,8314
1273,8315
1273,8316
1273,8317
1273,8318
1273,8319
1273,8320
1274,8321
4049,8321
5071,8321
1274,8322
1274,8323
1274,8324
3090,8324
1274,8325
1274,8326
1274,8327
1275,8328
1276,8329
1276,8330
2868,8330
2942,8330
1276,8331
1277,8332
1277,8333
1277,8334
1277,8335
1277,8336
1277,8337
2128,8337
1277,8338
1277,8339
1277,8340
1277,8341
1277,8342
1277,8343
1277,8344
1278,8345
1278,8346
1278,8347
3318,8347
1278,8348
1278,8349
1278,8350
1278,8351
1278,8352
1278,8353
1278,8354
1278,8355
1278,8356
1278,8357
1278,8358
1278,8359
1279,8360
4261,8360
5162,8360
1282,8361
1282,8362
2841,8362
2874,8362
1282,8363
1282,8364
1282,8365
2339,8365
2611,8365
2630,8365
1284,8366
1462,8366
3399,8366
5378,8366
5889,8366
6138,8366
6380,8366
1284,8367
2260,8367
2576,8367
5441,8367
6613,8367
8289,8367
8533,8367
1284,8368
6940,8368
1284,8369
1284,8370
8396,8370
8442,8370
1284,8371
1284,8372
1285,8373
7517,8373
1285,8374
2043,8374
2820,8374
4942,8374
7400,8374
1285,8375
1285,8376
1285,8377
1285,8378
4295,8378
1285,8379
1378,8379
8540,8379
1285,8380
1286,8381
1343,8381
3781,8381
1286,8382
1286,8383
4646,8383
1286,8384
2607,8384
3657,8384
1286,8385
1287,8386
1287,8387
1287,8388
2990,8388
1287,8389
1501,8389
5289,8389
1287,8390
3259,8390
4119,8390
1287,8391
1287,8392
1289,8393
1359,8393
1904,8393
2180,8393
2861,8393
3583,8393
3635,8393
4263,8393
6643,8393
7958,8393
7965,8393
8096,8393
8157,8393
8407,8393
8454,8393
1289,8394
1591,8394
1690,8394
4939,8394
5433,8394
6840,8394
8502,8394
1289,8395
1289,8396
8768,8396
1289,8397
6060,8397
1289,8398
1289,8399
6068,8399
1289,8400
3587,8400
1290,8401
6400,8401
1290,8402
1290,8403
1290,8404
1290,8405
1290,8406
1290,8407
1290,8408
4501,8408
5443,8408
6753,8408
8132,8408
1290,8409
1290,8410
1291,8411
2705,8411
4620,8411
5094,8411
5513,8411
6343,8411
6897,8411
7528,8411
1291,8412
1291,8413
3478,8413
5450,8413
1292,8414
2083,8414
7683,8414
1292,8415
1292,8416
1292,8417
2348,8417
2684,8417
6419,8417
6466,8417
6667,8417
8572,8417
1292,8418
1292,8419
2664,8419
1294,8420
1294,8421
1294,8422
1742,8422
3493,8422
3494,8422
3517,8422
4606,8422
1294,8423
4612,8423
1294,8424
1294,8425
1294,8426
1294,8427
1294,8428
2761,8428
3569,8428
3570,8428
3571,8428
1294,8429
1294,8430
1294,8431
1294,8432
4098,8432
1294,8433
4098,8433
1294,8434
1295,8435
1295,8436
1295,8437
2328,8437
7337,8437
1295,8438
5634,8438
1295,8439
1296,8440
1296,8441
1296,8442
1296,8443
1296,8444
1296,8445
1297,8446
1297,8447
1297,8448
4328,8448
1297,8449
1297,8450
1297,8451
1297,8452
4328,8452
1297,8453
2256,8453
1297,8454
1297,8455
1297,8456
1297,8457
1297,8458
1297,8459
1297,8460
1297,8461
1297,8462
1297,8463
1297,8464
1297,8465
1297,8466
1298,8467
1298,8468
4429,8468
6954,8468
1298,8469
5119,8469
1298,8470
1298,8471
1299,8472
4646,8472
1299,8473
1644,8473
2037,8473
3271,8473
4328,8473
1299,8474
3072,8474
3614,8474
3615,8474
4128,8474
8331,8474
1299,8475
1299,8476
1299,8477
1299,8478
2411,8478
1299,8479
1299,8480
1299,8481
1299,8482
1878,8482
1300,8483
5752,8483
1300,8484
3337,8484
3827,8484
4132,8484
1300,8485
2587,8485
3334,8485
5170,8485
5754,8485
6732,8485
1300,8486
3742,8486
1300,8487
2176,8487
2181,8487
3589,8487
4275,8487
1300,8488
1300,8489
5179,8489
1300,8490
1300,8491
1300,8492
1301,8493
3036,8493
4971,8493
1301,8494
1301,8495
1301,8496
3636,8496
4229,8496
5880,8496
1301,8497
1472,8497
2469,8497
4824,8497
1301,8498
1301,8499
2417,8499
4908,8499
6189,8499
8060,8499
1301,8500
1751,8500
7962,8500
1301,8501
2391,8501
1301,8502
8419,8502
1301,8503
1301,8504
1656,8504
2209,8504
2764,8504
2938,8504
1301,8505
1495,8505
1748,8505
4025,8505
5306,8505
1301,8506
2130,8506
7058,8506
1301,8507
2746,8507
3211,8507
4795,8507
4846,8507
5862,8507
6332,8507
6897,8507
7585,8507
7697,8507
1301,8508
6658,8508
1301,8509
4321,8509
1301,8510
6613,8510
1302,8511
4810,8511
1302,8512
7704,8512
1302,8513
1302,8514
1302,8515
1302,8516
1303,8517
2155,8517
1306,8518
1306,8519
1941,8519
1306,8520
1306,8521
1562,8521
5184,8521
5572,8521
7080,8521
1306,8522
7429,8522
1307,8523
3660,8523
6226,8523
7453,8523
7678,8523
7710,8523
8731,8523
1307,8524
2520,8524
4795,8524
7588,8524
7678,8524
7961,8524
8452,8524
8456,8524
8595,8524
1307,8525
3100,8525
7643,8525
1307,8526
1307,8527
1307,8528
1308,8529
1780,8529
1308,8530
5895,8530
1308,8531
1308,8532
1308,8533
1308,8534
1308,8535
1308,8536
6859,8536
1308,8537
1309,8538
1310,8539
1310,8540
1310,8541
1310,8542
4525,8542
1310,8543
1310,8544
1310,8545
1310,8546
1310,8547
1310,8548
1311,8549
1311,8550
1311,8551
1311,8552
1312,8553
1947,8553
1312,8554
2277,8554
3049,8554
1312,8555
1312,8556
3412,8556
1313,8557
1313,8558
3039,8558
4322,8558
8199,8558
1313,8559
1313,8560
1316,8561
3978,8561
4883,8561
5578,8561
5736,8561
7106,8561
1317,8562
1317,8563
1317,8564
1317,8565
8013,8565
1317,8566
1317,8567
1317,8568
1317,8569
1318,8570
2610,8570
4090,8570
1319,8571
2926,8571
4699,8571
8119,8571
1319,8572
2926,8572
4699,8572
6371,8572
1319,8573
2926,8573
4699,8573
1319,8574
2418,8574
2926,8574
1319,8575
1319,8576
2926,8576
4699,8576
1319,8577
1737,8577
2926,8577
4699,8577
1319,8578
2926,8578
3038,8578
5285,8578
1319,8579
2926,8579
3931,8579
4699,8579
6863,8579
7987,8579
1319,8580
1319,8581
1320,8582
1320,8583
1320,8584
1320,8585
1320,8586
1320,8587
1320,8588
1320,8589
1320,8590
7068,8590
1321,8591
1321,8592
1321,8593
1321,8594
1321,8595
1321,8596
1321,8597
1321,8598
1322,8599
1902,8599
2600,8599
6677,8599
1322,8600
3489,8600
1322,8601
4367,8601
1322,8602
1322,8603
1323,8604
5076,8604
5239,8604
1323,8605
1323,8606
1323,8607
1707,8607
3576,8607
4676,8607
1323,8608
5621,8608
1324,8609
1414,8609
1850,8609
2647,8609
2648,8609
4158,8609
4160,8609
4162,8609
6010,8609
8510,8609
1324,8610
1373,8610
1850,8610
1324,8611
2482,8611
1324,8612
4160,8612
1324,8613
1324,8614
1324,8615
1324,8616
4161,8616
1324,8617
1324,8618
1324,8619
1324,8620
1324,8621
1324,8622
1324,8623
1324,8624
1325,8625
3732,8625
8368,8625
1325,8626
1325,8627
2147,8627
5566,8627
1325,8628
1325,8629
1325,8630
1325,8631
1326,8632
1326,8633
1326,8634
1326,8635
1741,8635
1326,8636
1326,8637
1326,8638
1327,8639
1327,8640
1327,8641
1327,8642
1327,8643
1607,8643
1327,8644
1327,8645
1327,8646
1327,8647
1327,8648
1328,8649
1328,8650
1328,8651
1328,8652
1328,8653
1328,8654
1328,8655
1328,8656
1328,8657
1330,8658
1330,8659
2681,8659
1330,8660
1330,8661
1330,8662
6335,8662
1330,8663
1330,8664
1330,8665
3041,8665
1330,8666
1331,8667
1331,8668
1331,8669
2704,8669
8112,8669
1333,8670
3660,8670
1333,8671
1333,8672
1333,8673
1334,8674
6001,8674
6333,8674
8514,8674
1334,8675
2364,8675
2417,8675
2673,8675
7219,8675
1334,8676
1649,8676
2702,8676
1334,8677
1334,8678
1334,8679
1334,8680
6089,8680
7044,8680
1335,8681
1346,8681
6968,8681
1335,8682
1335,8683
1335,8684
1335,8685
7677,8685
1335,8686
1335,8687
1336,8688
1764,8688
3163,8688
6047,8688
8140,8688
1336,8689
1336,8690
8725,8690
1338,8691
1975,8691
4450,8691
4452,8691
4456,8691
4681,8691
4720,8691
4726,8691
4737,8691
4949,8691
5678,8691
6578,8691
6974,8691
7373,8691
1338,8692
1338,8693
7922,8693
1338,8694
1338,8695
1338,8696
1339,8697
3983,8697
7701,8697
1339,8698
2089,8698
2838,8698
2847,8698
2865,8698
4717,8698
1339,8699
1926,8699
5533,8699
1339,8700
1339,8701
2847,8701
1339,8702
1339,8703
1339,8704
3069,8704
5374,8704
6714,8704
8246,8704
1340,8705
4310,8705
1340,8706
3903,8706
1340,8707
5590,8707
1340,8708
1340,8709
1340,8710
3371,8710
1340,8711
1340,8712
3557,8712
4618,8712
1340,8713
1340,8714
1340,8715
8618,8715
1340,8716
1340,8717
1340,8718
1340,8719
1341,8720
1341,8721
4002,8721
4137,8721
1341,8722
1341,8723
2604,8723
3671,8723
1341,8724
1341,8725
1588,8725
1341,8726
1501,8726
5685,8726
1341,8727
1342,8728
4761,8728
5622,8728
1343,8729
4780,8729
1343,8730
1343,8731
1343,8732
1345,8733
1345,8734
2241,8734
6709,8734
1345,8735
1345,8736
1345,8737
1345,8738
1345,8739
1345,8740
1345,8741
1346,8742
4380,8742
6606,8742
1346,8743
4289,8743
1346,8744
1346,8745
5671,8745
1346,8746
1346,8747
2749,8747
1346,8748
1346,8749
1347,8750
1789,8750
1347,8751
1347,8752
1347,8753
1347,8754
1347,8755
1347,8756
1347,8757
1994,8757
1347,8758
1347,8759
1347,8760
1347,8761
1347,8762
1347,8763
1347,8764
1347,8765
1348,8766
4170,8766
4758,8766
5955,8766
1348,8767
1387,8767
5551,8767
1348,8768
5306,8768
5771,8768
7316,8768
8274,8768
1348,8769
1348,8770
1348,8771
1348,8772
4367,8772
6118,8772
1348,8773
1348,8774
1348,8775
3327,8775
1348,8776
1348,8777
1348,8778
1348,8779
1349,8780
3239,8780
3763,8780
1349,8781
3750,8781
1349,8782
1349,8783
2412,8783
1349,8784
1349,8785
1349,8786
1349,8787
8727,8787
1349,8788
2053,8788
1350,8789
2135,8789
4937,8789
1350,8790
3030,8790
3352,8790
1350,8791
1350,8792
1350,8793
1350,8794
1350,8795
3186,8795
4679,8795
5361,8795
1350,8796
1350,8797
1351,8798
1351,8799
1561,8799
1351,8800
1351,8801
1351,8802
1351,8803
1351,8804
1351,8805
1351,8806
7766,8806
7769,8806
7771,8806
7773,8806
1352,8807
1352,8808
1352,8809
1352,8810
1352,8811
1352,8812
1352,8813
1353,8814
1353,8815
1353,8816
1353,8817
1353,8818
1353,8819
1354,8820
1354,8821
6512,8821
1354,8822
5675,8822
1354,8823
1354,8824
6001,8824
8160,8824
1354,8825
1354,8826
1355,8827
1355,8828
1355,8829
1355,8830
1355,8831
1355,8832
2791,8832
1355,8833
3324,8833
1355,8834
1356,8835
1356,8836
1356,8837
3189,8837
3927,8837
6059,8837
7951,8837
1356,8838
1356,8839
3325,8839
1356,8840
1364,8840
5643,8840
1356,8841
8011,8841
1356,8842
1357,8843
1357,8844
8777,8844
1357,8845
1357,8846
2412,8846
1357,8847
1370,8847
2300,8847
1357,8848
3440,8848
1357,8849
3058,8849
3059,8849
3060,8849
1357,8850
1358,8851
1358,8852
1358,8853
1358,8854
1358,8855
8584,8855
1358,8856
8655,8856
1358,8857
1358,8858
1358,8859
1359,8860
1751,8860
6345,8860
7550,8860
8117,8860
1359,8861
7309,8861
1359,8862
6333,8862
6366,8862
6716,8862
8743,8862
1359,8863
1843,8863
3967,8863
4534,8863
6413,8863
6887,8863
6889,8863
8313,8863
8368,8863
8803,8863
1359,8864
6736,8864
8161,8864
8803,8864
1360,8865
6696,8865
1360,8866
1809,8866
2531,8866
8185,8866
1360,8867
6782,8867
1360,8868
1815,8868
3970,8868
1360,8869
6610,8869
1360,8870
1360,8871
2158,8871
4263,8871
6911,8871
1361,8872
1603,8872
1785,8872
1810,8872
3619,8872
4019,8872
4039,8872
4072,8872
4077,8872
1361,8873
1498,8873
1603,8873
1683,8873
1785,8873
1810,8873
3619,8873
4019,8873
4039,8873
4072,8873
4077,8873
1361,8874
1361,8875
6856,8875
1361,8876
1535,8876
1361,8877
1361,8878
4076,8878
1361,8879
4021,8879
4071,8879
4072,8879
4078,8879
1361,8880
1361,8881
1361,8882
1361,8883
1362,8884
3239,8884
8560,8884
1362,8885
3920,8885
1362,8886
3076,8886
1362,8887
1362,8888
1362,8889
1362,8890
1362,8891
5346,8891
5901,8891
1363,8892
7983,8892
1363,8893
1363,8894
4858,8894
5839,8894
5856,8894
1363,8895
3451,8895
7857,8895
1363,8896
1363,8897
4203,8897
4765,8897
1363,8898
1363,8899
1363,8900
1363,8901
1363,8902
1363,8903
5393,8903
8094,8903
1363,8904
6195,8904
1363,8905
8094,8905
1364,8906
2412,8906
1364,8907
3562,8907
5278,8907
1364,8908
1364,8909
1364,8910
1364,8911
1365,8912
1365,8913
1754,8913
2455,8913
6487,8913
1365,8914
5130,8914
6693,8914
1365,8915
1365,8916
6805,8916
1365,8917
6943,8917
1365,8918
1367,8919
8321,8919
8535,8919
1367,8920
2956,8920
1367,8921
1367,8922
1367,8923
1367,8924
1367,8925
1367,8926
1367,8927
1367,8928
4822,8928
6164,8928
1368,8929
2150,8929
1368,8930
1368,8931
1368,8932
1718,8932
1368,8933
1368,8934
1368,8935
1369,8936
2782,8936
3983,8936
4698,8936
5188,8936
5444,8936
1369,8937
3587,8937
4910,8937
5444,8937
5578,8937
5736,8937
5955,8937
1369,8938
4156,8938
4474,8938
5605,8938
5773,8938
6672,8938
1369,8939
8195,8939
8425,8939
1369,8940
1369,8941
2135,8941
2977,8941
1369,8942
1369,8943
4848,8943
5188,8943
1369,8944
2656,8944
2977,8944
5508,8944
1369,8945
2977,8945
5444,8945
5515,8945
1370,8946
1370,8947
1370,8948
1370,8949
1370,8950
2005,8950
8060,8950
1370,8951
1370,8952
1370,8953
6309,8953
1371,8954
3262,8954
4993,8954
5168,8954
8744,8954
1371,8955
2678,8955
6493,8955
7958,8955
1371,8956
5098,8956
6503,8956
1371,8957
8554,8957
1371,8958
7392,8958
1373,8959
1373,8960
1373,8961
1374,8962
6874,8962
1374,8963
1374,8964
1374,8965
2992,8965
1374,8966
3534,8966
1374,8967
1889,8967
1375,8968
1375,8969
1375,8970
1375,8971
1375,8972
1375,8973
1375,8974
1375,8975
1375,8976
1375,8977
6586,8977
1375,8978
1375,8979
6586,8979
1375,8980
1375,8981
1375,8982
1375,8983
1375,8984
1376,8985
1376,8986
1376,8987
1376,8988
1376,8989
1376,8990
1950,8990
3297,8990
1376,8991
1376,8992
1377,8993
2414,8993
3594,8993
1377,8994
1377,8995
1377,8996
1377,8997
1377,8998
3569,8998
3570,8998
3571,8998
7692,8998
1377,8999
1378,9000
3552,9000
1378,9001
4096,9001
8655,9001
1378,9002
5058,9002
6312,9002
6827,9002
1378,9003
2935,9003
5934,9003
1378,9004
1378,9005
1378,9006
1815,9006
1378,9007
1378,9008
1378,9009
6793,9009
8453,9009
8675,9009
1378,9010
6394,9010
1378,9011
4944,9011
1378,9012
1378,9013
1378,9014
6780,9014
1378,9015
8600,9015
1379,9016
1379,9017
1379,9018
1379,9019
1379,9020
1380,9021
1380,9022
1380,9023
1380,9024
2478,9024
1381,9025
1381,9026
4858,9026
1381,9027
3067,9027
1381,9028
1381,9029
4814,9029
1381,9030
3067,9030
1381,9031
1381,9032
1381,9033
2942,9033
4370,9033
4858,9033
5122,9033
1381,9034
4765,9034
5167,9034
1382,9035
1382,9036
2049,9036
1382,9037
1383,9038
3111,9038
3113,9038
1383,9039
2253,9039
3167,9039
3210,9039
1383,9040
3408,9040
1383,9041
1383,9042
2117,9042
2352,9042
1383,9043
1385,9044
1385,9045
1385,9046
1385,9047
4128,9047
1385,9048
1385,9049
1635,9049
1386,9050
2067,9050
2946,9050
3697,9050
1386,9051
2775,9051
1386,9052
1387,9053
5736,9053
1387,9054
3177,9054
8706,9054
1387,9055
3587,9055
4156,9055
5553,9055
1387,9056
5578,9056
6161,9056
1387,9057
1997,9057
3922,9057
4067,9057
5375,9057
1387,9058
1387,9059
1387,9060
4156,9060
4166,9060
1388,9061
7869,9061
1388,9062
5960,9062
7148,9062
1388,9063
1762,9063
4971,9063
1389,9064
3751,9064
7899,9064
1389,9065
1390,9066
2108,9066
2593,9066
3038,9066
3836,9066
7049,9066
1390,9067
8011,9067
1390,9068
6272,9068
1390,9069
2457,9069
1390,9070
1390,9071
4939,9071
5925,9071
1390,9072
5454,9072
8257,9072
1390,9073
1861,9073
1865,9073
3219,9073
3442,9073
3828,9073
4977,9073
5262,9073
1391,9074
1391,9075
1797,9075
2707,9075
1391,9076
1391,9077
3453,9077
3492,9077
1391,9078
1391,9079
7871,9079
8698,9079
1391,9080
1391,9081
8085,9081
1392,9082
3297,9082
5539,9082
8069,9082
1392,9083
1392,9084
1392,9085
2150,9085
1392,9086
1737,9086
4418,9086
4774,9086
5288,9086
6991,9086
8493,9086
8731,9086
1392,9087
3813,9087
5168,9087
1392,9088
3373,9088
6380,9088
7712,9088
8197,9088
8599,9088
1393,9089
1393,9090
3981,9090
1393,9091
1393,9092
1393,9093
1393,9094
1393,9095
1393,9096
1393,9097
1393,9098
1394,9099
1394,9100
1394,9101
1396,9102
1396,9103
1396,9104
1397,9105
1397,9106
3527,9106
5092,9106
5960,9106
7516,9106
8129,9106
1397,9107
1397,9108
1924,9108
1397,9109
6176,9109
1398,9110
1398,9111
3775,9111
4642,9111
8355,9111
8697,9111
1398,9112
1398,9113
1398,9114
1398,9115
1398,9116
1768,9116
6161,9116
6620,9116
1398,9117
1399,9118
1511,9118
3763,9118
5000,9118
1399,9119
6965,9119
8581,9119
1399,9120
1399,9121
8635,9121
1399,9122
1400,9123
1400,9124
6148,9124
1400,9125
5126,9125
1400,9126
5369,9126
1400,9127
5484,9127
5643,9127
1400,9128
2750,9128
1400,9129
1400,9130
1402,9131
2829,9131
3686,9131
5201,9131
1402,9132
2829,9132
4408,9132
8006,9132
8007,9132
8008,9132
1402,9133
2829,9133
1402,9134
1402,9135
2829,9135
1402,9136
2829,9136
4140,9136
5646,9136
7098,9136
7750,9136
1402,9137
1403,9138
3320,9138
3473,9138
3476,9138
5273,9138
5786,9138
1403,9139
2380,9139
3637,9139
5364,9139
7507,9139
8600,9139
1403,9140
4364,9140
7960,9140
1404,9141
1404,9142
1911,9142
1404,9143
1404,9144
1404,9145
1404,9146
1404,9147
1404,9148
1404,9149
1404,9150
1405,9151
1405,9152
1405,9153
1405,9154
1405,9155
3316,9155
1405,9156
2380,9156
1406,9157
1406,9158
4029,9158
1406,9159
2065,9159
2351,9159
1407,9160
1894,9160
2903,9160
1407,9161
1894,9161
1407,9162
2903,9162
1407,9163
1407,9164
6213,9164
7329,9164
8229,9164
8541,9164
1408,9165
1408,9166
1463,9166
1408,9167
1409,9168
5426,9168
1409,9169
6802,9169
8280,9169
1409,9170
1409,9171
2746,9171
5631,9171
1409,9172
2702,9172
1409,9173
6459,9173
8549,9173
1409,9174
1409,9175
1409,9176
2134,9176
1409,9177
1409,9178
7637,9178
1409,9179
3321,9179
6251,9179
6755,9179
1409,9180
6248,9180
1410,9181
1410,9182
1410,9183
1410,9184
1411,9185
1473,9185
6074,9185
1411,9186
3294,9186
3789,9186
4449,9186
5123,9186
1411,9187
1411,9188
7186,9188
1411,9189
1412,9190
1412,9191
1706,9191
7955,9191
8507,9191
1413,9192
1413,9193
1413,9194
1414,9195
1414,9196
1414,9197
1414,9198
1414,9199
1414,9200
1414,9201
1415,9202
1415,9203
2482,9203
1415,9204
1415,9205
1415,9206
1415,9207
1415,9208
1415,9209
1415,9210
1416,9211
6487,9211
7219,9211
8040,9211
1416,9212
1416,9213
1416,9214
1416,9215
1416,9216
7475,9216
1418,9217
1418,9218
1418,9219
1418,9220
1420,9221
6923,9221
1420,9222
4993,9222
1420,9223
1420,9224
1420,9225
7623,9225
1422,9226
1572,9226
1422,9227
5100,9227
5532,9227
1422,9228
3096,9228
4130,9228
1422,9229
1422,9230
6609,9230
1422,9231
1423,9232
1866,9232
2286,9232
4432,9232
4601,9232
6569,9232
7024,9232
7591,9232
1423,9233
1427,9233
1976,9233
3132,9233
1423,9234
1427,9234
5962,9234
6603,9234
7175,9234
8630,9234
1423,9235
1423,9236
6064,9236
7116,9236
8138,9236
1424,9237
1495,9237
2127,9237
2279,9237
2721,9237
3133,9237
3134,9237
3135,9237
3159,9237
4427,9237
4576,9237
4664,9237
4720,9237
4722,9237
4794,9237
6108,9237
7525,9237
1424,9238
1425,9239
2331,9239
1425,9240
7733,9240
1425,9241
3222,9241
4624,9241
5422,9241
7957,9241
1425,9242
1425,9243
1425,9244
1427,9245
6301,9245
6852,9245
6937,9245
7833,9245
7939,9245
8774,9245
1427,9246
1859,9246
1867,9246
4434,9246
7689,9246
7831,9246
7838,9246
1427,9247
8005,9247
1427,9248
1428,9249
1429,9250
2270,9250
5711,9250
7996,9250
8663,9250
1429,9251
2918,9251
1429,9252
4104,9252
5365,9252
6888,9252
1429,9253
1939,9253
3413,9253
1429,9254
1429,9255
1429,9256
1429,9257
1430,9258
1430,9259
2842,9259
1430,9260
2842,9260
3404,9260
1431,9261
1432,9262
1595,9262
2180,9262
2853,9262
4175,9262
6088,9262
6729,9262
7158,9262
1432,9263
2622,9263
1432,9264
6324,9264
1432,9265
2824,9265
3521,9265
1432,9266
3483,9266
5665,9266
1432,9267
1432,9268
1433,9269
2294,9269
4758,9269
1433,9270
2294,9270
1433,9271
1841,9271
3576,9271
3837,9271
7448,9271
1434,9272
1434,9273
1434,9274
1434,9275
1435,9276
2143,9276
2386,9276
5312,9276
6930,9276
7009,9276
1435,9277
1435,9278
1633,9278
3545,9278
1435,9279
1435,9280
1436,9281
1699,9281
3909,9281
5033,9281
7200,9281
1436,9282
2929,9282
1436,9283
1437,9284
1437,9285
1437,9286
1437,9287
1439,9288
1441,9289
1442,9290
1675,9290
2340,9290
2546,9290
2735,9290
2757,9290
2958,9290
2970,9290
4730,9290
5719,9290
6441,9290
7023,9290
7110,9290
7145,9290
7361,9290
7387,9290
7388,9290
7525,9290
7591,9290
7838,9290
1442,9291
2265,9291
2268,9291
2731,9291
2732,9291
2735,9291
3148,9291
4454,9291
4793,9291
4956,9291
5022,9291
1442,9292
4256,9292
1442,9293
2501,9293
1445,9294
2011,9294
2708,9294
3006,9294
3870,9294
4291,9294
6035,9294
6593,9294
7516,9294
7691,9294
8220,9294
8453,9294
8543,9294
1445,9295
7593,9295
7640,9295
8414,9295
1445,9296
1511,9296
3888,9296
7198,9296
7199,9296
7516,9296
7631,9296
7632,9296
7803,9296
1445,9297
1445,9298
1445,9299
1446,9300
1446,9301
1446,9302
1446,9303
6837,9303
1446,9304
1446,9305
1446,9306
1593,9306
5529,9306
5665,9306
8777,9306
1446,9307
1741,9307
4984,9307
8430,9307
1447,9308
2150,9308
2544,9308
7444,9308
7516,9308
8033,9308
8285,9308
1447,9309
1447,9310
1447,9311
1447,9312
1447,9313
1447,9314
1447,9315
1447,9316
1448,9317
5103,9317
6512,9317
7088,9317
1448,9318
7334,9318
1448,9319
6658,9319
1448,9320
1448,9321
6932,9321
1448,9322
1449,9323
1449,9324
1449,9325
1449,9326
3321,9326
1452,9327
1452,9328
1452,9329
1452,9330
1452,9331
1453,9332
6613,9332
1453,9333
1454,9334
1454,9335
1454,9336
2174,9336
1454,9337
1454,9338
2552,9338
5471,9338
7203,9338
8313,9338
1454,9339
5614,9339
1454,9340
1454,9341
1455,9342
7019,9342
7427,9342
1455,9343
1455,9344
1455,9345
2208,9345
8456,9345
8595,9345
1457,9346
2540,9346
8671,9346
1457,9347
5484,9347
6366,9347
1457,9348
1457,9349
6331,9349
7309,9349
1458,9350
1458,9351
2600,9351
1458,9352
1458,9353
1458,9354
1458,9355
1458,9356
1458,9357
1458,9358
1458,9359
1458,9360
1458,9361
1458,9362
1458,9363
1458,9364
1458,9365
1459,9366
6925,9366
7805,9366
1459,9367
3512,9367
6631,9367
7327,9367
8335,9367
1459,9368
1459,9369
1459,9370
1459,9371
1459,9372
1460,9373
1460,9374
3344,9374
6932,9374
1460,9375
1460,9376
1896,9376
4710,9376
5426,9376
7062,9376
1460,9377
1460,9378
8240,9378
1460,9379
1461,9380
1461,9381
1461,9382
5910,9382
7326,9382
1461,9383
4168,9383
1461,9384
4168,9384
4751,9384
1461,9385
1461,9386
1461,9387
1461,9388
2236,9388
1461,9389
1461,9390
1461,9391
1461,9392
1461,9393
3460,9393
1462,9394
4496,9394
5130,9394
6380,9394
7203,9394
7443,9394
7735,9394
8227,9394
1462,9395
1462,9396
7518,9396
1462,9397
1462,9398
1462,9399
6446,9399
1463,9400
1463,9401
2216,9401
1463,9402
7109,9402
1463,9403
1464,9404
1464,9405
4765,9405
6292,9405
7647,9405
8272,9405
1464,9406
1465,9407
1466,9408
1581,9408
2048,9408
3173,9408
3407,9408
3944,9408
1466,9409
1466,9410
2168,9410
3319,9410
3780,9410
3830,9410
1466,9411
1466,9412
1849,9412
1468,9413
3076,9413
6165,9413
6876,9413
7369,9413
1468,9414
7226,9414
7854,9414
8384,9414
1468,9415
1468,9416
1468,9417
5635,9417
8697,9417
1469,9418
1469,9419
7832,9419
1469,9420
1470,9421
6580,9421
6791,9421
7736,9421
8088,9421
8224,9421
8342,9421
1470,9422
1470,9423
1470,9424
1470,9425
1471,9426
1471,9427
1471,9428
1471,9429
1471,9430
2122,9430
5865,9430
1471,9431
1471,9432
1471,9433
1471,9434
1472,9435
2562,9435
3654,9435
5057,9435
5180,9435
5269,9435
5649,9435
1472,9436
1487,9436
3028,9436
8191,9436
1472,9437
2850,9437
4675,9437
1472,9438
1861,9438
2783,9438
5087,9438
5380,9438
5876,9438
1472,9439
1861,9439
2807,9439
4084,9439
4685,9439
1472,9440
1861,9440
3813,9440
1472,9441
2173,9441
2262,9441
3621,9441
4775,9441
5836,9441
1472,9442
1861,9442
3472,9442
3795,9442
3828,9442
4977,9442
1472,9443
2170,9443
4675,9443
1472,9444
2001,9444
1472,9445
5577,9445
8222,9445
8223,9445
1472,9446
2069,9446
2892,9446
4787,9446
1472,9447
2508,9447
2765,9447
4364,9447
4369,9447
5176,9447
5214,9447
5851,9447
8254,9447
8363,9447
8502,9447
8792,9447
1472,9448
1472,9449
2243,9449
4221,9449
1472,9450
2953,9450
4250,9450
8363,9450
1472,9451
2645,9451
1472,9452
1861,9452
1472,9453
1472,9454
2459,9454
1472,9455
2660,9455
2810,9455
6701,9455
1472,9456
2460,9456
2660,9456
4404,9456
4843,9456
4961,9456
5141,9456
8642,9456
1473,9457
3133,9457
4443,9457
8681,9457
1473,9458
3510,9458
4722,9458
6967,9458
7911,9458
1473,9459
1473,9460
1474,9461
2136,9461
3297,9461
3931,9461
4321,9461
6425,9461
6434,9461
7369,9461
8213,9461
1474,9462
1474,9463
3931,9463
6558,9463
8270,9463
8384,9463
8723,9463
1474,9464
1474,9465
1474,9466
2853,9466
6068,9466
7805,9466
1474,9467
1474,9468
1474,9469
1474,9470
1474,9471
1474,9472
8302,9472
1475,9473
1475,9474
1475,9475
1475,9476
1475,9477
3974,9477
6185,9477
8318,9477
1475,9478
1475,9479
1475,9480
1475,9481
4195,9481
1476,9482
1476,9483
1476,9484
1476,9485
1476,9486
1476,9487
1477,9488
3601,9488
5060,9488
1477,9489
6882,9489
1477,9490
4090,9490
1478,9491
5539,9491
1478,9492
1478,9493
3938,9493
1478,9494
5288,9494
1478,9495
1478,9496
1478,9497
5829,9497
6340,9497
8368,9497
1478,9498
7890,9498
1478,9499
7999,9499
8717,9499
1479,9500
4400,9500
5206,9500
7594,9500
1479,9501
1479,9502
1479,9503
1479,9504
1479,9505
1479,9506
1479,9507
1479,9508
1479,9509
2125,9509
2629,9509
1479,9510
1479,9511
1479,9512
1479,9513
1479,9514
1481,9515
6460,9515
1481,9516
6460,9516
1481,9517
1481,9518
6460,9518
1481,9519
6460,9519
1481,9520
3687,9520
1481,9521
1482,9522
1482,9523
1482,9524
1482,9525
1482,9526
1795,9526
3783,9526
1482,9527
1484,9528
1484,9529
1504,9529
1484,9530
1484,9531
1484,9532
1484,9533
1484,9534
1484,9535
1484,9536
1485,9537
1486,9538
1486,9539
6534,9539
6744,9539
6763,9539
7845,9539
1487,9540
6082,9540
6793,9540
8458,9540
1487,9541
1730,9541
2480,9541
4795,9541
4939,9541
1487,9542
1561,9542
4541,9542
1487,9543
1487,9544
2641,9544
5611,9544
1487,9545
3775,9545
1487,9546
3686,9546
5201,9546
1488,9547
1488,9548
1488,9549
1488,9550
1488,9551
1488,9552
1488,9553
1488,9554
1489,9555
1489,9556
1489,9557
2225,9557
7751,9557
1489,9558
2798,9558
3834,9558
1489,9559
1489,9560
1489,9561
1489,9562
1489,9563
2138,9563
1489,9564
1491,9565
1816,9565
2156,9565
4931,9565
1491,9566
1816,9566
2156,9566
4931,9566
1491,9567
1816,9567
2156,9567
1491,9568
1816,9568
2156,9568
4931,9568
1491,9569
1816,9569
2156,9569
1491,9570
1816,9570
2156,9570
4931,9570
1491,9571
1816,9571
2156,9571
4931,9571
1491,9572
1492,9573
1945,9573
1947,9573
2535,9573
3133,9573
3951,9573
4601,9573
4602,9573
5184,9573
6290,9573
6913,9573
7024,9573
7381,9573
7591,9573
7802,9573
8145,9573
8172,9573
8630,9573
1492,9574
1493,9575
3430,9575
7092,9575
1493,9576
5567,9576
1493,9577
7334,9577
8583,9577
8584,9577
1493,9578
2093,9578
5151,9578
5207,9578
5445,9578
1493,9579
1493,9580
3598,9580
1493,9581
1493,9582
1493,9583
1493,9584
1493,9585
1493,9586
1493,9587
8447,9587
8466,9587
1493,9588
1493,9589
1493,9590
1493,9591
1493,9592
1493,9593
7137,9593
7715,9593
8040,9593
1494,9594
1494,9595
1808,9595
2061,9595
4165,9595
7544,9595
8445,9595
1494,9596
1630,9596
4019,9596
1494,9597
7544,9597
1494,9598
1494,9599
1495,9600
1495,9601
1495,9602
7631,9602
7632,9602
8180,9602
1495,9603
4382,9603
6206,9603
6653,9603
1495,9604
8184,9604
1495,9605
1495,9606
1930,9606
1495,9607
1495,9608
2574,9608
7370,9608
7902,9608
8286,9608
1495,9609
1495,9610
1495,9611
1495,9612
1495,9613
1495,9614
1496,9615
3758,9615
4625,9615
1496,9616
1526,9616
1496,9617
1496,9618
8132,9618
1496,9619
1496,9620
3444,9620
8375,9620
1496,9621
1497,9622
1497,9623
1497,9624
1497,9625
1498,9626
1498,9627
1498,9628
1498,9629
1568,9629
1678,9629
1683,9629
4072,9629
4075,9629
4076,9629
4398,9629
8790,9629
1498,9630
1498,9631
4072,9631
1498,9632
4076,9632
1498,9633
1499,9634
1499,9635
6814,9635
1499,9636
6978,9636
1499,9637
2898,9637
1499,9638
1500,9639
1500,9640
1500,9641
3453,9641
1500,9642
4418,9642
1501,9643
1501,9644
1501,9645
1501,9646
2604,9646
3843,9646
6157,9646
1501,9647
1501,9648
1501,9649
1501,9650
1502,9651
3439,9651
1502,9652
2203,9652
6304,9652
6617,9652
7241,9652
1502,9653
1502,9654
3239,9654
3439,9654
1502,9655
5288,9655
1502,9656
2391,9656
1502,9657
3439,9657
1502,9658
3439,9658
1502,9659
3439,9659
1502,9660
3439,9660
1502,9661
3439,9661
7952,9661
1502,9662
1504,9663
3474,9663
1504,9664
3271,9664
3781,9664
1504,9665
3053,9665
1504,9666
1504,9667
1505,9668
1505,9669
1505,9670
1505,9671
1505,9672
1505,9673
1505,9674
1505,9675
1505,9676
1506,9677
1506,9678
1507,9679
1508,9679
1509,9679
2808,9679
2912,9679
1507,9680
2808,9680
1507,9681
1508,9682
1508,9683
1509,9684
1510,9685
2386,9685
3305,9685
3326,9685
1511,9686
2906,9686
3894,9686
5204,9686
5981,9686
6926,9686
7803,9686
1511,9687
1511,9688
3387,9688
4207,9688
4761,9688
4893,9688
4894,9688
4895,9688
4896,9688
4897,9688
5724,9688
6885,9688
8669,9688
1511,9689
8733,9689
1511,9690
2351,9690
1511,9691
5638,9691
8280,9691
8596,9691
1511,9692
1511,9693
1511,9694
1512,9695
2505,9695
2615,9695
2620,9695
8154,9695
1512,9696
1512,9697
2636,9697
3160,9697
8231,9697
1512,9698
1512,9699
8482,9699
1512,9700
2502,9700
8154,9700
1512,9701
1512,9702
6159,9702
6878,9702
7523,9702
7925,9702
8667,9702
1512,9703
1512,9704
1513,9705
1514,9706
1514,9707
2768,9707
7253,9707
7696,9707
1514,9708
7815,9708
1514,9709
6712,9709
8536,9709
1514,9710
1514,9711
8238,9711
1514,9712
5246,9712
1515,9713
1515,9714
2833,9714
1515,9715
1515,9716
1515,9717
1515,9718
1515,9719
1516,9720
2663,9720
1516,9721
2692,9721
1516,9722
1516,9723
1516,9724
5539,9724
1516,9725
2108,9725
1516,9726
1516,9727
1516,9728
6050,9728
1516,9729
6245,9729
1517,9730
1517,9731
1517,9732
7594,9732
1517,9733
1517,9734
3941,9734
1517,9735
1517,9736
1517,9737
4998,9737
1517,9738
1773,9738
7594,9738
1518,9739
1519,9739
2821,9739
3584,9739
1518,9740
4960,9740
1518,9741
1519,9741
1518,9742
8761,9742
1518,9743
1519,9743
1518,9744
1518,9745
1519,9745
1518,9746
1519,9747
1519,9748
1519,9749
1519,9750
1519,9751
1519,9752
1519,9753
1519,9754
1520,9755
1523,9755
1520,9756
1520,9757
1520,9758
1520,9759
1522,9759
1520,9760
1521,9761
1521,9762
1521,9763
1521,9764
2289,9764
3150,9764
4102,9764
4563,9764
4589,9764
5365,9764
7402,9764
7996,9764
8689,9764
1521,9765
1521,9766
1521,9767
1521,9768
3934,9768
3940,9768
1522,9769
1522,9770
1522,9771
1522,9772
1522,9773
1523,9774
1523,9775
1523,9776
1523,9777
5072,9777
1523,9778
1523,9779
1524,9780
6674,9780
1524,9781
1524,9782
1524,9783
1525,9784
6480,9784
7151,9784
1525,9785
1525,9786
1525,9787
1525,9788
1525,9789
1525,9790
1525,9791
1525,9792
5645,9792
1526,9793
1606,9793
1526,9794
3949,9794
4196,9794
4375,9794
1526,9795
1526,9796
1526,9797
1526,9798
1527,9799
1599,9799
1648,9799
3995,9799
1527,9800
1648,9800
3995,9800
4019,9800
1527,9801
3993,9801
4072,9801
8445,9801
1527,9802
4047,9802
4911,9802
1527,9803
3994,9803
1527,9804
1527,9805
1631,9805
1527,9806
1810,9806
1529,9807
1529,9808
3077,9808
3657,9808
1529,9809
3641,9809
1529,9810
1529,9811
1529,9812
1529,9813
1529,9814
1529,9815
1529,9816
1529,9817
1529,9818
1529,9819
1529,9820
1529,9821
1530,9822
1530,9823
1530,9824
1530,9825
2701,9825
1530,9826
1530,9827
1630,9827
3192,9827
3573,9827
1530,9828
1531,9829
1532,9830
1532,9831
2052,9831
6853,9831
1532,9832
6017,9832
1532,9833
4158,9833
6387,9833
8132,9833
8266,9833
1532,9834
1532,9835
1533,9836
4388,9836
1535,9837
1569,9837
1535,9838
1535,9839
1535,9840
1535,9841
1535,9842
1710,9842
1535,9843
1535,9844
1537,9845
6624,9845
1537,9846
6047,9846
6779,9846
1537,9847
2383,9847
3478,9847
1537,9848
7717,9848
1537,9849
8057,9849
1537,9850
1537,9851
1537,9852
1537,9853
1537,9854
1537,9855
1613,9855
1537,9856
1538,9857
2022,9857
3757,9857
5990,9857
6066,9857
7311,9857
7427,9857
7723,9857
8382,9857
8467,9857
1538,9858
1538,9859
1622,9859
3906,9859
8139,9859
1538,9860
5682,9860
8382,9860
1538,9861
6328,9861
7579,9861
1538,9862
4936,9862
1539,9863
2789,9863
3542,9863
5096,9863
5097,9863
1539,9864
2400,9864
5293,9864
5294,9864
5748,9864
1539,9865
1540,9866
1540,9867
2445,9867
1540,9868
1540,9869
1540,9870
2063,9870
2445,9870
3717,9870
3959,9870
1541,9871
4147,9871
5416,9871
6033,9871
6697,9871
6699,9871
7586,9871
8744,9871
8803,9871
1541,9872
1690,9872
2746,9872
2860,9872
5124,9872
6213,9872
7455,9872
7524,9872
7866,9872
8755,9872
8758,9872
1541,9873
8442,9873
1541,9874
1815,9874
3390,9874
7462,9874
8512,9874
1541,9875
5414,9875
1541,9876
2713,9876
2853,9876
3775,9876
5471,9876
5491,9876
5517,9876
1544,9877
1544,9878
1544,9879
1544,9880
1544,9881
1545,9882
1765,9882
5182,9882
1545,9883
1545,9884
2023,9884
5859,9884
5974,9884
1545,9885
2173,9885
3274,9885
7516,9885
7908,9885
1545,9886
1545,9887
1545,9888
1546,9889
2460,9889
5756,9889
1546,9890
3209,9890
1546,9891
4805,9891
1546,9892
1589,9892
1546,9893
1547,9894
1548,9895
1548,9896
1548,9897
1548,9898
1549,9899
2598,9899
6226,9899
1549,9900
1549,9901
1549,9902
2696,9902
1549,9903
1549,9904
1549,9905
1549,9906
1549,9907
1549,9908
1549,9909
1549,9910
1550,9911
1665,9911
6337,9911
7368,9911
1550,9912
2012,9912
4320,9912
6043,9912
7141,9912
8004,9912
8292,9912
8583,9912
8584,9912
8697,9912
1550,9913
4405,9913
1550,9914
1585,9914
6323,9914
1550,9915
2088,9915
1550,9916
8378,9916
1551,9917
1551,9918
2573,9918
1551,9919
1771,9919
2567,9919
1551,9920
1551,9921
1551,9922
1551,9923
1551,9924
2571,9924
6306,9924
6754,9924
1552,9925
1552,9926
1552,9927
1552,9928
2745,9928
3822,9928
7417,9928
1553,9929
1739,9929
4799,9929
4892,9929
8213,9929
1553,9930
1553,9931
4296,9931
1553,9932
2179,9932
1553,9933
1553,9934
1553,9935
1553,9936
1553,9937
1553,9938
1553,9939
1555,9940
1555,9941
3856,9941
3950,9941
1555,9942
1555,9943
1555,9944
1555,9945
1819,9945
1828,9945
3856,9945
1556,9946
1556,9947
1559,9948
2431,9948
1559,9949
1559,9950
1559,9951
1559,9952
1559,9953
1559,9954
1560,9955
3045,9955
3504,9955
6714,9955
1560,9956
4830,9956
4948,9956
5403,9956
6714,9956
8195,9956
1560,9957
2152,9957
3764,9957
1560,9958
1560,9959
1560,9960
1560,9961
1560,9962
1560,9963
2977,9963
1560,9964
4717,9964
1560,9965
1560,9966
2977,9966
1560,9967
1560,9968
1706,9968
1560,9969
1560,9970
3764,9970
1560,9971
1560,9972
1561,9973
5134,9973
7733,9973
1561,9974
1704,9974
2868,9974
3296,9974
3373,9974
3552,9974
4201,9974
5541,9974
6633,9974
7009,9974
8382,9974
1561,9975
1561,9976
1561,9977
5176,9977
7049,9977
8474,9977
1561,9978
6481,9978
1561,9979
1561,9980
1561,9981
1562,9982
2278,9982
6203,9982
1562,9983
1562,9984
1562,9985
1562,9986
1562,9987
1562,9988
1562,9989
1563,9990
3020,9990
1563,9991
4743,9991
1563,9992
1966,9992
1968,9992
1970,9992
1563,9993
1563,9994
1563,9995
3302,9995
1563,9996
1563,9997
1563,9998
1563,9999
1563,10000
2876,10000
4753,10000
1563,10001
1965,10001
1966,10001
1967,10001
1970,10001
1564,10002
1564,10003
1564,10004
7937,10004
1564,10005
1564,10006
1564,10007
1564,10008
1564,10009
2207,10009
2341,10009
3049,10009
3751,10009
5499,10009
6300,10009
6360,10009
6523,10009
6670,10009
7266,10009
8000,10009
8770,10009
1564,10010
1565,10011
1565,10012
3156,10012
3178,10012
1565,10013
1565,10014
1795,10014
4172,10014
5700,10014
5782,10014
1565,10015
7344,10015
1565,10016
2604,10016
3591,10016
5763,10016
1565,10017
1565,10018
1565,10019
5772,10019
1565,10020
3275,10020
3901,10020
1565,10021
2990,10021
6573,10021
1565,10022
1566,10023
1567,10023
1733,10023
4022,10023
4047,10023
4076,10023
1566,10024
2372,10024
1566,10025
1566,10026
1599,10026
4021,10026
4199,10026
1566,10027
1566,10028
1566,10029
1566,10030
2683,10030
4077,10030
1566,10031
1566,10032
1566,10033
1736,10033
1566,10034
1566,10035
4019,10035
1566,10036
1567,10037
1645,10037
1736,10037
3994,10037
4022,10037
1568,10038
2701,10038
1568,10039
1630,10039
2701,10039
4071,10039
1568,10040
4021,10040
1568,10041
4018,10041
4048,10041
4469,10041
4970,10041
1568,10042
4048,10042
4079,10042
1568,10043
1568,10044
4199,10044
1568,10045
1569,10046
1569,10047
3192,10047
3639,10047
1569,10048
1569,10049
4970,10049
1571,10050
2639,10050
4028,10050
1571,10051
2419,10051
2444,10051
4028,10051
4985,10051
1571,10052
2637,10052
4028,10052
8245,10052
1571,10053
6012,10053
7426,10053
7523,10053
7925,10053
1571,10054
1571,10055
1663,10055
1571,10056
4023,10056
1571,10057
1572,10058
3349,10058
8113,10058
1572,10059
1572,10060
1572,10061
1572,10062
1573,10063
2145,10063
1573,10064
1573,10065
1574,10066
2145,10066
1574,10067
2145,10067
1576,10068
1577,10069
1865,10069
2527,10069
1577,10070
4139,10070
4653,10070
1577,10071
3658,10071
8512,10071
1577,10072
6391,10072
7723,10072
1579,10073
1579,10074
1579,10075
1579,10076
1579,10077
3857,10077
1579,10078
1579,10079
3969,10079
1579,10080
1579,10081
1579,10082
3997,10082
5965,10082
1579,10083
1580,10084
4928,10084
1580,10085
3478,10085
1580,10086
2108,10086
1580,10087
1580,10088
1855,10088
7471,10088
8443,10088
1581,10089
2048,10089
3173,10089
3407,10089
3944,10089
1581,10090
6333,10090
1581,10091
1581,10092
2048,10092
3173,10092
3407,10092
3944,10092
4528,10092
1581,10093
3173,10093
3407,10093
1581,10094
1581,10095
1582,10096
2178,10096
1583,10097
1834,10097
3044,10097
7639,10097
7640,10097
1583,10098
2329,10098
3191,10098
5318,10098
5345,10098
6272,10098
8147,10098
1583,10099
7827,10099
1584,10100
1584,10101
1585,10102
5011,10102
6116,10102
6454,10102
6746,10102
6956,10102
7427,10102
7516,10102
8168,10102
1585,10103
5664,10103
6701,10103
7483,10103
1585,10104
2460,10104
1585,10105
2698,10105
5837,10105
8645,10105
1586,10106
1586,10107
3228,10107
3265,10107
1586,10108
5946,10108
5949,10108
5954,10108
1586,10109
2577,10109
1586,10110
1596,10110
8533,10110
8599,10110
1586,10111
1586,10112
1855,10112
2592,10112
7588,10112
8289,10112
1586,10113
5114,10113
5862,10113
1588,10114
1588,10115
1588,10116
1588,10117
1588,10118
3591,10118
6573,10118
1588,10119
1588,10120
1588,10121
1588,10122
5731,10122
5764,10122
1588,10123
1589,10124
1590,10125
1590,10126
1590,10127
2681,10127
1590,10128
7814,10128
1590,10129
2287,10129
4073,10129
4668,10129
6217,10129
1590,10130
2019,10130
4086,10130
7159,10130
8265,10130
8653,10130
1591,10131
3106,10131
4891,10131
4939,10131
4951,10131
5433,10131
5885,10131
8069,10131
1591,10132
1591,10133
2261,10133
3389,10133
3803,10133
4820,10133
5085,10133
5176,10133
7635,10133
8502,10133
1591,10134
5901,10134
1592,10135
2250,10135
2928,10135
3443,10135
3655,10135
1592,10136
2250,10136
2928,10136
3443,10136
3655,10136
1592,10137
2250,10137
2928,10137
3443,10137
3625,10137
3655,10137
3686,10137
4364,10137
5201,10137
5847,10137
6019,10137
6223,10137
6498,10137
8405,10137
8406,10137
1592,10138
1601,10138
1792,10138
2250,10138
2928,10138
3443,10138
3655,10138
1593,10139
1593,10140
1593,10141
2672,10141
1593,10142
3253,10142
1593,10143
1593,10144
2856,10144
3503,10144
5601,10144
1593,10145
1593,10146
2056,10146
1593,10147
1594,10148
1594,10149
1594,10150
1594,10151
1594,10152
1594,10153
1594,10154
1594,10155
1594,10156
1594,10157
1595,10158
4033,10158
1595,10159
1595,10160
1709,10160
5396,10160
5979,10160
1595,10161
1595,10162
1595,10163
1595,10164
1596,10165
1895,10165
3864,10165
5378,10165
5416,10165
7355,10165
7462,10165
1596,10166
4656,10166
1596,10167
5043,10167
1596,10168
1596,10169
6644,10169
7668,10169
1596,10170
4404,10170
7309,10170
7457,10170
1596,10171
5471,10171
8234,10171
1596,10172
4496,10172
1596,10173
1597,10174
1597,10175
1597,10176
1598,10177
3431,10177
5346,10177
1598,10178
1598,10179
7363,10179
1598,10180
1598,10181
1599,10182
2061,10182
4047,10182
1600,10183
2982,10183
3434,10183
1600,10184
5715,10184
1600,10185
1600,10186
1600,10187
1600,10188
1601,10189
1792,10189
1601,10190
1792,10190
1601,10191
1601,10192
1601,10193
1601,10194
1602,10195
1602,10196
3748,10196
1602,10197
1602,10198
1602,10199
1602,10200
1602,10201
1602,10202
1911,10202
1602,10203
1602,10204
1603,10205
1648,10205
6422,10205
1603,10206
1605,10207
1606,10208
4160,10208
1606,10209
2647,10209
2648,10209
4337,10209
1606,10210
1606,10211
1606,10212
1606,10213
1606,10214
1606,10215
1606,10216
1606,10217
1606,10218
1606,10219
1607,10220
1607,10221
1607,10222
1607,10223
1607,10224
1607,10225
1607,10226
1607,10227
1607,10228
1607,10229
1608,10230
1609,10231
5249,10231
7631,10231
8334,10231
8496,10231
1609,10232
1609,10233
1609,10234
1609,10235
1609,10236
2669,10236
2973,10236
6471,10236
6624,10236
1610,10237
4353,10237
1610,10238
4353,10238
1610,10239
1690,10239
4353,10239
1610,10240
1610,10241
1699,10241
7309,10241
7369,10241
7518,10241
8386,10241
1610,10242
1797,10242
5352,10242
8400,10242
1610,10243
1610,10244
1610,10245
4353,10245
1610,10246
4353,10246
1610,10247
4353,10247
1611,10248
5957,10248
1611,10249
7200,10249
1611,10250
1611,10251
1612,10252
1613,10253
1959,10253
2908,10253
6791,10253
6819,10253
7670,10253
8056,10253
8227,10253
1613,10254
2678,10254
3170,10254
6201,10254
6959,10254
8659,10254
1613,10255
2072,10255
2544,10255
3370,10255
5494,10255
6467,10255
7540,10255
8283,10255
1613,10256
3828,10256
4875,10256
4902,10256
5119,10256
5759,10256
6055,10256
6094,10256
7909,10256
7910,10256
1614,10257
5228,10257
5571,10257
6123,10257
7950,10257
8102,10257
1614,10258
5727,10258
6271,10258
6312,10258
7418,10258
1614,10259
6135,10259
6720,10259
1614,10260
2853,10260
3333,10260
6447,10260
7715,10260
8004,10260
8335,10260
8466,10260
1614,10261
6187,10261
6867,10261
8565,10261
1614,10262
1781,10262
7660,10262
1614,10263
4147,10263
1615,10264
7530,10264
1615,10265
1615,10266
1615,10267
1615,10268
7530,10268
1615,10269
7530,10269
1616,10270
1616,10271
1616,10272
1617,10273
1617,10274
3248,10274
1617,10275
4037,10275
7858,10275
1617,10276
3239,10276
1617,10277
4520,10277
6033,10277
7482,10277
8102,10277
8758,10277
1618,10278
1619,10279
1619,10280
3262,10280
1620,10281
4345,10281
4498,10281
1620,10282
4345,10282
4498,10282
1620,10283
4345,10283
4498,10283
1620,10284
4345,10284
4498,10284
1621,10285
3299,10285
5306,10285
5744,10285
6673,10285
6677,10285
1621,10286
1621,10287
1621,10288
1621,10289
1621,10290
6595,10290
1622,10291
7205,10291
1622,10292
1622,10293
1622,10294
1622,10295
1622,10296
1622,10297
1622,10298
7368,10298
1623,10299
1623,10300
1623,10301
1623,10302
1623,10303
8645,10303
1623,10304
1623,10305
1623,10306
5471,10306
6116,10306
1623,10307
1625,10308
5650,10308
1625,10309
2208,10309
2315,10309
4463,10309
8405,10309
8406,10309
1625,10310
1781,10310
3669,10310
8386,10310
8455,10310
1625,10311
5178,10311
1625,10312
7935,10312
1626,10313
2666,10313
8331,10313
1626,10314
2889,10314
3446,10314
1626,10315
3947,10315
1627,10316
7527,10316
8431,10316
1627,10317
1627,10318
1786,10318
2412,10318
1627,10319
1627,10320
1630,10321
4071,10321
1630,10322
1678,10322
2050,10322
4041,10322
1630,10323
1630,10324
1630,10325
1630,10326
1630,10327
1630,10328
4078,10328
1630,10329
1630,10330
1630,10331
1631,10332
1710,10332
1631,10333
1631,10334
1631,10335
1631,10336
1631,10337
1631,10338
1632,10339
1632,10340
1632,10341
1750,10341
2574,10341
1632,10342
1632,10343
1632,10344
1632,10345
1632,10346
1633,10347
1633,10348
3545,10348
3767,10348
5492,10348
5903,10348
1633,10349
3545,10349
1633,10350
1633,10351
1633,10352
3545,10352
1633,10353
3545,10353
1633,10354
5492,10354
1634,10355
3321,10355
1634,10356
1634,10357
6424,10357
1634,10358
1634,10359
1634,10360
1635,10361
1635,10362
1712,10362
1635,10363
2487,10363
3511,10363
1635,10364
1635,10365
1635,10366
3691,10366
1635,10367
1636,10368
1636,10369
1893,10369
1636,10370
1893,10370
2580,10370
1638,10371
5515,10371
8425,10371
1638,10372
2294,10372
3374,10372
1638,10373
2838,10373
3587,10373
5230,10373
6714,10373
1638,10374
1638,10375
1640,10376
4405,10376
4928,10376
6591,10376
6595,10376
1640,10377
1640,10378
1640,10379
1640,10380
1640,10381
1640,10382
1640,10383
1640,10384
1640,10385
1640,10386
1640,10387
1640,10388
1640,10389
1640,10390
1640,10391
1640,10392
1640,10393
1640,10394
5082,10394
6588,10394
1640,10395
1640,10396
1640,10397
1640,10398
1640,10399
1640,10400
1640,10401
1640,10402
1640,10403
1640,10404
1640,10405
4044,10405
4310,10405
6948,10405
1640,10406
1640,10407
1640,10408
1640,10409
1640,10410
1640,10411
1640,10412
1640,10413
1640,10414
1640,10415
1640,10416
1640,10417
1640,10418
1640,10419
1640,10420
1640,10421
1640,10422
6376,10422
1641,10423
4677,10423
4678,10423
1641,10424
1641,10425
1641,10426
1641,10427
1641,10428
1641,10429
1641,10430
1641,10431
1641,10432
1641,10433
1641,10434
1642,10435
2189,10435
2190,10435
6691,10435
1642,10436
2190,10436
1642,10437
1774,10437
2190,10437
1643,10438
1643,10439
6872,10439
1643,10440
1643,10441
1643,10442
1643,10443
1643,10444
2975,10444
1643,10445
1643,10446
1643,10447
1644,10448
6393,10448
1644,10449
3271,10449
1644,10450
1644,10451
3072,10451
1644,10452
2256,10452
1645,10453
3991,10453
3992,10453
4039,10453
4070,10453
6856,10453
1645,10454
1645,10455
1646,10456
5809,10456
1647,10457
1647,10458
1647,10459
1647,10460
1647,10461
1647,10462
1647,10463
1647,10464
1647,10465
1647,10466
1647,10467
1647,10468
1647,10469
1647,10470
1647,10471
1648,10472
1683,10472
6422,10472
1648,10473
1648,10474
1648,10475
4047,10475
1648,10476
1649,10477
6158,10477
8057,10477
8508,10477
1649,10478
3248,10478
6001,10478
7487,10478
8066,10478
1649,10479
6227,10479
1649,10480
6341,10480
1650,10481
1650,10482
1651,10483
1661,10483
2386,10483
1652,10484
5199,10484
8302,10484
1652,10485
4370,10485
4978,10485
1652,10486
1652,10487
1913,10487
1652,10488
2030,10488
4370,10488
5227,10488
1652,10489
3239,10489
4370,10489
5420,10489
8066,10489
1653,10490
1654,10490
1653,10491
1654,10491
1653,10492
1654,10492
1653,10493
1654,10493
1653,10494
1654,10494
5453,10494
1653,10495
1654,10495
1653,10496
1654,10496
1653,10497
1654,10497
1655,10498
2198,10498
2883,10498
2886,10498
3145,10498
1655,10499
3215,10499
6898,10499
1655,10500
2974,10500
1655,10501
1897,10501
3141,10501
1656,10502
2209,10502
2764,10502
2938,10502
1656,10503
2209,10503
2764,10503
2938,10503
1656,10504
2209,10504
2764,10504
2938,10504
4528,10504
5646,10504
1656,10505
2209,10505
2764,10505
2938,10505
1656,10506
2209,10506
2764,10506
2938,10506
1656,10507
8725,10507
1656,10508
1656,10509
1656,10510
7752,10510
8324,10510
1657,10511
1996,10511
3635,10511
6043,10511
6926,10511
7237,10511
8339,10511
1657,10512
1657,10513
1658,10514
8186,10514
1658,10515
2895,10515
6083,10515
1658,10516
1658,10517
1658,10518
5002,10518
1658,10519
1658,10520
3376,10520
1658,10521
1658,10522
5115,10522
1658,10523
2112,10523
1658,10524
1658,10525
1658,10526
1658,10527
1659,10528
2490,10528
2493,10528
4127,10528
1659,10529
1663,10529
2439,10529
1659,10530
1659,10531
1659,10532
1659,10533
1659,10534
6012,10534
7523,10534
1659,10535
6878,10535
7523,10535
7925,10535
1659,10536
1659,10537
1659,10538
1659,10539
1660,10540
1660,10541
7066,10541
1660,10542
1660,10543
2755,10543
4296,10543
6511,10543
6756,10543
1660,10544
1660,10545
1660,10546
6760,10546
7404,10546
1660,10547
1662,10548
1878,10548
1662,10549
1663,10550
2507,10550
7651,10550
1663,10551
7488,10551
1663,10552
2444,10552
4985,10552
8241,10552
1663,10553
1663,10554
2503,10554
8664,10554
1663,10555
4024,10555
8551,10555
1663,10556
1847,10556
2111,10556
2437,10556
2440,10556
2502,10556
2505,10556
2506,10556
2513,10556
2615,10556
2620,10556
2634,10556
7310,10556
7535,10556
7551,10556
8461,10556
1663,10557
8586,10557
1664,10558
6028,10558
7014,10558
7753,10558
8220,10558
8777,10558
1664,10559
8467,10559
1664,10560
3034,10560
1664,10561
2347,10561
1664,10562
3239,10562
1665,10563
3967,10563
8284,10563
1665,10564
2072,10564
2903,10564
3410,10564
4291,10564
4479,10564
4997,10564
5065,10564
6200,10564
6944,10564
7736,10564
8075,10564
8076,10564
8414,10564
8433,10564
1665,10565
1702,10565
5267,10565
1666,10566
1666,10567
1666,10568
1666,10569
1666,10570
1666,10571
1931,10571
1666,10572
1667,10573
1667,10574
1667,10575
1668,10576
1669,10577
2382,10577
3116,10577
3131,10577
1669,10578
1669,10579
1669,10580
1669,10581
1669,10582
1671,10583
1671,10584
1671,10585
1671,10586
1671,10587
1671,10588
2545,10588
1671,10589
3447,10589
1671,10590
1671,10591
2917,10591
3132,10591
3886,10591
4574,10591
7100,10591
7119,10591
1671,10592
1671,10593
1672,10594
7579,10594
1672,10595
1672,10596
1672,10597
3216,10597
3393,10597
6061,10597
6739,10597
1672,10598
1672,10599
1672,10600
1672,10601
1672,10602
1674,10603
1944,10603
2289,10603
3134,10603
4562,10603
5010,10603
5184,10603
6668,10603
6832,10603
7707,10603
7804,10603
7875,10603
7911,10603
8714,10603
1674,10604
2290,10604
3079,10604
6531,10604
6669,10604
6740,10604
7743,10604
8017,10604
1674,10605
1796,10605
2565,10605
4288,10605
4456,10605
4680,10605
5010,10605
6513,10605
6531,10605
6578,10605
1674,10606
1674,10607
6670,10607
1674,10608
3538,10608
4976,10608
1675,10609
1867,10609
1975,10609
2739,10609
4722,10609
5456,10609
5588,10609
6247,10609
6845,10609
7170,10609
1675,10610
1947,10610
3916,10610
4256,10610
4433,10610
4729,10610
4949,10610
6255,10610
6297,10610
6299,10610
6486,10610
6605,10610
6865,10610
6888,10610
6937,10610
7170,10610
7225,10610
1675,10611
7826,10611
1675,10612
1675,10613
1676,10614
2271,10614
2283,10614
2733,10614
4442,10614
4793,10614
6450,10614
7533,10614
1676,10615
1945,10615
5448,10615
6486,10615
1676,10616
3911,10616
7187,10616
7190,10616
1676,10617
1676,10618
2725,10618
7941,10618
1676,10619
1676,10620
1676,10621
1677,10622
3531,10622
4288,10622
4691,10622
1677,10623
4721,10623
8138,10623
8648,10623
1678,10624
1708,10624
4021,10624
4069,10624
4075,10624
4079,10624
8790,10624
1678,10625
1678,10626
4069,10626
1678,10627
4199,10627
1679,10628
4508,10628
4826,10628
5041,10628
8807,10628
1679,10629
2897,10629
3061,10629
3482,10629
1679,10630
1681,10630
4359,10630
8648,10630
1679,10631
1679,10632
1679,10633
1679,10634
1679,10635
1680,10636
2290,10636
4098,10636
4692,10636
1680,10637
2018,10637
4086,10637
4425,10637
5009,10637
5010,10637
5123,10637
6073,10637
6734,10637
7175,10637
7266,10637
7451,10637
7745,10637
7911,10637
1680,10638
2811,10638
1680,10639
7996,10639
1681,10640
2280,10640
4507,10640
4598,10640
5008,10640
1681,10641
2278,10641
2327,10641
2337,10641
3164,10641
5089,10641
1681,10642
2187,10642
7707,10642
1681,10643
4694,10643
7408,10643
1682,10644
4387,10644
1682,10645
4387,10645
1682,10646
1682,10647
1682,10648
1682,10649
1682,10650
4387,10650
1682,10651
4387,10651
1683,10652
4042,10652
4077,10652
1683,10653
4047,10653
8556,10653
1683,10654
2050,10654
3814,10654
1683,10655
1683,10656
1684,10657
3140,10657
4729,10657
4791,10657
8000,10657
1684,10658
4728,10658
1684,10659
2187,10659
4425,10659
4465,10659
4574,10659
1684,10660
2291,10660
2671,10660
4003,10660
4465,10660
7103,10660
1684,10661
4465,10661
8799,10661
1685,10662
1686,10663
1686,10664
1686,10665
1686,10666
2212,10666
1688,10667
2077,10667
8752,10667
1688,10668
1761,10668
2077,10668
5808,10668
1688,10669
2077,10669
1688,10670
1865,10670
2077,10670
1688,10671
1688,10672
5646,10672
1688,10673
2589,10673
7844,10673
1688,10674
2954,10674
3599,10674
5083,10674
5994,10674
1690,10675
3163,10675
3348,10675
5114,10675
7455,10675
1690,10676
4029,10676
5978,10676
6566,10676
8334,10676
8767,10676
1690,10677
1690,10678
1690,10679
1805,10679
2707,10679
4643,10679
7455,10679
7480,10679
8744,10679
1690,10680
1692,10681
1692,10682
6319,10682
1692,10683
1692,10684
1692,10685
7685,10685
1693,10686
1694,10687
2858,10687
2859,10687
8006,10687
8008,10687
1694,10688
1694,10689
3436,10689
1694,10690
1694,10691
1694,10692
1695,10693
2408,10693
2550,10693
2657,10693
4677,10693
4678,10693
5534,10693
5880,10693
6843,10693
7957,10693
8731,10693
1695,10694
1717,10694
2903,10694
4479,10694
5921,10694
6487,10694
6840,10694
8326,10694
1696,10695
1696,10696
1696,10697
1696,10698
1697,10699
5270,10699
5641,10699
6235,10699
6241,10699
7332,10699
7543,10699
1697,10700
1697,10701
1758,10701
4142,10701
1697,10702
6241,10702
1698,10703
1698,10704
1698,10705
1698,10706
1698,10707
1698,10708
1698,10709
1698,10710
1698,10711
1698,10712
1698,10713
1698,10714
1699,10715
7967,10715
1699,10716
4958,10716
7400,10716
1699,10717
3126,10717
3971,10717
1699,10718
1699,10719
5098,10719
1699,10720
4167,10720
4297,10720
7334,10720
7392,10720
8117,10720
1699,10721
1699,10722
8292,10722
1700,10723
1700,10724
1700,10725
1700,10726
1700,10727
1700,10728
1700,10729
1700,10730
1700,10731
1701,10732
8299,10732
1701,10733
1701,10734
1701,10735
1701,10736
1701,10737
1701,10738
1702,10739
1979,10739
4043,10739
4269,10739
5688,10739
6423,10739
7524,10739
8496,10739
1702,10740
2363,10740
5488,10740
1702,10741
4534,10741
6556,10741
7457,10741
1702,10742
3430,10742
7471,10742
7593,10742
7991,10742
1702,10743
3147,10743
5206,10743
8002,10743
1702,10744
2023,10744
7032,10744
1702,10745
1839,10745
1925,10745
2260,10745
3009,10745
5899,10745
1702,10746
1979,10746
1702,10747
4143,10747
5471,10747
6148,10747
8803,10747
1702,10748
1702,10749
1702,10750
1702,10751
8334,10751
1702,10752
1932,10752
1933,10752
7140,10752
8694,10752
1702,10753
3971,10753
1702,10754
1702,10755
1702,10756
1702,10757
1702,10758
1702,10759
3331,10759
4201,10759
4875,10759
1702,10760
1702,10761
2948,10761
1702,10762
2708,10762
4178,10762
5054,10762
8255,10762
1703,10763
1974,10763
1703,10764
1974,10764
1703,10765
1974,10765
1703,10766
8786,10766
1703,10767
1974,10767
1703,10768
1974,10768
1703,10769
1974,10769
1704,10770
6777,10770
7827,10770
8467,10770
1704,10771
1704,10772
3010,10772
6777,10772
1704,10773
1704,10774
1704,10775
1704,10776
1706,10777
1706,10778
1706,10779
1706,10780
1706,10781
6057,10781
1707,10782
1707,10783
6005,10783
7801,10783
1707,10784
4717,10784
1707,10785
2531,10785
1707,10786
1707,10787
1707,10788
1707,10789
4156,10789
1707,10790
1707,10791
1707,10792
2013,10792
1707,10793
1707,10794
2152,10794
1707,10795
2872,10795
4698,10795
1707,10796
3863,10796
5266,10796
5551,10796
8195,10796
1707,10797
1707,10798
2112,10798
4830,10798
4890,10798
1708,10799
4021,10799
4075,10799
4078,10799
8790,10799
1708,10800
4075,10800
8790,10800
1708,10801
1708,10802
1708,10803
1708,10804
3993,10804
4042,10804
4069,10804
4075,10804
8790,10804
1708,10805
1708,10806
1785,10806
4075,10806
1709,10807
3424,10807
1709,10808
5224,10808
1709,10809
1709,10810
2616,10810
8721,10810
1709,10811
2313,10811
4175,10811
1709,10812
1710,10813
4018,10813
4022,10813
1710,10814
1710,10815
1710,10816
1710,10817
1710,10818
1710,10819
1711,10820
3454,10820
6326,10820
1711,10821
1958,10821
3616,10821
7287,10821
8237,10821
1711,10822
5418,10822
6303,10822
8342,10822
1711,10823
1711,10824
1711,10825
1711,10826
1712,10827
3474,10827
1712,10828
1712,10829
1712,10830
1713,10831
2535,10831
2545,10831
1713,10832
1714,10833
1714,10834
1714,10835
1714,10836
1714,10837
1714,10838
1714,10839
3723,10839
1714,10840
1715,10841
1730,10841
3904,10841
4875,10841
6395,10841
6910,10841
6916,10841
8761,10841
1715,10842
4656,10842
1715,10843
2527,10843
1715,10844
1715,10845
1715,10846
1839,10846
2906,10846
3422,10846
4873,10846
1715,10847
1715,10848
1716,10849
1716,10850
1717,10851
1717,10852
1717,10853
1717,10854
2261,10854
2710,10854
4902,10854
5536,10854
6446,10854
8326,10854
8443,10854
1717,10855
5176,10855
1717,10856
3601,10856
1717,10857
2460,10857
1718,10858
5675,10858
1718,10859
1718,10860
2756,10860
1718,10861
1718,10862
1718,10863
1718,10864
1718,10865
1721,10866
1721,10867
1721,10868
1721,10869
1721,10870
1721,10871
1721,10872
1721,10873
1723,10874
1723,10875
1725,10876
1726,10877
1726,10878
2165,10878
2301,10878
2937,10878
3145,10878
1726,10879
6468,10879
1726,10880
1726,10881
1726,10882
1726,10883
1726,10884
1726,10885
1726,10886
1728,10887
1728,10888
1728,10889
1728,10890
1728,10891
1728,10892
6573,10892
1728,10893
1728,10894
2604,10894
1729,10895
4253,10895
4698,10895
5605,10895
1729,10896
3709,10896
3863,10896
4758,10896
5059,10896
5736,10896
8706,10896
1729,10897
1729,10898
4367,10898
5553,10898
1729,10899
5444,10899
8344,10899
1730,10900
2057,10900
5521,10900
6711,10900
7961,10900
8452,10900
1730,10901
4404,10901
5288,10901
1730,10902
3775,10902
1731,10903
1731,10904
3492,10904
1731,10905
5429,10905
1731,10906
6870,10906
1731,10907
1731,10908
1731,10909
1731,10910
2199,10910
2402,10910
3224,10910
6376,10910
8057,10910
1731,10911
1731,10912
1731,10913
1732,10914
1732,10915
2957,10915
5695,10915
7987,10915
7988,10915
1732,10916
1732,10917
1732,10918
1732,10919
1732,10920
1732,10921
1732,10922
1732,10923
1732,10924
3451,10924
1732,10925
1732,10926
1733,10927
1733,10928
1733,10929
1733,10930
4020,10930
4398,10930
4469,10930
1733,10931
1733,10932
1735,10933
8084,10933
1735,10934
3971,10934
1735,10935
1735,10936
3971,10936
1735,10937
6047,10937
8396,10937
1736,10938
3993,10938
4072,10938
1736,10939
1736,10940
1736,10941
1737,10942
6331,10942
7817,10942
1737,10943
6416,10943
8474,10943
1737,10944
6535,10944
1737,10945
1737,10946
1758,10946
4142,10946
6238,10946
6241,10946
1737,10947
1737,10948
5889,10948
8427,10948
1737,10949
1737,10950
1738,10951
1738,10952
1738,10953
1738,10954
1738,10955
1738,10956
1739,10957
7537,10957
1739,10958
1739,10959
1739,10960
4418,10960
6319,10960
1739,10961
1739,10962
1740,10963
1740,10964
1740,10965
5116,10965
1740,10966
1740,10967
1740,10968
1741,10969
1741,10970
1741,10971
1741,10972
1741,10973
2803,10973
1741,10974
1741,10975
1741,10976
1741,10977
1741,10978
1741,10979
1742,10980
1742,10981
1742,10982
1742,10983
1742,10984
1742,10985
1742,10986
1742,10987
1742,10988
6025,10988
1742,10989
1743,10990
1744,10991
1744,10992
1746,10993
2072,10993
5555,10993
6627,10993
1746,10994
1747,10995
1747,10996
1747,10997
1748,10998
1748,10999
7307,10999
8514,10999
1748,11000
6024,11000
8707,11000
8766,11000
1748,11001
1750,11002
8565,11002
1750,11003
6641,11003
1750,11004
1750,11005
1750,11006
1750,11007
1751,11008
6627,11008
7370,11008
1751,11009
6754,11009
1751,11010
1751,11011
7045,11011
1752,11012
1752,11013
1753,11013
1752,11014
1752,11015
1753,11016
1753,11017
1753,11018
1753,11019
1753,11020
1753,11021
1753,11022
1754,11023
1754,11024
2378,11024
3062,11024
3261,11024
3496,11024
4008,11024
4009,11024
4010,11024
4011,11024
4493,11024
5277,11024
6613,11024
1755,11025
1756,11026
4902,11026
5494,11026
1756,11027
1758,11028
1758,11029
3770,11029
5641,11029
1759,11030
1760,11030
4512,11030
4718,11030
5270,11030
5321,11030
5673,11030
7022,11030
7595,11030
7750,11030
8582,11030
8601,11030
1759,11031
1760,11031
5752,11031
6241,11031
1759,11032
1760,11032
1759,11033
1760,11033
5673,11033
7590,11033
1759,11034
1760,11035
5673,11035
1760,11036
1760,11037
1760,11038
6181,11038
6237,11038
6519,11038
7461,11038
7750,11038
1761,11039
1761,11040
1761,11041
1762,11042
1762,11043
1762,11044
7956,11044
1762,11045
4822,11045
8753,11045
8758,11045
1762,11046
1762,11047
1762,11048
6343,11048
1762,11049
1763,11050
3616,11050
3718,11050
4501,11050
4928,11050
5443,11050
7391,11050
7446,11050
1763,11051
2759,11051
1763,11052
1763,11053
7192,11053
8611,11053
1763,11054
7620,11054
1763,11055
7766,11055
1763,11056
1764,11057
4795,11057
5054,11057
6329,11057
7701,11057
1764,11058
3228,11058
6957,11058
8055,11058
1764,11059
2139,11059
6009,11059
8732,11059
1764,11060
8293,11060
1764,11061
1765,11062
7317,11062
1765,11063
3333,11063
4627,11063
6712,11063
8321,11063
1765,11064
1922,11064
1766,11065
3058,11065
3059,11065
3060,11065
3147,11065
3149,11065
3668,11065
4652,11065
7960,11065
1766,11066
3058,11066
3059,11066
3060,11066
3581,11066
5143,11066
7241,11066
1766,11067
3058,11067
3059,11067
3060,11067
1767,11068
1767,11069
1908,11069
3205,11069
1767,11070
3289,11070
1768,11071
1996,11071
6201,11071
7328,11071
1768,11072
1768,11073
1768,11074
2211,11074
2674,11074
3352,11074
5347,11074
5464,11074
1768,11075
1768,11076
1768,11077
1769,11078
1769,11079
1769,11080
1769,11081
1770,11082
3446,11082
1770,11083
1770,11084
1770,11085
1770,11086
1770,11087
1770,11088
3610,11088
1770,11089
1771,11090
6215,11090
1771,11091
2571,11091
1771,11092
1798,11092
1771,11093
3616,11093
6219,11093
8765,11093
1771,11094
2571,11094
2573,11094
1771,11095
1771,11096
2574,11096
1771,11097
1772,11098
1772,11099
1772,11100
1772,11101
1772,11102
1772,11103
1772,11104
1772,11105
1772,11106
1772,11107
1772,11108
1772,11109
2231,11109
1772,11110
1772,11111
1772,11112
1772,11113
2996,11113
1772,11114
1772,11115
1772,11116
1772,11117
1772,11118
1772,11119
1772,11120
1772,11121
1772,11122
1772,11123
5589,11123
1773,11124
1807,11124
1773,11125
6809,11125
8002,11125
8540,11125
1773,11126
1773,11127
1773,11128
1773,11129
1773,11130
1773,11131
1773,11132
1774,11133
1775,11134
1803,11134
1775,11135
1775,11136
1775,11137
1775,11138
1775,11139
1776,11140
1776,11141
3307,11141
1776,11142
1777,11143
1777,11144
1778,11145
3140,11145
4538,11145
5442,11145
6131,11145
7394,11145
7420,11145
8137,11145
1778,11146
6217,11146
1778,11147
3805,11147
7447,11147
1778,11148
1778,11149
1779,11150
1779,11151
1779,11152
1779,11153
1779,11154
1779,11155
1779,11156
1779,11157
1779,11158
1779,11159
1779,11160
1780,11161
8595,11161
1780,11162
1780,11163
1780,11164
1780,11165
1781,11166
1781,11167
1781,11168
1781,11169
1781,11170
4666,11170
1781,11171
1781,11172
1782,11173
1783,11174
4647,11174
8113,11174
1783,11175
1783,11176
1783,11177
1783,11178
1783,11179
1783,11180
1783,11181
1783,11182
1783,11183
1783,11184
1783,11185
1783,11186
1783,11187
1784,11188
3507,11188
1784,11189
1784,11190
2972,11190
4751,11190
1785,11191
4069,11191
4072,11191
1785,11192
1785,11193
1786,11194
6495,11194
6791,11194
8102,11194
8382,11194
8455,11194
1786,11195
1955,11195
2030,11195
3799,11195
3836,11195
4699,11195
5045,11195
5227,11195
8731,11195
1786,11196
3904,11196
1786,11197
5127,11197
8353,11197
8675,11197
1789,11198
1789,11199
1789,11200
1789,11201
1789,11202
1789,11203
1789,11204
1789,11205
2914,11205
1789,11206
1789,11207
4987,11207
1791,11208
5761,11208
8692,11208
1791,11209
1791,11210
8289,11210
1791,11211
4656,11211
5322,11211
1791,11212
1791,11213
2963,11213
4364,11213
5866,11213
6828,11213
7293,11213
1791,11214
1791,11215
3660,11215
5139,11215
5489,11215
1791,11216
1791,11217
1791,11218
1791,11219
3060,11219
4991,11219
1792,11220
1792,11221
1794,11222
1794,11223
1794,11224
2544,11224
3775,11224
4696,11224
5901,11224
6067,11224
7369,11224
8255,11224
1794,11225
2380,11225
3836,11225
6037,11225
7299,11225
7710,11225
7921,11225
7961,11225
8394,11225
1794,11226
1794,11227
1794,11228
1794,11229
1794,11230
5494,11230
1794,11231
5959,11231
7022,11231
1795,11232
1795,11233
1795,11234
1795,11235
1795,11236
4216,11236
1795,11237
1795,11238
1796,11239
4427,11239
4508,11239
4572,11239
4613,11239
4732,11239
4735,11239
1796,11240
1947,11240
2268,11240
3150,11240
4572,11240
4598,11240
4601,11240
4723,11240
4732,11240
4798,11240
6360,11240
7024,11240
7387,11240
8162,11240
1796,11241
2207,11241
2269,11241
2282,11241
3875,11241
4442,11241
4957,11241
6611,11241
6655,11241
1796,11242
3198,11242
7825,11242
1796,11243
1796,11244
4798,11244
1797,11245
6502,11245
7283,11245
8405,11245
8415,11245
8416,11245
8417,11245
8669,11245
1797,11246
4974,11246
6092,11246
1797,11247
3822,11247
4263,11247
8488,11247
1797,11248
6187,11248
6501,11248
6502,11248
6827,11248
6841,11248
7071,11248
7079,11248
7334,11248
7417,11248
8262,11248
8335,11248
8370,11248
1798,11249
1798,11250
7137,11250
1799,11251
1799,11252
1799,11253
1799,11254
1799,11255
1799,11256
1799,11257
1799,11258
1799,11259
1800,11260
1800,11261
1800,11262
3736,11262
5307,11262
5636,11262
1800,11263
1800,11264
1800,11265
1800,11266
1800,11267
1800,11268
1800,11269
5978,11269
8608,11269
1800,11270
1802,11271
1802,11272
1802,11273
1802,11274
1802,11275
1802,11276
1802,11277
1802,11278
1803,11279
1803,11280
1803,11281
8352,11281
1803,11282
6929,11282
7964,11282
1803,11283
1803,11284
8167,11284
1803,11285
1803,11286
1804,11287
3555,11287
4125,11287
4673,11287
7701,11287
1804,11288
4903,11288
5412,11288
1804,11289
4755,11289
1804,11290
3626,11290
4698,11290
1804,11291
1804,11292
1804,11293
1804,11294
1805,11295
3552,11295
5662,11295
8559,11295
1805,11296
1805,11297
1805,11298
1996,11298
2251,11298
1805,11299
1805,11300
1805,11301
1805,11302
3775,11302
4942,11302
1805,11303
1807,11304
1807,11305
4523,11305
5966,11305
1807,11306
1807,11307
1807,11308
1807,11309
1807,11310
1808,11311
1809,11312
7334,11312
8223,11312
8649,11312
8675,11312
1809,11313
7048,11313
8649,11313
1809,11314
1809,11315
6461,11315
1809,11316
1810,11317
1810,11318
1810,11319
1810,11320
1810,11321
1810,11322
4021,11322
8445,11322
1810,11323
1811,11324
4620,11324
5029,11324
8698,11324
1811,11325
2932,11325
1811,11326
1811,11327
1811,11328
1811,11329
1812,11330
2357,11330
2592,11330
3867,11330
1812,11331
5209,11331
1812,11332
1812,11333
2357,11333
3921,11333
1812,11334
1813,11335
4321,11335
4523,11335
5966,11335
7155,11335
8470,11335
1814,11336
3536,11336
1814,11337
6945,11337
1814,11338
1814,11339
1814,11340
3377,11340
6267,11340
1815,11341
1815,11342
1816,11343
2156,11343
3386,11343
4931,11343
5038,11343
1816,11344
2156,11344
4931,11344
1817,11345
6411,11345
8622,11345
8623,11345
8624,11345
8625,11345
8626,11345
8627,11345
1817,11346
1817,11347
3042,11347
4540,11347
5324,11347
1817,11348
1817,11349
1817,11350
6635,11350
1818,11351
1818,11352
1818,11353
1822,11353
1830,11353
1818,11354
1818,11355
1818,11356
1819,11357
1819,11358
2375,11358
1819,11359
1826,11359
1830,11359
1819,11360
1819,11361
1819,11362
1828,11362
1819,11363
1819,11364
1819,11365
1819,11366
1825,11366
1819,11367
1819,11368
1820,11369
1828,11369
1820,11370
1820,11371
1820,11372
1820,11373
1820,11374
2375,11374
1820,11375
1820,11376
1820,11377
1821,11378
1821,11379
1822,11380
1822,11381
1822,11382
1822,11383
1823,11383
1822,11384
1823,11385
1823,11386
1823,11387
1823,11388
1823,11389
1823,11390
1823,11391
1823,11392
1823,11393
1823,11394
1823,11395
1824,11396
1825,11397
1825,11398
1825,11399
2375,11399
1825,11400
1825,11401
1825,11402
1826,11403
1826,11404
1826,11405
1826,11406
1826,11407
1832,11407
1826,11408
1826,11409
1826,11410
1827,11411
1827,11412
1827,11413
1827,11414
1827,11415
1827,11416
1828,11417
1828,11418
1828,11419
1828,11420
1828,11421
1828,11422
1828,11423
1830,11424
1830,11425
1830,11426
1831,11427
1831,11428
1831,11429
1831,11430
1831,11431
1831,11432
1831,11433
1832,11434
1833,11435
1833,11436
1833,11437
1833,11438
1833,11439
1833,11440
1834,11441
3373,11441
8042,11441
8255,11441
1834,11442
1834,11443
2011,11443
4290,11443
5036,11443
5134,11443
5446,11443
7516,11443
8127,11443
1834,11444
2143,11444
3009,11444
5994,11444
6304,11444
8011,11444
1834,11445
3290,11445
5494,11445
6551,11445
7921,11445
7952,11445
8038,11445
8220,11445
1834,11446
7504,11446
1834,11447
6887,11447
8405,11447
8406,11447
1834,11448
1834,11449
6879,11449
7205,11449
1835,11450
3500,11450
1835,11451
1956,11451
3077,11451
3462,11451
8331,11451
1835,11452
1908,11452
3691,11452
1835,11453
1835,11454
1835,11455
1835,11456
1836,11457
7043,11457
1836,11458
7043,11458
1836,11459
1836,11460
1836,11461
1836,11462
5518,11462
8458,11462
1836,11463
1836,11464
7200,11464
1836,11465
4885,11465
1837,11466
1837,11467
1837,11468
1837,11469
1837,11470
1837,11471
1931,11471
1837,11472
1837,11473
1837,11474
1837,11475
1837,11476
1838,11477
1838,11478
1838,11479
5382,11479
1838,11480
7316,11480
1838,11481
1838,11482
1838,11483
1838,11484
1838,11485
1839,11486
1839,11487
5607,11487
1839,11488
1840,11489
1840,11490
1840,11491
1840,11492
1840,11493
1840,11494
1840,11495
1840,11496
1840,11497
1840,11498
3502,11498
1840,11499
1840,11500
1840,11501
1840,11502
1840,11503
1840,11504
1841,11505
3837,11505
7727,11505
1841,11506
2236,11506
3280,11506
6698,11506
1841,11507
1841,11508
3653,11508
1841,11509
2977,11509
5239,11509
1841,11510
1841,11511
1841,11512
5744,11512
1841,11513
1843,11514
2121,11514
3126,11514
4295,11514
7152,11514
7550,11514
1843,11515
2577,11515
4960,11515
5539,11515
1843,11516
7480,11516
1843,11517
5378,11517
1843,11518
2862,11518
3478,11518
6345,11518
8252,11518
1843,11519
6345,11519
6527,11519
1844,11520
4689,11520
5045,11520
1844,11521
1844,11522
1844,11523
5329,11523
1844,11524
2380,11524
1844,11525
8079,11525
1844,11526
1844,11527
1844,11528
1844,11529
1845,11530
1845,11531
1845,11532
1845,11533
3799,11533
1845,11534
1846,11535
4321,11535
6879,11535
8645,11535
1846,11536
5644,11536
7098,11536
7416,11536
1846,11537
6030,11537
6693,11537
1846,11538
4991,11538
1846,11539
2250,11539
2928,11539
3173,11539
3407,11539
3944,11539
4139,11539
4763,11539
7022,11539
8159,11539
1847,11540
6132,11540
6270,11540
7523,11540
1847,11541
2624,11541
2637,11541
7523,11541
7886,11541
7928,11541
1847,11542
2029,11542
1847,11543
1847,11544
1847,11545
6915,11545
1847,11546
1847,11547
1848,11548
1848,11549
1848,11550
1848,11551
1848,11552
1848,11553
1848,11554
1848,11555
1848,11556
1849,11557
8257,11557
1849,11558
7906,11558
8407,11558
1849,11559
6368,11559
7150,11559
8705,11559
1849,11560
3100,11560
1850,11561
2118,11561
3052,11561
4501,11561
8726,11561
1850,11562
1850,11563
1850,11564
4195,11564
4625,11564
6021,11564
1851,11565
1851,11566
1851,11567
4393,11567
1851,11568
1852,11569
1852,11570
2057,11570
1852,11571
6368,11571
1852,11572
7456,11572
1852,11573
5330,11573
6511,11573
1853,11574
1853,11575
1853,11576
1853,11577
1853,11578
1853,11579
1853,11580
1853,11581
1855,11582
6373,11582
1855,11583
1855,11584
2057,11584
4520,11584
1855,11585
3813,11585
1855,11586
3801,11586
5494,11586
5954,11586
6914,11586
1855,11587
1855,11588
1855,11589
7954,11589
1855,11590
1855,11591
1855,11592
1855,11593
1855,11594
1855,11595
3793,11595
3817,11595
1855,11596
1855,11597
1855,11598
1855,11599
1855,11600
1855,11601
1855,11602
1855,11603
1855,11604
2552,11604
3107,11604
1855,11605
3904,11605
5899,11605
1855,11606
1855,11607
1855,11608
3454,11608
1855,11609
6633,11609
1855,11610
1855,11611
1855,11612
1855,11613
3864,11613
6124,11613
6683,11613
7866,11613
8068,11613
1855,11614
1855,11615
3601,11615
1855,11616
1855,11617
1855,11618
1855,11619
2905,11619
1855,11620
1855,11621
1855,11622
8625,11622
1855,11623
3793,11623
1855,11624
1855,11625
2022,11625
1856,11626
1856,11627
1856,11628
1856,11629
5991,11629
1857,11630
1859,11631
3912,11631
6300,11631
7190,11631
7591,11631
1859,11632
1942,11632
1944,11632
2341,11632
2736,11632
3510,11632
4428,11632
4430,11632
4576,11632
4580,11632
4726,11632
5470,11632
5652,11632
1859,11633
1861,11634
1861,11635
2663,11635
3087,11635
1861,11636
3017,11636
1861,11637
3087,11637
1862,11638
5448,11638
5501,11638
7394,11638
7420,11638
7828,11638
8630,11638
1862,11639
2546,11639
5482,11639
5486,11639
6865,11639
1862,11640
1862,11641
1862,11642
1862,11643
5081,11643
7558,11643
8630,11643
1863,11644
1863,11645
1972,11645
2207,11645
2282,11645
2545,11645
3134,11645
3135,11645
3143,11645
3911,11645
4430,11645
4562,11645
4580,11645
4581,11645
4733,11645
4736,11645
4949,11645
5022,11645
6439,11645
6845,11645
7250,11645
7394,11645
7463,11645
7745,11645
7802,11645
7875,11645
7997,11645
8353,11645
8447,11645
8675,11645
8688,11645
1863,11646
1863,11647
1863,11648
2726,11648
1863,11649
7225,11649
8333,11649
1863,11650
1864,11651
2289,11651
3061,11651
3805,11651
4102,11651
7239,11651
1864,11652
1864,11653
2018,11653
2019,11653
1865,11654
1865,11655
1868,11655
3317,11655
8275,11655
1866,11656
4441,11656
4737,11656
6871,11656
1866,11657
2287,11657
2723,11657
2727,11657
4108,11657
4256,11657
4579,11657
4794,11657
5305,11657
7080,11657
7138,11657
7190,11657
7213,11657
7838,11657
1867,11658
3143,11658
6655,11658
1867,11659
4599,11659
1867,11660
2723,11660
2732,11660
2735,11660
6075,11660
6351,11660
6589,11660
7248,11660
7802,11660
1867,11661
1942,11661
2327,11661
2337,11661
2341,11661
4458,11661
4465,11661
4953,11661
8000,11661
8024,11661
1868,11662
1868,11663
1868,11664
1868,11665
1868,11666
1868,11667
1868,11668
1870,11669
7159,11669
1870,11670
2671,11670
5652,11670
1870,11671
2142,11671
4695,11671
1870,11672
1871,11673
2429,11673
6905,11673
6906,11673
1871,11674
1871,11675
1871,11676
1871,11677
1871,11678
1871,11679
1873,11680
1873,11681
7946,11681
1873,11682
1873,11683
1873,11684
1873,11685
1873,11686
2823,11686
1874,11687
4519,11687
1874,11688
4519,11688
8340,11688
1874,11689
1874,11690
1874,11691
3181,11691
4352,11691
1874,11692
1874,11693
1875,11694
1876,11695
1876,11696
1876,11697
2350,11697
1876,11698
3417,11698
1876,11699
1876,11700
4494,11700
1877,11701
1877,11702
1877,11703
1877,11704
1878,11705
1878,11706
1878,11707
2409,11707
3130,11707
1878,11708
1878,11709
1878,11710
2889,11710
1878,11711
1878,11712
1878,11713
1878,11714
1878,11715
1878,11716
2762,11716
3359,11716
3657,11716
1878,11717
1878,11718
1879,11719
1879,11720
3771,11720
1879,11721
7856,11721
1879,11722
5416,11722
8196,11722
1879,11723
1879,11724
4038,11724
1879,11725
1879,11726
3081,11726
1879,11727
1880,11728
4875,11728
7150,11728
1880,11729
5686,11729
7049,11729
8761,11729
1880,11730
4206,11730
1880,11731
2389,11731
3524,11731
6579,11731
1880,11732
3686,11732
5201,11732
1880,11733
5422,11733
7345,11733
1880,11734
1880,11735
2541,11735
4762,11735
6272,11735
1880,11736
6272,11736
1880,11737
1881,11738
1881,11739
3578,11739
8511,11739
1881,11740
1881,11741
1881,11742
1881,11743
1881,11744
3578,11744
1881,11745
1881,11746
1881,11747
1882,11748
1882,11749
1882,11750
1882,11751
1882,11752
8777,11752
1882,11753
1882,11754
1884,11755
8226,11755
1885,11756
7953,11756
1885,11757
2474,11757
7798,11757
1885,11758
6322,11758
7467,11758
8788,11758
1885,11759
1888,11760
1888,11761
1888,11762
6703,11762
8530,11762
1889,11763
2644,11763
1889,11764
1889,11765
1889,11766
1889,11767
1889,11768
1889,11769
1892,11770
2025,11770
1892,11771
3284,11771
1892,11772
1892,11773
1892,11774
1892,11775
1892,11776
1892,11777
1892,11778
1893,11779
2580,11779
1893,11780
1893,11781
1894,11782
3032,11782
4761,11782
1895,11783
1895,11784
3771,11784
1895,11785
1895,11786
1895,11787
1895,11788
3640,11788
1896,11789
1896,11790
4710,11790
1896,11791
1896,11792
1896,11793
1896,11794
1897,11795
2907,11795
1897,11796
1897,11797
1897,11798
2689,11798
1897,11799
7739,11799
1897,11800
2352,11800
2919,11800
3153,11800
3172,11800
3218,11800
3408,11800
1897,11801
2196,11801
2883,11801
1898,11802
1898,11803
1898,11804
2327,11804
2337,11804
6076,11804
6734,11804
1900,11805
1900,11806
8721,11806
1900,11807
3890,11807
1900,11808
1900,11809
2040,11809
1900,11810
1900,11811
3521,11811
1901,11812
1901,11813
1901,11814
1901,11815
6770,11815
1901,11816
4321,11816
1901,11817
5083,11817
1901,11818
1901,11819
5011,11819
6395,11819
1901,11820
5228,11820
6962,11820
1902,11821
1902,11822
1902,11823
1902,11824
1902,11825
7430,11825
1902,11826
2401,11826
1902,11827
2008,11827
1902,11828
3489,11828
6707,11828
1902,11829
3460,11829
1902,11830
3047,11830
1902,11831
2649,11831
3347,11831
8769,11831
1903,11832
2387,11832
4014,11832
1903,11833
1903,11834
4014,11834
4337,11834
7724,11834
1903,11835
2387,11835
4014,11835
4278,11835
4909,11835
6858,11835
8207,11835
1903,11836
3385,11836
4014,11836
4337,11836
1903,11837
4014,11837
1903,11838
4014,11838
1903,11839
4014,11839
5260,11839
1903,11840
2387,11840
1903,11841
1903,11842
1903,11843
1904,11844
2180,11844
1904,11845
2386,11845
1905,11846
1906,11847
1906,11848
1906,11849
1906,11850
1906,11851
1907,11852
1907,11853
7730,11853
1907,11854
7678,11854
8044,11854
1907,11855
6165,11855
7521,11855
7956,11855
8470,11855
1907,11856
1908,11857
1908,11858
3674,11858
6402,11858
1909,11859
5610,11859
5864,11859
1909,11860
1909,11861
2079,11861
2959,11861
1909,11862
2959,11862
1909,11863
2067,11863
2599,11863
2699,11863
2959,11863
3340,11863
4145,11863
1910,11864
6567,11864
7843,11864
7890,11864
1910,11865
7524,11865
1910,11866
1910,11867
6595,11867
7528,11867
1911,11868
1911,11869
1911,11870
1911,11871
1911,11872
3165,11872
1911,11873
1911,11874
1911,11875
1911,11876
4524,11876
1911,11877
1911,11878
1911,11879
2410,11879
1911,11880
1911,11881
1911,11882
1911,11883
1911,11884
1913,11885
4111,11885
1913,11886
1913,11887
2456,11887
1913,11888
1913,11889
2456,11889
4111,11889
1915,11890
1916,11891
1916,11892
1916,11893
1916,11894
1916,11895
1916,11896
1916,11897
1917,11898
1917,11899
1918,11900
4709,11900
1918,11901
3824,11901
4174,11901
1918,11902
1918,11903
1918,11904
1918,11905
1918,11906
1918,11907
1919,11908
2959,11908
3665,11908
3724,11908
4132,11908
4244,11908
4537,11908
4634,11908
5170,11908
1919,11909
3272,11909
3273,11909
1919,11910
3667,11910
8278,11910
1920,11911
6012,11911
1920,11912
2111,11912
2503,11912
2620,11912
1921,11913
1921,11914
1921,11915
1921,11916
1922,11917
2705,11917
8385,11917
8698,11917
1922,11918
1922,11919
6122,11919
7473,11919
8535,11919
1922,11920
1922,11921
5420,11921
8755,11921
1922,11922
1922,11923
5611,11923
8497,11923
1923,11924
2174,11924
1923,11925
3317,11925
7579,11925
1923,11926
1923,11927
1923,11928
2174,11928
1924,11929
1924,11930
1924,11931
4374,11931
4874,11931
5737,11931
6859,11931
8243,11931
1925,11932
2150,11932
5045,11932
1925,11933
1996,11933
6201,11933
7818,11933
1925,11934
1925,11935
1925,11936
1925,11937
1926,11938
3887,11938
1926,11939
7464,11939
1926,11940
3069,11940
3978,11940
5540,11940
8769,11940
1926,11941
1926,11942
2847,11942
1926,11943
1926,11944
3504,11944
5412,11944
1926,11945
3576,11945
7448,11945
1926,11946
1926,11947
1928,11948
1928,11949
1928,11950
1928,11951
1928,11952
1928,11953
1929,11954
3021,11954
3664,11954
3667,11954
3742,11954
6292,11954
1929,11955
1930,11956
1930,11957
6373,11957
1930,11958
1930,11959
1930,11960
2295,11960
1931,11961
1931,11962
1931,11963
1931,11964
1931,11965
1931,11966
1932,11967
1933,11967
1979,11967
5418,11967
1932,11968
1933,11968
1932,11969
1933,11969
1932,11970
1933,11970
1933,11971
2581,11971
1933,11972
1933,11973
1934,11974
4505,11974
6588,11974
1934,11975
1934,11976
1934,11977
1934,11978
1934,11979
5082,11979
7637,11979
1934,11980
1934,11981
1934,11982
1934,11983
1934,11984
1934,11985
1934,11986
1934,11987
1934,11988
1934,11989
1937,11990
1937,11991
1937,11992
1937,11993
1937,11994
3310,11994
1937,11995
1937,11996
1937,11997
1937,11998
1937,11999
1937,12000
1937,12001
1937,12002
6545,12002
1937,12003
1937,12004
1938,12005
1938,12006
1938,12007
1938,12008
1938,12009
1938,12010
1938,12011
1938,12012
1938,12013
1938,12014
1938,12015
1939,12016
3951,12016
4691,12016
1939,12017
2273,12017
2734,12017
3132,12017
5838,12017
7402,12017
8689,12017
1939,12018
1939,12019
1939,12020
4439,12020
4613,12020
1939,12021
1946,12021
3918,12021
3951,12021
4104,12021
4456,12021
4681,12021
4905,12021
6104,12021
7911,12021
1939,12022
1939,12023
2205,12023
2292,12023
2501,12023
2834,12023
3207,12023
4256,12023
4359,12023
4455,12023
1940,12024
1941,12024
1943,12024
4432,12024
4791,12024
6605,12024
6871,12024
7387,12024
8392,12024
8714,12024
1940,12025
1943,12025
1941,12026
4421,12026
4465,12026
4729,12026
4955,12026
5152,12026
7095,12026
7720,12026
7932,12026
7939,12026
1941,12027
4737,12027
7591,12027
7720,12027
1942,12028
2730,12028
4580,12028
5021,12028
1942,12029
1942,12030
1942,12031
1942,12032
4730,12032
1942,12033
4428,12033
4793,12033
4957,12033
5483,12033
6852,12033
7023,12033
7145,12033
7525,12033
7831,12033
7914,12033
1942,12034
1978,12034
1943,12035
4587,12035
1944,12036
1944,12037
7997,12037
1944,12038
1944,12039
2986,12039
4722,12039
7187,12039
1944,12040
1945,12041
1945,12042
2019,12042
2207,12042
2834,12042
4432,12042
4579,12042
6441,12042
7737,12042
8629,12042
8696,12042
8714,12042
1946,12043
2283,12043
2501,12043
3140,12043
3150,12043
3789,12043
4455,12043
4563,12043
6104,12043
7996,12043
8048,12043
1946,12044
2811,12044
4104,12044
1946,12045
8146,12045
8770,12045
1946,12046
1946,12047
1947,12048
4108,12048
4113,12048
6974,12048
8172,12048
1947,12049
3912,12049
1949,12050
1949,12051
1949,12052
4411,12052
6956,12052
1949,12053
8489,12053
1949,12054
1950,12055
4617,12055
4719,12055
5888,12055
6028,12055
6391,12055
7015,12055
7516,12055
7921,12055
1950,12056
4617,12056
6457,12056
6549,12056
7370,12056
8444,12056
1950,12057
1951,12058
1951,12059
1951,12060
1951,12061
1951,12062
1951,12063
1951,12064
1951,12065
1951,12066
1951,12067
1954,12068
5396,12068
5582,12068
6071,12068
7247,12068
7916,12068
1954,12069
2255,12069
4175,12069
1954,12070
1954,12071
1955,12072
2133,12072
3184,12072
4960,12072
7467,12072
8731,12072
1955,12073
1955,12074
1955,12075
1955,12076
1956,12077
4128,12077
1957,12078
1958,12079
5303,12079
6172,12079
1958,12080
1958,12081
1959,12082
1960,12083
3686,12083
5201,12083
1960,12084
2059,12084
2096,12084
3118,12084
5523,12084
8540,12084
1960,12085
2060,12085
2694,12085
7355,12085
8488,12085
1960,12086
2121,12086
2951,12086
3262,12086
3552,12086
5571,12086
6447,12086
8139,12086
8168,12086
8378,12086
1960,12087
1960,12088
5663,12088
6461,12088
1960,12089
2861,12089
8218,12089
1960,12090
6794,12090
1964,12091
1968,12091
1970,12091
1964,12092
1968,12092
1970,12092
1964,12093
1968,12093
1970,12093
1964,12094
1964,12095
1964,12096
1964,12097
1964,12098
1964,12099
1964,12100
1964,12101
1965,12102
1966,12102
1967,12102
1968,12102
1970,12102
1965,12103
1966,12103
1967,12103
1970,12103
1965,12104
1966,12104
1967,12104
1968,12104
1970,12104
1965,12105
1966,12105
1967,12105
1968,12105
1970,12105
1965,12106
1966,12106
1967,12106
1969,12106
1970,12106
5155,12106
1965,12107
1966,12107
1967,12107
1970,12107
1965,12108
1966,12108
1967,12108
1970,12108
5844,12108
1965,12109
1966,12109
1967,12109
1970,12109
1965,12110
1969,12110
1965,12111
1966,12111
1967,12111
1965,12112
1965,12113
1968,12113
1970,12113
1965,12114
1970,12114
2920,12114
1965,12115
1966,12116
3999,12116
1966,12117
1967,12117
1966,12118
1968,12118
1970,12118
1966,12119
1967,12119
1966,12120
1967,12120
1966,12121
1967,12121
1967,12122
1968,12122
1967,12123
1968,12124
7830,12124
1968,12125
1968,12126
1968,12127
1968,12128
1969,12129
1969,12130
1969,12131
1969,12132
1969,12133
4357,12133
1969,12134
1969,12135
1969,12136
1969,12137
1969,12138
1969,12139
1969,12140
4854,12140
1969,12141
1971,12142
2440,12142
2503,12142
2624,12142
1971,12143
4031,12143
8795,12143
1971,12144
1971,12145
2111,12145
2430,12145
2510,12145
8089,12145
8529,12145
1971,12146
4028,12146
6156,12146
6597,12146
1971,12147
2444,12147
3160,12147
1971,12148
1972,12149
4340,12149
4573,12149
4582,12149
4585,12149
5218,12149
1972,12150
3198,12150
4151,12150
4445,12150
4569,12150
4573,12150
4582,12150
4586,12150
4603,12150
1972,12151
3197,12151
3198,12151
3565,12151
4445,12151
4569,12151
4575,12151
4585,12151
4595,12151
4600,12151
4615,12151
1972,12152
3202,12152
3564,12152
3869,12152
4582,12152
4585,12152
4595,12152
4604,12152
6570,12152
8171,12152
1972,12153
3202,12153
7889,12153
1973,12154
1973,12155
1973,12156
4427,12156
6937,12156
7822,12156
7997,12156
1973,12157
4572,12157
1973,12158
2280,12158
1974,12159
1974,12160
1975,12161
2290,12161
2291,12161
3137,12161
3196,12161
3919,12161
6064,12161
6611,12161
7373,12161
7734,12161
8009,12161
8673,12161
1975,12162
4433,12162
4452,12162
4733,12162
6104,12162
8696,12162
1975,12163
2205,12163
2280,12163
4421,12163
4456,12163
4563,12163
7734,12163
1975,12164
2290,12164
7367,12164
7734,12164
1975,12165
1975,12166
2327,12166
2337,12166
1975,12167
4442,12167
4722,12167
7116,12167
1976,12168
2288,12168
8505,12168
1976,12169
3142,12169
3914,12169
4566,12169
4611,12169
6521,12169
1977,12170
1977,12171
6077,12171
1977,12172
6077,12172
1977,12173
1977,12174
3917,12174
7846,12174
1977,12175
3730,12175
4507,12175
4668,12175
1977,12176
1978,12177
4695,12177
4826,12177
1978,12178
5184,12178
7000,12178
1978,12179
1978,12180
1978,12181
1979,12182
8227,12182
8749,12182
1979,12183
2318,12183
2455,12183
2802,12183
3410,12183
3760,12183
6249,12183
8040,12183
1979,12184
4001,12184
7987,12184
7988,12184
8180,12184
1981,12185
1981,12186
1981,12187
5484,12187
1981,12188
1981,12189
1981,12190
8616,12190
1982,12191
1982,12192
1982,12193
8025,12193
1982,12194
1982,12195
1982,12196
1982,12197
1983,12198
1987,12198
1983,12199
1987,12199
2611,12199
7583,12199
1983,12200
1987,12200
7364,12200
1983,12201
1987,12201
1983,12202
1987,12202
1983,12203
1987,12203
1983,12204
1987,12204
1984,12205
2963,12205
5660,12205
5854,12205
1984,12206
1984,12207
2137,12207
1984,12208
2427,12208
3563,12208
5293,12208
1985,12209
1986,12210
1986,12211
2808,12211
4203,12211
5495,12211
8374,12211
1986,12212
4203,12212
1986,12213
4203,12213
1986,12214
4203,12214
1986,12215
4203,12215
8773,12215
1986,12216
1988,12217
1988,12218
1988,12219
1988,12220
1988,12221
1988,12222
1988,12223
1988,12224
1988,12225
1988,12226
1989,12227
1989,12228
1989,12229
7624,12229
1989,12230
1989,12231
1989,12232
1989,12233
1989,12234
1990,12235
2551,12235
1990,12236
1990,12237
1990,12238
1990,12239
1990,12240
2320,12240
1990,12241
1990,12242
1992,12243
6923,12243
1992,12244
4263,12244
8303,12244
1992,12245
7207,12245
1992,12246
1992,12247
1992,12248
3668,12248
3775,12248
6482,12248
1992,12249
1992,12250
4958,12250
5030,12250
1992,12251
1993,12252
1994,12253
1994,12254
4473,12254
1994,12255
1994,12256
1994,12257
1994,12258
1994,12259
1994,12260
1994,12261
1996,12262
5889,12262
1996,12263
2746,12263
3163,12263
3265,12263
4620,12263
5484,12263
5557,12263
6145,12263
1996,12264
1997,12265
6397,12265
1997,12266
1997,12267
5375,12267
1997,12268
5605,12268
1997,12269
1997,12270
1998,12271
2586,12271
4851,12271
1998,12272
5503,12272
5532,12272
8353,12272
1998,12273
3399,12273
8004,12273
1998,12274
1998,12275
4006,12275
4410,12275
1998,12276
1998,12277
1998,12278
1999,12279
1999,12280
1999,12281
7331,12281
7812,12281
8447,12281
1999,12282
1999,12283
1999,12284
2853,12284
1999,12285
1999,12286
1999,12287
1999,12288
8442,12288
1999,12289
1999,12290
1999,12291
1999,12292
1999,12293
3126,12293
1999,12294
8647,12294
2002,12295
2002,12296
2002,12297
2002,12298
2002,12299
2002,12300
2002,12301
2004,12302
2080,12302
2004,12303
6328,12303
6744,12303
7323,12303
7621,12303
7725,12303
8398,12303
2004,12304
2080,12304
2004,12305
5085,12305
5262,12305
6040,12305
7516,12305
2005,12306
2005,12307
2005,12308
2005,12309
7443,12309
2005,12310
2005,12311
6033,12311
8149,12311
2006,12312
2006,12313
2006,12314
3167,12314
3179,12314
3180,12314
2006,12315
2514,12315
3167,12315
2007,12316
2007,12317
2007,12318
2007,12319
2008,12320
2008,12321
5910,12321
2008,12322
2008,12323
2008,12324
2008,12325
6560,12325
7258,12325
2008,12326
2008,12327
2008,12328
2008,12329
6707,12329
2008,12330
7464,12330
2008,12331
6922,12331
2008,12332
3981,12332
4639,12332
2008,12333
2008,12334
3945,12334
4825,12334
2008,12335
2008,12336
2008,12337
2499,12337
2008,12338
2499,12338
2009,12339
4054,12339
2009,12340
2009,12341
4818,12341
5100,12341
5213,12341
2009,12342
2009,12343
4906,12343
6188,12343
2009,12344
2009,12345
2523,12345
2009,12346
2009,12347
2010,12348
2010,12349
2010,12350
8788,12350
2010,12351
3885,12351
8403,12351
2010,12352
2011,12353
2259,12353
4320,12353
6206,12353
6340,12353
6423,12353
7071,12353
7849,12353
8405,12353
8406,12353
8527,12353
8581,12353
2011,12354
3006,12354
4291,12354
4761,12354
5135,12354
2011,12355
3006,12355
4290,12355
4291,12355
5036,12355
5849,12355
6697,12355
2011,12356
5346,12356
5901,12356
8345,12356
2011,12357
2122,12357
7452,12357
8019,12357
2012,12358
2012,12359
2012,12360
2012,12361
2012,12362
2012,12363
2012,12364
7043,12364
2013,12365
2013,12366
2013,12367
4007,12367
2013,12368
2847,12368
3177,12368
4125,12368
4166,12368
5314,12368
2013,12369
2013,12370
2013,12371
2013,12372
2013,12373
2013,12374
2014,12375
3694,12375
4308,12375
5608,12375
2014,12376
2014,12377
2014,12378
8600,12378
2014,12379
2014,12380
2014,12381
2015,12382
2403,12382
2016,12383
2017,12383
4412,12383
2016,12384
2018,12384
2019,12384
2280,12384
4614,12384
2016,12385
2016,12386
2017,12387
2265,12387
4396,12387
6908,12387
7833,12387
7924,12387
7932,12387
7944,12387
2017,12388
2017,12389
2017,12390
2017,12391
2027,12391
3875,12391
2017,12392
2024,12392
6315,12392
2018,12393
2019,12393
2018,12394
2019,12394
2018,12395
7566,12395
2018,12396
2019,12396
6669,12396
2018,12397
2019,12398
2727,12398
4956,12398
6315,12398
7024,12398
7939,12398
2020,12399
2027,12399
4576,12399
4701,12399
6073,12399
2020,12400
2020,12401
2020,12402
2020,12403
2020,12404
2021,12405
2021,12406
2022,12407
2022,12408
6124,12408
2022,12409
2022,12410
6759,12410
2022,12411
2022,12412
2023,12413
2023,12414
2023,12415
2023,12416
2023,12417
2023,12418
3002,12418
4382,12418
8456,12418
2023,12419
2024,12420
2024,12421
6294,12421
7266,12421
7870,12421
2024,12422
2024,12423
2421,12423
4412,12423
2024,12424
3659,12424
5548,12424
7870,12424
2024,12425
7870,12425
2024,12426
2024,12427
2025,12428
2613,12428
2025,12429
3521,12429
2025,12430
2025,12431
2025,12432
2025,12433
2026,12434
2026,12435
2026,12436
2026,12437
2026,12438
4412,12438
7423,12438
8592,12438
2026,12439
2027,12440
6892,12440
2027,12441
2473,12441
3590,12441
3659,12441
7160,12441
8640,12441
2027,12442
6734,12442
2027,12443
2027,12444
5697,12444
2027,12445
2473,12445
4681,12445
5506,12445
2027,12446
2027,12447
3963,12447
5967,12447
6734,12447
7993,12447
2028,12448
2028,12449
2028,12450
2028,12451
2028,12452
2028,12453
2028,12454
2029,12455
2637,12455
2029,12456
4126,12456
4985,12456
6597,12456
7928,12456
2029,12457
2029,12458
6270,12458
6769,12458
6801,12458
7948,12458
2029,12459
4027,12459
2029,12460
2030,12461
2295,12461
2691,12461
5045,12461
5227,12461
5793,12461
2030,12462
5011,12462
5227,12462
2030,12463
2108,12463
2696,12463
3038,12463
3795,12463
5227,12463
5346,12463
5901,12463
2030,12464
3799,12464
2030,12465
3799,12465
2031,12466
2187,12466
3360,12466
4803,12466
5619,12466
2031,12467
4570,12467
2031,12468
2031,12469
2031,12470
2031,12471
2032,12472
2032,12473
2032,12474
2032,12475
2032,12476
2032,12477
2032,12478
2032,12479
2032,12480
2035,12481
2035,12482
4253,12482
2035,12483
2035,12484
5552,12484
7251,12484
2035,12485
2035,12486
2036,12487
2036,12488
5562,12488
6043,12488
6142,12488
7369,12488
8362,12488
2037,12489
3463,12489
6393,12489
2038,12490
3072,12490
2038,12491
3128,12491
2038,12492
2038,12493
2038,12494
2038,12495
2038,12496
2889,12496
3474,12496
2038,12497
2038,12498
3853,12498
2038,12499
2038,12500
2889,12500
2038,12501
2038,12502
2040,12503
2040,12504
2040,12505
5979,12505
2040,12506
5979,12506
2040,12507
5979,12507
2040,12508
2040,12509
2041,12510
2041,12511
2041,12512
2041,12513
2041,12514
2041,12515
2043,12516
2043,12517
3492,12517
2043,12518
5275,12518
6334,12518
8498,12518
2043,12519
2043,12520
7113,12520
8202,12520
8370,12520
8531,12520
2043,12521
2043,12522
2044,12523
2044,12524
5717,12524
8335,12524
2044,12525
2044,12526
3390,12526
2044,12527
2044,12528
2044,12529
2044,12530
2045,12531
2045,12532
3635,12532
7958,12532
2045,12533
2046,12534
7111,12534
2046,12535
3019,12535
4295,12535
6642,12535
8096,12535
8223,12535
8697,12535
2046,12536
2047,12537
2047,12538
2049,12539
2049,12540
2049,12541
2049,12542
2049,12543
2131,12543
6898,12543
2050,12544
2050,12545
2050,12546
2050,12547
3992,12547
2050,12548
2051,12549
4221,12549
2052,12550
2052,12551
6824,12551
2052,12552
2052,12553
2052,12554
2052,12555
2052,12556
2052,12557
2053,12558
2053,12559
2053,12560
2053,12561
7595,12561
7597,12561
2053,12562
2053,12563
5737,12563
2053,12564
3183,12564
5889,12564
2054,12565
2054,12566
2054,12567
2054,12568
2056,12569
2056,12570
2056,12571
2056,12572
2056,12573
2056,12574
2056,12575
2057,12576
8312,12576
2057,12577
2106,12577
2927,12577
6897,12577
2058,12578
2059,12579
2096,12579
3118,12579
2059,12580
2096,12580
2059,12581
2096,12581
3118,12581
2059,12582
2096,12582
3118,12582
7005,12582
7871,12582
2059,12583
2096,12583
3118,12583
2059,12584
2096,12584
3118,12584
6068,12584
2059,12585
3118,12585
3224,12585
6068,12585
6855,12585
2060,12586
2061,12587
4069,12587
2061,12588
2061,12589
2061,12590
4039,12590
4048,12590
4071,12590
2061,12591
4071,12591
2061,12592
4069,12592
2061,12593
2061,12594
4018,12594
2062,12595
2786,12595
4115,12595
2062,12596
4364,12596
7276,12596
2062,12597
2786,12597
2858,12597
2963,12597
5175,12597
5660,12597
5754,12597
5854,12597
6242,12597
6421,12597
7493,12597
7735,12597
2062,12598
2786,12598
2910,12598
8715,12598
2062,12599
2786,12599
2062,12600
2786,12600
2062,12601
2062,12602
2786,12602
2062,12603
4659,12603
4991,12603
7492,12603
7494,12603
7495,12603
7502,12603
2063,12604
2181,12604
2775,12604
3089,12604
3664,12604
3742,12604
6732,12604
7218,12604
7628,12604
2063,12605
2966,12605
2064,12606
2065,12607
2065,12608
6200,12608
7226,12608
2065,12609
2065,12610
2065,12611
4400,12611
6624,12611
2065,12612
2065,12613
2065,12614
2065,12615
2065,12616
2065,12617
2065,12618
2065,12619
2065,12620
2065,12621
2065,12622
3392,12622
2065,12623
2065,12624
2065,12625
2065,12626
4400,12626
4403,12626
2065,12627
3895,12627
2065,12628
2065,12629
2065,12630
2065,12631
2065,12632
2065,12633
2065,12634
2066,12635
2066,12636
2066,12637
2066,12638
2066,12639
2066,12640
2066,12641
2479,12641
3794,12641
4994,12641
2066,12642
2067,12643
3717,12643
2067,12644
2067,12645
2067,12646
3664,12646
3871,12646
4470,12646
2067,12647
3099,12647
5179,12647
6902,12647
2068,12648
2427,12648
2526,12648
3089,12648
3220,12648
3827,12648
4064,12648
4745,12648
4989,12648
5477,12648
2068,12649
3174,12649
3827,12649
4275,12649
2068,12650
3272,12650
3273,12650
2070,12651
2070,12652
2070,12653
2070,12654
2071,12655
2071,12656
2071,12657
2071,12658
2071,12659
2071,12660
2071,12661
2071,12662
2071,12663
8183,12663
2071,12664
2072,12665
8608,12665
2072,12666
2073,12667
2073,12668
2848,12668
6756,12668
2073,12669
6062,12669
8259,12669
2073,12670
2073,12671
2073,12672
6814,12672
7772,12672
2073,12673
2074,12674
3162,12674
2074,12675
2074,12676
2840,12676
3239,12676
2074,12677
6268,12677
2074,12678
7906,12678
2075,12679
2739,12679
5397,12679
7184,12679
2075,12680
2104,12680
2286,12680
2721,12680
4737,12680
5152,12680
6247,12680
8773,12680
2075,12681
2731,12681
2733,12681
3132,12681
3143,12681
4730,12681
5008,12681
6611,12681
7110,12681
7248,12681
2076,12682
2076,12683
2076,12684
2076,12685
2076,12686
2076,12687
6232,12687
2076,12688
6232,12688
2076,12689
6232,12689
2076,12690
2076,12691
2077,12692
4372,12692
5801,12692
8188,12692
2078,12693
2078,12694
2078,12695
2078,12696
2078,12697
2078,12698
2078,12699
2078,12700
2078,12701
8113,12701
2078,12702
2079,12703
2079,12704
2079,12705
3171,12705
2079,12706
2079,12707
2079,12708
2079,12709
2587,12709
3697,12709
4209,12709
4770,12709
5232,12709
2080,12710
4528,12710
2080,12711
2080,12712
2080,12713
7078,12713
7950,12713
8313,12713
8443,12713
2081,12714
2081,12715
2082,12716
2441,12716
2543,12716
2771,12716
3232,12716
3351,12716
3509,12716
3554,12716
3678,12716
4146,12716
4832,12716
4833,12716
4857,12716
2082,12717
2441,12717
2543,12717
2771,12717
3232,12717
3351,12717
3509,12717
3554,12717
3678,12717
4146,12717
4832,12717
4833,12717
4857,12717
2082,12718
2441,12718
2543,12718
2771,12718
3232,12718
3351,12718
3509,12718
3554,12718
3678,12718
4832,12718
4833,12718
4857,12718
2082,12719
2441,12719
2543,12719
2771,12719
3232,12719
3351,12719
3509,12719
3678,12719
4146,12719
2082,12720
2441,12720
2543,12720
3232,12720
3351,12720
3509,12720
4858,12720
2083,12721
2083,12722
2083,12723
2083,12724
2083,12725
2084,12726
3027,12726
4662,12726
5007,12726
7268,12726
2084,12727
4662,12727
7947,12727
2084,12728
4947,12728
2084,12729
2084,12730
2084,12731
4485,12731
7262,12731
2084,12732
2084,12733
2084,12734
6585,12734
7783,12734
2085,12735
2085,12736
2416,12736
4123,12736
6755,12736
2085,12737
2085,12738
7827,12738
2085,12739
8523,12739
2085,12740
6604,12740
2085,12741
2087,12742
2087,12743
2289,12743
2748,12743
4104,12743
4454,12743
4826,12743
2087,12744
2087,12745
2087,12746
2088,12747
2088,12748
2088,12749
2612,12749
2088,12750
2088,12751
2088,12752
2089,12753
3177,12753
5279,12753
7028,12753
2089,12754
3709,12754
2089,12755
3587,12755
2089,12756
3837,12756
5076,12756
2089,12757
5014,12757
5620,12757
5773,12757
8078,12757
2090,12758
4279,12758
2090,12759
4279,12759
2090,12760
4279,12760
2090,12761
4279,12761
2090,12762
4279,12762
2090,12763
4279,12763
2090,12764
4279,12764
2091,12765
2091,12766
2091,12767
2091,12768
2091,12769
2091,12770
2091,12771
2092,12772
2092,12773
5289,12773
2092,12774
4266,12774
8691,12774
2092,12775
2092,12776
3259,12776
4002,12776
2092,12777
2092,12778
3259,12778
2093,12779
2093,12780
2551,12780
2093,12781
2093,12782
2094,12783
2094,12784
6171,12784
2094,12785
2094,12786
6677,12786
2094,12787
2094,12788
2094,12789
2094,12790
2094,12791
2094,12792
2094,12793
2094,12794
2094,12795
7711,12795
2094,12796
2094,12797
2094,12798
2094,12799
2094,12800
2094,12801
2094,12802
2095,12803
2095,12804
2095,12805
7988,12805
2095,12806
2095,12807
2095,12808
2095,12809
2096,12810
2096,12811
2096,12812
2096,12813
2096,12814
2096,12815
2096,12816
2096,12817
2096,12818
2099,12819
2099,12820
2099,12821
2099,12822
2099,12823
2099,12824
2099,12825
2099,12826
2099,12827
2099,12828
2099,12829
2100,12830
2100,12831
2100,12832
3562,12832
2100,12833
3927,12833
2100,12834
8275,12834
2100,12835
2100,12836
3031,12836
2101,12837
7271,12837
8381,12837
2101,12838
2101,12839
2101,12840
2101,12841
2101,12842
2101,12843
2101,12844
2103,12845
2196,12845
2103,12846
2103,12847
2103,12848
2103,12849
2124,12849
2840,12849
2104,12850
2104,12851
2104,12852
7190,12852
2104,12853
6314,12853
7191,12853
8430,12853
2104,12854
2104,12855
2104,12856
2105,12857
2922,12857
4698,12857
5624,12857
2105,12858
4639,12858
5659,12858
6409,12858
7464,12858
2105,12859
2105,12860
2105,12861
2105,12862
7257,12862
2105,12863
2106,12864
3248,12864
3828,12864
4763,12864
5134,12864
5141,12864
2106,12865
2821,12865
8233,12865
2106,12866
2663,12866
3795,12866
3828,12866
4761,12866
4927,12866
5847,12866
2106,12867
5346,12867
5901,12867
2106,12868
2106,12869
2106,12870
5614,12870
2106,12871
2772,12871
2106,12872
2541,12872
4221,12872
5534,12872
5847,12872
5880,12872
6013,12872
6040,12872
6272,12872
6355,12872
6955,12872
8791,12872
2107,12873
2108,12874
2108,12875
2108,12876
3222,12876
2108,12877
2391,12877
3108,12877
7085,12877
2108,12878
2109,12879
2109,12880
2109,12881
2109,12882
2109,12883
2111,12884
2430,12884
2436,12884
2439,12884
2443,12884
2510,12884
2511,12884
2513,12884
2631,12884
2634,12884
2639,12884
6291,12884
6769,12884
2111,12885
2430,12885
2439,12885
7352,12885
2111,12886
2248,12886
2111,12887
6291,12887
6769,12887
2111,12888
2430,12888
2502,12888
2511,12888
2631,12888
6046,12888
6173,12888
7105,12888
7352,12888
2112,12889
6975,12889
2112,12890
7251,12890
2112,12891
3577,12891
2112,12892
4948,12892
2112,12893
2112,12894
3376,12894
4214,12894
4741,12894
2112,12895
2115,12896
2115,12897
2115,12898
2116,12899
4761,12899
5640,12899
5816,12899
5817,12899
5818,12899
5819,12899
6446,12899
8214,12899
2116,12900
2363,12900
2495,12900
2116,12901
2117,12902
2117,12903
2832,12903
2879,12903
2117,12904
2117,12905
2118,12906
2931,12906
3444,12906
2118,12907
4160,12907
2118,12908
2118,12909
2119,12910
2119,12911
2119,12912
5381,12912
2119,12913
2119,12914
2119,12915
8337,12915
2121,12916
2121,12917
6780,12917
7111,12917
8248,12917
2121,12918
2122,12919
2122,12920
2122,12921
2123,12922
2123,12923
5659,12923
6502,12923
2123,12924
2123,12925
4988,12925
5236,12925
5569,12925
8468,12925
2123,12926
2123,12927
2124,12928
2886,12928
8202,12928
2124,12929
2124,12930
2124,12931
2124,12932
2124,12933
2124,12934
2124,12935
2124,12936
2125,12937
2125,12938
4105,12938
2125,12939
2125,12940
4105,12940
2125,12941
8120,12941
2125,12942
2125,12943
2125,12944
2126,12945
2878,12945
2126,12946
2126,12947
2126,12948
2126,12949
2126,12950
2126,12951
2126,12952
2126,12953
2126,12954
2126,12955
2126,12956
2127,12957
2127,12958
6865,12958
2127,12959
5482,12959
5483,12959
7689,12959
7745,12959
7903,12959
2127,12960
4433,12960
5575,12960
6611,12960
2127,12961
2127,12962
7402,12962
2128,12963
2128,12964
4924,12964
2128,12965
2128,12966
2128,12967
2128,12968
2128,12969
2128,12970
2128,12971
2128,12972
2130,12973
3297,12973
2130,12974
2130,12975
2130,12976
2130,12977
6746,12977
2130,12978
2130,12979
2131,12980
2131,12981
2882,12981
2131,12982
6984,12982
2131,12983
2131,12984
2131,12985
2133,12986
7584,12986
2133,12987
6448,12987
2133,12988
5157,12988
2133,12989
2133,12990
2480,12990
5203,12990
2134,12991
2134,12992
5181,12992
2134,12993
2134,12994
2134,12995
2134,12996
2134,12997
2134,12998
2460,12998
2134,12999
2942,12999
2134,13000
2134,13001
2135,13002
5716,13002
2135,13003
3299,13003
5306,13003
2135,13004
2135,13005
2135,13006
4679,13006
2135,13007
3299,13007
2135,13008
2135,13009
5361,13009
2135,13010
7265,13010
2136,13011
3173,13011
2136,13012
2136,13013
2764,13013
5139,13013
5424,13013
5489,13013
5954,13013
6154,13013
6355,13013
7117,13013
8456,13013
2137,13014
2399,13014
2137,13015
3337,13015
3785,13015
5093,13015
2137,13016
2137,13017
2137,13018
2137,13019
2138,13020
2138,13021
2138,13022
2531,13022
2138,13023
2138,13024
5261,13024
2138,13025
2139,13026
2431,13026
3308,13026
2139,13027
7843,13027
2139,13028
2139,13029
2139,13030
5206,13030
8214,13030
2139,13031
2284,13031
7843,13031
2140,13032
6503,13032
8732,13032
2140,13033
2140,13034
2140,13035
2140,13036
2140,13037
2140,13038
2142,13039
2748,13039
3207,13039
4510,13039
5516,13039
5630,13039
2142,13040
2473,13040
3482,13040
2143,13041
6716,13041
7527,13041
2143,13042
5524,13042
2143,13043
4528,13043
6081,13043
6582,13043
2143,13044
2143,13045
4940,13045
5829,13045
6062,13045
6136,13045
6910,13045
8342,13045
8558,13045
2143,13046
2208,13046
3147,13046
4219,13046
5649,13046
6467,13046
6993,13046
7444,13046
7516,13046
7670,13046
7963,13046
2143,13047
2261,13047
3430,13047
3443,13047
4123,13047
6249,13047
6477,13047
8254,13047
8533,13047
2147,13048
2147,13049
2148,13050
5964,13050
2148,13051
3116,13051
2148,13052
8228,13052
2148,13053
2149,13054
5978,13054
2149,13055
2149,13056
6468,13056
2149,13057
2253,13057
2149,13058
2149,13059
8115,13059
2149,13060
2149,13061
2150,13062
2150,13063
2412,13063
7585,13063
8325,13063
8761,13063
2150,13064
2150,13065
2150,13066
2151,13067
2151,13068
2672,13068
2151,13069
2151,13070
2151,13071
2151,13072
2151,13073
2151,13074
2151,13075
2152,13076
3069,13076
5070,13076
2152,13077
3291,13077
3327,13077
5551,13077
2152,13078
2152,13079
5279,13079
6891,13079
2152,13080
2152,13081
5076,13081
2152,13082
2847,13082
3435,13082
2152,13083
2152,13084
2152,13085
2152,13086
2152,13087
4166,13087
4371,13087
2152,13088
4205,13088
2152,13089
4851,13089
2152,13090
4717,13090
5551,13090
2152,13091
3352,13091
2152,13092
2847,13092
5076,13092
5553,13092
7642,13092
2154,13093
2158,13094
2641,13094
4134,13094
4853,13094
5151,13094
8400,13094
2158,13095
3803,13095
5862,13095
8010,13095
2158,13096
5070,13096
6410,13096
7072,13096
7073,13096
7165,13096
8405,13096
8406,13096
2160,13097
3524,13097
2160,13098
2527,13098
2788,13098
2926,13098
2160,13099
2161,13100
2910,13100
7490,13100
8715,13100
2161,13101
3084,13101
5830,13101
6828,13101
7030,13101
7288,13101
7491,13101
7496,13101
2161,13102
7492,13102
7493,13102
7494,13102
7495,13102
7500,13102
7501,13102
7502,13102
2161,13103
2858,13103
7279,13103
7490,13103
7494,13103
7501,13103
2161,13104
2963,13104
8006,13104
2161,13105
2161,13106
2910,13106
7490,13106
7492,13106
7494,13106
7498,13106
7502,13106
8715,13106
2161,13107
4817,13107
5754,13107
5830,13107
7491,13107
2161,13108
5393,13108
7493,13108
2161,13109
2161,13110
7490,13110
7492,13110
7493,13110
7494,13110
7497,13110
7501,13110
7502,13110
7879,13110
7960,13110
2161,13111
2161,13112
5830,13112
6126,13112
7277,13112
7278,13112
7279,13112
7465,13112
7490,13112
7492,13112
7493,13112
7494,13112
7495,13112
7502,13112
2161,13113
2161,13114
2396,13114
2910,13114
3063,13114
5175,13114
5376,13114
5579,13114
5808,13114
6126,13114
7276,13114
7293,13114
7492,13114
7494,13114
7495,13114
7498,13114
7500,13114
7502,13114
8715,13114
2161,13115
2161,13116
2161,13117
2162,13118
2163,13119
2163,13120
2163,13121
8120,13121
2163,13122
2163,13123
2163,13124
2163,13125
2163,13126
2164,13127
2165,13128
2165,13129
2165,13130
2165,13131
7449,13131
2165,13132
2165,13133
2165,13134
2165,13135
2167,13136
2168,13137
3780,13137
3830,13137
2168,13138
3780,13138
3830,13138
2168,13139
3780,13139
3830,13139
2168,13140
3830,13140
2168,13141
2168,13142
2168,13143
3780,13143
3830,13143
2168,13144
4870,13144
2169,13145
2169,13146
2169,13147
2169,13148
4406,13148
2172,13149
2172,13150
2173,13151
3017,13151
5556,13151
6498,13151
2173,13152
5908,13152
2173,13153
5614,13153
2174,13154
6618,13154
2174,13155
2174,13156
2174,13157
8029,13157
2175,13158
2175,13159
2175,13160
2175,13161
2175,13162
2175,13163
2175,13164
2175,13165
2179,13165
5693,13165
2176,13166
3724,13166
2176,13167
3021,13167
3337,13167
3871,13167
4629,13167
4992,13167
5097,13167
2176,13168
4244,13168
2176,13169
3721,13169
3725,13169
3729,13169
2179,13170
5693,13170
2179,13171
2179,13172
2179,13173
2868,13173
6815,13173
7212,13173
2179,13174
2179,13175
5693,13175
6815,13175
2179,13176
5693,13176
2179,13177
2179,13178
2179,13179
2179,13180
2179,13181
2179,13182
2179,13183
6281,13183
2180,13184
6323,13184
7726,13184
2180,13185
5982,13185
2180,13186
2180,13187
2181,13188
3334,13188
3742,13188
4470,13188
5179,13188
2181,13189
2181,13190
2182,13191
2182,13192
2182,13193
2182,13194
2182,13195
2182,13196
2182,13197
2182,13198
2182,13199
2184,13200
7323,13200
2184,13201
2184,13202
3946,13202
8127,13202
2184,13203
2184,13204
2185,13205
2185,13206
2185,13207
2185,13208
2186,13209
4360,13209
2186,13210
3316,13210
4360,13210
6370,13210
2187,13211
2187,13212
2187,13213
2187,13214
2187,13215
2187,13216
2187,13217
2187,13218
2188,13219
2188,13220
2188,13221
2192,13222
2192,13223
2192,13224
2192,13225
2192,13226
2192,13227
2192,13228
2194,13229
2194,13230
2194,13231
2194,13232
4395,13232
2194,13233
2194,13234
2194,13235
2195,13236
2195,13237
2195,13238
2195,13239
2195,13240
2195,13241
3217,13241
2195,13242
2195,13243
2195,13244
4030,13244
2195,13245
2195,13246
2195,13247
2195,13248
2196,13249
2196,13250
2196,13251
2196,13252
2197,13253
2197,13254
2197,13255
2197,13256
2197,13257
2197,13258
2197,13259
2197,13260
2198,13261
2198,13262
2198,13263
2198,13264
2199,13265
2199,13266
3121,13266
6566,13266
2199,13267
2199,13268
2199,13269
2199,13270
2199,13271
2202,13272
2202,13273
2202,13274
2202,13275
2202,13276
2203,13277
5378,13277
5981,13277
6671,13277
2203,13278
4707,13278
2203,13279
2203,13280
4529,13280
8676,13280
8794,13280
2204,13281
3643,13281
8119,13281
2204,13282
2204,13283
6098,13283
2204,13284
4971,13284
2204,13285
2204,13286
2204,13287
2205,13288
2393,13288
4583,13288
4738,13288
2205,13289
2205,13290
2205,13291
4434,13291
2205,13292
2206,13293
2206,13294
4665,13294
5384,13294
8142,13294
2206,13295
2206,13296
2206,13297
2206,13298
2206,13299
2206,13300
8695,13300
2206,13301
2207,13302
2207,13303
2207,13304
2207,13305
2208,13306
7418,13306
8373,13306
2208,13307
4617,13307
4657,13307
7165,13307
8443,13307
2208,13308
6434,13308
6467,13308
6535,13308
2208,13309
3795,13309
7016,13309
2208,13310
3552,13310
2208,13311
2210,13312
2333,13312
2210,13313
2210,13314
2882,13314
2210,13315
2210,13316
2211,13317
2674,13317
2211,13318
2674,13318
3764,13318
5347,13318
5403,13318
7448,13318
2211,13319
2674,13319
5347,13319
2211,13320
2674,13320
5347,13320
2211,13321
6891,13321
8195,13321
2211,13322
2674,13322
2211,13323
2674,13323
2211,13324
2211,13325
2674,13325
4125,13325
2211,13326
2531,13326
2872,13326
3978,13326
4709,13326
4883,13326
5347,13326
5515,13326
6417,13326
2212,13327
2212,13328
4743,13328
2212,13329
2212,13330
2212,13331
2212,13332
4357,13332
2213,13333
2216,13334
4056,13334
2216,13335
4056,13335
2216,13336
2216,13337
4056,13337
2217,13338
2217,13339
2217,13340
2217,13341
2219,13342
5249,13342
2219,13343
2219,13344
2219,13345
5923,13345
2219,13346
4690,13346
5923,13346
2219,13347
2219,13348
4523,13348
5966,13348
7226,13348
2219,13349
3083,13349
5249,13349
2219,13350
2219,13351
2219,13352
2219,13353
2221,13354
3650,13354
4471,13354
5842,13354
5865,13354
5874,13354
5875,13354
5991,13354
6453,13354
7053,13354
2221,13355
2221,13356
5842,13356
5875,13356
6453,13356
2221,13357
7240,13357
2221,13358
5875,13358
2221,13359
2221,13360
2221,13361
6766,13361
8143,13361
8304,13361
2224,13362
3544,13362
2225,13363
2635,13363
4384,13363
2225,13364
2225,13365
2225,13366
2225,13367
2225,13368
2225,13369
2225,13370
2225,13371
4749,13371
2225,13372
2225,13373
2225,13374
2227,13375
2227,13376
2228,13377
2418,13377
3562,13377
2228,13378
7224,13378
2228,13379
6110,13379
2228,13380
2228,13381
2228,13382
2228,13383
4942,13383
2228,13384
2768,13384
4320,13384
7003,13384
8294,13384
8615,13384
8697,13384
2228,13385
2230,13386
2230,13387
5566,13387
6806,13387
2230,13388
2230,13389
2527,13389
4140,13389
2230,13390
8766,13390
2230,13391
5346,13391
5607,13391
7369,13391
2230,13392
3450,13392
2230,13393
2230,13394
2230,13395
2231,13396
2231,13397
2231,13398
2231,13399
2231,13400
2231,13401
2231,13402
2231,13403
2231,13404
2231,13405
2231,13406
2231,13407
2232,13408
2232,13409
2232,13410
2233,13411
3938,13411
3958,13411
2233,13412
2233,13413
4705,13413
2233,13414
8079,13414
2234,13415
2234,13416
2234,13417
2234,13418
2234,13419
3096,13419
2234,13420
2234,13421
8219,13421
2235,13422
2382,13422
2422,13422
2655,13422
3155,13422
7449,13422
2235,13423
2301,13423
3145,13423
2235,13424
2236,13425
7841,13425
2236,13426
3489,13426
4639,13426
6409,13426
2236,13427
2236,13428
2236,13429
4881,13429
7144,13429
2236,13430
2236,13431
2236,13432
2236,13433
2236,13434
5657,13434
8509,13434
2236,13435
2330,13435
4407,13435
2236,13436
2239,13437
2239,13438
2240,13439
2240,13440
2240,13441
2882,13441
2241,13442
6709,13442
2241,13443
2241,13444
8564,13444
2241,13445
2697,13445
2241,13446
2241,13447
2242,13448
2245,13449
2245,13450
5946,13450
6209,13450
6883,13450
6942,13450
2245,13451
2245,13452
2245,13453
2245,13454
2245,13455
2245,13456
2245,13457
2245,13458
2247,13459
2261,13459
2455,13459
3864,13459
5994,13459
6910,13459
8704,13459
2247,13460
2248,13461
4126,13461
6801,13461
2248,13462
2248,13463
2250,13464
2928,13464
3443,13464
2250,13465
2928,13465
3443,13465
3655,13465
2250,13466
2928,13466
3443,13466
2251,13467
5978,13467
6567,13467
8386,13467
8792,13467
2251,13468
2251,13469
4642,13469
5324,13469
2251,13470
5530,13470
2251,13471
2251,13472
2982,13472
3126,13472
3392,13472
3906,13472
5256,13472
8117,13472
2252,13473
2252,13474
2252,13475
5852,13475
2252,13476
7007,13476
2252,13477
2252,13478
2252,13479
2252,13480
2252,13481
2252,13482
2252,13483
2252,13484
2252,13485
7007,13485
2253,13486
2688,13486
2880,13486
3432,13486
2253,13487
2253,13488
2253,13489
2832,13489
2254,13490
2254,13491
2255,13492
2255,13493
2255,13494
2256,13495
2256,13496
3614,13496
2256,13497
3615,13497
2256,13498
2256,13499
2256,13500
2256,13501
2257,13502
2258,13503
2259,13504
6946,13504
2259,13505
5346,13505
8065,13505
8292,13505
8553,13505
2259,13506
5275,13506
2259,13507
2259,13508
6007,13508
6187,13508
7137,13508
7482,13508
7865,13508
2260,13509
6795,13509
2261,13510
3032,13510
5888,13510
2261,13511
2295,13511
2261,13512
2261,13513
2263,13514
2264,13515
2265,13516
4680,13516
2265,13517
7054,13517
7175,13517
7389,13517
2265,13518
4694,13518
6218,13518
6603,13518
8265,13518
2265,13519
6073,13519
7389,13519
2265,13520
2265,13521
5123,13521
2265,13522
5015,13522
2265,13523
2266,13524
2986,13524
5080,13524
5397,13524
7945,13524
2266,13525
2546,13525
6852,13525
2266,13526
4433,13526
4574,13526
5022,13526
5618,13526
6079,13526
7243,13526
2266,13527
2266,13528
2266,13529
2390,13529
5335,13529
5336,13529
5337,13529
2266,13530
5617,13530
2266,13531
6278,13531
6578,13531
7388,13531
2267,13532
2267,13533
4446,13533
6036,13533
2267,13534
2267,13535
2267,13536
2268,13537
5461,13537
2268,13538
2671,13538
3140,13538
3143,13538
4104,13538
4108,13538
4113,13538
4256,13538
4392,13538
4442,13538
6888,13538
7187,13538
7476,13538
8612,13538
2268,13539
4756,13539
5218,13539
2269,13540
4611,13540
4713,13540
5218,13540
7159,13540
8653,13540
2269,13541
2281,13541
2289,13541
4421,13541
5506,13541
7402,13541
2269,13542
2716,13542
4441,13542
4680,13542
5301,13542
5572,13542
6247,13542
7170,13542
7802,13542
2269,13543
4428,13543
4661,13543
2270,13544
2270,13545
2270,13546
4288,13546
6740,13546
2271,13547
4329,13547
5516,13547
6450,13547
2271,13548
3751,13548
4733,13548
5089,13548
6450,13548
7745,13548
2271,13549
4695,13549
6450,13549
7806,13549
2271,13550
4104,13550
4113,13550
6450,13550
2272,13551
4720,13551
6108,13551
8505,13551
8773,13551
2272,13552
2272,13553
2272,13554
2272,13555
2565,13555
2841,13555
2874,13555
3164,13555
4098,13555
6079,13555
7367,13555
8162,13555
2273,13556
2841,13556
2874,13556
2970,13556
4288,13556
4723,13556
4726,13556
7023,13556
2273,13557
2273,13558
2273,13559
2273,13560
2273,13561
2273,13562
4578,13562
5506,13562
7362,13562
2274,13563
5600,13563
2274,13564
4714,13564
6513,13564
2274,13565
2274,13566
2274,13567
4613,13567
2275,13568
2275,13569
2292,13569
3132,13569
3144,13569
4801,13569
5291,13569
6351,13569
7713,13569
2276,13570
2276,13571
2276,13572
2276,13573
3250,13573
2276,13574
2276,13575
2276,13576
2276,13577
8092,13577
2276,13578
2276,13579
2276,13580
2276,13581
2276,13582
2277,13583
3914,13583
4198,13583
2277,13584
3150,13584
7172,13584
7381,13584
7874,13584
7914,13584
7995,13584
2277,13585
2277,13586
2277,13587
2278,13588
2278,13589
2278,13590
2278,13591
2278,13592
2278,13593
2279,13594
2279,13595
2279,13596
2279,13597
2279,13598
2279,13599
2393,13599
5470,13599
2279,13600
2280,13601
2280,13602
2280,13603
8146,13603
2280,13604
2281,13605
5838,13605
7260,13605
2282,13606
3464,13606
2282,13607
5486,13607
7941,13607
2282,13608
2282,13609
2283,13610
2283,13611
2283,13612
2292,13612
6542,13612
7760,13612
2283,13613
2283,13614
4358,13614
5588,13614
2284,13615
2284,13616
2704,13616
2284,13617
2284,13618
2284,13619
2284,13620
2285,13621
2285,13622
2292,13622
3136,13622
3464,13622
4455,13622
4611,13622
2285,13623
4803,13623
5834,13623
2285,13624
2285,13625
2285,13626
2285,13627
3499,13627
6247,13627
6852,13627
2286,13628
5291,13628
5546,13628
5617,13628
6131,13628
6961,13628
2286,13629
2340,13629
3207,13629
3951,13629
4508,13629
4562,13629
4578,13629
4694,13629
4728,13629
4737,13629
2286,13630
3207,13630
3700,13630
2287,13631
2626,13631
3766,13631
7806,13631
2287,13632
2816,13632
7806,13632
2287,13633
2816,13633
5501,13633
2287,13634
7806,13634
2287,13635
2288,13636
2288,13637
2288,13638
2288,13639
2288,13640
2354,13640
4454,13640
4715,13640
4756,13640
2289,13641
3234,13641
4422,13641
2289,13642
2290,13643
3196,13643
4564,13643
4595,13643
7937,13643
2290,13644
4434,13644
6131,13644
8333,13644
2291,13645
2340,13645
5838,13645
6160,13645
7367,13645
2291,13646
3413,13646
8009,13646
2291,13647
7463,13647
8629,13647
8799,13647
2291,13648
3007,13648
7116,13648
7361,13648
2292,13649
2292,13650
2292,13651
4611,13651
2292,13652
2292,13653
2293,13654
2293,13655
2293,13656
2294,13657
2294,13658
5551,13658
5773,13658
2294,13659
6891,13659
7642,13659
2294,13660
2294,13661
3555,13661
8706,13661
2294,13662
6891,13662
2294,13663
2294,13664
2294,13665
2294,13666
2295,13667
2480,13667
6373,13667
8342,13667
2295,13668
3928,13668
4370,13668
5534,13668
2296,13669
2325,13669
2482,13669
2931,13669
3071,13669
2296,13670
5443,13670
6017,13670
2296,13671
7446,13671
2296,13672
2325,13672
2296,13673
2296,13674
2296,13675
3973,13675
2297,13676
2298,13677
2298,13678
2298,13679
2298,13680
2298,13681
2298,13682
2298,13683
2298,13684
2298,13685
2298,13686
2298,13687
2298,13688
2298,13689
2298,13690
2298,13691
2298,13692
2298,13693
2298,13694
2300,13695
2300,13696
2696,13696
2300,13697
2300,13698
2300,13699
2300,13700
3224,13700
5346,13700
7897,13700
2300,13701
2300,13702
2301,13703
3168,13703
2301,13704
2301,13705
3141,13705
7739,13705
2303,13706
4221,13706
2304,13707
2304,13708
2304,13709
2304,13710
2304,13711
4717,13711
2305,13712
2306,13713
2307,13714
7811,13714
2307,13715
3178,13715
4711,13715
6038,13715
8737,13715
2307,13716
4119,13716
2307,13717
3000,13717
4172,13717
2307,13718
3783,13718
2307,13719
2990,13719
3156,13719
3591,13719
3901,13719
2307,13720
4216,13720
5251,13720
2308,13721
2308,13722
2308,13723
2308,13724
2309,13725
5059,13725
2309,13726
3177,13726
3983,13726
5347,13726
2309,13727
2309,13728
2309,13729
2309,13730
2309,13731
3507,13731
3983,13731
4673,13731
5311,13731
2310,13732
2310,13733
2310,13734
2313,13734
2310,13735
2310,13736
2313,13736
6983,13736
2310,13737
2310,13738
3534,13738
2311,13739
2312,13740
2420,13740
3870,13740
5662,13740
6623,13740
6875,13740
7214,13740
2312,13741
2312,13742
3321,13742
7022,13742
2312,13743
4617,13743
4643,13743
7126,13743
2312,13744
2313,13745
2313,13746
6983,13746
2313,13747
7158,13747
2313,13748
2314,13749
2314,13750
2314,13751
2315,13752
7019,13752
8167,13752
8474,13752
2315,13753
4295,13753
4496,13753
5322,13753
2315,13754
3775,13754
4538,13754
4959,13754
6493,13754
7327,13754
8054,13754
8096,13754
2315,13755
3775,13755
7399,13755
2315,13756
6779,13756
2315,13757
5753,13757
2316,13758
2316,13759
6884,13759
2316,13760
2527,13760
2316,13761
7962,13761
2316,13762
2316,13763
8446,13763
2318,13764
8056,13764
2318,13765
8495,13765
2318,13766
2318,13767
2318,13768
2318,13769
2320,13770
2320,13771
2320,13772
2320,13773
2320,13774
2320,13775
6709,13775
2320,13776
2320,13777
3223,13777
2320,13778
2320,13779
2320,13780
7376,13780
2320,13781
2320,13782
2321,13783
3056,13783
2321,13784
2321,13785
2450,13785
5415,13785
2324,13786
2324,13787
3168,13787
2324,13788
2324,13789
2324,13790
2324,13791
2324,13792
2325,13793
2650,13793
2325,13794
2482,13794
2325,13795
2325,13796
2325,13797
2325,13798
2327,13799
2337,13799
2327,13800
2337,13800
2328,13801
4403,13801
2328,13802
2328,13803
2328,13804
2328,13805
2328,13806
7810,13806
2328,13807
2328,13808
2328,13809
2915,13809
2328,13810
2328,13811
6503,13811
2329,13812
2329,13813
2329,13814
4671,13814
4746,13814
4747,13814
4748,13814
2329,13815
2329,13816
4505,13816
2329,13817
2329,13818
2330,13819
5716,13819
2330,13820
3002,13820
2330,13821
2330,13822
2330,13823
3299,13823
2330,13824
4679,13824
2330,13825
2330,13826
2330,13827
2331,13828
2331,13829
5761,13829
6123,13829
8497,13829
2331,13830
3158,13830
2333,13831
2333,13832
2333,13833
2907,13833
2334,13834
2334,13835
2334,13836
2372,13836
4019,13836
2334,13837
2334,13838
2338,13839
3500,13839
4045,13839
2339,13840
2339,13841
3300,13841
8666,13841
2339,13842
2339,13843
2339,13844
3255,13844
3497,13844
2339,13845
2339,13846
2340,13847
2340,13848
2340,13849
3007,13849
6296,13849
2340,13850
8773,13850
2341,13851
2716,13851
2732,13851
2816,13851
2958,13851
2970,13851
6611,13851
7023,13851
7388,13851
7707,13851
8145,13851
2341,13852
2857,13852
4722,13852
4728,13852
2341,13853
2341,13854
2341,13855
2343,13856
5152,13856
2343,13857
4392,13857
6169,13857
7065,13857
7365,13857
7395,13857
8607,13857
2343,13858
2344,13859
2344,13860
2344,13861
2344,13862
2345,13863
8340,13863
2345,13864
2345,13865
3719,13865
5771,13865
7578,13865
2345,13866
2347,13867
2961,13867
2347,13868
2347,13869
2347,13870
2347,13871
5288,13871
2347,13872
5745,13872
8521,13872
2348,13873
2348,13874
2421,13874
2936,13874
8681,13874
2348,13875
2348,13876
2348,13877
2348,13878
2348,13879
2349,13880
2350,13881
2350,13882
2350,13883
2350,13884
3674,13884
2350,13885
3361,13885
2350,13886
2351,13887
3453,13887
3775,13887
6897,13887
7970,13887
2351,13888
2351,13889
2351,13890
2351,13891
2352,13892
2352,13893
2354,13894
2354,13895
2354,13896
2354,13897
2354,13898
4670,13898
2355,13899
2368,13899
2355,13900
2355,13901
2362,13901
2439,13901
2461,13901
2355,13902
2362,13902
2355,13903
2368,13903
2355,13904
2362,13904
2636,13904
2355,13905
2355,13906
2366,13906
2355,13907
2439,13907
2461,13907
6184,13907
7523,13907
2355,13908
2357,13909
2357,13910
5422,13910
2357,13911
2357,13912
2357,13913
2357,13914
2357,13915
2357,13916
2357,13917
2357,13918
2357,13919
3788,13919
2359,13920
3522,13920
2359,13921
3329,13921
2359,13922
2359,13923
2359,13924
2359,13925
2360,13926
2360,13927
2360,13928
2360,13929
4524,13929
2360,13930
2360,13931
2360,13932
2360,13933
2360,13934
6543,13934
2361,13935
2362,13936
2461,13936
2362,13937
2367,13937
2368,13937
2435,13937
2504,13937
4023,13937
2362,13938
2362,13939
2489,13939
6156,13939
2363,13940
2994,13940
7182,13940
8527,13940
2363,13941
4511,13941
5414,13941
5738,13941
6631,13941
8213,13941
2363,13942
2581,13942
2363,13943
2363,13944
2363,13945
2363,13946
2363,13947
2364,13948
2673,13948
5306,13948
8618,13948
2365,13949
5155,13949
2365,13950
2365,13951
5754,13951
2366,13952
2366,13953
2369,13953
2376,13953
2366,13954
2368,13954
2366,13955
2377,13955
2366,13956
2366,13957
2377,13957
2366,13958
2374,13958
2366,13959
2488,13959
2366,13960
2367,13961
2369,13961
2367,13962
2367,13963
2434,13963
8193,13963
2367,13964
2367,13965
2368,13965
2368,13966
2368,13967
2368,13968
2369,13969
2369,13970
2369,13971
2369,13972
2369,13973
2369,13974
2370,13975
2376,13975
2370,13976
2376,13976
5982,13976
6620,13976
2370,13977
2370,13978
2374,13978
2370,13979
2370,13980
2370,13981
2377,13981
2371,13982
2372,13983
2372,13984
2372,13985
2372,13986
2372,13987
2372,13988
2373,13989
2374,13990
2374,13991
2374,13992
2374,13993
2376,13993
2374,13994
2490,13994
2493,13994
2374,13995
2374,13996
2375,13997
2375,13998
2375,13999
2375,14000
2375,14001
2375,14002
2375,14003
2375,14004
2376,14005
2376,14006
2376,14007
2376,14008
2376,14009
2376,14010
2377,14011
2377,14012
2377,14013
2377,14014
2378,14015
2379,14016
2379,14017
3323,14017
2379,14018
4061,14018
5622,14018
2379,14019
2379,14020
2379,14021
2379,14022
2379,14023
2379,14024
7086,14024
2379,14025
2591,14025
6009,14025
7044,14025
2380,14026
3097,14026
2380,14027
2663,14027
2911,14027
3828,14027
4684,14027
5176,14027
5424,14027
5498,14027
6955,14027
2380,14028
6626,14028
2380,14029
2380,14030
2380,14031
2381,14032
7534,14032
2381,14033
2571,14033
2791,14033
2381,14034
2381,14035
2382,14036
2382,14037
3113,14037
3131,14037
2382,14038
2383,14039
6110,14039
2383,14040
2758,14040
6059,14040
2383,14041
5426,14041
2384,14042
2384,14043
2385,14044
2385,14045
2386,14046
3291,14046
4263,14046
5054,14046
5523,14046
6082,14046
6567,14046
6703,14046
2386,14047
7015,14047
7085,14047
7255,14047
8191,14047
8442,14047
2386,14048
4859,14048
2386,14049
2386,14050
2386,14051
3019,14051
2386,14052
4368,14052
7509,14052
2386,14053
7865,14053
7892,14053
8537,14053
2386,14054
2980,14054
5675,14054
8370,14054
2386,14055
2386,14056
2386,14057
2386,14058
6187,14058
2386,14059
2387,14060
2387,14061
2387,14062
2387,14063
2388,14064
2688,14064
2388,14065
2389,14066
2389,14067
2389,14068
2389,14069
2389,14070
2389,14071
2390,14072
4460,14072
2390,14073
4225,14073
2390,14074
4593,14074
2391,14075
7817,14075
2391,14076
4942,14076
2391,14077
2391,14078
8100,14078
2392,14079
2482,14079
2532,14079
2533,14079
2392,14080
2533,14080
2392,14081
2392,14082
2533,14082
2392,14083
2533,14083
2650,14083
2393,14084
2393,14085
2393,14086
7402,14086
2393,14087
3510,14087
3982,14087
4003,14087
4359,14087
4861,14087
5588,14087
5706,14087
5779,14087
5970,14087
6166,14087
6555,14087
7402,14087
8121,14087
8799,14087
2393,14088
2394,14089
7390,14089
2394,14090
7003,14090
2394,14091
2394,14092
2394,14093
3732,14093
2394,14094
2394,14095
2397,14096
2397,14097
2397,14098
2397,14099
2397,14100
2398,14101
2398,14102
2398,14103
2399,14104
2399,14105
2399,14106
2399,14107
2399,14108
2399,14109
2399,14110
2399,14111
2399,14112
2400,14113
2400,14114
2400,14115
3721,14115
3725,14115
3729,14115
2401,14116
3460,14116
2401,14117
7255,14117
2401,14118
2401,14119
2401,14120
2401,14121
2401,14122
8769,14122
2401,14123
3047,14123
2401,14124
2401,14125
2401,14126
2401,14127
2401,14128
3489,14128
8246,14128
2401,14129
2401,14130
3945,14130
2402,14131
2402,14132
2402,14133
2402,14134
2402,14135
2402,14136
2402,14137
2402,14138
2402,14139
2403,14140
2403,14141
2403,14142
2403,14143
5147,14143
8241,14143
2403,14144
2512,14144
4993,14144
8802,14144
2403,14145
6156,14145
6915,14145
7352,14145
2403,14146
2506,14146
2404,14147
2404,14148
2404,14149
2404,14150
2404,14151
2404,14152
2404,14153
2405,14154
2405,14155
2405,14156
2405,14157
2405,14158
3905,14158
2405,14159
2405,14160
2405,14161
2406,14162
2406,14163
2406,14164
8299,14164
2406,14165
5151,14165
2406,14166
2406,14167
2406,14168
2406,14169
3598,14169
2406,14170
2406,14171
2408,14172
2409,14173
3866,14173
2409,14174
3929,14174
2409,14175
2448,14175
3511,14175
2409,14176
3947,14176
2410,14177
2410,14178
2410,14179
2410,14180
2410,14181
2410,14182
2410,14183
6820,14183
2410,14184
2410,14185
2410,14186
2410,14187
2901,14187
3244,14187
2410,14188
2410,14189
2410,14190
2410,14191
2410,14192
2410,14193
2410,14194
2410,14195
2410,14196
2411,14197
2960,14197
2411,14198
2411,14199
2651,14199
2411,14200
4193,14200
2411,14201
2411,14202
3053,14202
2412,14203
3867,14203
5420,14203
2412,14204
4752,14204
8233,14204
2412,14205
3439,14205
6815,14205
8148,14205
8218,14205
8379,14205
2412,14206
3297,14206
3966,14206
6647,14206
2412,14207
4637,14207
2412,14208
4623,14208
2412,14209
2413,14210
2413,14211
2697,14211
2413,14212
2413,14213
2413,14214
2413,14215
2413,14216
7434,14216
2413,14217
2413,14218
2413,14219
2414,14220
2414,14221
6833,14221
7927,14221
8681,14221
2414,14222
6072,14222
2414,14223
2414,14224
2643,14224
7364,14224
2414,14225
2414,14226
2415,14227
2415,14228
2415,14229
2415,14230
2415,14231
2415,14232
6075,14232
2416,14233
3903,14233
6208,14233
6489,14233
8284,14233
2416,14234
2416,14235
2416,14236
2416,14237
2417,14238
6567,14238
6598,14238
7524,14238
8518,14238
2417,14239
2418,14240
3562,14240
5074,14240
2418,14241
3562,14241
3583,14241
2418,14242
5208,14242
5937,14242
7480,14242
8072,14242
2418,14243
3562,14243
6395,14243
2418,14244
3562,14244
2418,14245
4383,14245
2418,14246
2418,14247
2418,14248
6343,14248
8124,14248
2419,14249
2620,14249
2624,14249
6156,14249
2419,14250
2419,14251
2420,14252
5662,14252
5829,14252
7003,14252
8526,14252
2420,14253
2420,14254
2420,14255
6469,14255
2420,14256
3788,14256
6984,14256
7283,14256
8198,14256
8287,14256
2420,14257
5662,14257
2420,14258
2420,14259
2420,14260
2420,14261
2420,14262
8039,14262
8402,14262
2420,14263
4302,14263
2421,14264
3875,14264
8591,14264
8612,14264
2421,14265
6603,14265
7373,14265
7932,14265
2421,14266
6166,14266
2421,14267
2421,14268
2421,14269
2421,14270
2421,14271
2422,14272
2422,14273
3180,14273
2422,14274
2423,14275
3343,14275
2423,14276
3343,14276
2423,14277
3158,14277
3343,14277
2424,14278
2424,14279
2424,14280
2424,14281
2424,14282
2424,14283
2425,14284
2861,14284
2425,14285
3971,14285
2425,14286
3390,14286
7715,14286
2425,14287
2425,14288
2425,14289
2427,14290
3717,14290
2427,14291
2427,14292
7589,14292
2427,14293
2966,14293
3721,14293
3725,14293
3729,14293
2427,14294
2428,14295
2617,14295
2428,14296
2428,14297
5594,14297
2428,14298
2428,14299
2428,14300
6906,14300
2428,14301
2429,14302
3403,14302
2429,14303
2606,14303
2621,14303
5977,14303
7716,14303
2429,14304
5977,14304
6905,14304
6906,14304
2429,14305
2429,14306
2429,14307
2429,14308
2429,14309
2431,14310
2431,14311
3348,14311
7003,14311
7471,14311
8180,14311
2431,14312
2431,14313
2431,14314
3297,14314
4318,14314
7028,14314
8201,14314
2431,14315
6378,14315
6557,14315
6558,14315
2434,14316
2438,14316
2502,14316
6173,14316
2434,14317
2434,14318
2483,14318
2484,14318
2434,14319
2439,14319
2434,14320
2435,14321
2435,14322
2436,14322
2461,14322
2504,14322
2506,14322
2507,14322
2615,14322
7651,14322
2435,14323
2435,14324
2436,14325
2510,14325
2436,14326
2485,14326
2511,14326
2615,14326
2624,14326
6532,14326
8586,14326
2436,14327
2436,14328
6288,14328
2437,14329
6156,14329
2437,14330
2461,14330
2437,14331
2437,14332
2437,14333
2443,14333
2493,14333
2437,14334
6532,14334
6878,14334
2437,14335
2506,14335
6046,14335
2437,14336
7105,14336
7107,14336
7523,14336
2438,14337
2438,14338
2438,14339
2438,14340
6270,14340
6291,14340
8461,14340
2439,14341
2510,14341
2634,14341
6532,14341
2439,14342
2439,14343
2440,14344
2634,14344
8245,14344
8256,14344
2440,14345
2440,14346
7925,14346
8586,14346
8667,14346
2440,14347
2442,14348
2442,14349
2442,14350
2510,14350
2442,14351
2442,14352
2442,14353
2443,14354
2502,14354
6769,14354
2443,14355
2443,14356
8486,14356
2444,14357
2444,14358
2444,14359
2444,14360
2445,14361
2445,14362
3725,14362
2445,14363
2445,14364
3871,14364
2445,14365
2445,14366
4470,14366
5179,14366
2445,14367
2445,14368
2445,14369
3697,14369
2446,14370
2446,14371
2446,14372
2446,14373
2446,14374
2816,14374
2446,14375
5711,14375
2447,14376
2447,14377
2447,14378
2447,14379
2447,14380
2447,14381
2447,14382
2447,14383
2447,14384
2447,14385
2447,14386
2447,14387
2448,14388
2448,14389
2448,14390
2448,14391
2448,14392
2448,14393
2448,14394
2448,14395
2449,14396
2449,14397
3546,14397
2449,14398
2449,14399
2449,14400
2449,14401
2449,14402
2449,14403
2450,14404
3438,14404
2450,14405
3171,14405
4275,14405
7218,14405
2450,14406
5655,14406
2451,14407
2451,14408
2452,14409
2452,14410
2452,14411
3437,14411
2452,14412
2452,14413
2452,14414
2452,14415
4882,14415
2453,14416
2453,14417
2453,14418
2454,14419
4342,14419
2454,14420
3612,14420
2454,14421
3077,14421
2455,14422
3151,14422
3836,14422
4935,14422
8394,14422
2455,14423
2455,14424
2719,14424
2810,14424
2940,14424
3370,14424
3601,14424
5921,14424
6035,14424
7369,14424
8037,14424
8394,14424
2455,14425
3836,14425
5869,14425
6227,14425
8502,14425
2455,14426
2455,14427
3692,14427
5359,14427
2455,14428
2455,14429
2456,14430
8527,14430
2456,14431
2456,14432
2456,14433
2456,14434
2456,14435
2457,14436
6651,14436
2457,14437
2457,14438
3249,14438
2457,14439
2457,14440
2457,14441
2457,14442
2458,14443
2458,14444
2458,14445
2464,14445
2465,14445
2458,14446
2464,14446
2465,14446
2458,14447
2458,14448
2458,14449
2460,14450
6613,14450
6711,14450
6843,14450
8038,14450
8443,14450
2460,14451
2460,14452
2460,14453
6633,14453
2460,14454
2461,14455
2461,14456
8486,14456
2461,14457
2461,14458
7850,14458
8551,14458
2461,14459
4127,14459
6532,14459
8193,14459
8482,14459
2462,14460
2462,14461
2462,14462
2462,14463
2462,14464
2462,14465
5352,14465
7202,14465
2462,14466
2462,14467
2462,14468
2462,14469
2463,14470
2463,14471
2463,14472
2463,14473
2463,14474
3341,14474
2463,14475
2463,14476
2463,14477
2463,14478
3099,14478
3520,14478
3738,14478
3785,14478
4280,14478
4817,14478
5097,14478
5749,14478
2463,14479
5854,14479
2463,14480
3356,14480
3738,14480
5179,14480
2464,14481
2465,14481
2464,14482
2465,14482
2464,14483
2465,14483
2464,14484
2464,14485
2465,14485
2464,14486
2464,14487
2465,14487
2465,14488
2534,14488
2556,14488
2465,14489
2466,14490
4709,14490
2466,14491
8186,14491
2466,14492
2466,14493
3484,14493
2466,14494
2466,14495
4979,14495
2466,14496
2466,14497
7422,14497
2467,14498
2467,14499
2467,14500
2467,14501
6557,14501
2467,14502
2467,14503
2467,14504
2467,14505
2467,14506
2467,14507
2467,14508
2468,14509
2468,14510
2468,14511
2468,14512
2468,14513
2468,14514
2468,14515
2468,14516
2468,14517
2468,14518
2468,14519
2470,14520
2470,14521
2470,14522
2470,14523
2470,14524
2470,14525
2470,14526
2471,14527
3010,14527
2471,14528
3330,14528
2471,14529
7452,14529
8327,14529
2471,14530
2471,14531
2471,14532
3010,14532
5644,14532
7098,14532
7416,14532
2471,14533
2471,14534
6504,14534
2471,14535
2471,14536
2472,14537
2472,14538
2472,14539
5888,14539
7827,14539
2472,14540
5539,14540
6267,14540
2472,14541
5295,14541
7407,14541
2472,14542
2473,14543
6103,14543
2473,14544
4108,14544
8591,14544
2473,14545
2473,14546
2473,14547
2473,14548
2473,14549
3791,14549
2474,14550
3326,14550
2474,14551
7827,14551
2474,14552
2474,14553
6176,14553
2474,14554
4044,14554
4799,14554
6627,14554
2474,14555
2475,14556
2475,14557
2650,14557
2475,14558
2475,14559
3052,14559
3974,14559
8266,14559
2475,14560
2476,14561
4160,14561
2476,14562
2478,14563
3179,14563
3180,14563
2478,14564
2479,14565
5155,14565
2479,14566
2479,14567
2479,14568
2920,14568
2480,14569
2480,14570
6098,14570
7455,14570
7524,14570
2480,14571
2480,14572
2480,14573
2481,14574
4965,14574
4966,14574
4967,14574
5016,14574
5017,14574
5018,14574
5156,14574
5265,14574
5742,14574
5881,14574
2481,14575
4687,14575
4965,14575
4966,14575
4967,14575
5016,14575
5017,14575
5018,14575
5019,14575
5020,14575
5156,14575
5265,14575
5742,14575
5881,14575
8283,14575
2481,14576
4687,14576
4965,14576
4966,14576
4967,14576
5016,14576
5017,14576
5018,14576
5019,14576
5020,14576
5156,14576
5265,14576
5742,14576
5881,14576
8283,14576
8761,14576
2481,14577
5016,14577
5017,14577
5018,14577
5881,14577
2481,14578
4965,14578
4967,14578
5020,14578
2481,14579
5017,14579
2481,14580
4965,14580
4966,14580
5019,14580
2481,14581
4965,14581
4966,14581
5019,14581
5020,14581
2481,14582
4965,14582
5019,14582
2481,14583
5017,14583
7150,14583
2482,14584
2482,14585
2483,14586
2484,14586
2483,14587
2483,14588
2483,14589
2483,14590
2484,14590
2484,14591
2485,14592
2485,14593
2485,14594
2485,14595
2485,14596
2486,14597
2486,14598
5003,14598
7561,14598
2486,14599
2486,14600
2486,14601
2486,14602
2486,14603
2486,14604
2486,14605
2486,14606
2487,14607
2487,14608
2487,14609
3421,14609
2487,14610
3427,14610
2487,14611
2487,14612
2487,14613
2487,14614
2487,14615
2487,14616
2487,14617
2488,14618
8245,14618
2488,14619
2492,14619
2488,14620
2492,14620
2488,14621
2488,14622
6156,14622
2489,14623
2492,14623
2489,14624
2489,14625
2490,14626
7551,14626
2490,14627
2490,14628
2490,14629
2493,14629
2491,14630
8154,14630
2491,14631
2491,14632
2492,14633
2492,14634
2492,14635
2492,14636
2493,14637
2493,14638
2493,14639
7523,14639
2493,14640
2493,14641
2493,14642
2493,14643
2494,14644
2494,14645
2494,14646
2494,14647
2497,14648
3308,14648
2497,14649
5011,14649
8233,14649
2497,14650
2497,14651
2497,14652
2497,14653
2497,14654
5580,14654
2497,14655
2497,14656
2498,14657
2498,14658
7307,14658
2498,14659
7579,14659
2498,14660
2498,14661
2792,14661
4034,14661
4664,14661
4689,14661
2498,14662
8230,14662
2499,14663
6679,14663
2499,14664
6084,14664
2499,14665
3808,14665
6922,14665
2499,14666
2499,14667
2499,14668
3808,14668
4811,14668
7040,14668
7464,14668
2499,14669
2500,14670
2500,14671
2500,14672
2500,14673
2500,14674
2500,14675
2500,14676
2500,14677
2500,14678
2500,14679
2500,14680
2500,14681
3861,14681
2500,14682
2501,14683
3982,14683
5516,14683
2501,14684
4258,14684
2501,14685
3730,14685
4284,14685
2501,14686
2502,14687
2502,14688
2505,14688
7426,14688
7928,14688
2502,14689
2502,14690
2502,14691
2503,14692
8551,14692
2503,14693
2503,14694
2503,14695
2624,14695
6159,14695
2503,14696
2503,14697
2503,14698
2504,14699
2506,14699
2507,14699
2620,14699
2504,14700
2505,14701
8154,14701
8461,14701
2505,14702
2511,14702
2513,14702
7523,14702
2506,14703
2507,14703
2506,14704
2506,14705
2506,14706
2507,14707
2507,14708
2507,14709
2620,14709
2508,14710
2509,14711
3239,14711
2509,14712
2509,14713
3081,14713
7153,14713
8253,14713
2509,14714
6946,14714
2509,14715
2509,14716
2509,14717
2509,14718
2509,14719
2510,14720
2510,14721
2510,14722
2510,14723
2620,14723
2510,14724
2511,14725
7837,14725
2511,14726
2511,14727
2511,14728
2620,14728
2624,14728
2634,14728
7523,14728
7551,14728
7928,14728
2512,14729
2512,14730
2512,14731
2512,14732
2512,14733
2512,14734
2512,14735
2513,14736
2514,14737
2514,14738
2515,14739
2515,14740
2515,14741
2516,14742
5476,14742
2517,14743
2517,14744
2517,14745
2517,14746
2517,14747
2517,14748
2517,14749
2517,14750
2517,14751
2517,14752
2518,14753
2518,14754
2666,14754
3271,14754
2518,14755
2518,14756
3957,14756
2518,14757
2518,14758
2518,14759
2518,14760
2518,14761
3475,14761
2518,14762
2519,14763
4780,14763
2519,14764
2889,14764
2519,14765
2519,14766
3446,14766
2519,14767
2519,14768
2519,14769
3064,14769
2519,14770
2520,14771
2520,14772
3247,14772
3315,14772
2520,14773
2521,14774
2521,14775
2521,14776
2521,14777
2521,14778
2521,14779
2521,14780
2521,14781
2522,14782
5375,14782
6082,14782
6161,14782
2522,14783
2522,14784
5578,14784
2522,14785
2523,14786
8497,14786
2523,14787
2798,14787
4384,14787
6316,14787
2523,14788
2523,14789
2523,14790
2523,14791
2523,14792
2579,14792
2973,14792
2524,14793
3109,14793
2524,14794
2524,14795
6323,14795
6634,14795
2524,14796
7127,14796
2524,14797
2524,14798
2524,14799
2524,14800
2525,14801
2526,14802
4863,14802
5749,14802
5752,14802
6732,14802
2526,14803
2526,14804
2527,14805
5422,14805
2527,14806
2527,14807
7897,14807
2527,14808
5494,14808
5591,14808
6580,14808
2527,14809
2527,14810
6426,14810
6591,14810
8643,14810
8783,14810
2527,14811
3921,14811
2527,14812
2527,14813
2528,14814
2528,14815
2528,14816
2528,14817
2528,14818
2528,14819
7633,14819
2528,14820
2528,14821
2528,14822
2528,14823
2528,14824
2529,14825
3612,14825
2529,14826
2529,14827
2529,14828
2530,14829
2530,14830
2530,14831
2530,14832
2530,14833
2531,14834
2531,14835
6271,14835
2531,14836
2531,14837
2531,14838
5515,14838
2531,14839
6645,14839
7005,14839
2532,14840
2532,14841
2532,14842
2532,14843
2532,14844
2532,14845
2533,14846
2534,14847
2534,14848
2534,14849
2534,14850
2534,14851
2534,14852
2534,14853
2535,14854
7243,14854
2535,14855
4433,14855
7825,14855
8612,14855
2535,14856
7720,14856
2535,14857
7944,14857
2535,14858
2536,14859
2536,14860
2536,14861
2542,14861
2537,14862
2537,14863
2537,14864
2537,14865
2537,14866
5331,14866
2538,14867
6898,14867
2538,14868
2538,14869
2539,14870
3969,14870
2539,14871
2539,14872
3855,14872
2539,14873
3855,14873
2541,14874
3036,14874
3501,14874
5359,14874
5762,14874
5863,14874
2541,14875
6604,14875
7864,14875
2541,14876
2542,14877
2542,14878
2542,14879
2542,14880
2544,14881
4696,14881
4845,14881
8220,14881
2544,14882
6067,14882
6998,14882
8141,14882
2544,14883
4696,14883
2544,14884
4696,14884
2544,14885
4696,14885
2544,14886
2544,14887
2544,14888
2544,14889
5346,14889
5901,14889
2545,14890
2721,14890
2731,14890
4578,14890
4581,14890
4733,14890
4953,14890
7804,14890
2545,14891
2545,14892
8125,14892
2546,14893
2970,14893
4724,14893
6441,14893
6937,14893
7023,14893
7145,14893
7825,14893
7995,14893
2546,14894
5550,14894
2546,14895
5081,14895
5301,14895
5305,14895
7161,14895
2547,14896
2547,14897
2547,14898
2547,14899
2547,14900
2547,14901
2547,14902
2547,14903
2547,14904
2550,14905
2550,14906
2892,14906
2550,14907
8485,14907
2550,14908
2550,14909
2550,14910
4637,14910
2551,14911
2697,14911
2551,14912
2551,14913
2551,14914
2551,14915
2551,14916
2551,14917
2552,14918
2552,14919
2552,14920
5138,14920
2553,14921
2553,14922
2553,14923
2554,14924
3231,14924
2554,14925
4321,14925
2554,14926
7731,14926
2554,14927
4268,14927
2554,14928
8189,14928
2554,14929
2554,14930
2554,14931
2554,14932
2555,14933
2555,14934
7750,14934
2555,14935
6756,14935
8639,14935
2556,14936
2556,14937
2556,14938
2556,14939
2556,14940
2556,14941
2557,14942
2557,14943
2557,14944
2557,14945
2557,14946
2557,14947
2557,14948
2557,14949
2558,14950
2558,14951
2558,14952
2558,14953
2558,14954
2558,14955
3124,14955
2558,14956
2558,14957
3712,14957
5615,14957
2559,14958
2561,14959
2561,14960
2561,14961
4487,14961
5699,14961
2561,14962
2561,14963
4831,14963
8027,14963
2561,14964
2561,14965
2561,14966
2563,14967
6993,14967
2563,14968
4853,14968
6020,14968
6551,14968
8456,14968
8595,14968
2563,14969
2564,14970
2849,14970
3065,14970
3304,14970
2564,14971
2849,14971
2564,14972
3065,14972
3304,14972
2564,14973
2849,14973
3065,14973
2565,14974
2725,14974
5215,14974
7911,14974
2565,14975
2565,14976
2565,14977
2565,14978
2566,14979
6401,14979
2566,14980
2567,14981
2573,14981
2567,14982
6219,14982
6965,14982
2567,14983
6258,14983
2567,14984
2567,14985
2567,14986
6149,14986
2568,14987
3139,14987
3549,14987
4884,14987
2568,14988
3889,14988
3930,14988
4884,14988
2568,14989
2568,14990
3549,14990
2568,14991
2568,14992
2568,14993
2568,14994
2571,14995
6818,14995
2571,14996
2571,14997
2954,14997
2572,14998
3229,14998
3241,14998
5312,14998
5525,14998
5587,14998
6633,14998
2573,14999
8112,14999
2573,15000
2573,15001
2573,15002
6129,15002
2573,15003
2574,15004
8234,15004
2574,15005
2574,15006
2574,15007
2574,15008
2575,15009
8546,15009
2576,15010
7670,15010
7991,15010
2576,15011
2576,15012
2576,15013
2577,15014
7508,15014
2577,15015
7946,15015
2577,15016
2577,15017
2578,15018
7580,15018
2579,15019
5028,15019
2579,15020
2579,15021
3747,15021
2579,15022
2579,15023
2579,15024
2580,15025
2580,15026
2581,15027
2581,15028
2940,15028
2581,15029
5227,15029
2584,15030
2584,15031
2584,15032
2584,15033
2585,15034
2585,15035
3091,15035
2585,15036
8386,15036
2585,15037
2585,15038
2585,15039
2585,15040
2585,15041
2585,15042
3091,15042
2586,15043
2586,15044
2587,15045
3717,15045
2588,15046
2717,15046
3127,15046
3335,15046
4602,15046
5010,15046
6036,15046
2588,15047
6002,15047
2589,15048
2589,15049
2589,15050
2590,15051
2590,15052
2590,15053
2591,15054
7843,15054
2591,15055
2591,15056
2591,15057
2591,15058
2591,15059
8744,15059
2591,15060
2591,15061
2591,15062
2591,15063
2592,15064
2592,15065
2592,15066
4539,15066
2592,15067
3843,15067
8308,15067
2592,15068
7756,15068
2592,15069
2593,15070
6910,15070
2593,15071
5607,15071
7440,15071
2593,15072
2593,15073
2593,15074
3987,15074
7003,15074
7151,15074
2594,15075
2595,15075
2596,15075
2812,15075
2813,15075
2815,15075
2594,15076
2595,15076
2815,15076
2594,15077
2595,15077
2596,15077
2815,15077
4943,15077
5896,15077
2594,15078
2595,15078
2596,15078
2815,15078
2594,15079
2595,15079
2595,15080
2595,15081
2595,15082
2596,15083
2597,15084
6306,15084
6663,15084
6910,15084
2597,15085
6780,15085
6793,15085
2597,15086
3117,15086
6272,15086
8229,15086
8340,15086
8497,15086
8604,15086
2597,15087
2597,15088
5119,15088
7152,15088
2598,15089
2598,15090
6031,15090
6144,15090
7194,15090
7983,15090
8777,15090
2599,15091
3697,15091
2599,15092
2599,15093
4275,15093
5179,15093
5835,15093
2599,15094
4275,15094
4745,15094
2599,15095
3880,15095
2600,15096
2600,15097
2600,15098
5306,15098
6698,15098
7259,15098
8359,15098
2600,15099
6698,15099
2600,15100
2600,15101
2600,15102
4382,15102
2601,15103
5847,15103
2601,15104
2601,15105
2601,15106
2601,15107
5264,15107
2601,15108
4058,15108
2601,15109
2601,15110
2601,15111
2602,15112
2901,15112
2602,15113
2602,15114
2602,15115
2602,15116
2602,15117
5590,15117
2602,15118
2602,15119
2602,15120
3748,15120
5544,15120
2603,15121
3433,15121
4889,15121
4994,15121
2603,15122
3433,15122
2603,15123
3433,15123
2603,15124
3433,15124
5093,15124
2603,15125
3433,15125
2603,15126
3433,15126
2603,15127
3433,15127
2603,15128
3433,15128
2603,15129
3433,15129
2603,15130
3433,15130
2604,15131
3357,15131
8034,15131
2604,15132
2604,15133
3901,15133
2604,15134
2604,15135
2604,15136
2606,15137
5582,15137
7246,15137
2606,15138
2606,15139
2606,15140
8750,15140
2606,15141
2607,15142
2960,15142
2607,15143
2607,15144
2607,15145
2607,15146
3475,15146
2608,15147
2608,15148
2608,15149
2939,15149
2611,15150
2611,15151
2611,15152
2611,15153
2612,15154
4464,15154
2612,15155
2612,15156
2612,15157
2612,15158
2612,15159
2612,15160
2612,15161
2612,15162
2612,15163
2613,15164
2622,15164
2613,15165
5594,15165
2613,15166
2613,15167
2613,15168
2613,15169
2613,15170
2613,15171
3424,15171
2614,15172
6905,15172
6906,15172
2614,15173
4449,15173
2614,15174
2615,15175
6291,15175
2615,15176
2631,15176
2634,15176
6046,15176
7551,15176
2615,15177
2616,15178
2616,15179
2824,15179
2616,15180
2616,15181
6071,15181
2616,15182
2616,15183
2617,15184
2618,15185
2618,15186
2618,15187
2618,15188
3424,15188
5325,15188
2618,15189
6728,15189
2618,15190
2618,15191
2618,15192
5325,15192
5582,15192
6729,15192
2618,15193
2619,15194
2620,15195
2620,15196
2621,15197
6905,15197
2621,15198
2621,15199
2621,15200
2622,15201
6983,15201
2622,15202
2623,15203
6862,15203
8060,15203
2623,15204
2623,15205
2623,15206
2623,15207
2623,15208
2623,15209
2623,15210
2623,15211
2624,15212
6532,15212
8664,15212
2624,15213
2624,15214
2624,15215
6159,15215
6915,15215
7928,15215
2625,15216
2625,15217
2625,15218
2625,15219
2625,15220
2625,15221
2625,15222
2625,15223
2626,15224
2626,15225
2626,15226
4109,15226
2626,15227
2626,15228
2626,15229
2627,15230
2627,15231
2627,15232
2627,15233
2627,15234
2627,15235
2627,15236
2627,15237
2627,15238
2627,15239
2629,15240
2629,15241
2629,15242
3453,15242
7871,15242
2629,15243
6864,15243
2629,15244
2629,15245
7871,15245
8442,15245
2629,15246
2629,15247
2629,15248
2951,15248
6122,15248
2629,15249
2629,15250
2630,15251
4559,15251
2630,15252
2630,15253
3656,15253
4089,15253
4427,15253
2630,15254
5022,15254
8460,15254
2631,15255
6769,15255
2632,15256
2632,15257
2632,15258
2632,15259
2632,15260
2632,15261
2632,15262
2633,15263
3760,15263
2633,15264
3760,15264
2633,15265
2633,15266
8732,15266
2633,15267
3760,15267
2633,15268
2633,15269
2633,15270
2633,15271
2633,15272
2634,15273
2635,15274
5365,15274
2635,15275
6227,15275
8599,15275
2635,15276
5653,15276
8211,15276
2635,15277
2635,15278
6032,15278
6355,15278
6663,15278
7885,15278
8019,15278
2636,15279
2636,15280
2636,15281
2636,15282
2637,15283
7886,15283
2637,15284
3160,15284
4024,15284
2637,15285
2638,15286
8551,15286
2638,15287
2638,15288
6532,15288
2639,15289
2639,15290
2639,15291
2639,15292
2639,15293
2640,15294
2640,15295
3854,15295
4013,15295
2640,15296
2640,15297
4036,15297
2640,15298
2640,15299
2641,15300
5611,15300
2641,15301
6780,15301
2641,15302
5611,15302
2641,15303
6187,15303
6725,15303
8399,15303
8458,15303
2641,15304
3937,15304
5756,15304
2642,15305
2642,15306
3763,15306
2642,15307
2643,15308
2643,15309
7903,15309
2643,15310
2643,15311
2716,15311
7170,15311
7792,15311
2643,15312
2644,15313
2644,15314
2644,15315
2644,15316
2644,15317
2644,15318
2644,15319
3449,15319
2644,15320
6729,15320
2644,15321
8683,15321
2646,15322
7218,15322
2646,15323
3563,15323
2646,15324
3171,15324
3342,15324
3785,15324
4992,15324
5096,15324
2646,15325
2646,15326
3589,15326
2646,15327
2646,15328
3959,15328
2646,15329
3880,15329
2647,15330
2648,15330
4158,15330
6010,15330
2647,15331
2648,15331
3949,15331
6387,15331
7446,15331
2647,15332
3414,15332
7474,15332
2647,15333
2648,15333
2647,15334
2648,15334
2647,15335
2648,15335
2647,15336
2647,15337
2648,15338
4337,15338
7724,15338
2649,15339
2649,15340
3347,15340
8769,15340
2649,15341
3347,15341
2650,15342
2651,15343
2651,15344
2652,15345
2654,15346
2654,15347
2654,15348
2654,15349
2654,15350
2654,15351
2654,15352
2654,15353
2654,15354
2654,15355
2655,15356
2655,15357
2656,15358
5375,15358
8425,15358
2656,15359
2656,15360
3504,15360
6714,15360
2656,15361
2656,15362
4371,15362
2656,15363
8246,15363
2656,15364
2657,15365
2657,15366
7647,15366
2659,15367
5750,15367
2661,15368
2661,15369
4639,15369
6673,15369
6674,15369
2661,15370
2661,15371
2661,15372
2661,15373
2661,15374
2661,15375
2661,15376
2662,15377
2662,15378
2663,15379
2663,15380
7580,15380
2663,15381
6227,15381
2663,15382
3087,15382
5231,15382
2663,15383
2663,15384
2663,15385
2663,15386
2663,15387
2663,15388
5209,15388
2663,15389
2664,15390
7820,15390
2664,15391
2664,15392
2664,15393
3891,15393
7718,15393
2664,15394
2664,15395
3493,15395
3494,15395
3517,15395
2664,15396
2664,15397
2666,15398
3309,15398
3462,15398
2666,15399
3075,15399
3446,15399
2666,15400
2666,15401
3474,15401
3475,15401
2667,15402
3828,15402
2667,15403
2667,15404
5181,15404
2667,15405
2667,15406
2667,15407
2821,15407
2668,15408
2668,15409
2668,15410
2668,15411
2668,15412
3424,15412
3521,15412
7716,15412
2668,15413
2669,15414
2670,15415
7326,15415
7898,15415
8166,15415
2670,15416
2670,15417
3945,15417
8022,15417
2670,15418
2670,15419
2670,15420
2670,15421
2670,15422
7326,15422
2670,15423
2670,15424
2671,15425
4574,15425
7828,15425
2671,15426
5218,15426
7740,15426
2671,15427
3900,15427
2672,15428
2672,15429
2673,15430
3673,15430
2673,15431
3946,15431
5686,15431
6924,15431
7171,15431
7950,15431
8558,15431
2675,15432
3003,15432
4253,15432
5627,15432
2675,15433
2675,15434
2675,15435
2675,15436
2675,15437
2675,15438
2675,15439
2675,15440
2676,15441
4945,15441
2677,15442
2677,15443
2677,15444
2677,15445
2677,15446
2677,15447
4208,15447
6060,15447
2677,15448
4827,15448
8563,15448
2677,15449
2677,15450
2677,15451
2678,15452
4783,15452
5780,15452
6201,15452
7457,15452
2678,15453
6340,15453
8052,15453
8053,15453
2678,15454
2678,15455
2679,15456
6951,15456
2679,15457
5810,15457
2679,15458
2679,15459
2679,15460
2679,15461
2679,15462
6875,15462
2680,15463
2681,15464
2681,15465
2681,15466
2823,15466
2681,15467
2681,15468
2682,15469
2682,15470
6983,15470
2682,15471
2682,15472
2682,15473
2682,15474
2682,15475
2682,15476
3521,15476
2683,15477
2683,15478
2683,15479
2683,15480
2683,15481
2683,15482
2683,15483
2683,15484
2684,15485
2684,15486
7459,15486
2684,15487
2684,15488
2684,15489
7681,15489
2684,15490
2684,15491
2686,15492
2686,15493
2686,15494
2687,15495
4221,15495
5303,15495
5417,15495
5810,15495
5914,15495
2688,15496
2688,15497
2689,15498
2689,15499
2689,15500
2690,15501
3516,15501
8133,15501
2691,15502
2948,15502
2691,15503
3183,15503
6319,15503
2691,15504
5074,15504
6768,15504
6918,15504
2691,15505
2692,15506
2692,15507
2692,15508
2694,15509
2694,15510
4974,15510
2694,15511
2694,15512
8488,15512
2694,15513
4265,15513
2695,15514
2973,15514
3434,15514
2695,15515
2695,15516
2695,15517
2695,15518
2695,15519
2695,15520
2695,15521
2695,15522
2695,15523
2695,15524
2696,15525
2696,15526
2696,15527
2696,15528
2696,15529
2697,15530
2697,15531
2697,15532
2697,15533
2697,15534
2697,15535
2697,15536
7254,15536
2697,15537
2697,15538
2697,15539
2698,15540
3616,15540
6563,15540
7433,15540
2698,15541
2698,15542
2698,15543
2698,15544
2698,15545
8161,15545
2699,15546
2699,15547
2699,15548
2699,15549
2699,15550
4629,15550
7218,15550
2699,15551
3138,15551
3240,15551
4280,15551
4470,15551
5299,15551
2699,15552
2701,15553
2701,15554
2701,15555
2702,15556
2702,15557
6251,15557
7685,15557
2702,15558
2702,15559
2702,15560
2702,15561
2704,15562
2704,15563
2704,15564
2705,15565
2705,15566
2705,15567
2705,15568
2706,15569
2706,15570
2706,15571
2706,15572
2706,15573
2706,15574
2706,15575
2707,15576
2707,15577
2707,15578
2707,15579
2707,15580
2707,15581
2708,15582
2810,15582
2709,15583
2709,15584
2709,15585
2709,15586
2709,15587
6220,15587
2710,15588
2710,15589
3601,15589
2711,15590
2711,15591
2711,15592
2711,15593
2711,15594
4705,15594
2711,15595
2711,15596
2713,15597
7550,15597
2713,15598
2713,15599
4218,15599
4543,15599
4544,15599
4545,15599
4546,15599
4547,15599
4548,15599
4549,15599
4550,15599
4551,15599
4552,15599
4553,15599
4554,15599
4555,15599
6187,15599
2716,15600
2716,15601
2970,15601
7023,15601
2716,15602
3234,15602
4861,15602
6299,15602
6518,15602
6888,15602
7361,15602
7566,15602
8017,15602
2716,15603
2735,15603
4455,15603
7080,15603
2717,15604
2727,15604
2734,15604
4861,15604
4946,15604
2717,15605
3164,15605
3700,15605
4256,15605
4579,15605
5291,15605
5575,15605
6008,15605
6297,15605
6360,15605
7021,15605
7184,15605
7381,15605
7734,15605
7745,15605
8630,15605
8771,15605
2718,15606
2718,15607
2718,15608
2718,15609
2719,15610
5201,15610
8777,15610
2719,15611
5713,15611
8052,15611
8053,15611
2719,15612
3036,15612
3074,15612
8530,15612
2719,15613
4140,15613
4991,15613
6129,15613
8543,15613
8777,15613
2720,15614
2721,15615
2722,15616
5463,15616
2722,15617
2724,15617
2739,15617
5310,15617
6131,15617
6351,15617
7134,15617
7161,15617
2722,15618
7189,15618
2722,15619
2724,15619
4562,15619
4794,15619
5080,15619
5409,15619
6351,15619
6605,15619
7713,15619
8333,15619
2722,15620
2724,15620
5132,15620
5305,15620
5461,15620
5550,15620
6108,15620
6845,15620
7074,15620
7190,15620
7394,15620
7525,15620
7707,15620
7997,15620
8145,15620
8771,15620
2722,15621
2722,15622
5550,15622
2722,15623
7914,15623
2723,15624
3144,15624
3915,15624
3951,15624
4580,15624
4956,15624
4957,15624
5486,15624
5575,15624
6008,15624
7036,15624
7533,15624
2723,15625
5461,15625
5483,15625
6605,15625
7995,15625
2723,15626
3912,15626
4152,15626
4565,15626
4791,15626
4796,15626
5132,15626
5291,15626
5297,15626
5305,15626
5409,15626
5463,15626
5486,15626
6008,15626
6360,15626
7166,15626
7170,15626
7918,15626
8688,15626
2724,15627
7381,15627
7703,15627
2724,15628
2917,15628
4113,15628
5080,15628
5304,15628
5310,15628
6360,15628
8333,15628
2724,15629
5187,15629
5221,15629
5301,15629
5462,15629
5546,15629
7997,15629
2724,15630
5392,15630
2724,15631
5550,15631
7161,15631
2724,15632
5187,15632
7914,15632
7933,15632
8333,15632
2725,15633
2725,15634
2748,15634
3049,15634
3164,15634
3769,15634
4423,15634
4714,15634
4726,15634
6036,15634
8157,15634
2725,15635
2726,15636
4693,15636
7918,15636
2726,15637
2726,15638
2733,15638
2735,15638
2958,15638
2970,15638
7145,15638
7388,15638
7451,15638
7874,15638
2726,15639
2726,15640
3127,15640
4256,15640
5461,15640
6518,15640
2726,15641
7911,15641
8630,15641
8771,15641
2727,15642
2811,15642
5963,15642
2727,15643
2727,15644
5184,15644
2729,15645
4423,15645
5010,15645
5617,15645
6450,15645
2729,15646
2734,15646
2736,15646
4713,15646
4727,15646
5516,15646
5652,15646
2729,15647
2729,15648
2729,15649
6036,15649
2729,15650
2729,15651
7138,15651
8763,15651
2729,15652
2729,15653
2730,15654
3135,15654
4723,15654
4949,15654
6203,15654
6297,15654
7080,15654
7591,15654
2730,15655
2730,15656
2732,15657
2733,15657
4724,15657
6255,15657
6486,15657
7225,15657
2732,15658
3143,15658
3144,15658
3150,15658
4574,15658
4724,15658
4725,15658
4731,15658
7159,15658
8771,15658
2733,15659
2970,15659
3132,15659
3590,15659
4198,15659
4581,15659
4598,15659
4601,15659
4602,15659
5409,15659
5448,15659
5470,15659
6074,15659
6568,15659
6670,15659
7023,15659
7248,15659
2733,15660
2736,15660
6441,15660
7828,15660
2733,15661
7720,15661
2734,15662
4578,15662
7025,15662
8801,15662
2735,15663
2736,15664
4738,15664
5486,15664
2736,15665
3144,15665
3207,15665
4826,15665
5184,15665
6568,15665
7995,15665
2736,15666
2739,15667
2739,15668
7024,15668
7558,15668
7945,15668
2739,15669
6845,15669
2739,15670
2740,15671
2740,15672
5429,15672
2740,15673
2740,15674
2741,15675
2741,15676
2741,15677
2741,15678
2741,15679
4862,15679
2741,15680
2742,15681
2987,15681
2742,15682
2742,15683
2742,15684
2742,15685
2742,15686
2744,15687
2744,15688
2744,15689
2744,15690
2744,15691
2744,15692
2744,15693
2745,15694
2745,15695
5559,15695
7283,15695
2745,15696
6022,15696
7598,15696
8335,15696
8669,15696
2745,15697
3181,15697
3987,15697
4352,15697
5164,15697
8054,15697
2745,15698
2745,15699
2745,15700
2745,15701
2745,15702
2746,15703
6846,15703
8038,15703
2746,15704
6863,15704
2746,15705
5306,15705
6848,15705
2747,15706
6214,15706
2747,15707
2747,15708
5207,15708
2747,15709
5445,15709
2747,15710
2747,15711
2747,15712
2747,15713
4502,15713
2747,15714
2747,15715
2749,15716
2749,15717
2749,15718
2749,15719
2749,15720
2750,15721
5283,15721
6598,15721
7865,15721
2750,15722
6469,15722
6545,15722
2750,15723
7585,15723
2751,15724
2751,15725
2751,15726
2751,15727
2751,15728
2752,15729
2752,15730
2752,15731
2753,15732
2755,15733
2755,15734
2755,15735
6337,15735
7199,15735
8643,15735
2755,15736
2755,15737
5829,15737
7483,15737
2755,15738
8285,15738
2755,15739
2756,15740
2756,15741
2756,15742
2756,15743
2756,15744
2756,15745
2756,15746
2757,15747
2757,15748
2757,15749
2757,15750
2757,15751
2757,15752
2757,15753
2757,15754
2758,15755
5831,15755
7066,15755
7282,15755
2758,15756
2758,15757
3332,15757
2758,15758
2758,15759
2758,15760
5275,15760
2758,15761
2758,15762
2760,15763
2761,15764
2761,15765
2761,15766
2761,15767
5969,15767
2762,15768
3271,15768
2762,15769
8331,15769
2762,15770
3607,15770
2762,15771
2762,15772
2762,15773
2764,15774
2829,15774
5808,15774
2765,15775
5346,15775
5901,15775
6425,15775
6744,15775
6929,15775
7044,15775
7404,15775
7588,15775
7904,15775
2765,15776
2765,15777
2765,15778
2765,15779
3108,15779
8220,15779
8541,15779
2765,15780
2765,15781
2765,15782
2766,15783
2766,15784
2766,15785
2766,15786
7814,15786
2767,15787
2767,15788
2767,15789
3510,15789
2767,15790
2768,15791
2768,15792
2768,15793
7203,15793
7582,15793
2768,15794
5295,15794
2769,15795
2769,15796
2769,15797
2769,15798
5004,15798
5103,15798
5753,15798
6883,15798
2769,15799
5173,15799
2769,15800
2769,15801
2769,15802
2769,15803
2770,15804
3771,15804
5829,15804
7088,15804
7540,15804
8044,15804
2772,15805
3946,15805
5539,15805
2772,15806
2772,15807
2772,15808
2773,15809
2774,15810
2774,15811
2774,15812
2774,15813
2774,15814
2775,15815
3664,15815
5299,15815
6828,15815
2775,15816
6847,15816
2775,15817
3334,15817
3666,15817
2775,15818
3281,15818
6847,15818
2775,15819
2959,15819
2776,15820
2924,15820
4841,15820
2776,15821
3711,15821
7047,15821
2776,15822
2776,15823
2776,15824
4252,15824
2776,15825
2778,15826
2778,15827
2778,15828
2778,15829
2778,15830
2778,15831
2778,15832
2778,15833
2778,15834
2778,15835
2778,15836
2778,15837
2778,15838
2778,15839
2779,15840
2781,15841
2781,15842
2781,15843
2781,15844
2781,15845
2781,15846
2781,15847
2781,15848
2781,15849
2781,15850
7967,15850
2781,15851
2782,15852
5374,15852
2782,15853
2956,15853
4784,15853
5605,15853
2784,15854
2784,15855
5635,15855
2784,15856
2784,15857
2784,15858
2784,15859
2785,15860
4002,15860
2785,15861
2785,15862
2785,15863
2785,15864
2785,15865
2788,15866
6371,15866
2789,15867
2789,15868
2789,15869
2789,15870
3717,15870
4390,15870
2789,15871
2789,15872
2789,15873
2789,15874
2789,15875
2789,15876
2789,15877
2789,15878
2789,15879
2789,15880
2789,15881
2789,15882
2789,15883
2789,15884
2789,15885
2789,15886
2789,15887
2789,15888
2789,15889
2789,15890
2789,15891
2789,15892
2789,15893
2789,15894
2789,15895
2790,15896
2790,15897
4800,15897
2790,15898
2790,15899
2790,15900
2790,15901
2790,15902
2791,15903
2791,15904
2791,15905
2791,15906
2791,15907
2791,15908
2791,15909
2791,15910
2791,15911
2791,15912
2791,15913
2791,15914
8323,15914
2791,15915
2791,15916
2792,15917
3163,15917
3380,15917
8224,15917
2792,15918
8403,15918
2792,15919
7696,15919
2793,15920
3061,15920
5630,15920
6473,15920
2793,15921
7804,15921
2793,15922
2941,15922
4189,15922
7163,15922
7168,15922
2793,15923
2793,15924
2793,15925
2793,15926
2794,15927
5186,15927
7334,15927
2794,15928
2794,15929
2794,15930
2794,15931
4254,15931
4263,15931
2794,15932
2794,15933
2794,15934
8628,15934
2795,15935
2795,15936
2795,15937
2795,15938
2795,15939
2795,15940
7418,15940
2795,15941
2795,15942
2795,15943
4656,15943
6334,15943
6870,15943
2795,15944
8407,15944
8442,15944
2795,15945
8085,15945
2797,15946
2797,15947
2797,15948
2797,15949
2797,15950
2797,15951
2798,15952
4361,15952
5715,15952
2798,15953
6417,15953
2798,15954
2798,15955
2798,15956
2798,15957
2798,15958
2798,15959
2798,15960
2798,15961
2799,15962
4296,15962
5148,15962
6704,15962
2799,15963
2799,15964
6519,15964
8761,15964
2799,15965
2800,15966
2800,15967
3356,15967
3737,15967
4280,15967
4629,15967
4745,15967
2800,15968
2800,15969
2800,15970
2801,15971
2802,15972
3888,15972
7214,15972
7954,15972
8152,15972
8450,15972
2802,15973
5960,15973
6253,15973
2802,15974
2802,15975
5710,15975
7398,15975
8506,15975
2802,15976
2903,15976
4677,15976
4678,15976
2802,15977
7237,15977
7467,15977
7957,15977
8029,15977
2802,15978
2803,15979
2803,15980
2803,15981
2803,15982
2803,15983
2803,15984
2804,15985
2804,15986
2804,15987
2804,15988
2804,15989
2804,15990
2805,15991
2805,15992
2805,15993
4986,15993
2805,15994
2805,15995
4650,15995
2805,15996
2805,15997
3011,15997
2805,15998
2805,15999
2805,16000
2805,16001
2805,16002
3051,16002
2808,16003
2808,16004
3453,16004
5803,16004
6200,16004
8287,16004
2809,16005
2810,16006
8339,16006
2811,16007
2811,16008
2834,16008
2812,16009
2813,16009
2812,16010
2813,16010
2812,16011
2813,16011
2812,16012
2813,16012
2813,16013
2815,16014
2815,16015
2816,16016
5310,16016
2817,16017
2817,16018
2817,16019
4416,16019
2818,16020
2818,16021
2818,16022
2818,16023
2818,16024
2818,16025
2818,16026
2818,16027
2818,16028
2818,16029
2819,16030
2819,16031
2819,16032
2819,16033
2819,16034
4998,16034
6436,16034
2819,16035
2819,16036
2819,16037
2819,16038
2819,16039
2819,16040
2820,16041
2820,16042
2820,16043
2820,16044
4505,16044
6334,16044
6376,16044
2820,16045
4044,16045
2820,16046
2820,16047
2820,16048
2821,16049
2821,16050
2821,16051
2942,16051
7954,16051
2821,16052
6794,16052
6943,16052
7171,16052
7287,16052
2821,16053
2821,16054
2822,16055
2893,16055
2822,16056
4919,16056
2822,16057
3929,16057
4092,16057
2822,16058
3359,16058
2822,16059
2822,16060
2893,16060
8108,16060
2822,16061
2822,16062
3691,16062
2822,16063
2822,16064
3427,16064
2823,16065
3348,16065
2823,16066
2824,16067
7386,16067
2824,16068
2824,16069
2824,16070
4277,16070
2825,16071
5723,16071
2825,16072
2825,16073
2825,16074
2825,16075
2825,16076
2825,16077
2825,16078
2825,16079
2827,16080
2827,16081
2827,16082
2827,16083
2827,16084
2827,16085
2827,16086
2827,16087
6928,16087
6929,16087
2827,16088
2828,16089
2829,16090
2832,16091
3094,16091
2832,16092
2832,16093
2832,16094
2832,16095
2833,16096
2833,16097
2833,16098
2833,16099
2833,16100
4959,16100
2834,16101
2834,16102
2835,16103
2835,16104
2835,16105
2835,16106
2835,16107
2835,16108
5747,16108
2835,16109
2835,16110
2835,16111
2836,16112
7311,16112
2836,16113
2837,16114
6326,16114
2837,16115
3485,16115
4080,16115
2837,16116
2838,16117
3983,16117
4848,16117
4937,16117
2838,16118
3069,16118
3764,16118
4468,16118
5605,16118
2838,16119
2838,16120
2838,16121
2839,16122
3386,16122
8423,16122
2839,16123
2840,16124
2840,16125
2841,16126
2874,16126
2841,16127
2874,16127
4587,16127
4731,16127
2841,16128
2874,16128
2841,16129
2874,16129
2842,16130
2842,16131
3404,16131
2843,16132
2843,16133
2843,16134
2843,16135
2843,16136
3711,16136
2843,16137
2843,16138
4252,16138
2843,16139
2844,16140
2844,16141
2844,16142
2844,16143
2846,16143
2844,16144
2844,16145
2844,16146
2844,16147
2844,16148
2845,16149
2846,16150
2846,16151
2846,16152
2846,16153
8294,16153
2846,16154
2846,16155
2846,16156
2846,16157
2846,16158
2847,16159
2847,16160
2847,16161
2865,16161
4117,16161
2847,16162
2847,16163
2847,16164
2847,16165
2865,16165
4117,16165
6891,16165
2847,16166
2848,16167
3191,16167
3894,16167
5204,16167
5256,16167
6219,16167
6446,16167
6495,16167
6965,16167
7297,16167
2848,16168
2848,16169
6094,16169
2848,16170
5622,16170
6331,16170
2849,16171
2849,16172
2849,16173
2851,16174
7163,16174
2851,16175
4191,16175
5702,16175
2851,16176
3538,16176
2851,16177
7163,16177
2851,16178
4304,16178
4447,16178
4887,16178
7163,16178
2852,16179
2852,16180
5517,16180
2852,16181
2852,16182
2852,16183
2852,16184
2853,16185
5151,16185
6502,16185
6607,16185
7152,16185
2853,16186
2854,16187
2855,16188
4280,16188
2855,16189
5754,16189
2855,16190
2856,16191
2856,16192
7624,16192
2856,16193
3253,16193
2856,16194
2856,16195
2856,16196
2856,16197
6503,16197
7731,16197
2856,16198
2856,16199
2857,16200
2857,16201
2857,16202
3269,16202
5365,16202
2857,16203
3133,16203
7911,16203
2857,16204
6821,16204
2857,16205
8776,16205
2858,16206
2858,16207
2858,16208
3084,16208
5868,16208
6421,16208
8008,16208
2860,16209
6897,16209
8140,16209
2860,16210
2861,16211
4820,16211
6355,16211
6503,16211
6567,16211
7516,16211
7620,16211
7952,16211
8189,16211
2861,16212
8096,16212
2861,16213
6272,16213
8434,16213
2861,16214
2861,16215
2861,16216
2861,16217
2862,16218
2862,16219
2862,16220
2862,16221
2863,16222
2863,16223
2863,16224
2863,16225
2863,16226
2863,16227
2863,16228
2863,16229
2863,16230
2863,16231
2864,16232
6827,16232
7309,16232
2864,16233
5416,16233
8141,16233
2864,16234
2864,16235
2864,16236
2864,16237
2864,16238
2864,16239
2865,16240
3837,16240
4117,16240
2865,16241
4117,16241
2865,16242
4979,16242
2866,16243
3926,16243
4999,16243
5629,16243
8185,16243
2866,16244
5109,16244
2866,16245
2866,16246
2866,16247
2866,16248
2866,16249
2866,16250
2866,16251
2866,16252
2866,16253
2866,16254
2866,16255
2866,16256
2866,16257
3925,16257
2868,16258
5539,16258
2868,16259
4921,16259
2868,16260
3239,16260
2868,16261
2868,16262
2869,16263
2869,16264
2869,16265
2869,16266
2869,16267
2869,16268
2869,16269
2869,16270
2869,16271
2869,16272
2870,16273
4221,16273
2871,16274
3042,16274
3212,16274
4485,16274
4664,16274
4856,16274
2871,16275
2871,16276
4221,16276
2871,16277
2871,16278
2871,16279
2871,16280
2871,16281
2871,16282
2871,16283
2872,16284
2872,16285
2872,16286
2872,16287
2872,16288
2872,16289
2872,16290
2872,16291
5076,16291
2872,16292
2872,16293
2872,16294
3764,16294
5239,16294
2873,16295
2873,16296
2873,16297
2873,16298
2875,16299
2875,16300
2875,16301
2875,16302
2998,16302
2875,16303
3616,16303
2876,16304
2876,16305
5155,16305
2876,16306
2876,16307
2971,16307
2876,16308
2876,16309
2876,16310
4049,16310
2876,16311
2876,16312
2876,16313
2878,16314
4221,16314
2878,16315
2878,16316
2878,16317
2878,16318
2878,16319
2878,16320
2878,16321
2878,16322
2879,16323
2879,16324
2880,16325
2881,16326
2881,16327
2881,16328
4037,16328
5091,16328
2881,16329
2881,16330
2881,16331
2881,16332
3799,16332
5614,16332
2881,16333
2881,16334
2882,16335
2882,16336
2882,16337
7739,16337
2883,16338
2883,16339
2885,16340
2919,16340
3155,16340
2886,16341
2887,16342
3986,16342
4829,16342
2888,16343
2888,16344
2888,16345
2888,16346
2888,16347
8599,16347
2888,16348
2888,16349
2889,16350
2889,16351
4305,16351
2889,16352
2889,16353
2889,16354
2889,16355
3271,16355
3417,16355
2889,16356
2890,16357
2890,16358
2890,16359
2890,16360
2890,16361
2890,16362
2890,16363
2890,16364
2890,16365
2891,16366
2892,16367
5464,16367
5955,16367
2892,16368
2892,16369
2892,16370
2893,16371
2893,16372
3077,16372
3500,16372
2893,16373
2893,16374
2893,16375
3500,16375
2893,16376
2893,16377
2895,16378
3719,16378
6329,16378
2895,16379
2895,16380
2895,16381
4214,16381
4948,16381
6005,16381
2895,16382
2895,16383
2895,16384
2895,16385
2896,16386
2896,16387
7624,16387
2896,16388
2896,16389
2915,16389
3773,16389
2896,16390
2896,16391
2896,16392
2897,16393
2897,16394
3751,16394
2897,16395
2898,16396
3552,16396
7167,16396
7550,16396
8185,16396
2898,16397
6373,16397
2899,16398
2899,16399
2899,16400
7069,16400
2899,16401
7870,16401
2900,16402
2916,16402
2900,16403
2900,16404
2900,16405
2900,16406
2900,16407
2900,16408
2900,16409
2900,16410
2900,16411
2901,16412
2901,16413
2901,16414
2901,16415
2901,16416
2901,16417
2901,16418
2901,16419
2901,16420
2901,16421
2901,16422
2901,16423
2901,16424
2901,16425
2901,16426
2901,16427
2901,16428
2903,16429
2903,16430
6116,16430
2903,16431
4479,16431
2904,16432
2904,16433
4830,16433
2905,16434
8611,16434
2905,16435
6770,16435
2905,16436
6024,16436
2905,16437
6416,16437
7058,16437
2906,16438
6121,16438
6956,16438
7272,16438
7964,16438
2906,16439
2907,16440
2907,16441
3167,16441
2907,16442
2907,16443
2907,16444
2907,16445
2908,16446
6213,16446
6338,16446
8433,16446
2908,16447
2908,16448
7193,16448
2909,16449
2909,16450
3188,16450
4176,16450
4838,16450
2909,16451
2909,16452
2909,16453
2910,16454
7492,16454
7493,16454
7494,16454
7495,16454
7498,16454
7500,16454
7502,16454
8715,16454
2910,16455
8715,16455
2910,16456
8715,16456
2910,16457
5233,16457
8670,16457
8715,16457
2910,16458
2911,16459
6226,16459
2911,16460
3795,16460
2911,16461
2912,16462
2913,16463
2913,16464
2913,16465
2913,16466
2913,16467
2913,16468
2913,16469
2914,16470
2914,16471
2914,16472
2914,16473
8515,16473
2914,16474
2914,16475
2915,16476
2915,16477
2915,16478
2915,16479
2915,16480
2915,16481
2915,16482
4925,16482
2916,16483
2925,16483
2916,16484
2916,16485
2916,16486
2916,16487
2916,16488
2916,16489
2925,16489
2917,16490
2918,16491
3590,16491
4670,16491
8675,16491
2918,16492
2918,16493
2918,16494
2918,16495
2918,16496
2919,16497
2920,16498
2920,16499
3990,16499
2920,16500
2920,16501
2921,16502
2921,16503
2922,16504
2922,16505
5306,16505
5653,16505
2922,16506
6959,16506
8414,16506
2922,16507
7999,16507
2923,16508
2924,16509
2924,16510
2924,16511
3690,16511
7661,16511
2924,16512
2924,16513
2924,16514
2924,16515
2924,16516
2924,16517
2924,16518
2924,16519
2924,16520
2924,16521
2924,16522
2924,16523
2924,16524
2924,16525
2924,16526
2925,16527
2925,16528
2925,16529
2925,16530
2925,16531
2925,16532
2925,16533
2926,16534
4699,16534
2927,16535
3647,16535
5900,16535
6580,16535
8147,16535
2928,16536
2928,16537
3443,16537
6421,16537
2929,16538
8457,16538
2929,16539
2929,16540
2929,16541
2929,16542
2931,16543
3444,16543
2931,16544
4158,16544
2931,16545
2931,16546
2931,16547
2933,16548
2933,16549
2933,16550
2933,16551
2933,16552
2933,16553
2933,16554
2933,16555
2934,16556
4921,16556
5378,16556
2934,16557
6768,16557
2934,16558
8645,16558
2934,16559
2934,16560
5014,16560
6601,16560
6631,16560
7403,16560
2934,16561
3239,16561
2934,16562
2934,16563
2934,16564
2935,16565
4351,16565
6566,16565
2935,16566
2935,16567
2935,16568
5491,16568
8370,16568
8733,16568
2935,16569
2936,16570
2936,16571
4567,16571
6072,16571
2936,16572
4887,16572
2936,16573
2936,16574
3164,16574
4444,16574
2936,16575
2936,16576
2937,16577
3961,16577
5892,16577
2937,16578
2937,16579
2937,16580
2937,16581
2939,16582
2939,16583
2940,16584
3431,16584
4061,16584
5082,16584
2940,16585
2940,16586
4829,16586
2940,16587
6223,16587
7965,16587
8188,16587
2941,16588
2942,16589
8101,16589
2942,16590
2942,16591
2942,16592
2942,16593
3451,16593
2942,16594
3524,16594
4637,16594
7453,16594
2942,16595
6579,16595
8312,16595
2942,16596
2942,16597
2942,16598
2942,16599
2942,16600
2942,16601
8538,16601
2942,16602
2943,16603
2943,16604
8118,16604
2943,16605
2943,16606
2943,16607
2943,16608
2943,16609
2943,16610
2944,16611
5664,16611
6549,16611
7950,16611
8373,16611
2944,16612
6164,16612
7730,16612
7905,16612
2944,16613
2944,16614
2944,16615
3616,16615
2944,16616
5562,16616
6848,16616
8496,16616
2946,16617
2946,16618
5096,16618
5097,16618
2946,16619
6847,16619
2947,16620
2947,16621
2947,16622
2947,16623
2948,16624
2948,16625
2948,16626
7287,16626
2948,16627
2948,16628
2948,16629
2948,16630
2948,16631
6170,16631
6623,16631
2948,16632
3183,16632
7027,16632
2948,16633
2948,16634
5607,16634
2948,16635
5545,16635
6511,16635
2948,16636
2948,16637
5070,16637
7885,16637
8065,16637
2950,16638
2951,16639
2951,16640
2951,16641
2951,16642
3181,16642
4352,16642
2951,16643
4511,16643
2951,16644
4807,16644
5324,16644
2951,16645
2952,16646
2952,16647
2952,16648
6477,16648
7268,16648
7534,16648
2952,16649
2952,16650
2954,16651
3780,16651
3830,16651
2954,16652
2954,16653
2954,16654
2954,16655
2954,16656
2954,16657
2955,16658
2955,16659
4189,16659
4460,16659
4482,16659
4692,16659
5335,16659
5336,16659
5337,16659
5338,16659
5339,16659
5340,16659
2955,16660
2955,16661
2955,16662
3891,16662
2955,16663
2955,16664
3595,16664
2956,16665
4260,16665
4848,16665
2956,16666
4758,16666
2956,16667
2956,16668
2957,16669
8704,16669
2957,16670
8073,16670
2957,16671
4066,16671
5950,16671
8711,16671
2958,16672
4412,16672
2958,16673
4953,16673
5081,16673
5187,16673
6937,16673
7145,16673
2959,16674
3021,16674
5752,16674
2959,16675
2959,16676
2959,16677
3717,16677
2960,16678
2960,16679
8108,16679
2960,16680
2960,16681
2960,16682
2960,16683
2960,16684
2961,16685
2961,16686
2961,16687
2961,16688
2961,16689
7282,16689
2961,16690
2962,16691
2962,16692
3800,16692
4038,16692
2962,16693
8788,16693
2962,16694
2962,16695
7950,16695
2962,16696
2963,16697
5660,16697
5754,16697
2963,16698
5660,16698
8798,16698
2963,16699
5175,16699
5660,16699
2963,16700
2963,16701
5854,16701
2963,16702
4408,16702
8007,16702
2963,16703
5660,16703
2963,16704
7465,16704
2963,16705
7289,16705
2964,16706
3627,16706
2964,16707
3627,16707
2964,16708
3627,16708
2964,16709
3627,16709
2964,16710
3627,16710
2964,16711
3627,16711
2964,16712
3627,16712
2964,16713
3627,16713
2966,16714
3138,16714
3171,16714
3240,16714
2968,16715
8006,16715
8007,16715
8008,16715
2969,16716
2969,16717
2969,16718
3224,16718
6022,16718
2969,16719
2969,16720
7885,16720
2969,16721
3098,16721
2970,16722
7023,16722
7024,16722
2971,16723
2971,16724
2971,16725
2971,16726
2971,16727
2971,16728
2971,16729
2971,16730
2971,16731
2971,16732
2972,16733
4487,16733
7841,16733
2972,16734
2972,16735
2972,16736
4355,16736
4751,16736
6922,16736
8359,16736
8509,16736
2972,16737
2972,16738
2972,16739
2972,16740
2973,16741
2973,16742
2973,16743
2973,16744
2973,16745
2973,16746
2973,16747
2973,16748
2973,16749
5502,16749
2973,16750
2973,16751
3731,16751
4672,16751
6944,16751
2974,16752
2993,16752
3157,16752
3408,16752
3412,16752
2974,16753
2974,16754
2974,16755
2974,16756
2974,16757
2974,16758
3153,16758
2974,16759
2975,16760
2975,16761
2975,16762
2975,16763
2975,16764
2975,16765
2975,16766
2975,16767
2975,16768
2975,16769
2977,16770
2977,16771
5279,16771
2977,16772
2977,16773
2977,16774
5444,16774
2977,16775
2977,16776
2977,16777
2977,16778
2977,16779
2977,16780
3024,16780
5955,16780
2977,16781
2977,16782
2977,16783
2977,16784
2977,16785
6320,16785
2977,16786
2977,16787
2978,16788
3972,16788
2978,16789
2978,16790
2978,16791
2980,16792
3821,16792
6537,16792
2980,16793
6903,16793
2980,16794
7141,16794
7805,16794
2980,16795
2980,16796
6461,16796
2980,16797
2980,16798
2980,16799
2981,16800
2982,16801
3731,16801
2982,16802
3329,16802
5503,16802
2982,16803
2982,16804
2982,16805
2982,16806
2982,16807
2982,16808
2982,16809
2985,16810
2985,16811
3557,16811
2985,16812
3839,16812
4524,16812
6489,16812
2985,16813
2985,16814
2985,16815
4766,16815
2985,16816
2986,16817
2986,16818
2987,16819
5702,16819
5969,16819
2987,16820
2989,16821
2989,16822
2989,16823
2989,16824
2989,16825
2989,16826
2990,16827
2990,16828
3357,16828
2990,16829
2990,16830
2991,16831
2991,16832
2991,16833
2991,16834
2991,16835
2991,16836
2991,16837
2991,16838
2992,16839
2992,16840
2992,16841
4033,16841
7246,16841
2992,16842
7296,16842
2992,16843
7247,16843
2992,16844
7246,16844
2992,16845
2993,16846
2993,16847
2993,16848
2993,16849
2993,16850
2994,16851
2995,16852
6848,16852
7049,16852
8665,16852
2995,16853
3308,16853
6033,16853
7818,16853
2995,16854
2996,16855
2996,16856
4618,16856
2996,16857
2996,16858
2996,16859
2996,16860
2996,16861
2996,16862
2996,16863
2996,16864
2997,16865
5225,16865
2998,16866
7370,16866
7480,16866
2998,16867
2998,16868
3788,16868
2998,16869
5678,16869
7323,16869
2998,16870
5286,16870
2998,16871
2998,16872
2998,16873
4058,16873
8533,16873
2998,16874
2999,16875
2999,16876
2999,16877
2999,16878
2999,16879
3000,16880
3000,16881
3000,16882
3000,16883
3000,16884
4278,16884
3000,16885
6775,16885
3000,16886
3000,16887
3851,16887
3000,16888
6573,16888
3002,16889
3002,16890
3002,16891
7363,16891
3002,16892
3002,16893
4751,16893
3002,16894
3002,16895
3002,16896
8509,16896
3002,16897
4679,16897
5826,16897
3002,16898
3002,16899
3003,16900
3003,16901
3003,16902
3003,16903
3005,16904
3005,16905
3005,16906
5430,16906
3005,16907
3005,16908
3007,16909
5184,16909
3007,16910
3007,16911
3335,16911
3007,16912
3007,16913
3008,16914
3009,16915
6517,16915
7550,16915
8452,16915
3009,16916
3009,16917
4699,16917
4752,16917
6875,16917
3009,16918
5329,16918
3009,16919
3009,16920
3010,16921
3010,16922
3584,16922
3752,16922
3010,16923
4820,16923
8382,16923
3011,16924
3011,16925
3011,16926
3011,16927
3011,16928
3011,16929
6051,16929
3011,16930
3011,16931
3011,16932
3011,16933
3011,16934
6357,16934
3011,16935
3011,16936
3011,16937
3011,16938
3012,16939
3013,16940
3013,16941
3015,16942
3015,16943
3015,16944
3015,16945
3249,16945
3015,16946
3015,16947
3015,16948
3015,16949
3015,16950
3015,16951
8755,16951
3015,16952
3015,16953
3016,16954
3016,16955
3016,16956
3016,16957
3016,16958
5192,16958
5193,16958
5195,16958
5248,16958
5348,16958
5406,16958
5407,16958
5408,16958
5458,16958
7256,16958
3016,16959
3016,16960
3016,16961
3016,16962
3016,16963
3017,16964
4326,16964
4541,16964
6186,16964
6272,16964
6840,16964
3017,16965
4490,16965
3017,16966
3519,16966
3828,16966
5872,16966
5929,16966
3018,16967
3018,16968
3018,16969
3018,16970
3018,16971
3018,16972
3018,16973
3018,16974
3018,16975
3018,16976
3018,16977
3019,16978
3019,16979
3019,16980
6577,16980
8217,16980
8662,16980
3019,16981
3518,16981
3552,16981
4263,16981
3019,16982
5675,16982
7530,16982
3019,16983
4974,16983
8655,16983
3020,16984
3020,16985
3021,16986
3021,16987
3563,16987
4537,16987
4634,16987
5093,16987
5179,16987
3021,16988
3021,16989
3664,16989
3021,16990
3334,16990
6732,16990
3021,16991
6732,16991
6902,16991
3021,16992
6732,16992
3021,16993
3022,16994
6944,16994
7078,16994
8042,16994
8628,16994
3022,16995
7398,16995
7585,16995
3022,16996
7199,16996
3023,16997
3023,16998
3023,16999
3023,17000
3023,17001
3023,17002
3024,17003
3024,17004
3024,17005
3024,17006
3024,17007
3024,17008
3024,17009
3025,17010
3026,17011
8454,17011
3026,17012
3026,17013
6645,17013
3026,17014
4029,17014
6925,17014
3026,17015
3026,17016
3026,17017
3026,17018
3027,17019
3027,17020
7071,17020
3027,17021
3027,17022
3027,17023
3029,17024
7650,17024
8523,17024
3029,17025
7650,17025
3030,17026
3030,17027
3030,17028
3231,17028
3030,17029
3030,17030
4987,17030
3030,17031
3030,17032
3031,17033
3031,17034
5664,17034
5737,17034
7051,17034
7817,17034
3031,17035
3031,17036
3031,17037
3032,17038
3032,17039
5948,17039
3032,17040
5413,17040
6415,17040
6950,17040
8541,17040
3032,17041
7124,17041
3033,17042
3700,17042
3033,17043
7408,17043
3033,17044
3033,17045
4359,17045
7103,17045
7243,17045
3034,17046
3034,17047
8467,17047
3034,17048
3034,17049
3035,17050
3775,17050
5182,17050
5849,17050
6885,17050
8615,17050
3035,17051
3035,17052
4297,17052
3035,17053
3035,17054
3035,17055
3035,17056
3035,17057
3035,17058
3453,17058
5033,17058
3036,17059
5381,17059
3036,17060
3036,17061
3037,17062
3037,17063
3037,17064
3037,17065
3038,17066
3926,17066
6226,17066
3038,17067
5102,17067
6245,17067
7015,17067
7471,17067
3038,17068
8280,17068
3038,17069
3274,17069
3842,17069
4321,17069
5085,17069
5346,17069
5882,17069
5901,17069
6037,17069
7536,17069
7950,17069
7961,17069
3038,17070
5346,17070
3038,17071
3038,17072
3038,17073
5359,17073
3038,17074
4846,17074
5882,17074
5901,17074
7015,17074
7480,17074
7961,17074
8127,17074
3039,17075
3039,17076
5761,17076
3039,17077
4472,17077
5058,17077
3039,17078
3039,17079
7137,17079
3039,17080
3040,17081
3040,17082
3040,17083
3040,17084
3040,17085
3040,17086
4671,17086
3040,17087
3041,17088
5105,17088
3041,17089
3041,17090
3041,17091
3041,17092
3041,17093
3041,17094
3041,17095
4221,17095
3041,17096
4221,17096
3041,17097
3041,17098
3640,17098
5747,17098
3041,17099
4054,17099
3041,17100
3041,17101
3041,17102
3041,17103
3286,17103
3041,17104
3041,17105
3041,17106
3041,17107
3041,17108
3042,17109
6055,17109
6061,17109
6268,17109
3042,17110
3042,17111
3042,17112
3044,17113
3044,17114
3044,17115
3044,17116
3045,17117
3719,17117
4903,17117
5311,17117
3045,17118
3045,17119
3045,17120
3045,17121
3983,17121
3045,17122
3045,17123
3045,17124
3045,17125
3046,17126
3046,17127
3047,17128
3047,17129
3047,17130
3047,17131
5624,17131
3047,17132
3047,17133
3981,17133
4639,17133
7144,17133
3048,17134
3048,17135
6186,17135
8004,17135
8303,17135
8321,17135
3048,17136
6475,17136
3048,17137
3048,17138
8182,17138
3048,17139
3422,17139
6000,17139
3048,17140
3049,17141
3049,17142
3051,17143
3051,17144
3051,17145
5852,17145
3051,17146
4986,17146
3051,17147
7007,17147
3051,17148
3051,17149
3052,17150
3052,17151
6853,17151
8726,17151
3052,17152
3052,17153
3053,17154
3427,17154
3053,17155
3053,17156
3053,17157
4536,17157
3053,17158
3055,17159
5091,17159
6187,17159
7865,17159
3055,17160
6214,17160
3055,17161
3055,17162
3055,17163
3055,17164
5445,17164
3055,17165
3056,17166
4132,17166
4537,17166
3057,17167
3057,17168
3057,17169
3057,17170
6465,17170
3058,17171
3059,17171
3060,17171
3058,17172
3058,17173
3060,17173
4635,17173
3058,17174
3059,17174
3060,17174
3058,17175
3059,17175
3060,17175
3058,17176
3059,17176
3060,17176
5145,17176
3059,17177
3060,17178
6153,17178
3060,17179
3060,17180
8084,17180
8560,17180
3061,17181
3061,17182
8682,17182
3061,17183
3061,17184
3061,17185
6967,17185
3063,17186
3063,17187
5273,17187
5786,17187
6222,17187
8456,17187
3063,17188
3063,17189
3063,17190
3063,17191
4480,17191
7580,17191
3063,17192
4360,17192
4372,17192
5064,17192
5801,17192
6154,17192
7241,17192
3063,17193
3064,17194
3064,17195
3064,17196
3064,17197
3064,17198
3064,17199
3064,17200
3064,17201
8331,17201
3065,17202
3066,17203
3066,17204
3066,17205
4411,17205
3066,17206
3066,17207
3836,17207
8224,17207
3066,17208
3753,17208
6176,17208
3066,17209
3067,17210
3067,17211
3067,17212
3067,17213
3067,17214
3067,17215
3067,17216
3067,17217
3067,17218
3069,17219
3069,17220
3069,17221
3069,17222
3070,17223
8155,17223
3070,17224
3070,17225
3070,17226
8685,17226
3071,17227
3071,17228
3071,17229
3071,17230
3071,17231
3072,17232
3072,17233
3072,17234
3463,17234
3073,17235
3073,17236
7268,17236
7883,17236
8030,17236
8717,17236
3073,17237
3073,17238
8018,17238
3073,17239
3073,17240
3073,17241
3073,17242
6222,17242
3073,17243
3073,17244
3074,17245
3074,17246
6805,17246
3074,17247
3074,17248
3074,17249
3074,17250
3074,17251
4164,17251
5317,17251
7033,17251
3075,17252
3359,17252
3075,17253
3075,17254
3462,17254
3075,17255
3075,17256
3853,17256
3075,17257
3475,17257
3075,17258
3076,17259
3864,17259
7507,17259
3076,17260
3076,17261
3076,17262
6410,17262
3076,17263
3076,17264
3076,17265
3076,17266
3920,17266
5580,17266
6617,17266
3076,17267
3077,17268
3613,17268
3077,17269
3271,17269
5066,17269
3077,17270
3078,17271
3078,17272
3078,17273
3078,17274
3078,17275
3079,17276
7036,17276
7745,17276
3079,17277
3079,17278
3079,17279
3080,17280
3081,17281
3081,17282
7534,17282
3081,17283
6545,17283
7433,17283
3081,17284
3189,17284
3081,17285
3082,17286
3082,17287
3082,17288
3082,17289
7061,17289
7148,17289
7921,17289
3082,17290
3082,17291
3082,17292
3082,17293
4122,17293
3083,17294
3083,17295
3083,17296
3083,17297
3083,17298
3084,17299
3084,17300
3084,17301
3581,17301
5175,17301
3084,17302
5754,17302
5854,17302
3085,17303
6242,17303
6244,17303
3085,17304
3085,17305
5175,17305
5393,17305
5808,17305
6125,17305
6126,17305
6240,17305
7492,17305
7493,17305
7494,17305
7495,17305
7496,17305
7497,17305
7498,17305
7500,17305
7501,17305
7502,17305
3086,17306
3086,17307
3086,17308
3086,17309
3086,17310
3086,17311
4224,17311
7030,17311
7465,17311
3086,17312
3087,17313
5303,17313
3087,17314
3795,17314
3087,17315
3088,17316
3088,17317
3088,17318
3088,17319
3088,17320
3088,17321
3089,17322
4064,17322
3089,17323
4064,17323
3090,17324
3090,17325
4743,17325
3090,17326
3090,17327
3090,17328
3090,17329
3090,17330
3090,17331
3090,17332
3090,17333
3091,17334
3091,17335
3091,17336
3091,17337
3091,17338
3091,17339
3091,17340
3091,17341
4856,17341
3091,17342
3092,17343
3092,17344
3094,17345
3094,17346
3094,17347
3094,17348
3095,17349
3095,17350
3095,17351
4521,17351
8113,17351
3095,17352
3095,17353
6524,17353
3096,17354
3096,17355
3096,17356
3096,17357
3096,17358
5650,17358
3096,17359
3096,17360
5747,17360
3096,17361
3096,17362
3096,17363
3097,17364
3097,17365
3169,17365
3795,17365
3097,17366
8126,17366
3098,17367
3098,17368
3098,17369
3098,17370
3098,17371
3098,17372
3098,17373
3098,17374
3099,17375
4275,17375
3099,17376
5854,17376
3099,17377
3099,17378
3099,17379
3100,17380
3310,17380
3344,17380
6309,17380
3100,17381
6413,17381
3100,17382
3100,17383
3101,17384
4435,17384
8495,17384
3101,17385
4805,17385
6754,17385
3101,17386
3101,17387
3101,17388
3102,17389
3102,17390
3102,17391
3102,17392
3102,17393
3103,17394
3836,17394
3103,17395
3236,17395
3987,17395
5474,17395
6098,17395
6598,17395
8284,17395
8679,17395
3103,17396
5745,17396
3103,17397
3103,17398
3104,17399
3104,17400
3104,17401
3281,17401
3337,17401
3665,17401
3774,17401
3104,17402
3340,17402
3104,17403
3563,17403
3105,17404
3489,17404
3105,17405
4114,17405
4168,17405
3105,17406
3105,17407
3105,17408
3106,17409
3106,17410
3106,17411
3106,17412
3106,17413
3106,17414
3106,17415
3106,17416
3106,17417
3106,17418
3106,17419
3106,17420
3106,17421
3106,17422
3106,17423
3107,17424
5366,17424
6610,17424
3107,17425
4059,17425
3107,17426
3107,17427
3489,17427
3108,17428
3108,17429
3108,17430
3108,17431
3109,17432
3109,17433
3750,17433
3109,17434
3109,17435
3601,17435
8342,17435
8665,17435
3109,17436
3938,17436
3110,17437
3110,17438
3110,17439
3110,17440
3110,17441
3110,17442
3110,17443
3110,17444
3110,17445
3110,17446
4505,17446
3111,17447
3111,17448
3111,17449
3111,17450
3112,17451
3112,17452
3112,17453
3112,17454
8426,17454
3112,17455
3112,17456
3112,17457
3112,17458
3113,17459
3172,17459
7876,17459
3113,17460
3113,17461
3113,17462
3113,17463
7739,17463
3115,17464
3400,17464
3115,17465
3115,17466
3116,17467
3116,17468
3116,17469
3116,17470
3179,17470
3117,17471
3484,17471
3118,17472
3118,17473
3118,17474
7043,17474
3120,17475
3120,17476
5741,17476
6397,17476
6577,17476
3121,17477
3121,17478
3121,17479
3121,17480
3121,17481
3121,17482
3121,17483
3123,17484
3123,17485
8290,17485
3123,17486
7986,17486
3123,17487
3123,17488
5841,17488
3123,17489
3123,17490
3125,17491
3125,17492
3125,17493
3125,17494
3125,17495
3125,17496
3125,17497
3125,17498
3125,17499
3125,17500
3126,17501
7137,17501
8287,17501
3126,17502
3127,17503
3136,17503
6321,17503
8673,17503
3127,17504
4152,17504
4445,17504
4595,17504
5009,17504
7116,17504
7838,17504
8162,17504
3127,17505
4576,17505
3128,17506
3128,17507
3128,17508
3278,17508
3128,17509
3128,17510
3128,17511
3421,17511
3129,17512
3129,17513
7109,17513
3129,17514
3129,17515
3129,17516
6771,17516
7109,17516
3130,17517
4328,17517
7832,17517
3130,17518
4849,17518
3130,17519
7832,17519
3130,17520
3130,17521
3417,17521
3130,17522
3130,17523
3131,17524
3131,17525
3131,17526
3131,17527
3131,17528
3132,17529
4601,17529
4693,17529
4946,17529
6589,17529
8145,17529
8162,17529
3132,17530
3133,17531
3133,17532
4508,17532
5136,17532
7713,17532
3135,17533
3144,17533
4616,17533
8616,17533
3135,17534
7110,17534
3136,17535
3136,17536
6169,17536
3137,17537
3138,17538
3240,17538
3138,17539
3240,17539
3138,17540
3240,17540
3138,17541
3240,17541
3139,17542
3139,17543
3139,17544
3139,17545
3889,17545
3139,17546
3549,17546
3139,17547
3139,17548
3549,17548
3139,17549
3139,17550
3140,17551
3140,17552
4602,17552
6299,17552
3140,17553
3140,17554
4579,17554
4581,17554
6655,17554
3141,17555
3142,17556
4449,17556
3142,17557
6547,17557
7095,17557
8640,17557
8682,17557
3143,17558
3143,17559
4589,17559
6104,17559
3144,17560
3145,17561
3145,17562
3146,17563
3656,17563
4104,17563
6967,17563
7036,17563
7118,17563
7533,17563
8770,17563
3146,17564
4681,17564
6002,17564
7872,17564
3146,17565
3207,17565
3147,17566
3149,17566
3147,17567
3149,17567
4139,17567
5064,17567
5381,17567
5866,17567
5870,17567
7022,17567
8456,17567
8595,17567
3148,17568
4432,17568
4725,17568
6203,17568
7024,17568
7036,17568
7138,17568
3149,17569
3473,17569
3150,17570
3151,17571
3151,17572
3151,17573
3151,17574
3151,17575
3152,17576
3152,17577
3152,17578
3152,17579
3152,17580
3153,17581
3167,17581
3153,17582
3153,17583
3155,17584
3393,17584
3155,17585
3155,17586
3156,17587
3156,17588
3157,17589
3432,17589
3157,17590
3157,17591
3157,17592
3158,17593
6214,17593
8202,17593
3158,17594
3158,17595
3159,17596
4976,17596
5421,17596
3160,17597
3160,17598
3160,17599
7886,17599
3160,17600
3161,17601
4939,17601
3163,17602
3163,17603
3164,17604
4482,17604
5335,17604
5336,17604
5337,17604
5338,17604
5339,17604
5340,17604
3164,17605
3164,17606
3497,17606
4107,17606
3165,17607
4766,17607
3165,17608
4766,17608
3165,17609
4766,17609
3165,17610
3557,17610
4766,17610
3165,17611
4766,17611
5178,17611
3165,17612
3557,17612
3165,17613
3165,17614
3166,17615
3166,17616
3166,17617
3166,17618
3166,17619
3166,17620
3166,17621
3166,17622
3167,17623
3168,17624
3412,17624
4215,17624
5964,17624
3168,17625
3168,17626
3168,17627
3168,17628
3169,17629
4296,17629
4875,17629
3169,17630
4892,17630
3169,17631
3169,17632
3169,17633
3169,17634
3169,17635
3169,17636
3169,17637
3795,17637
5614,17637
7580,17637
3169,17638
3169,17639
8727,17639
3169,17640
3169,17641
3169,17642
3169,17643
3169,17644
6068,17644
3170,17645
6795,17645
7455,17645
8083,17645
8732,17645
3170,17646
7153,17646
3170,17647
3171,17648
3337,17648
3959,17648
4992,17648
3172,17649
3172,17650
3172,17651
3173,17652
3173,17653
3407,17653
3173,17654
6059,17654
6190,17654
7075,17654
7568,17654
3173,17655
3819,17655
3944,17655
3174,17656
3174,17657
3175,17658
8109,17658
3175,17659
3175,17660
3175,17661
3175,17662
3175,17663
3175,17664
3175,17665
3175,17666
3175,17667
3175,17668
3175,17669
3175,17670
3175,17671
3177,17672
3177,17673
5412,17673
5606,17673
3177,17674
3177,17675
6320,17675
3177,17676
3177,17677
5076,17677
3177,17678
4367,17678
3177,17679
3177,17680
3177,17681
3177,17682
3177,17683
5596,17683
3177,17684
5076,17684
3177,17685
4758,17685
5596,17685
3177,17686
6891,17686
3177,17687
7448,17687
3178,17688
3178,17689
3178,17690
3178,17691
3178,17692
3178,17693
3901,17693
3179,17694
3179,17695
3179,17696
3180,17696
3181,17697
4352,17697
5164,17697
3181,17698
4352,17698
3181,17699
4352,17699
6925,17699
3181,17700
4352,17700
3181,17701
4352,17701
3181,17702
4352,17702
3181,17703
3181,17704
3181,17705
3181,17706
4319,17706
4352,17706
3182,17707
3182,17708
3228,17708
6634,17708
6916,17708
7396,17708
7639,17708
7869,17708
8457,17708
3183,17709
5288,17709
3183,17710
3183,17711
4892,17711
3183,17712
3183,17713
6319,17713
3183,17714
3183,17715
3183,17716
8081,17716
3183,17717
3183,17718
3183,17719
4418,17719
6475,17719
7532,17719
3183,17720
3184,17721
3501,17721
3184,17722
3184,17723
8220,17723
3184,17724
7307,17724
3184,17725
3184,17726
3184,17727
3184,17728
6042,17728
3185,17729
3185,17730
3185,17731
3185,17732
3185,17733
3185,17734
3185,17735
3185,17736
3185,17737
3186,17738
3186,17739
4407,17739
3186,17740
3186,17741
3186,17742
3186,17743
3186,17744
3186,17745
3186,17746
3186,17747
3186,17748
3186,17749
3188,17750
7200,17750
8085,17750
3188,17751
3188,17752
3188,17753
3188,17754
6035,17754
6163,17754
7896,17754
7952,17754
3188,17755
5366,17755
5753,17755
3189,17756
3189,17757
4123,17757
3189,17758
6701,17758
3189,17759
3189,17760
5622,17760
3190,17761
3197,17761
3564,17761
3565,17761
4359,17761
4596,17761
6570,17761
7941,17761
3190,17762
4585,17762
7804,17762
7938,17762
3190,17763
3190,17764
3199,17764
3190,17765
3192,17766
4020,17766
4069,17766
4077,17766
7195,17766
3192,17767
3192,17768
3192,17769
3193,17770
3193,17771
3193,17772
3193,17773
3193,17774
3194,17775
4577,17775
3194,17776
4453,17776
4564,17776
3194,17777
3194,17778
3194,17779
3194,17780
3196,17781
3199,17781
3196,17782
3196,17783
3196,17784
3196,17785
3202,17785
4564,17785
3196,17786
3196,17787
3196,17788
3196,17789
3196,17790
3197,17791
3197,17792
8673,17792
3197,17793
4438,17793
3197,17794
4438,17794
4586,17794
3197,17795
3197,17796
3197,17797
3199,17797
4604,17797
3197,17798
3198,17799
3198,17800
3198,17801
3198,17802
3198,17803
3199,17804
4604,17804
3199,17805
3564,17805
3565,17805
3869,17805
4585,17805
4595,17805
4604,17805
3199,17806
4575,17806
3199,17807
3199,17808
3199,17809
3200,17810
3200,17811
3201,17812
3201,17813
3201,17814
4252,17814
4841,17814
3201,17815
3690,17815
3201,17816
8347,17816
3201,17817
3201,17818
3201,17819
3202,17820
4569,17820
4615,17820
3202,17821
3202,17822
4610,17822
3202,17823
4557,17823
4586,17823
4610,17823
7164,17823
7889,17823
3202,17824
3565,17824
3869,17824
4575,17824
4585,17824
8171,17824
3202,17825
4453,17825
4585,17825
3203,17826
3204,17827
3204,17828
3204,17829
3204,17830
3204,17831
3204,17832
3204,17833
3204,17834
3205,17835
3205,17836
3205,17837
3205,17838
3205,17839
3205,17840
3206,17841
3207,17842
3208,17843
3208,17844
3208,17845
3208,17846
3208,17847
3208,17848
3208,17849
3208,17850
3208,17851
3209,17852
3209,17853
3209,17854
3209,17855
3209,17856
3209,17857
3210,17858
3210,17859
3210,17860
3211,17861
3211,17862
3522,17862
3211,17863
3522,17863
5532,17863
6609,17863
3211,17864
6457,17864
3212,17865
3212,17866
3212,17867
3212,17868
3213,17869
4639,17869
5211,17869
6116,17869
6653,17869
3213,17870
3213,17871
6653,17871
3213,17872
3213,17873
3213,17874
6409,17874
6560,17874
3213,17875
3299,17875
3213,17876
5826,17876
3213,17877
3213,17878
3213,17879
3213,17880
3214,17881
3214,17882
3214,17883
3214,17884
3214,17885
3214,17886
3214,17887
3214,17888
3214,17889
3215,17890
3215,17891
3215,17892
3216,17893
3216,17894
3216,17895
3393,17895
3217,17896
3358,17896
3217,17897
6506,17897
3217,17898
3217,17899
3217,17900
3217,17901
3217,17902
3217,17903
3217,17904
3217,17905
4252,17905
3217,17906
3218,17907
3219,17908
8407,17908
8541,17908
8711,17908
3219,17909
5997,17909
3219,17910
5545,17910
3219,17911
3219,17912
3219,17913
3219,17914
3220,17915
3697,17915
4745,17915
5864,17915
7218,17915
3222,17916
4762,17916
3222,17917
3620,17917
3222,17918
3222,17919
3477,17919
8220,17919
3222,17920
5083,17920
3222,17921
3222,17922
3223,17923
3223,17924
3223,17925
3223,17926
3223,17927
3223,17928
3223,17929
3223,17930
3224,17931
6493,17931
3224,17932
3224,17933
8493,17933
3224,17934
3224,17935
3225,17936
3225,17937
3225,17938
3225,17939
3225,17940
3227,17941
3227,17942
3227,17943
3227,17944
3227,17945
3227,17946
3227,17947
3227,17948
3227,17949
3227,17950
3228,17951
4087,17951
4129,17951
5180,17951
6842,17951
3228,17952
6052,17952
6827,17952
6841,17952
7967,17952
3228,17953
3228,17954
3228,17955
3228,17956
5525,17956
7398,17956
3228,17957
3228,17958
3513,17958
3623,17958
4194,17958
3228,17959
5923,17959
3231,17960
4987,17960
3231,17961
3231,17962
3231,17963
3231,17964
3231,17965
3231,17966
3231,17967
3231,17968
3231,17969
3231,17970
3233,17971
5496,17971
3233,17972
3233,17973
3233,17974
3234,17975
4445,17975
3234,17976
4467,17976
3234,17977
3234,17978
4562,17978
4733,17978
5089,17978
5473,17978
5962,17978
6603,17978
6655,17978
7792,17978
8770,17978
3234,17979
8009,17979
3236,17980
5513,17980
6624,17980
3236,17981
3864,17981
6978,17981
3236,17982
6593,17982
8218,17982
3237,17983
3237,17984
3237,17985
3237,17986
3237,17987
3237,17988
3237,17989
3237,17990
3237,17991
3238,17992
3238,17993
3238,17994
4063,17994
5740,17994
3238,17995
5503,17995
3238,17996
3238,17997
3239,17998
3431,17998
6556,17998
3239,17999
3239,18000
3239,18001
3239,18002
3239,18003
3239,18004
3239,18005
3239,18006
5166,18006
3239,18007
6066,18007
7954,18007
3239,18008
3239,18009
3239,18010
3239,18011
8044,18011
8443,18011
3239,18012
3239,18013
3239,18014
3291,18014
7482,18014
8595,18014
3239,18015
3239,18016
3239,18017
6341,18017
7664,18017
3240,18018
3240,18019
3244,18020
4415,18020
3244,18021
3244,18022
3244,18023
5590,18023
6543,18023
3244,18024
3244,18025
3244,18026
3244,18027
3244,18028
3245,18029
3246,18030
3246,18031
3246,18032
3246,18033
3246,18034
3246,18035
3247,18036
3247,18037
3247,18038
3247,18039
3247,18040
3248,18041
3248,18042
3248,18043
3248,18044
3248,18045
3249,18046
3249,18047
8791,18047
3249,18048
3249,18049
3249,18050
8094,18050
3250,18051
3250,18052
3250,18053
3250,18054
3250,18055
5975,18055
8575,18055
3250,18056
3250,18057
3250,18058
3251,18059
3252,18060
3252,18061
3252,18062
3253,18063
3736,18063
5633,18063
3253,18064
5717,18064
3253,18065
3253,18066
3253,18067
3253,18068
8397,18068
3253,18069
3253,18070
3253,18071
3253,18072
3253,18073
3253,18074
3254,18075
3255,18076
4098,18076
4478,18076
4682,18076
3255,18077
3258,18078
4030,18078
6508,18078
3258,18079
3633,18079
3258,18080
3258,18081
3258,18082
3258,18083
3259,18084
3259,18085
3259,18086
3259,18087
3259,18088
3262,18089
4263,18089
6501,18089
7623,18089
3262,18090
3262,18091
3262,18092
3262,18093
5033,18093
5571,18093
7141,18093
7971,18093
7972,18093
7973,18093
7974,18093
7975,18093
7976,18093
7977,18093
7978,18093
7979,18093
7980,18093
3262,18094
3262,18095
8083,18095
3263,18096
6099,18096
7219,18096
7375,18096
7592,18096
7809,18096
3263,18097
6099,18097
7809,18097
3263,18098
6099,18098
6985,18098
7219,18098
3263,18099
6099,18099
7592,18099
7809,18099
3263,18100
3263,18101
8538,18101
3263,18102
7004,18102
8753,18102
3263,18103
7219,18103
3263,18104
6099,18104
7592,18104
3264,18105
3277,18105
3264,18106
3264,18107
3285,18107
6968,18107
3264,18108
3264,18109
4190,18109
3264,18110
3264,18111
3264,18112
3265,18113
3265,18114
3265,18115
3265,18116
3265,18117
3265,18118
3265,18119
5125,18119
3266,18120
3266,18121
3267,18122
3723,18122
3267,18123
3267,18124
3723,18124
3267,18125
3723,18125
3267,18126
3723,18126
3267,18127
3267,18128
3267,18129
3723,18129
3267,18130
3723,18130
3267,18131
3824,18131
3267,18132
3268,18133
3268,18134
3268,18135
3269,18136
3465,18136
3269,18137
3269,18138
3270,18139
3270,18140
3270,18141
3270,18142
3270,18143
3270,18144
3271,18145
3271,18146
3511,18146
3612,18146
3271,18147
4193,18147
3272,18148
3273,18148
3665,18148
5293,18148
5294,18148
5477,18148
5748,18148
7218,18148
3272,18149
3273,18149
3273,18150
3273,18151
3274,18152
3274,18153
3274,18154
3275,18155
3285,18155
3275,18156
3275,18157
3275,18158
3275,18159
3276,18160
3276,18161
3276,18162
3276,18163
3276,18164
3276,18165
3277,18166
3285,18166
3277,18167
3277,18168
3277,18169
3277,18170
3285,18170
3277,18171
3285,18171
4270,18171
3278,18172
3278,18173
3278,18174
3278,18175
3278,18176
3278,18177
3289,18177
3278,18178
3280,18179
3280,18180
3280,18181
3280,18182
3626,18182
5250,18182
6409,18182
6679,18182
7085,18182
7144,18182
3280,18183
3280,18184
3280,18185
3280,18186
3280,18187
3280,18188
3749,18188
3280,18189
3280,18190
3280,18191
3281,18192
3281,18193
3281,18194
3342,18194
6828,18194
3281,18195
3281,18196
3282,18197
3358,18197
3282,18198
3282,18199
5975,18199
6507,18199
6997,18199
8575,18199
3282,18200
3282,18201
3282,18202
3287,18202
3699,18202
8575,18202
3282,18203
3282,18204
3284,18205
3284,18206
3284,18207
5396,18207
3284,18208
3284,18209
3284,18210
3284,18211
3284,18212
3285,18213
3285,18214
3285,18215
3285,18216
3287,18217
3287,18218
3287,18219
3287,18220
3287,18221
3287,18222
3690,18222
3287,18223
3288,18224
3289,18225
3361,18225
3289,18226
3289,18227
3794,18227
3289,18228
8108,18228
3289,18229
3291,18230
3291,18231
3291,18232
3292,18233
3292,18234
3292,18235
3292,18236
3292,18237
3292,18238
3292,18239
3292,18240
3292,18241
3292,18242
3294,18243
3296,18244
3734,18244
3296,18245
3297,18246
3315,18246
3322,18246
7453,18246
3297,18247
3297,18248
3297,18249
3297,18250
5420,18250
3297,18251
3297,18252
3297,18253
8414,18253
3298,18254
3298,18255
3298,18256
3965,18256
4744,18256
3298,18257
3298,18258
3298,18259
3298,18260
3298,18261
6230,18261
3298,18262
3298,18263
3298,18264
3298,18265
3299,18266
5306,18266
3299,18267
3299,18268
3299,18269
3299,18270
3300,18271
3300,18272
3300,18273
3300,18274
3300,18275
3301,18276
3301,18277
3301,18278
3301,18279
3301,18280
3301,18281
3302,18282
3302,18283
4743,18283
3302,18284
3302,18285
3302,18286
3302,18287
3302,18288
3302,18289
3302,18290
3302,18291
3302,18292
3303,18293
3303,18294
8720,18294
3303,18295
3303,18296
3303,18297
3303,18298
3303,18299
3304,18300
3304,18301
3304,18302
3304,18303
3305,18304
3305,18305
3305,18306
3305,18307
3305,18308
3305,18309
3305,18310
5592,18310
3306,18311
7045,18311
3307,18312
5491,18312
8399,18312
8439,18312
3307,18313
3775,18313
6797,18313
3307,18314
3307,18315
7267,18315
3307,18316
4958,18316
3307,18317
3333,18317
3307,18318
3307,18319
6761,18319
3308,18320
3453,18320
8583,18320
8584,18320
3308,18321
7643,18321
7797,18321
3308,18322
3309,18323
3309,18324
4133,18324
3309,18325
3309,18326
3309,18327
3866,18327
3310,18328
3310,18329
3310,18330
3310,18331
3310,18332
3310,18333
3311,18334
3311,18335
3311,18336
3311,18337
3311,18338
3312,18339
3312,18340
3315,18341
3315,18342
3315,18343
3315,18344
3315,18345
3316,18346
5644,18346
6081,18346
3316,18347
3326,18347
3316,18348
3316,18349
3316,18350
3316,18351
3317,18352
3323,18352
3317,18353
3317,18354
3317,18355
3317,18356
5037,18356
6317,18356
3317,18357
3319,18358
3319,18359
3319,18360
3319,18361
3319,18362
3319,18363
3320,18364
7908,18364
3320,18365
3320,18366
5954,18366
6640,18366
8470,18366
3320,18367
3321,18368
3322,18369
3322,18370
8126,18370
3322,18371
3323,18372
6690,18372
3323,18373
6538,18373
3323,18374
3323,18375
3323,18376
3324,18377
3324,18378
3324,18379
3324,18380
3324,18381
3324,18382
3324,18383
8639,18383
3324,18384
3324,18385
7209,18385
7897,18385
3325,18386
7146,18386
3325,18387
4870,18387
3325,18388
3325,18389
3325,18390
3326,18391
3326,18392
3326,18393
5329,18393
5418,18393
7704,18393
8282,18393
8439,18393
3326,18394
3326,18395
3327,18396
3504,18396
4371,18396
4883,18396
5266,18396
5551,18396
5736,18396
5773,18396
7642,18396
3327,18397
5773,18397
3327,18398
3327,18399
3327,18400
3327,18401
3327,18402
3327,18403
3435,18403
3555,18403
3327,18404
4910,18404
3328,18405
3329,18406
4660,18406
3329,18407
3329,18408
3502,18408
3330,18409
3330,18410
3332,18411
6317,18411
3332,18412
3332,18413
6042,18413
6457,18413
3332,18414
3332,18415
3332,18416
8253,18416
3332,18417
3332,18418
8596,18418
3333,18419
3598,18419
6517,18419
3333,18420
6755,18420
8255,18420
3333,18421
3333,18422
3333,18423
3333,18424
3383,18424
3334,18425
3334,18426
3334,18427
3334,18428
3334,18429
3335,18430
4446,18430
4661,18430
3335,18431
7383,18431
3335,18432
3335,18433
3337,18434
5093,18434
5170,18434
3337,18435
3337,18436
3520,18436
3337,18437
3337,18438
3337,18439
3338,18440
3338,18441
3338,18442
3339,18443
3339,18444
3339,18445
3339,18446
3340,18447
3340,18448
3340,18449
3340,18450
3340,18451
6902,18451
3340,18452
3341,18453
3342,18454
3342,18455
3344,18456
8731,18456
3344,18457
3344,18458
3344,18459
3345,18460
3346,18461
4512,18461
6238,18461
6244,18461
7526,18461
7590,18461
7597,18461
8582,18461
3347,18462
3348,18463
5934,18463
8628,18463
3348,18464
3348,18465
7751,18465
8783,18465
3349,18466
4521,18466
3349,18467
3349,18468
3349,18469
3352,18470
3352,18471
3352,18472
3352,18473
3353,18474
3353,18475
3353,18476
4317,18476
3353,18477
3353,18478
3354,18479
3354,18480
3354,18481
3354,18482
3354,18483
3355,18484
3356,18485
3697,18485
5170,18485
3356,18486
3356,18487
3357,18488
3357,18489
3357,18490
3357,18491
3357,18492
3357,18493
3357,18494
3357,18495
3358,18496
8347,18496
8613,18496
3358,18497
4252,18497
3358,18498
3358,18499
3358,18500
3358,18501
3358,18502
3359,18503
3610,18503
3359,18504
3359,18505
3794,18505
3360,18506
3360,18507
3360,18508
6555,18508
3360,18509
3360,18510
6974,18510
3361,18511
3361,18512
3361,18513
3362,18514
3362,18515
3362,18516
6266,18516
7839,18516
3362,18517
3362,18518
4030,18518
3362,18519
3362,18520
3362,18521
3363,18522
4705,18522
5534,18522
3367,18523
3368,18524
3368,18525
3368,18526
3368,18527
3368,18528
3368,18529
3368,18530
3369,18531
3369,18532
3369,18533
3369,18534
3369,18535
3371,18536
3371,18537
4618,18537
6489,18537
3371,18538
4618,18538
3371,18539
3839,18539
4618,18539
3371,18540
3371,18541
3372,18542
6530,18542
3372,18543
6530,18543
3372,18544
6530,18544
3372,18545
3403,18545
4175,18545
5224,18545
6530,18545
7296,18545
3372,18546
6530,18546
3372,18547
6530,18547
3372,18548
6530,18548
3372,18549
6530,18549
3373,18550
5524,18550
3374,18551
5515,18551
3374,18552
4709,18552
6714,18552
3374,18553
5374,18553
3374,18554
3374,18555
3374,18556
3374,18557
3374,18558
3764,18558
3374,18559
3374,18560
3376,18561
3376,18562
3376,18563
3376,18564
3376,18565
8186,18565
3376,18566
5311,18566
6975,18566
7035,18566
3376,18567
6005,18567
3376,18568
3376,18569
3376,18570
5311,18570
7035,18570
3378,18571
3378,18572
3379,18573
3379,18574
3380,18575
3380,18576
3380,18577
3380,18578
3381,18579
4088,18579
3381,18580
5636,18580
3381,18581
5775,18581
3381,18582
3381,18583
3381,18584
3381,18585
3382,18586
3382,18587
3382,18588
3382,18589
3382,18590
3382,18591
3382,18592
3382,18593
3382,18594
3382,18595
3383,18596
4873,18596
3383,18597
4037,18597
3383,18598
3383,18599
3383,18600
3383,18601
3384,18602
3384,18603
7013,18603
3384,18604
3384,18605
3384,18606
3384,18607
3384,18608
7131,18608
3384,18609
3384,18610
3384,18611
3385,18612
3414,18612
3385,18613
3385,18614
3385,18615
3385,18616
3388,18617
3488,18617
5842,18617
3388,18618
3388,18619
3388,18620
4335,18620
3388,18621
4343,18621
4471,18621
5874,18621
7240,18621
7284,18621
3390,18622
3946,18622
7890,18622
7961,18622
8010,18622
8038,18622
8514,18622
3390,18623
4320,18623
3390,18624
7141,18624
7582,18624
3390,18625
6447,18625
6588,18625
3392,18626
6339,18626
6609,18626
8399,18626
3392,18627
3392,18628
4274,18628
3392,18629
3392,18630
3393,18631
3393,18632
3393,18633
3399,18634
3399,18635
3400,18636
3400,18637
3400,18638
3400,18639
3402,18640
5398,18640
3402,18641
5398,18641
3402,18642
5398,18642
3403,18643
3403,18644
5977,18644
3404,18645
3404,18646
3405,18647
3405,18648
3405,18649
3405,18650
3405,18651
3405,18652
3405,18653
3406,18654
3406,18655
3406,18656
3406,18657
5621,18657
3406,18658
3406,18659
4397,18659
3406,18660
3587,18660
4513,18660
3406,18661
3406,18662
3406,18663
3406,18664
3406,18665
3406,18666
3406,18667
3408,18668
8298,18668
3408,18669
3408,18670
3408,18671
3410,18672
3410,18673
3410,18674
7904,18674
3411,18675
3411,18676
3411,18677
3411,18678
3412,18679
5531,18679
8557,18679
3412,18680
8242,18680
3413,18681
4670,18681
4701,18681
3413,18682
6204,18682
3413,18683
3413,18684
4715,18684
3413,18685
4691,18685
3414,18686
3974,18686
4161,18686
4162,18686
6021,18686
3414,18687
3414,18688
3414,18689
4160,18689
4393,18689
5443,18689
6010,18689
7353,18689
3414,18690
4160,18690
8025,18690
3414,18691
3414,18692
8266,18692
3415,18693
3884,18693
3415,18694
3415,18695
3415,18696
3415,18697
3415,18698
3415,18699
3416,18700
3416,18701
3416,18702
3416,18703
3416,18704
3416,18705
3416,18706
3416,18707
3416,18708
3416,18709
4797,18709
3416,18710
3416,18711
3416,18712
3416,18713
3417,18714
3417,18715
3417,18716
3511,18716
3417,18717
3417,18718
3417,18719
3420,18720
3421,18721
3421,18722
3421,18723
3866,18723
3421,18724
3611,18724
3421,18725
3421,18726
3422,18727
3422,18728
3422,18729
4664,18729
7855,18729
8290,18729
3422,18730
3422,18731
3422,18732
3423,18733
3423,18734
3423,18735
3423,18736
3423,18737
3423,18738
3423,18739
3423,18740
3423,18741
3423,18742
3423,18743
3423,18744
3424,18745
3424,18746
3424,18747
3424,18748
3424,18749
3424,18750
3424,18751
5389,18751
3424,18752
3424,18753
3424,18754
3425,18755
3426,18756
3426,18757
3426,18758
3427,18759
3427,18760
3427,18761
3427,18762
3427,18763
3866,18763
4092,18763
3428,18764
6324,18764
3428,18765
5979,18765
3428,18766
6905,18766
3428,18767
3534,18767
3428,18768
7981,18768
3428,18769
3534,18769
3428,18770
3428,18771
3430,18772
3430,18773
3430,18774
3431,18775
6030,18775
3431,18776
3431,18777
7951,18777
3431,18778
3431,18779
3431,18780
3432,18781
3432,18782
3432,18783
3432,18784
3434,18785
4926,18785
3434,18786
3434,18787
6335,18787
3434,18788
3434,18789
3434,18790
3435,18791
4083,18791
4205,18791
4673,18791
4910,18791
5188,18791
7701,18791
3435,18792
5026,18792
3435,18793
3435,18794
3504,18794
5508,18794
3435,18795
3435,18796
3436,18797
6302,18797
3436,18798
3436,18799
3438,18800
3697,18800
3438,18801
3717,18801
3438,18802
3439,18803
6028,18803
6136,18803
6391,18803
6438,18803
7518,18803
3440,18804
3440,18805
3440,18806
3440,18807
3440,18808
3440,18809
3440,18810
3441,18811
3441,18812
3444,18813
3444,18814
3444,18815
3444,18816
3445,18817
5143,18817
5592,18817
3445,18818
5592,18818
3445,18819
5592,18819
3445,18820
5592,18820
3445,18821
3445,18822
3445,18823
3446,18824
3446,18825
8331,18825
3446,18826
8331,18826
3447,18827
3447,18828
3447,18829
3447,18830
3447,18831
3448,18832
3449,18833
3449,18834
3449,18835
3449,18836
3449,18837
3449,18838
3449,18839
3449,18840
3449,18841
3450,18842
3450,18843
3450,18844
3450,18845
3450,18846
3450,18847
3450,18848
3450,18849
3450,18850
3450,18851
3450,18852
3450,18853
3450,18854
3450,18855
3450,18856
3450,18857
3450,18858
3450,18859
3450,18860
3450,18861
3450,18862
3450,18863
3450,18864
3450,18865
3450,18866
3450,18867
3450,18868
3450,18869
3450,18870
3450,18871
3450,18872
3450,18873
3450,18874
3450,18875
3450,18876
3450,18877
3450,18878
6316,18878
3450,18879
3450,18880
3450,18881
3450,18882
3450,18883
3450,18884
3450,18885
8559,18885
3450,18886
3451,18887
3451,18888
3452,18889
3452,18890
3452,18891
3452,18892
3452,18893
3452,18894
3452,18895
3452,18896
3452,18897
3452,18898
3452,18899
3453,18900
6004,18900
7003,18900
8335,18900
3453,18901
6519,18901
3453,18902
7141,18902
3453,18903
3453,18904
3453,18905
3453,18906
3453,18907
4952,18907
3454,18908
8338,18908
3454,18909
3454,18910
3454,18911
3456,18912
3585,18912
4535,18912
4641,18912
3458,18913
3458,18914
3458,18915
3460,18916
4355,18916
4362,18916
5955,18916
6922,18916
8509,18916
3460,18917
3460,18918
3460,18919
3460,18920
3462,18921
3607,18921
3462,18922
3462,18923
3462,18924
3462,18925
3610,18925
3462,18926
3463,18927
3463,18928
3463,18929
4092,18929
7832,18929
3463,18930
3463,18931
3463,18932
4646,18932
3464,18933
3464,18934
3467,18934
3464,18935
3464,18936
3467,18936
3465,18937
3465,18938
3466,18939
3466,18940
3466,18941
3466,18942
3466,18943
3466,18944
3467,18945
3467,18946
7889,18946
3467,18947
3467,18948
3467,18949
3468,18950
3468,18951
3468,18952
3468,18953
3473,18954
3476,18954
7149,18954
3473,18955
3476,18955
3473,18956
3476,18956
3473,18957
3476,18957
3473,18958
3476,18958
3473,18959
3476,18959
3473,18960
6449,18960
3473,18961
3476,18961
3474,18962
3474,18963
3475,18964
3475,18965
3475,18966
3475,18967
3476,18968
3476,18969
3477,18970
3477,18971
3826,18971
4058,18971
8040,18971
3477,18972
3477,18973
4838,18973
3477,18974
3478,18975
7151,18975
3478,18976
6848,18976
7904,18976
7999,18976
8803,18976
3478,18977
6704,18977
6712,18977
3478,18978
3478,18979
6413,18979
6423,18979
3478,18980
3478,18981
3478,18982
3478,18983
6797,18983
3478,18984
6504,18984
3478,18985
3478,18986
8036,18986
3478,18987
3635,18987
3793,18987
6519,18987
7307,18987
3478,18988
3478,18989
3479,18990
3481,18991
3481,18992
3481,18993
3481,18994
3481,18995
3481,18996
3481,18997
3481,18998
3481,18999
3482,19000
3482,19001
4198,19001
3483,19002
5582,19002
3483,19003
3483,19004
3484,19005
3484,19006
4174,19006
7035,19006
3484,19007
8274,19007
3484,19008
3484,19009
4709,19009
3485,19010
3485,19011
3485,19012
3841,19012
3487,19013
3487,19014
3487,19015
3487,19016
3487,19017
3487,19018
3487,19019
6386,19019
7130,19019
7266,19019
3487,19020
3488,19021
3488,19022
3488,19023
3488,19024
3957,19024
3488,19025
3488,19026
3876,19026
4334,19026
4500,19026
8585,19026
3488,19027
3488,19028
4500,19028
3489,19029
3489,19030
3489,19031
3489,19032
8398,19032
3489,19033
3981,19033
8509,19033
3489,19034
4355,19034
3489,19035
3489,19036
3490,19037
3490,19038
3490,19039
3490,19040
6308,19040
7290,19040
3490,19041
3490,19042
3490,19043
3490,19044
3492,19045
3634,19045
3492,19046
3492,19047
7283,19047
3492,19048
3492,19049
3492,19050
3492,19051
3492,19052
3492,19053
3493,19054
3494,19054
3517,19054
3702,19054
4560,19054
4692,19054
3493,19055
3494,19055
3497,19055
3517,19055
3493,19056
3494,19056
3517,19056
3493,19057
3494,19057
3517,19057
3493,19058
3494,19058
3497,19058
3517,19058
3493,19059
3494,19059
3517,19059
3493,19060
3494,19060
3517,19060
3493,19061
3494,19061
3517,19061
3495,19062
5659,19062
7307,19062
3495,19063
3495,19064
4317,19064
3495,19065
8627,19065
3495,19066
3495,19067
6378,19067
3497,19068
3595,19068
3497,19069
3498,19070
3498,19071
5346,19071
5901,19071
3499,19072
3499,19073
3499,19074
4840,19074
7367,19074
3499,19075
4086,19075
8672,19075
3499,19076
3500,19077
3500,19078
3500,19079
5023,19079
3500,19080
4646,19080
6393,19080
3500,19081
6045,19081
3500,19082
3501,19083
3502,19084
3502,19085
3502,19086
3502,19087
3502,19088
8547,19088
3503,19089
3503,19090
4872,19090
7078,19090
7624,19090
3503,19091
6326,19091
3503,19092
3503,19093
3503,19094
3503,19095
3504,19096
5444,19096
5464,19096
6714,19096
3504,19097
4156,19097
3504,19098
3504,19099
3504,19100
3504,19101
3504,19102
3506,19103
3507,19104
3507,19105
3507,19106
3507,19107
3507,19108
3507,19109
3507,19110
3507,19111
3507,19112
3507,19113
3507,19114
3508,19115
3508,19116
3508,19117
3508,19118
3510,19119
5305,19119
7825,19119
8048,19119
3511,19120
3511,19121
3511,19122
3512,19123
3512,19124
6420,19124
3512,19125
3512,19126
7659,19126
3512,19127
3512,19128
3512,19129
3514,19130
3515,19131
3515,19132
3520,19133
3520,19134
3520,19135
3520,19136
3521,19137
3522,19138
3522,19139
3640,19139
3747,19139
3522,19140
3522,19141
3522,19142
3522,19143
3522,19144
3522,19145
3523,19146
3523,19147
3523,19148
3523,19149
3523,19150
3523,19151
3523,19152
3743,19152
3523,19153
3524,19154
3524,19155
3524,19156
3524,19157
3524,19158
5209,19158
7004,19158
8443,19158
3525,19159
3525,19160
3525,19161
8364,19161
8365,19161
3525,19162
3525,19163
3525,19164
3525,19165
3525,19166
3525,19167
3525,19168
3526,19169
4843,19169
7952,19169
8010,19169
3526,19170
6703,19170
3526,19171
3527,19172
3583,19172
5345,19172
6697,19172
3527,19173
3527,19174
3527,19175
3527,19176
3527,19177
3527,19178
3528,19179
4630,19179
6663,19179
7516,19179
8127,19179
8259,19179
8342,19179
8805,19179
3531,19180
4454,19180
4457,19180
4598,19180
5473,19180
3531,19181
3531,19182
7138,19182
3532,19183
3532,19184
3532,19185
3532,19186
3532,19187
3532,19188
3532,19189
3533,19190
3533,19191
3533,19192
3533,19193
3533,19194
4304,19194
6025,19194
3533,19195
3534,19196
6909,19196
3534,19197
3534,19198
3535,19199
7461,19199
3535,19200
3535,19201
4642,19201
7559,19201
8421,19201
3536,19202
3536,19203
3537,19204
3537,19205
3537,19206
3537,19207
4192,19207
7834,19207
3537,19208
3537,19209
3537,19210
3537,19211
3538,19212
3933,19212
4062,19212
3538,19213
3538,19214
7583,19214
3542,19215
3738,19215
4745,19215
3543,19216
3543,19217
3543,19218
3543,19219
3543,19220
3543,19221
3543,19222
3543,19223
3543,19224
3543,19225
3545,19226
5145,19226
5492,19226
3545,19227
8730,19227
3545,19228
5903,19228
3545,19229
3546,19230
3546,19231
3546,19232
3546,19233
3546,19234
3547,19235
3547,19236
3547,19237
3547,19238
3547,19239
3547,19240
3547,19241
7074,19241
3548,19242
3548,19243
4749,19243
3548,19244
3548,19245
3548,19246
3548,19247
3548,19248
3548,19249
3548,19250
3548,19251
3548,19252
3548,19253
3549,19254
3889,19254
4884,19254
3549,19255
4884,19255
3549,19256
3549,19257
4884,19257
3549,19258
3549,19259
3889,19259
3549,19260
3549,19261
3550,19262
3550,19263
3550,19264
3550,19265
3550,19266
6220,19266
3550,19267
6197,19267
3550,19268
3550,19269
3550,19270
3551,19271
3551,19272
3552,19273
4964,19273
3552,19274
3775,19274
5837,19274
5877,19274
6201,19274
7507,19274
3553,19275
3553,19276
3720,19276
3553,19277
3553,19278
3553,19279
3553,19280
3553,19281
3553,19282
3554,19283
4832,19283
4833,19283
4857,19283
3555,19284
3764,19284
4068,19284
4673,19284
3555,19285
3555,19286
4068,19286
3555,19287
3556,19288
3556,19289
3556,19290
3556,19291
3556,19292
3556,19293
3556,19294
3557,19295
3557,19296
3557,19297
3558,19298
3561,19299
3561,19300
3561,19301
3561,19302
3561,19303
3561,19304
4264,19304
3561,19305
3562,19306
3562,19307
3562,19308
3562,19309
5841,19309
7009,19309
8073,19309
3562,19310
3562,19311
3562,19312
3562,19313
3562,19314
3562,19315
3562,19316
3562,19317
3562,19318
3562,19319
3562,19320
3562,19321
3562,19322
3562,19323
3563,19324
3563,19325
3563,19326
3563,19327
3563,19328
3564,19329
3564,19330
3564,19331
3564,19332
4586,19332
3564,19333
4561,19333
8171,19333
3565,19334
3565,19335
3565,19336
4445,19336
7937,19336
7938,19336
3565,19337
4426,19337
4438,19337
3566,19338
3566,19339
3566,19340
3567,19341
3567,19342
3567,19343
3567,19344
3567,19345
3569,19346
3570,19346
3571,19346
3569,19347
3570,19347
3571,19347
3572,19348
3572,19349
3718,19349
3572,19350
3573,19351
3575,19352
3576,19353
3576,19354
5464,19354
3576,19355
3576,19356
3576,19357
3576,19358
3576,19359
4114,19359
3577,19360
3577,19361
7035,19361
3577,19362
6694,19362
3577,19363
3577,19364
3577,19365
3577,19366
3578,19367
5171,19367
5356,19367
3578,19368
3578,19369
3578,19370
3578,19371
3578,19372
3578,19373
3578,19374
3578,19375
3578,19376
3579,19377
3580,19378
4679,19378
3580,19379
3580,19380
3580,19381
5361,19381
3580,19382
3580,19383
4932,19383
3580,19384
3580,19385
3580,19386
3580,19387
3580,19388
3581,19389
3581,19390
3581,19391
7241,19391
3581,19392
3581,19393
3581,19394
7194,19394
3582,19395
4463,19395
5888,19395
3582,19396
4044,19396
8090,19396
8270,19396
3582,19397
3582,19398
3583,19399
5994,19399
3583,19400
3583,19401
8530,19401
3584,19402
5346,19402
5901,19402
8046,19402
3584,19403
6511,19403
3586,19404
3586,19405
3586,19406
3586,19407
3586,19408
3586,19409
3586,19410
3586,19411
3586,19412
3586,19413
3586,19414
3586,19415
3586,19416
3586,19417
3586,19418
3586,19419
3586,19420
3586,19421
3586,19422
3586,19423
3587,19424
3587,19425
4367,19425
3587,19426
3653,19426
5059,19426
5266,19426
5551,19426
3587,19427
3587,19428
3587,19429
5773,19429
3587,19430
3588,19431
3588,19432
3588,19433
3588,19434
3588,19435
3588,19436
3588,19437
3588,19438
3588,19439
3588,19440
3588,19441
3588,19442
3588,19443
3589,19444
3589,19445
3589,19446
3738,19446
5299,19446
3589,19447
3589,19448
4753,19448
3591,19449
3591,19450
5290,19450
3591,19451
3591,19452
4273,19452
3592,19453
3594,19454
4444,19454
3594,19455
4440,19455
4497,19455
4887,19455
3594,19456
3594,19457
4286,19457
3594,19458
3594,19459
7459,19459
3595,19460
4447,19460
3595,19461
3595,19462
3595,19463
3595,19464
3595,19465
3596,19466
3598,19467
3598,19468
3598,19469
4096,19469
3598,19470
3599,19471
3601,19472
3601,19473
3601,19474
5038,19474
3601,19475
3601,19476
3601,19477
7961,19477
3601,19478
3601,19479
3602,19480
8403,19480
3602,19481
3602,19482
3602,19483
6663,19483
8493,19483
3603,19484
3603,19485
3662,19485
3603,19486
3603,19487
3604,19488
4372,19488
3604,19489
3604,19490
3605,19491
3605,19492
3605,19493
3606,19494
3606,19495
5899,19495
3606,19496
3607,19497
3607,19498
3607,19499
3607,19500
3607,19501
3607,19502
3608,19503
5006,19503
3608,19504
3609,19505
5114,19505
3609,19506
6158,19506
3609,19507
3609,19508
8439,19508
3609,19509
3609,19510
3610,19511
3611,19511
3610,19512
3610,19513
3610,19514
3611,19515
3611,19516
3611,19517
3611,19518
3612,19519
4780,19519
3612,19520
3613,19521
3853,19521
8108,19521
3613,19522
3614,19523
3614,19524
3614,19525
3615,19526
3957,19526
3615,19527
3615,19528
3615,19529
3615,19530
3615,19531
3853,19531
3616,19532
6037,19532
7205,19532
8196,19532
3616,19533
3616,19534
3616,19535
3616,19536
5893,19536
3616,19537
5865,19537
7947,19537
3616,19538
3616,19539
3617,19540
3618,19541
3619,19542
3619,19543
3619,19544
3624,19545
3624,19546
3624,19547
3624,19548
3625,19549
3625,19550
3625,19551
3625,19552
3626,19553
3981,19553
3626,19554
3626,19555
3626,19556
3626,19557
3626,19558
3626,19559
3626,19560
3626,19561
5535,19561
3626,19562
3627,19563
3629,19564
3629,19565
3631,19566
6160,19566
3631,19567
3631,19568
3631,19569
3631,19570
3631,19571
3632,19572
3632,19573
3632,19574
3632,19575
3632,19576
3632,19577
3633,19578
3633,19579
3633,19580
3633,19581
4212,19581
3633,19582
3634,19583
3634,19584
3634,19585
3634,19586
3634,19587
3634,19588
4671,19588
3634,19589
3634,19590
3634,19591
3635,19592
6047,19592
6855,19592
7151,19592
7400,19592
3635,19593
3637,19594
3637,19595
3681,19595
4138,19595
4319,19595
3637,19596
3795,19596
5102,19596
5176,19596
5303,19596
3637,19597
3637,19598
5658,19598
5831,19598
3637,19599
3637,19600
3637,19601
7146,19601
3637,19602
3638,19603
3638,19604
3638,19605
3638,19606
3638,19607
3638,19608
3639,19609
3639,19610
3639,19611
3639,19612
4970,19612
3640,19613
3640,19614
4004,19614
5104,19614
3640,19615
3640,19616
3640,19617
6003,19617
7329,19617
3640,19618
3640,19619
3640,19620
3640,19621
3641,19622
4995,19622
8108,19622
3641,19623
3641,19624
3641,19625
3641,19626
3642,19627
3642,19628
6436,19628
3642,19629
3643,19630
4952,19630
3643,19631
3643,19632
3643,19633
3663,19633
3643,19634
3643,19635
3645,19636
4142,19636
5161,19636
5242,19636
3645,19637
5161,19637
5302,19637
6237,19637
6242,19637
3648,19638
4471,19638
7545,19638
3648,19639
4342,19639
4343,19639
3648,19640
3648,19641
3648,19642
3648,19643
3832,19643
4334,19643
6453,19643
3648,19644
3648,19645
3648,19646
3648,19647
3649,19648
3650,19648
3651,19648
3649,19649
3649,19650
3649,19651
3649,19652
3649,19653
3649,19654
3649,19655
3649,19656
3650,19657
3692,19657
7824,19657
3650,19658
3651,19658
3650,19659
3650,19660
3650,19661
3650,19662
7041,19662
8033,19662
3650,19663
3650,19664
4029,19664
4338,19664
4339,19664
4624,19664
8034,19664
3651,19665
5875,19665
5991,19665
6861,19665
7698,19665
3651,19666
3651,19667
4471,19667
7240,19667
3651,19668
3651,19669
3651,19670
3651,19671
3651,19672
7391,19672
7641,19672
3651,19673
3652,19674
3652,19675
3652,19676
3652,19677
3652,19678
3652,19679
3652,19680
3652,19681
3652,19682
3652,19683
3653,19684
3653,19685
5266,19685
5374,19685
3653,19686
3653,19687
5736,19687
3653,19688
3987,19688
4292,19688
4367,19688
5065,19688
3653,19689
4117,19689
3653,19690
3656,19691
3656,19692
3656,19693
3656,19694
3656,19695
6967,19695
7397,19695
3656,19696
3657,19697
3657,19698
3657,19699
4305,19699
3657,19700
3657,19701
3657,19702
3658,19703
7126,19703
3658,19704
7044,19704
3658,19705
6001,19705
8047,19705
3659,19706
6734,19706
7096,19706
7266,19706
7993,19706
8592,19706
3659,19707
5548,19707
5697,19707
3659,19708
7389,19708
3659,19709
5697,19709
3660,19710
7457,19710
3660,19711
4635,19711
3660,19712
4518,19712
3660,19713
3661,19714
3661,19715
3661,19716
3661,19717
3661,19718
3661,19719
3661,19720
3661,19721
3661,19722
3662,19723
3662,19724
3963,19724
5967,19724
3662,19725
3662,19726
8648,19726
3662,19727
3662,19728
3662,19729
3663,19730
3663,19731
3663,19732
7462,19732
3663,19733
3663,19734
3663,19735
7957,19735
3663,19736
3663,19737
3664,19738
3664,19739
3664,19740
3664,19741
3665,19741
5610,19741
3664,19742
3664,19743
3664,19744
3664,19745
3665,19746
3665,19747
3666,19748
3668,19749
4292,19749
5720,19749
6779,19749
7639,19749
7640,19749
3668,19750
6028,19750
7299,19750
8543,19750
3668,19751
3669,19752
4767,19752
3669,19753
3669,19754
3669,19755
3669,19756
4883,19756
3670,19757
3670,19758
3670,19759
3670,19760
3670,19761
3670,19762
3670,19763
3670,19764
3670,19765
3670,19766
3670,19767
3670,19768
3670,19769
3671,19770
3671,19771
3671,19772
5499,19772
3672,19773
3672,19774
3673,19775
5527,19775
5529,19775
3673,19776
3674,19777
3674,19778
3674,19779
3674,19780
3674,19781
3691,19781
3675,19782
3675,19783
3675,19784
3675,19785
3675,19786
3675,19787
3675,19788
3675,19789
3675,19790
3675,19791
3676,19792
5547,19792
3676,19793
3676,19794
7355,19794
3676,19795
3681,19796
4138,19796
4319,19796
3681,19797
4138,19797
4319,19797
3681,19798
3681,19799
3681,19800
4138,19800
4319,19800
3681,19801
3681,19802
4138,19802
4319,19802
3681,19803
7207,19803
3681,19804
4138,19804
3681,19805
3681,19806
3681,19807
4138,19807
3683,19808
3683,19809
3683,19810
3683,19811
3683,19812
3683,19813
3685,19814
3685,19815
3685,19816
4049,19816
4743,19816
3686,19817
5201,19817
3686,19818
7194,19818
3686,19819
5201,19819
3687,19820
3687,19821
3687,19822
3687,19823
6880,19823
3687,19824
3687,19825
3688,19826
3688,19827
3688,19828
3688,19829
3689,19830
3689,19831
3689,19832
3689,19833
3689,19834
3689,19835
7863,19835
3689,19836
3689,19837
3690,19838
4841,19838
3690,19839
6997,19839
7261,19839
8575,19839
3690,19840
3690,19841
3691,19842
3957,19842
4128,19842
3691,19843
3692,19844
3693,19845
6237,19845
6238,19845
3695,19846
3696,19847
3696,19848
4150,19848
3696,19849
7111,19849
3697,19850
3697,19851
3699,19852
3699,19853
3699,19854
3699,19855
6230,19855
3699,19856
3699,19857
3700,19858
3766,19858
3700,19859
8800,19859
3700,19860
3702,19861
4482,19861
5335,19861
5336,19861
5337,19861
5338,19861
5339,19861
5340,19861
5500,19861
7184,19861
3702,19862
3702,19863
4225,19863
3702,19864
3702,19865
3704,19866
3706,19867
3706,19868
3707,19869
3707,19870
3707,19871
3707,19872
3707,19873
3707,19874
3707,19875
3707,19876
3709,19877
3709,19878
3710,19879
3711,19880
3711,19881
3711,19882
3711,19883
3711,19884
3711,19885
3711,19886
3713,19887
3714,19888
5009,19888
5630,19888
3714,19889
4572,19889
3714,19890
3784,19890
4840,19890
5963,19890
6404,19890
7382,19890
3714,19891
7926,19891
3718,19892
4014,19892
7391,19892
3718,19893
8030,19893
3718,19894
3718,19895
3719,19896
5331,19896
3719,19897
3719,19898
4214,19898
3719,19899
3719,19900
8709,19900
3720,19901
3720,19902
3720,19903
3861,19903
7265,19903
3720,19904
3720,19905
3720,19906
3720,19907
4407,19907
3720,19908
3720,19909
4825,19909
3720,19910
3720,19911
3720,19912
3721,19913
3725,19913
3729,19913
3721,19914
3725,19914
3729,19914
3721,19915
3725,19915
3729,19915
3723,19916
3723,19917
3723,19918
3723,19919
3725,19920
3726,19921
3726,19922
3726,19923
8299,19923
8422,19923
3730,19924
6166,19924
6233,19924
6294,19924
6888,19924
7118,19924
7119,19924
8121,19924
3730,19925
3730,19926
3751,19926
7476,19926
3730,19927
3731,19928
3731,19929
3731,19930
3731,19931
3731,19932
3732,19933
3732,19934
3732,19935
3732,19936
3732,19937
3735,19938
3735,19939
3735,19940
3735,19941
3736,19942
3736,19943
3736,19944
3736,19945
6559,19945
3736,19946
3736,19947
3736,19948
3736,19949
3737,19950
3737,19951
3738,19952
5477,19952
5655,19952
7218,19952
3738,19953
4983,19953
3740,19954
6542,19954
7870,19954
3740,19955
3740,19956
3740,19957
3741,19958
3743,19959
3743,19960
3743,19961
3743,19962
3743,19963
3955,19963
3743,19964
3743,19965
3743,19966
3743,19967
3745,19968
3745,19969
3745,19970
4120,19970
7509,19970
3745,19971
3745,19972
3746,19973
3747,19974
3747,19975
3747,19976
5502,19976
3747,19977
3747,19978
3747,19979
3747,19980
3747,19981
8547,19981
3748,19982
3748,19983
3748,19984
3748,19985
3748,19986
6543,19986
3748,19987
3748,19988
3748,19989
3748,19990
3748,19991
3748,19992
3748,19993
3749,19994
3749,19995
3749,19996
3749,19997
3749,19998
7464,19998
7984,19998
3749,19999
3749,20000
3749,20001
3749,20002
3749,20003
3749,20004
6560,20004
7464,20004
3749,20005
3750,20006
3750,20007
6040,20007
8690,20007
3751,20008
4613,20008
6758,20008
8146,20008
3751,20009
3915,20009
4442,20009
4797,20009
7036,20009
7533,20009
8009,20009
3751,20010
5575,20010
6523,20010
6695,20010
3752,20011
3752,20012
3752,20013
3753,20014
4820,20014
5322,20014
8019,20014
8233,20014
8415,20014
8416,20014
8417,20014
3753,20015
5322,20015
7772,20015
8498,20015
3753,20016
7986,20016
3754,20017
5345,20017
6493,20017
8335,20017
3754,20018
4263,20018
6493,20018
7810,20018
8662,20018
3754,20019
3964,20019
4168,20019
4362,20019
5831,20019
3754,20020
4877,20020
5741,20020
3755,20021
3755,20022
6679,20022
6698,20022
3755,20023
3755,20024
6560,20024
3755,20025
3755,20026
3755,20027
6679,20027
3755,20028
3755,20029
3755,20030
6679,20030
3755,20031
3756,20032
3756,20033
3756,20034
3756,20035
3756,20036
3756,20037
3756,20038
3757,20039
5990,20039
3758,20040
4625,20040
3758,20041
3758,20042
3758,20043
4375,20043
3760,20044
3760,20045
3760,20046
3760,20047
3760,20048
3760,20049
3760,20050
3760,20051
3761,20052
3762,20053
3762,20054
3762,20055
3762,20056
3762,20057
3762,20058
3762,20059
3762,20060
3762,20061
3762,20062
3763,20063
7517,20063
8584,20063
3763,20064
3763,20065
5810,20065
6258,20065
3763,20066
7897,20066
3763,20067
3764,20068
5375,20068
5508,20068
3764,20069
3764,20070
3764,20071
4717,20071
3764,20072
3764,20073
3764,20074
3764,20075
3764,20076
3765,20077
3765,20078
3766,20079
3769,20079
4359,20079
5421,20079
3766,20080
3769,20080
4336,20080
4695,20080
3767,20081
3767,20082
3767,20083
3767,20084
3768,20085
3768,20086
3768,20087
3768,20088
3768,20089
3768,20090
3770,20091
4142,20091
6238,20091
6244,20091
8103,20091
3771,20092
5186,20092
8149,20092
3771,20093
3771,20094
8149,20094
3771,20095
4143,20095
5047,20095
3771,20096
3771,20097
3771,20098
3771,20099
3771,20100
3772,20101
3772,20102
4631,20102
6746,20102
7311,20102
7427,20102
3773,20103
3773,20104
3773,20105
3773,20106
3773,20107
5601,20107
3774,20108
3774,20109
3775,20110
4292,20110
6098,20110
7818,20110
8140,20110
8252,20110
3775,20111
7140,20111
3775,20112
3775,20113
5471,20113
3775,20114
3775,20115
3775,20116
5058,20116
3775,20117
4295,20117
3775,20118
3775,20119
5065,20119
6187,20119
3775,20120
6326,20120
3775,20121
3775,20122
3775,20123
5127,20123
3775,20124
4383,20124
5889,20124
3775,20125
7207,20125
3775,20126
7871,20126
3775,20127
4263,20127
5366,20127
5626,20127
7392,20127
7726,20127
8628,20127
3775,20128
3909,20128
7400,20128
3775,20129
4263,20129
6326,20129
3775,20130
4096,20130
5151,20130
6841,20130
3775,20131
3909,20131
5060,20131
6717,20131
7733,20131
8083,20131
3775,20132
4263,20132
4297,20132
3775,20133
6161,20133
3776,20134
4650,20134
3776,20135
3777,20136
5209,20136
3780,20137
3830,20137
3781,20138
7832,20138
8118,20138
3781,20139
3781,20140
4328,20140
7832,20140
3781,20141
3782,20142
3782,20143
3782,20144
3782,20145
3783,20146
3783,20147
3783,20148
3783,20149
3784,20150
8000,20150
3784,20151
3784,20152
3784,20153
3784,20154
3784,20155
3784,20156
3785,20157
4863,20157
3786,20158
3786,20159
3786,20160
3786,20161
3786,20162
3786,20163
3786,20164
3787,20165
8712,20165
3787,20166
3787,20167
3787,20168
4335,20168
3787,20169
7240,20169
3787,20170
3787,20171
3788,20172
6283,20172
6881,20172
7203,20172
7485,20172
8660,20172
3788,20173
3788,20174
5130,20174
3788,20175
3791,20176
4458,20176
4497,20176
7463,20176
3791,20177
3791,20178
3791,20179
3791,20180
3791,20181
3792,20182
3792,20183
3792,20184
7677,20184
3792,20185
3792,20186
7677,20186
3792,20187
3792,20188
3793,20189
6884,20189
3793,20190
3793,20191
7946,20191
3793,20192
3793,20193
3793,20194
3793,20195
3793,20196
6138,20196
7238,20196
3794,20197
3794,20198
3794,20199
3794,20200
3795,20201
3828,20201
4363,20201
3795,20202
3795,20203
7151,20203
3795,20204
3795,20205
3795,20206
3795,20207
5060,20207
3795,20208
4961,20208
3795,20209
3797,20210
3798,20211
3798,20212
3798,20213
3799,20214
3799,20215
3799,20216
3799,20217
3799,20218
7137,20218
8346,20218
8381,20218
3799,20219
3799,20220
3799,20221
3799,20222
7087,20222
3799,20223
3799,20224
3799,20225
3799,20226
3799,20227
3800,20228
3800,20229
5695,20229
3800,20230
3800,20231
7946,20231
3800,20232
3800,20233
4975,20233
6138,20233
3800,20234
3801,20235
3801,20236
3801,20237
3801,20238
3802,20239
5591,20239
3802,20240
5278,20240
3802,20241
3802,20242
3802,20243
3802,20244
3802,20245
3960,20245
5108,20245
6147,20245
3802,20246
3802,20247
8385,20247
3803,20248
5614,20248
3803,20249
7006,20249
3803,20250
3928,20250
6226,20250
3803,20251
5386,20251
7710,20251
8390,20251
3803,20252
3803,20253
3803,20254
3805,20255
3805,20256
3805,20257
3807,20258
4287,20258
3807,20259
4287,20259
3807,20260
4287,20260
3807,20261
4287,20261
3808,20262
6679,20262
7464,20262
3808,20263
3808,20264
6560,20264
8178,20264
8359,20264
3808,20265
6560,20265
3808,20266
3813,20267
3813,20268
3813,20269
6328,20269
3813,20270
3813,20271
3813,20272
3813,20273
3814,20274
4022,20274
4048,20274
6856,20274
3814,20275
3814,20276
4469,20276
3816,20277
3817,20278
3817,20279
3817,20280
6658,20280
3817,20281
3817,20282
3817,20283
5450,20283
6395,20283
3818,20284
6886,20284
3818,20285
8358,20285
3818,20286
8358,20286
3818,20287
3818,20288
4130,20288
6577,20288
8294,20288
3818,20289
3818,20290
3819,20291
3819,20292
3819,20293
6182,20293
3819,20294
3819,20295
3819,20296
3819,20297
3819,20298
3820,20299
3820,20300
3820,20301
4686,20301
8689,20301
3820,20302
3820,20303
3820,20304
3820,20305
3820,20306
3820,20307
3821,20308
3821,20309
4627,20309
4813,20309
8426,20309
3821,20310
5611,20310
5756,20310
3822,20311
5559,20311
3822,20312
4203,20312
4899,20312
3822,20313
5033,20313
3822,20314
3823,20315
3823,20316
3982,20316
4358,20316
4559,20316
4670,20316
5021,20316
6602,20316
8146,20316
3823,20317
4756,20317
4886,20317
7188,20317
3823,20318
3823,20319
3823,20320
3823,20321
3823,20322
3824,20323
3824,20324
5598,20324
3824,20325
3824,20326
3825,20327
3825,20328
3825,20329
3825,20330
3825,20331
3826,20332
6086,20332
6916,20332
6998,20332
3826,20333
3826,20334
6645,20334
3826,20335
6645,20335
3826,20336
7064,20336
3826,20337
3827,20338
4989,20338
3828,20339
3828,20340
5180,20340
7056,20340
3828,20341
7621,20341
7904,20341
3828,20342
3828,20343
4952,20343
3828,20344
3828,20345
3828,20346
6050,20346
6117,20346
3828,20347
3828,20348
6656,20348
6730,20348
7956,20348
3828,20349
7205,20349
3831,20350
3832,20351
7285,20351
7861,20351
3832,20352
3832,20353
3832,20354
4343,20354
3832,20355
3832,20356
3833,20357
3833,20358
3833,20359
3833,20360
3834,20361
3834,20362
3834,20363
3834,20364
3834,20365
3835,20366
3835,20367
7304,20367
7358,20367
3835,20368
3835,20369
4149,20369
7154,20369
8204,20369
3835,20370
3836,20371
4121,20371
8755,20371
3836,20372
4971,20372
3836,20373
4520,20373
5126,20373
3839,20374
8618,20374
3839,20375
6208,20375
6820,20375
3839,20376
3839,20377
3839,20378
3839,20379
3839,20380
3839,20381
3840,20382
5383,20382
3840,20383
5383,20383
3840,20384
3840,20385
3841,20386
3841,20387
3841,20388
5865,20388
3841,20389
3841,20390
3841,20391
3841,20392
4511,20392
4658,20392
3841,20393
3841,20394
6070,20394
3841,20395
3842,20396
5176,20396
5381,20396
3842,20397
4913,20397
7031,20397
7032,20397
3842,20398
3842,20399
3843,20400
3844,20401
3844,20402
3844,20403
3844,20404
3844,20405
3844,20406
3844,20407
3844,20408
3844,20409
3845,20410
3847,20410
3845,20411
3845,20412
3845,20413
3848,20413
3846,20414
3846,20415
7724,20415
3846,20416
3846,20417
3846,20418
3846,20419
3846,20420
3846,20421
3847,20422
3847,20423
3849,20423
5185,20423
3847,20424
7217,20424
3847,20425
3848,20426
3848,20427
5140,20427
3848,20428
3848,20429
3848,20430
3848,20431
3848,20432
3849,20433
3849,20434
3849,20435
3850,20436
3850,20437
3852,20437
4909,20437
3850,20438
3850,20439
3850,20440
3852,20440
3850,20441
3851,20442
4909,20442
5216,20442
5217,20442
6102,20442
6858,20442
3851,20443
8393,20443
3851,20444
4914,20444
3851,20445
8393,20445
3852,20446
3852,20447
3852,20448
3852,20449
3852,20450
3852,20451
3853,20452
3853,20453
3853,20454
3853,20455
3854,20456
3854,20457
4036,20457
3855,20458
4013,20458
3855,20459
3997,20459
5965,20459
3855,20460
4036,20460
3855,20461
3856,20462
3950,20462
3856,20463
3857,20464
3857,20465
3857,20466
4904,20466
3857,20467
3857,20468
3859,20469
3859,20470
3859,20471
3859,20472
4343,20472
3859,20473
7348,20473
7641,20473
8410,20473
3859,20474
3859,20475
3859,20476
3859,20477
3859,20478
3859,20479
6381,20479
3859,20480
3859,20481
3859,20482
3861,20483
3861,20484
3861,20485
3861,20486
3861,20487
3861,20488
3861,20489
3861,20490
3862,20491
3862,20492
7891,20492
3862,20493
3862,20494
3862,20495
3862,20496
7503,20496
3863,20497
4709,20497
5076,20497
5533,20497
6891,20497
3863,20498
4768,20498
4769,20498
5374,20498
3863,20499
4932,20499
3863,20500
4910,20500
3863,20501
3863,20502
4903,20502
8078,20502
3863,20503
3864,20504
8643,20504
8783,20504
3864,20505
3865,20506
3865,20507
3866,20508
3866,20509
3866,20510
3866,20511
3867,20512
8312,20512
3867,20513
3867,20514
3867,20515
5073,20515
6398,20515
3867,20516
3868,20517
4747,20517
6885,20517
8370,20517
8442,20517
3868,20518
4761,20518
5690,20518
6520,20518
7536,20518
3869,20519
3869,20520
3869,20521
4426,20521
4445,20521
4557,20521
4575,20521
4585,20521
4586,20521
4600,20521
4604,20521
6570,20521
3869,20522
4438,20522
4596,20522
7142,20522
3869,20523
3869,20524
3869,20525
4586,20525
3870,20526
3871,20527
3872,20528
7013,20528
3872,20529
3873,20530
3874,20531
3874,20532
7474,20532
3874,20533
3874,20534
5255,20534
3874,20535
3874,20536
3874,20537
3874,20538
3875,20539
3875,20540
3875,20541
3875,20542
3875,20543
3876,20544
4343,20544
3876,20545
3876,20546
4344,20546
7346,20546
3876,20547
3876,20548
3876,20549
4330,20549
7968,20549
8410,20549
3877,20550
3877,20551
3877,20552
3881,20552
3883,20552
3877,20553
3877,20554
3877,20555
3877,20556
3877,20557
3878,20558
5658,20558
5891,20558
3879,20559
4343,20559
5842,20559
3879,20560
3879,20561
3879,20562
3879,20563
3879,20564
3879,20565
3879,20566
3879,20567
3880,20568
3880,20569
3881,20570
3883,20570
3898,20570
5438,20570
3881,20571
3882,20571
3883,20571
3881,20572
3883,20572
3881,20573
3882,20573
3881,20574
3881,20575
3883,20575
3881,20576
3881,20577
3881,20578
3881,20579
3882,20579
4172,20579
4180,20579
4217,20579
5764,20579
3882,20580
5730,20580
5733,20580
5769,20580
3882,20581
3882,20582
3882,20583
5778,20583
8720,20583
3882,20584
3898,20584
3882,20585
3882,20586
3882,20587
3883,20588
3883,20589
3884,20590
3884,20591
3884,20592
3885,20593
6272,20593
8065,20593
3885,20594
8619,20594
3885,20595
3886,20596
3886,20597
3887,20598
3887,20599
3887,20600
3887,20601
3887,20602
6409,20602
3887,20603
4381,20603
3887,20604
3888,20605
3888,20606
3888,20607
5352,20607
3888,20608
3888,20609
3888,20610
3888,20611
3888,20612
3889,20613
3889,20614
3889,20615
3889,20616
3890,20617
5582,20617
7246,20617
3890,20618
3890,20619
3890,20620
3890,20621
5582,20621
7247,20621
7296,20621
3891,20622
3891,20623
3891,20624
3894,20625
5204,20625
3895,20626
3895,20627
3895,20628
3895,20629
3895,20630
3895,20631
3895,20632
3895,20633
3895,20634
3895,20635
3897,20636
3898,20637
5704,20637
5729,20637
5767,20637
3898,20638
3898,20639
5772,20639
3898,20640
3899,20641
3900,20642
3900,20643
3901,20644
3901,20645
7768,20645
3901,20646
3901,20647
3901,20648
5353,20648
5357,20648
3901,20649
3902,20650
3902,20651
3902,20652
3902,20653
3902,20654
3902,20655
3902,20656
3902,20657
3902,20658
3902,20659
3903,20660
3903,20661
6489,20661
3903,20662
3903,20663
3903,20664
3903,20665
3903,20666
3903,20667
3903,20668
3903,20669
3903,20670
3903,20671
3903,20672
3903,20673
3904,20674
4929,20674
5319,20674
5369,20674
8010,20674
3904,20675
3904,20676
3904,20677
3905,20678
3905,20679
3905,20680
5650,20680
3906,20681
8447,20681
3906,20682
3906,20683
3906,20684
7267,20684
7328,20684
3906,20685
8532,20685
3907,20686
4221,20686
4836,20686
3909,20687
4974,20687
3909,20688
6645,20688
3909,20689
7733,20689
8117,20689
3909,20690
5098,20690
3911,20691
3911,20692
3916,20692
8770,20692
3912,20693
7080,20693
3912,20694
7361,20694
3912,20695
3912,20696
3912,20697
4589,20697
5963,20697
3914,20698
4450,20698
6299,20698
3914,20699
3914,20700
6104,20700
3914,20701
3915,20702
4103,20702
3915,20703
6565,20703
7720,20703
3915,20704
6104,20704
3916,20705
4791,20705
3916,20706
3917,20707
3917,20708
3917,20709
6565,20709
7395,20709
7846,20709
3917,20710
3917,20711
3917,20712
3917,20713
3918,20714
4886,20714
3919,20715
3919,20716
3919,20717
3919,20718
3919,20719
3919,20720
3919,20721
3919,20722
7941,20722
3919,20723
3920,20724
3920,20725
3920,20726
3920,20727
3920,20728
3920,20729
3920,20730
6799,20730
8299,20730
3921,20731
8191,20731
3921,20732
3921,20733
3921,20734
3921,20735
3922,20736
4007,20736
4676,20736
5239,20736
3923,20737
3923,20738
6071,20738
3923,20739
3924,20739
3923,20740
3923,20741
3923,20742
6548,20742
3924,20743
3924,20744
3924,20745
3924,20746
6548,20746
3924,20747
3924,20748
3924,20749
3924,20750
3926,20751
3926,20752
3927,20753
6143,20753
3927,20754
3927,20755
3927,20756
3927,20757
3928,20758
3929,20759
3929,20760
3929,20761
3929,20762
3931,20763
3931,20764
3931,20765
3933,20766
4062,20766
7940,20766
3933,20767
4062,20767
3933,20768
4062,20768
3933,20769
4062,20769
3933,20770
4062,20770
3933,20771
4062,20771
3934,20772
3940,20772
7163,20772
3934,20773
3940,20773
3934,20774
3940,20774
3936,20775
3936,20776
3936,20777
3936,20778
3936,20779
3936,20780
3936,20781
3936,20782
3937,20783
3937,20784
3937,20785
3937,20786
3937,20787
3937,20788
3937,20789
3937,20790
3937,20791
3937,20792
3937,20793
3937,20794
5556,20794
3937,20795
4265,20795
5150,20795
3937,20796
3938,20797
3938,20798
6016,20798
3938,20799
3941,20800
3941,20801
3941,20802
3941,20803
5465,20803
6837,20803
7196,20803
3941,20804
3941,20805
3941,20806
5957,20806
3941,20807
3941,20808
3941,20809
3942,20810
3942,20811
3942,20812
3942,20813
3942,20814
3942,20815
3942,20816
3943,20817
4310,20817
5070,20817
3943,20818
8042,20818
3943,20819
3943,20820
3943,20821
3943,20822
3943,20823
3943,20824
3943,20825
3943,20826
3943,20827
3943,20828
3943,20829
3943,20830
3943,20831
4111,20831
3943,20832
3944,20833
4652,20833
3944,20834
3944,20835
4435,20835
7964,20835
3945,20836
3945,20837
4751,20837
3945,20838
7306,20838
7464,20838
3945,20839
4751,20839
3945,20840
3945,20841
3945,20842
3945,20843
3945,20844
4751,20844
3945,20845
3946,20846
5111,20846
7921,20846
3946,20847
3947,20848
3947,20849
3947,20850
3947,20851
3947,20852
3947,20853
3949,20854
4196,20854
6021,20854
6269,20854
8510,20854
3950,20855
3950,20856
3950,20857
3950,20858
3950,20859
3951,20860
3951,20861
4098,20861
4503,20861
6025,20861
3951,20862
3952,20863
3952,20864
3952,20865
3952,20866
3952,20867
3955,20868
4823,20868
3955,20869
3955,20870
3955,20871
3955,20872
8589,20872
3955,20873
3955,20874
3955,20875
3955,20876
3956,20877
3956,20878
3956,20879
3956,20880
4715,20880
3956,20881
3956,20882
6442,20882
3956,20883
3956,20884
3957,20885
8331,20885
3957,20886
3958,20887
4689,20887
6992,20887
3958,20888
3958,20889
3958,20890
3959,20891
3959,20892
4983,20892
3959,20893
3959,20894
3959,20895
3960,20896
3960,20897
3960,20898
5094,20898
3960,20899
3960,20900
3960,20901
3960,20902
3960,20903
3961,20904
3961,20905
3961,20906
5892,20906
3961,20907
3961,20908
3961,20909
3961,20910
3962,20911
3962,20912
3962,20913
3962,20914
3962,20915
3962,20916
3962,20917
3963,20918
5967,20918
3963,20919
5967,20919
3963,20920
5967,20920
3963,20921
5967,20921
3963,20922
5967,20922
3963,20923
5967,20923
7833,20923
3964,20924
8246,20924
3964,20925
3964,20926
3964,20927
3964,20928
3964,20929
3965,20930
3965,20931
3965,20932
3965,20933
3965,20934
3965,20935
3965,20936
3965,20937
3965,20938
3965,20939
5105,20939
3965,20940
3965,20941
3965,20942
3967,20943
4643,20943
4820,20943
6245,20943
7685,20943
8055,20943
8345,20943
8518,20943
3967,20944
6138,20944
3969,20945
3969,20946
3969,20947
3969,20948
3969,20949
3969,20950
3969,20951
3970,20952
3970,20953
3970,20954
3970,20955
6780,20955
3970,20956
3970,20957
6867,20957
8310,20957
3970,20958
3970,20959
3971,20960
3971,20961
3971,20962
3971,20963
3971,20964
3971,20965
3971,20966
3971,20967
3971,20968
3972,20969
3972,20970
5883,20970
3972,20971
3973,20972
3973,20973
4161,20973
3973,20974
3973,20975
3973,20976
3973,20977
4501,20977
3973,20978
3973,20979
3974,20980
3974,20981
3974,20982
3974,20983
4161,20983
3974,20984
8726,20984
3976,20985
3976,20986
3976,20987
3976,20988
4447,20988
4608,20988
3976,20989
3976,20990
3977,20991
6078,20991
6159,20991
6597,20991
7105,20991
7310,20991
3977,20992
6173,20992
3977,20993
4904,20993
3977,20994
7310,20994
3978,20995
5230,20995
7642,20995
3978,20996
5059,20996
7106,20996
3978,20997
3978,20998
3979,20999
3979,21000
3979,21001
3979,21002
7661,21002
3979,21003
3979,21004
3979,21005
3979,21006
3980,21007
3980,21008
8226,21008
3980,21009
3980,21010
4814,21010
3980,21011
3980,21012
3980,21013
3980,21014
5520,21014
7647,21014
3981,21015
3981,21016
3981,21017
3981,21018
7144,21018
3981,21019
3981,21020
7144,21020
3981,21021
3982,21022
3982,21023
3982,21024
3982,21025
3983,21026
3983,21027
3983,21028
3985,21029
3985,21030
3985,21031
3985,21032
3985,21033
3986,21034
7152,21034
8488,21034
3986,21035
7473,21035
3986,21036
3986,21037
4179,21037
8587,21037
3986,21038
6098,21038
3987,21039
3987,21040
8443,21040
3987,21041
3987,21042
7522,21042
3987,21043
3987,21044
3987,21045
8293,21045
3987,21046
5803,21046
6490,21046
6501,21046
7586,21046
8655,21046
3989,21047
3989,21048
3989,21049
3990,21050
3990,21051
3990,21052
3990,21053
5034,21053
3991,21054
3991,21055
3991,21056
4042,21056
3992,21057
3992,21058
3992,21059
3992,21060
4469,21060
3992,21061
3992,21062
4070,21062
3992,21063
4070,21063
3993,21064
4074,21064
3993,21065
3993,21066
3993,21067
3994,21068
3994,21069
4069,21069
3994,21070
3994,21071
3994,21072
4077,21072
3994,21073
3995,21074
3995,21075
4078,21075
3995,21076
3995,21077
4069,21077
3995,21078
3995,21079
3995,21080
3996,21081
3997,21082
5965,21082
3997,21083
5965,21083
3997,21084
4013,21084
5965,21084
3997,21085
5965,21085
3997,21086
5965,21086
3997,21087
5965,21087
3997,21088
5965,21088
3997,21089
5965,21089
3998,21090
3998,21091
3998,21092
3998,21093
3998,21094
3998,21095
3998,21096
3998,21097
3999,21098
4000,21099
5583,21099
4001,21100
4643,21100
8161,21100
4001,21101
4001,21102
5378,21102
6638,21102
4001,21103
4001,21104
4001,21105
8180,21105
4002,21106
4002,21107
4002,21108
4002,21109
4002,21110
4002,21111
5349,21111
4003,21112
8653,21112
4003,21113
4003,21114
6204,21114
4004,21115
4004,21116
4004,21117
4004,21118
4120,21118
5852,21118
4004,21119
4004,21120
4004,21121
4005,21122
4006,21123
4006,21124
4006,21125
4006,21126
4006,21127
4006,21128
4006,21129
4006,21130
4006,21131
4007,21132
7578,21132
4007,21133
4367,21133
4007,21134
4007,21135
4007,21136
4007,21137
4007,21138
4007,21139
4007,21140
4007,21141
4007,21142
4011,21143
4012,21144
4013,21145
4013,21146
4036,21146
4013,21147
4014,21148
4014,21149
5146,21149
4014,21150
4015,21151
4015,21152
4015,21153
4015,21154
4015,21155
4015,21156
5724,21156
6241,21156
7417,21156
4015,21157
5207,21157
8310,21157
4015,21158
4015,21159
6187,21159
4015,21160
4017,21161
5148,21161
4017,21162
4017,21163
4018,21164
6856,21164
4018,21165
4018,21166
6856,21166
4018,21167
4018,21168
4019,21169
4047,21169
4019,21170
4021,21170
4076,21170
6856,21170
4019,21171
4042,21171
4020,21172
4071,21172
4020,21173
4020,21174
4020,21175
4020,21176
4020,21177
7195,21177
4021,21178
4042,21178
4021,21179
4022,21180
4079,21180
8556,21180
4022,21181
4022,21182
4199,21182
4023,21183
4023,21184
4023,21185
4023,21186
4023,21187
4023,21188
8775,21188
4023,21189
4023,21190
4023,21191
4024,21192
4024,21193
4024,21194
4024,21195
4027,21195
4024,21196
4025,21197
5168,21197
7478,21197
4026,21198
4308,21198
5860,21198
4027,21199
4027,21200
4027,21201
4027,21202
4027,21203
4027,21204
6270,21204
4027,21205
4027,21206
4636,21206
4028,21207
4028,21208
4029,21209
4066,21209
6688,21209
8540,21209
4029,21210
8310,21210
4029,21211
4030,21212
4030,21213
6742,21213
4030,21214
4030,21215
6194,21215
8114,21215
4030,21216
4030,21217
7644,21217
7645,21217
4030,21218
4030,21219
4032,21220
4032,21221
5189,21221
4032,21222
4032,21223
4032,21224
4032,21225
4032,21226
4032,21227
4033,21228
4033,21229
4033,21230
4033,21231
4033,21232
4033,21233
4034,21234
4034,21235
4034,21236
4035,21237
4035,21238
4035,21239
4035,21240
4036,21241
4036,21242
4037,21243
5166,21243
4037,21244
4037,21245
4039,21246
7544,21246
8445,21246
4039,21247
8556,21247
4039,21248
4039,21249
8445,21249
4039,21250
4165,21250
4469,21250
4040,21251
4042,21252
4077,21252
4042,21253
4043,21254
5114,21254
4043,21255
4043,21256
6617,21256
8755,21256
4043,21257
6143,21257
4044,21258
6253,21258
4044,21259
5287,21259
5330,21259
7696,21259
4044,21260
5865,21260
7864,21260
4044,21261
4045,21262
4045,21263
4045,21264
4046,21265
4046,21266
6176,21266
7986,21266
4046,21267
4046,21268
4046,21269
4046,21270
4046,21271
4046,21272
4046,21273
4048,21274
4398,21274
4048,21275
4199,21275
4934,21275
4048,21276
4048,21277
4048,21278
4049,21279
4049,21280
4049,21281
4050,21282
4050,21283
4189,21283
4503,21283
7583,21283
4050,21284
4050,21285
4050,21286
4052,21287
4054,21288
5751,21288
4054,21289
5105,21289
4054,21290
8483,21290
4058,21291
7964,21291
8549,21291
4058,21292
5382,21292
4058,21293
4058,21294
4059,21295
4059,21296
7526,21296
4059,21297
8201,21297
4059,21298
4142,21298
6240,21298
6241,21298
4059,21299
4059,21300
5607,21300
6309,21300
4060,21301
4060,21302
4060,21303
4060,21304
4060,21305
4060,21306
4060,21307
4060,21308
4060,21309
4061,21310
4061,21311
4061,21312
4063,21313
4063,21314
4063,21315
4063,21316
4063,21317
4063,21318
4167,21318
4065,21319
4065,21320
4065,21321
4065,21322
4065,21323
4065,21324
4065,21325
4170,21325
4174,21325
5115,21325
5311,21325
4065,21326
4065,21327
4065,21328
4065,21329
4065,21330
4065,21331
4066,21332
6033,21332
6158,21332
6794,21332
6879,21332
7309,21332
7620,21332
8490,21332
4066,21333
4067,21334
4260,21334
4068,21335
4068,21336
4068,21337
4260,21337
8425,21337
4068,21338
4068,21339
4068,21340
4069,21341
4069,21342
4070,21343
4070,21344
4070,21345
4070,21346
4078,21346
4070,21347
4070,21348
4071,21349
4298,21349
4071,21350
4071,21351
4071,21352
4072,21353
4073,21354
4073,21355
4073,21356
4073,21357
4073,21358
4073,21359
4073,21360
4074,21361
4074,21362
4075,21363
4075,21364
4075,21365
4076,21366
4076,21367
4077,21368
4077,21369
4077,21370
4078,21371
4078,21372
4078,21373
4078,21374
4079,21375
4079,21376
4081,21377
4082,21378
4082,21379
4082,21380
4082,21381
4082,21382
4082,21383
4082,21384
4082,21385
4083,21386
4083,21387
4083,21388
4083,21389
4083,21390
4083,21391
4083,21392
4083,21393
4083,21394
6123,21394
4083,21395
4083,21396
4083,21397
4156,21397
5551,21397
5596,21397
8344,21397
4086,21398
4425,21398
4465,21398
7103,21398
4086,21399
4086,21400
4087,21401
4795,21401
5111,21401
5688,21401
5904,21401
7921,21401
8444,21401
4088,21402
4088,21403
4088,21404
4088,21405
4088,21406
4088,21407
4088,21408
4088,21409
4088,21410
4088,21411
4088,21412
4089,21413
5131,21413
5297,21413
5310,21413
6300,21413
7420,21413
4089,21414
6077,21414
4089,21415
4089,21416
4597,21416
5971,21416
7926,21416
4089,21417
5971,21417
7338,21417
4090,21418
4090,21419
4091,21420
4091,21421
4091,21422
4091,21423
4091,21424
4091,21425
4091,21426
4091,21427
4091,21428
4091,21429
4091,21430
4091,21431
4092,21432
4092,21433
4092,21434
4092,21435
4155,21435
4094,21436
4095,21437
4095,21438
4095,21439
4095,21440
4095,21441
4095,21442
4588,21442
4593,21442
4096,21443
4096,21444
4942,21444
7623,21444
4096,21445
6923,21445
4099,21446
4099,21447
4099,21448
4099,21449
4099,21450
4099,21451
4099,21452
4099,21453
4099,21454
4101,21455
4101,21456
4101,21457
4101,21458
4101,21459
5431,21459
4101,21460
4101,21461
4101,21462
4101,21463
4101,21464
5178,21464
4101,21465
4102,21466
4102,21467
4103,21468
4103,21469
4905,21469
4104,21470
4104,21471
4105,21472
4105,21473
4105,21474
4105,21475
4105,21476
4105,21477
4105,21478
4106,21479
4107,21480
4107,21481
4510,21481
4680,21481
4905,21481
5010,21481
5630,21481
6450,21481
4107,21482
4107,21483
6079,21483
4108,21484
4108,21485
4793,21485
4108,21486
4108,21487
4109,21488
4109,21489
4109,21490
4109,21491
4109,21492
4109,21493
4110,21494
4182,21494
6676,21494
4111,21495
4111,21496
4111,21497
8481,21497
4111,21498
4111,21499
4112,21500
4112,21501
4112,21502
4112,21503
4112,21504
4112,21505
4112,21506
4112,21507
4113,21508
4113,21509
4114,21510
4114,21511
4114,21512
4114,21513
4114,21514
4114,21515
4114,21516
4114,21517
4114,21518
4117,21519
4117,21520
4117,21521
4117,21522
4883,21522
6891,21522
4119,21523
4119,21524
4172,21524
4119,21525
5704,21525
5730,21525
5731,21525
5767,21525
4119,21526
4119,21527
4119,21528
4119,21529
4120,21530
4120,21531
4120,21532
4120,21533
4120,21534
6339,21534
4120,21535
4121,21536
6723,21536
4121,21537
8305,21537
8536,21537
8645,21537
4121,21538
4121,21539
4122,21540
4122,21541
4122,21542
4122,21543
4122,21544
6355,21544
4122,21545
5886,21545
4122,21546
5886,21546
4123,21547
4123,21548
4124,21549
4125,21550
4125,21551
5374,21551
4125,21552
4126,21553
6801,21553
4126,21554
7928,21554
4127,21555
4127,21556
4127,21557
6801,21557
4127,21558
4127,21559
4128,21560
8331,21560
4130,21561
7141,21561
4130,21562
8303,21562
4131,21563
4985,21563
7837,21563
8486,21563
8664,21563
4131,21564
4131,21565
4132,21566
4537,21566
4133,21567
4305,21567
4133,21568
4133,21569
7832,21569
4133,21570
4134,21571
4134,21572
4134,21573
4134,21574
4134,21575
4134,21576
7137,21576
4135,21577
4135,21578
4135,21579
4135,21580
4135,21581
4135,21582
4135,21583
4137,21584
4137,21585
4138,21586
4138,21587
4319,21587
4138,21588
4319,21588
4138,21589
4140,21590
4140,21591
4140,21592
6149,21592
7268,21592
4140,21593
5341,21593
5866,21593
8456,21593
8467,21593
4142,21594
5302,21594
4143,21595
5720,21595
6163,21595
6213,21595
7904,21595
8523,21595
4143,21596
4143,21597
4143,21598
4143,21599
4143,21600
6323,21600
4143,21601
4144,21602
5171,21602
5351,21602
4144,21603
4144,21604
4144,21605
4144,21606
4144,21607
8634,21607
4144,21608
5351,21608
4144,21609
4144,21610
4144,21611
4145,21612
4147,21613
4502,21613
4148,21614
4148,21615
4148,21616
4148,21617
4148,21618
4148,21619
4148,21620
5090,21620
4148,21621
4149,21622
8142,21622
4149,21623
4149,21624
4149,21625
4349,21625
4149,21626
4149,21627
4500,21627
4149,21628
5466,21628
7641,21628
4150,21629
4150,21630
4150,21631
4150,21632
4151,21633
4151,21634
4151,21635
4151,21636
4151,21637
4152,21638
8801,21638
4152,21639
4152,21640
4152,21641
4153,21642
4153,21643
4153,21644
4667,21644
5619,21644
4153,21645
4153,21646
4153,21647
4153,21648
4153,21649
4155,21650
4155,21651
4155,21652
4155,21653
4155,21654
4155,21655
4155,21656
4155,21657
4156,21658
4156,21659
8195,21659
4156,21660
4157,21661
4157,21662
4158,21663
4158,21664
4161,21664
4195,21664
4158,21665
6689,21665
4159,21666
5585,21666
7583,21666
8666,21666
4159,21667
8013,21667
4159,21668
6419,21668
4159,21669
4159,21670
4159,21671
4159,21672
4159,21673
4160,21674
6689,21674
4160,21675
6017,21675
4160,21676
4161,21677
4162,21677
4161,21678
4162,21678
6021,21678
4161,21679
7353,21679
4161,21680
4162,21681
5255,21681
4163,21682
4190,21682
4665,21682
6920,21682
7360,21682
4163,21683
4163,21684
4164,21685
4164,21686
6001,21686
4164,21687
4592,21687
6121,21687
4164,21688
8717,21688
4164,21689
7209,21689
4164,21690
4164,21691
4165,21692
4469,21692
4165,21693
4469,21693
4165,21694
4165,21695
4469,21695
4165,21696
4165,21697
4165,21698
4166,21699
4166,21700
4367,21700
4166,21701
4167,21702
4472,21702
6461,21702
4167,21703
4167,21704
4167,21705
5761,21705
7726,21705
8294,21705
4167,21706
4167,21707
4167,21708
4167,21709
5038,21709
6960,21709
4168,21710
4168,21711
4881,21711
4168,21712
4825,21712
4168,21713
4168,21714
4491,21714
4168,21715
4168,21716
4168,21717
4963,21717
5592,21717
5679,21717
5840,21717
4168,21718
4168,21719
4168,21720
4168,21721
4168,21722
4168,21723
4168,21724
4825,21724
4168,21725
4168,21726
4800,21726
4168,21727
4168,21728
4491,21728
4170,21729
4170,21730
6975,21730
4170,21731
4170,21732
4170,21733
4170,21734
4172,21735
4174,21736
4174,21737
7035,21737
4174,21738
4174,21739
4174,21740
4174,21741
4174,21742
4175,21743
7296,21743
4175,21744
4175,21745
4175,21746
4175,21747
6751,21747
4175,21748
4175,21749
4175,21750
4175,21751
4176,21752
7431,21752
4176,21753
5717,21753
4176,21754
4176,21755
4178,21756
5319,21756
8101,21756
4179,21757
6809,21757
4179,21758
4179,21759
4179,21760
4179,21761
4496,21761
5322,21761
4179,21762
7629,21762
7702,21762
4180,21763
4180,21764
4217,21764
5733,21764
5782,21764
4180,21765
5772,21765
4180,21766
5730,21766
4180,21767
4181,21768
4183,21769
4183,21770
4183,21771
4183,21772
4183,21773
4183,21774
4183,21775
4184,21776
4184,21777
4187,21778
4187,21779
7510,21779
4187,21780
4187,21781
4187,21782
4187,21783
4187,21784
4187,21785
4189,21786
4189,21787
4189,21788
4189,21789
4190,21790
4190,21791
4190,21792
4190,21793
4191,21794
4191,21795
4191,21796
4191,21797
5430,21797
4191,21798
4191,21799
4191,21800
4191,21801
4191,21802
4192,21803
4192,21804
4192,21805
4192,21806
7183,21806
7919,21806
8762,21806
4192,21807
4192,21808
4193,21809
4193,21810
4193,21811
4193,21812
4327,21812
4193,21813
4193,21814
4193,21815
4195,21816
4195,21817
4196,21817
4375,21817
4195,21818
4195,21819
4195,21820
4195,21821
4195,21822
4196,21823
4196,21824
4196,21825
4196,21826
4625,21826
4196,21827
4196,21828
4196,21829
4197,21830
5290,21830
4197,21831
4197,21832
4712,21832
4197,21833
4197,21834
4197,21835
4197,21836
4197,21837
4262,21837
4198,21838
4198,21839
4598,21839
5215,21839
5834,21839
7138,21839
8675,21839
4198,21840
4198,21841
4198,21842
4199,21843
4199,21844
4199,21845
4201,21846
7504,21846
4202,21847
4202,21848
4202,21849
4202,21850
4202,21851
4202,21852
4202,21853
4202,21854
4203,21855
6127,21855
4206,21856
5122,21856
6793,21856
7182,21856
7704,21856
4206,21857
5658,21857
6633,21857
8394,21857
4207,21858
4893,21858
4895,21858
4208,21859
4208,21860
4208,21861
4208,21862
4208,21863
4208,21864
4208,21865
8733,21865
4208,21866
4210,21867
4210,21868
4210,21869
4210,21870
4443,21870
4482,21870
5335,21870
5336,21870
5337,21870
5338,21870
5339,21870
5340,21870
6079,21870
4210,21871
4211,21872
4211,21873
4211,21874
4211,21875
4211,21876
4212,21877
4213,21878
4213,21879
4214,21880
7035,21880
4214,21881
4214,21882
4214,21883
7801,21883
4214,21884
4214,21885
4216,21886
5700,21886
4216,21887
5732,21887
4216,21888
4216,21889
4216,21890
5700,21890
4216,21891
4217,21892
4217,21893
4217,21894
4217,21895
5772,21895
6920,21895
4218,21896
4543,21896
4544,21896
4546,21896
4547,21896
4548,21896
4549,21896
4550,21896
4551,21896
4552,21896
4553,21896
4554,21896
4555,21896
4218,21897
4541,21897
4543,21897
4544,21897
4545,21897
4546,21897
4547,21897
4548,21897
4549,21897
4550,21897
4551,21897
4552,21897
4553,21897
4554,21897
4555,21897
4218,21898
4543,21898
4544,21898
4545,21898
4546,21898
4547,21898
4548,21898
4549,21898
4550,21898
4552,21898
4553,21898
4554,21898
4555,21898
4218,21899
4543,21899
4544,21899
4545,21899
4546,21899
4547,21899
4548,21899
4549,21899
4550,21899
4551,21899
4552,21899
4553,21899
4554,21899
4555,21899
4218,21900
4551,21900
4555,21900
4218,21901
4548,21901
4553,21901
4555,21901
4218,21902
4548,21902
4219,21903
4219,21904
4219,21905
6163,21905
4220,21906
4220,21907
4220,21908
4220,21909
4220,21910
4220,21911
4220,21912
4220,21913
4221,21914
5632,21914
4221,21915
4221,21916
4221,21917
4221,21918
4221,21919
8734,21919
4221,21920
4221,21921
4221,21922
4221,21923
4866,21923
4221,21924
4221,21925
4221,21926
5372,21926
4221,21927
4221,21928
4221,21929
4916,21929
4221,21930
4221,21931
4221,21932
4221,21933
4221,21934
4221,21935
4221,21936
4221,21937
4221,21938
5573,21938
4221,21939
4221,21940
4221,21941
4221,21942
4221,21943
4221,21944
4222,21945
4222,21946
4222,21947
4222,21948
4222,21949
4222,21950
4223,21951
4927,21951
4224,21952
4225,21953
4225,21954
4225,21955
4226,21956
5089,21956
4226,21957
4226,21958
4226,21959
4304,21959
4226,21960
4226,21961
7820,21961
4226,21962
4227,21963
4227,21964
4227,21965
4227,21966
4227,21967
4227,21968
4227,21969
4227,21970
4227,21971
4227,21972
4227,21973
4227,21974
4227,21975
4227,21976
4230,21977
4231,21977
4232,21977
4233,21977
4234,21977
4231,21978
4235,21979
4236,21979
4238,21980
4239,21980
4240,21980
4241,21980
4242,21981
4665,21981
4242,21982
4242,21983
4272,21983
4242,21984
5991,21984
4242,21985
4244,21986
4244,21987
4244,21988
4245,21989
4246,21989
5130,21989
6481,21989
8806,21989
4247,21990
4248,21990
4247,21991
4249,21992
5068,21992
4252,21993
4252,21994
6742,21994
7863,21994
4252,21995
4252,21996
4252,21997
4252,21998
6742,21998
4252,21999
4252,22000
4252,22001
6997,22001
7633,22001
4252,22002
4841,22002
8575,22002
4252,22003
4252,22004
4252,22005
4252,22006
4252,22007
4252,22008
4252,22009
7893,22009
8575,22009
4252,22010
4252,22011
4253,22012
4253,22013
4253,22014
4254,22015
4254,22016
5474,22016
4254,22017
7328,22017
4254,22018
4265,22018
5556,22018
4255,22019
4255,22020
4255,22021
4255,22022
4255,22023
4255,22024
4255,22025
4256,22026
4256,22027
4258,22028
4258,22029
4260,22030
4260,22031
4260,22032
4262,22033
4262,22034
4262,22035
4262,22036
4263,22037
6187,22037
6271,22037
7725,22037
4263,22038
6261,22038
6482,22038
4263,22039
8054,22039
8229,22039
4263,22040
4264,22041
7154,22041
4264,22042
4264,22043
4264,22044
8712,22044
4264,22045
4264,22046
4264,22047
4264,22048
4265,22049
4265,22050
4265,22051
4265,22052
4265,22053
4265,22054
4265,22055
4266,22056
4266,22057
4266,22058
4268,22059
4268,22060
4268,22061
4268,22062
4268,22063
4268,22064
4268,22065
4268,22066
4269,22067
5580,22067
7508,22067
4269,22068
5762,22068
6720,22068
8513,22068
4270,22069
4270,22070
4270,22071
4270,22072
4272,22073
5349,22073
4272,22074
4272,22075
4272,22076
8561,22076
4272,22077
5767,22077
4272,22078
4272,22079
4273,22080
6825,22080
7344,22080
4273,22081
5764,22081
4274,22082
4274,22083
4274,22084
4274,22085
4274,22086
5634,22086
4274,22087
4274,22088
4277,22089
4277,22090
4277,22091
4277,22092
4277,22093
4277,22094
4278,22095
4278,22096
4278,22097
4278,22098
4278,22099
4278,22100
7830,22100
4278,22101
4279,22102
4280,22103
4470,22103
4280,22104
4280,22105
4281,22106
4281,22107
4281,22108
4281,22109
4282,22110
4282,22111
4282,22112
4282,22113
4282,22114
4283,22115
4283,22116
5194,22116
5407,22116
5411,22116
4283,22117
4283,22118
4283,22119
4283,22120
4283,22121
4283,22122
4283,22123
4283,22124
4284,22125
4284,22126
4452,22126
6734,22126
7513,22126
7924,22126
7932,22126
7993,22126
8800,22126
4284,22127
4284,22128
4284,22129
4285,22130
4286,22131
4286,22132
4286,22133
4286,22134
4286,22135
4286,22136
4288,22137
6937,22137
7703,22137
4288,22138
7822,22138
4288,22139
4288,22140
6994,22140
4289,22141
4289,22142
4290,22143
5036,22143
7004,22143
4290,22144
5036,22144
6116,22144
4293,22145
4293,22146
4293,22147
4294,22148
5997,22148
4295,22149
6704,22149
6885,22149
7489,22149
8554,22149
8697,22149
4296,22150
4296,22151
4296,22152
4296,22153
4539,22153
4297,22154
5491,22154
7548,22154
4297,22155
4297,22156
4300,22157
4300,22158
4300,22159
4300,22160
4300,22161
4302,22162
4302,22163
4302,22164
4302,22165
4302,22166
4304,22167
4395,22167
4304,22168
4304,22169
4304,22170
4304,22171
4304,22172
4304,22173
5453,22173
4305,22174
4305,22175
4305,22176
4305,22177
4305,22178
4306,22179
4307,22180
4307,22181
4639,22181
4309,22182
4310,22183
4310,22184
4310,22185
4310,22186
4310,22187
5275,22187
4310,22188
4505,22188
4310,22189
8725,22189
4310,22190
4311,22191
4311,22192
4311,22193
4360,22193
5278,22193
6244,22193
4311,22194
4311,22195
4311,22196
4312,22197
5381,22197
5762,22197
4313,22198
4313,22199
4313,22200
4316,22201
4316,22202
4316,22203
4316,22204
4316,22205
4316,22206
4317,22207
4317,22208
8454,22208
4317,22209
7624,22209
4317,22210
4317,22211
4317,22212
4317,22213
4317,22214
4317,22215
4317,22216
4317,22217
4318,22218
4318,22219
7815,22219
4318,22220
4318,22221
6245,22221
7322,22221
4318,22222
6223,22222
6844,22222
4318,22223
4318,22224
4319,22225
4320,22226
4320,22227
7417,22227
4320,22228
4321,22229
4321,22230
4321,22231
5364,22231
4322,22232
4322,22233
4322,22234
4322,22235
4322,22236
4325,22237
4325,22238
4325,22239
4325,22240
4875,22240
4325,22241
4327,22242
4327,22243
4327,22244
4327,22245
8108,22245
4327,22246
4327,22247
4327,22248
4327,22249
4327,22250
4328,22251
4328,22252
4328,22253
5586,22253
4328,22254
4329,22255
4329,22256
4735,22256
4798,22256
4955,22256
6026,22256
6224,22256
6485,22256
7110,22256
7166,22256
7875,22256
8762,22256
8801,22256
4329,22257
7183,22257
4329,22258
4329,22259
4616,22259
7120,22259
7510,22259
8762,22259
4329,22260
4329,22261
4329,22262
4329,22263
4330,22264
4344,22264
4330,22265
4330,22266
4330,22267
4330,22268
4330,22269
4330,22270
4331,22271
4331,22272
4331,22273
4346,22273
4331,22274
4331,22275
4333,22276
4333,22277
4333,22278
4333,22279
4333,22280
4333,22281
5249,22281
4334,22282
4344,22282
6453,22282
7652,22282
4334,22283
4334,22284
4338,22284
4339,22284
4334,22285
4402,22285
7041,22285
4334,22286
4334,22287
4334,22288
4334,22289
4335,22290
4346,22290
4335,22291
4335,22292
4335,22293
4335,22294
4335,22295
4336,22296
4336,22297
4336,22298
4336,22299
4336,22300
4337,22301
7724,22301
4337,22302
6017,22302
6387,22302
8050,22302
8473,22302
4337,22303
4337,22304
4337,22305
4337,22306
4339,22307
4500,22307
4340,22308
6892,22308
4340,22309
4585,22309
4341,22310
4341,22311
4341,22312
4341,22313
4341,22314
4342,22315
4342,22316
4342,22317
4343,22318
4343,22319
4343,22320
4343,22321
4344,22322
4882,22322
7673,22322
7677,22322
4344,22323
4344,22324
4344,22325
4344,22326
4344,22327
4344,22328
4344,22329
4346,22330
7304,22330
4346,22331
4346,22332
4347,22333
4347,22334
4347,22335
4347,22336
4350,22337
4350,22338
4350,22339
4350,22340
4350,22341
4351,22342
4351,22343
4351,22344
4351,22345
7871,22345
4351,22346
4351,22347
4351,22348
4351,22349
4351,22350
4351,22351
4352,22352
4353,22353
4353,22354
4354,22355
4355,22356
4355,22357
4355,22358
6679,22358
7990,22358
4355,22359
4355,22360
4355,22361
4355,22362
4639,22362
4356,22363
4356,22364
4356,22365
4356,22366
4356,22367
4356,22368
4356,22369
4356,22370
4357,22371
4357,22372
4357,22373
4357,22374
4357,22375
4357,22376
4743,22376
4357,22377
4357,22378
4357,22379
4359,22380
4359,22381
4359,22382
5619,22382
4360,22383
4718,22383
5321,22383
5673,22383
6839,22383
7089,22383
4361,22384
5741,22384
4361,22385
4362,22386
5535,22386
6922,22386
4362,22387
5941,22387
4362,22388
4362,22389
4363,22390
4364,22391
8063,22391
8781,22391
8782,22391
4364,22392
8342,22392
4364,22393
5138,22393
5341,22393
4364,22394
4364,22395
5886,22395
8144,22395
4365,22396
4366,22397
5889,22397
4366,22398
4366,22399
4366,22400
7857,22400
4366,22401
5829,22401
6373,22401
4367,22402
4776,22402
7144,22402
4367,22403
4367,22404
5239,22404
4367,22405
4367,22406
4367,22407
4381,22407
4368,22408
7957,22408
4368,22409
4368,22410
4368,22411
8358,22411
4368,22412
4368,22413
4368,22414
4369,22415
4624,22415
4659,22415
8337,22415
4369,22416
4369,22417
4371,22418
4371,22419
4371,22420
4371,22421
4371,22422
4371,22423
4372,22424
4528,22424
5801,22424
4372,22425
5801,22425
8159,22425
4372,22426
5801,22426
4374,22427
4874,22427
5200,22427
4374,22428
4874,22428
4374,22429
4874,22429
5200,22429
5737,22429
7815,22429
4374,22430
4874,22430
5737,22430
4374,22431
4874,22431
5200,22431
4374,22432
4374,22433
4374,22434
4374,22435
4375,22436
4375,22437
4375,22438
4375,22439
4376,22440
8025,22440
4376,22441
4376,22442
4376,22443
4376,22444
4376,22445
4376,22446
4376,22447
4377,22448
4378,22449
5595,22449
4380,22450
6381,22450
4380,22451
5383,22451
4380,22452
4380,22453
4380,22454
4381,22455
4381,22456
4381,22457
4381,22458
4381,22459
4381,22460
4382,22461
4382,22462
4382,22463
4382,22464
4382,22465
4382,22466
4382,22467
8509,22467
4382,22468
4382,22469
4382,22470
4382,22471
4382,22472
4383,22473
5037,22473
4383,22474
5580,22474
4383,22475
4383,22476
8293,22476
4383,22477
4383,22478
6020,22478
4383,22479
4384,22480
4384,22481
4930,22481
5502,22481
4384,22482
5741,22482
8483,22482
4384,22483
4384,22484
4385,22485
4558,22485
4385,22486
5116,22486
4385,22487
5116,22487
4385,22488
4385,22489
4385,22490
5116,22490
4385,22491
4385,22492
4385,22493
4387,22494
4387,22495
4958,22495
4387,22496
4387,22497
4387,22498
6176,22498
4387,22499
4389,22500
6072,22500
6466,22500
6554,22500
7692,22500
7927,22500
4389,22501
4389,22502
4389,22503
4389,22504
4389,22505
4389,22506
4389,22507
4390,22508
5237,22508
4391,22509
4391,22510
6886,22510
7963,22510
4392,22511
4392,22512
4392,22513
4392,22514
4393,22515
6021,22515
6387,22515
6445,22515
8025,22515
8510,22515
4393,22516
4393,22517
4393,22518
4393,22519
4393,22520
4395,22521
5453,22521
4395,22522
7862,22522
4395,22523
4395,22524
4395,22525
4396,22526
4396,22527
4396,22528
4396,22529
4396,22530
4396,22531
4396,22532
4397,22533
4397,22534
4513,22534
4397,22535
4397,22536
4397,22537
4398,22538
4398,22539
4398,22540
4398,22541
4398,22542
4398,22543
4398,22544
4399,22545
4400,22546
5465,22546
4400,22547
8426,22547
4400,22548
7224,22548
7226,22548
4402,22549
4402,22550
4402,22551
4402,22552
4402,22553
4402,22554
4402,22555
4403,22556
4403,22557
5635,22557
4403,22558
4403,22559
4403,22560
5528,22560
4403,22561
4404,22562
4404,22563
4928,22563
8704,22563
4404,22564
4405,22565
4405,22566
4807,22566
5663,22566
4406,22567
4406,22568
4406,22569
4406,22570
4406,22571
4406,22572
4406,22573
4407,22574
4407,22575
4407,22576
4407,22577
4407,22578
7259,22578
4407,22579
4407,22580
4407,22581
4407,22582
4407,22583
4407,22584
4407,22585
4407,22586
4408,22587
4408,22588
4408,22589
5376,22589
5579,22589
4410,22590
4410,22591
4410,22592
4410,22593
4410,22594
8219,22594
4410,22595
4410,22596
4410,22597
4410,22598
4410,22599
4411,22600
7113,22600
8628,22600
4411,22601
4411,22602
4412,22603
4412,22604
4695,22604
5081,22604
6865,22604
7429,22604
7997,22604
4412,22605
4414,22606
4414,22607
4414,22608
4414,22609
4651,22609
4414,22610
4651,22610
4911,22610
4414,22611
4415,22612
4415,22613
4415,22614
4415,22615
4415,22616
4415,22617
4415,22618
4415,22619
4415,22620
4416,22621
4416,22622
4418,22623
4418,22624
4822,22624
4418,22625
4418,22626
4418,22627
4418,22628
4419,22629
4419,22630
4419,22631
4419,22632
4419,22633
4419,22634
4419,22635
4419,22636
4419,22637
4419,22638
4419,22639
4420,22640
4421,22641
4422,22642
4422,22643
4422,22644
4422,22645
4423,22646
4424,22646
8714,22646
4423,22647
4423,22648
4424,22648
4423,22649
4424,22649
4423,22650
4424,22651
4424,22652
4424,22653
4425,22654
4425,22655
4578,22655
4425,22656
4425,22657
4425,22658
4426,22659
4585,22659
7804,22659
7889,22659
4426,22660
4426,22661
4426,22662
4426,22663
4510,22663
4577,22663
4596,22663
4426,22664
4427,22665
5184,22665
5215,22665
7911,22665
4427,22666
4427,22667
4427,22668
4428,22669
4428,22670
4429,22671
4429,22672
4429,22673
4431,22674
4431,22675
4432,22676
4433,22677
4794,22677
4957,22677
5409,22677
5617,22677
7190,22677
7720,22677
7825,22677
8024,22677
8773,22677
4433,22678
4433,22679
5572,22679
7997,22679
4434,22680
4434,22681
4434,22682
4435,22683
4435,22684
5837,22684
4435,22685
8315,22685
4435,22686
4435,22687
4435,22688
4435,22689
5893,22689
4435,22690
4437,22691
4437,22692
4437,22693
4437,22694
4437,22695
4437,22696
4438,22697
4568,22697
4603,22697
8772,22697
4438,22698
4438,22699
4438,22700
4438,22701
4438,22702
4440,22703
4440,22704
7940,22704
4440,22705
6523,22705
8172,22705
4440,22706
4440,22707
4440,22708
4440,22709
4441,22710
6075,22710
7095,22710
8640,22710
4441,22711
4441,22712
4444,22713
6072,22713
4444,22714
4444,22715
4444,22716
4444,22717
4444,22718
4445,22719
4595,22719
4615,22719
4445,22720
4446,22721
4905,22721
4446,22722
4446,22723
4447,22724
4447,22725
4447,22726
4459,22726
4606,22726
4608,22726
4447,22727
5430,22727
4448,22728
4789,22728
4859,22728
5079,22728
5262,22728
6434,22728
7173,22728
4449,22729
4449,22730
4449,22731
4450,22732
5080,22732
6486,22732
7142,22732
8773,22732
4450,22733
6568,22733
4450,22734
4725,22734
6290,22734
4452,22735
4452,22736
4452,22737
6547,22737
7389,22737
4453,22738
4595,22738
4453,22739
7213,22739
4453,22740
4453,22741
4453,22742
8772,22742
4453,22743
4453,22744
4453,22745
4454,22746
4454,22747
4454,22748
4455,22749
8612,22749
4455,22750
4456,22751
4457,22752
4457,22753
5013,22753
4459,22754
4612,22754
4459,22755
4608,22755
4459,22756
4460,22757
4460,22758
4460,22759
4460,22760
4461,22761
4786,22761
4463,22762
4463,22763
4463,22764
4464,22765
4464,22766
4464,22767
4464,22768
4464,22769
4464,22770
4464,22771
4465,22772
4466,22773
4466,22774
4467,22775
6056,22775
4467,22776
7833,22776
4467,22777
4468,22778
5596,22778
5955,22778
4468,22779
4468,22780
4468,22781
5515,22781
4469,22782
4469,22783
4469,22784
4469,22785
4469,22786
4469,22787
4470,22788
4471,22789
4471,22790
4471,22791
5991,22791
4471,22792
4471,22793
4472,22794
5663,22794
8448,22794
4472,22795
4472,22796
4472,22797
6761,22797
4472,22798
4473,22799
4473,22800
4473,22801
4473,22802
4473,22803
4473,22804
4473,22805
4473,22806
4474,22807
4474,22808
4513,22808
4474,22809
4474,22810
4474,22811
4474,22812
4478,22813
4478,22814
7095,22814
4478,22815
4478,22816
4478,22817
4480,22818
6580,22818
4480,22819
4480,22820
6625,22820
4480,22821
4481,22822
4482,22823
4606,22823
5335,22823
5336,22823
5337,22823
5338,22823
5339,22823
5340,22823
4482,22824
5338,22824
5339,22824
5340,22824
4484,22825
4484,22826
4485,22827
4540,22827
8225,22827
4485,22828
6036,22828
4485,22829
8065,22829
4485,22830
4485,22831
4487,22832
4487,22833
4487,22834
4487,22835
4488,22836
4488,22837
4488,22838
4488,22839
4488,22840
4488,22841
4489,22842
4489,22843
6588,22843
4489,22844
4490,22845
8182,22845
4490,22846
4490,22847
4490,22848
4490,22849
4490,22850
4490,22851
4491,22852
6975,22852
4491,22853
4491,22854
4491,22855
4491,22856
4491,22857
4491,22858
4492,22859
4821,22859
5024,22859
4493,22860
6070,22860
4493,22861
4493,22862
5420,22862
4493,22863
4494,22864
7421,22864
4494,22865
4494,22866
4494,22867
4494,22868
4494,22869
4494,22870
4494,22871
4494,22872
4496,22873
4865,22873
5322,22873
6656,22873
4496,22874
5322,22874
4496,22875
4496,22876
4929,22876
4497,22877
4593,22877
4497,22878
4497,22879
4497,22880
4499,22881
4499,22882
4499,22883
4499,22884
4499,22885
4499,22886
4499,22887
4499,22888
8575,22888
4499,22889
4499,22890
4499,22891
4499,22892
4499,22893
4500,22894
4500,22895
4500,22896
4501,22897
4501,22898
5443,22898
4501,22899
4501,22900
4501,22901
5443,22901
6387,22901
4501,22902
4502,22903
4502,22904
4502,22905
4502,22906
4502,22907
8294,22907
4502,22908
4502,22909
5978,22909
4503,22910
4503,22911
4503,22912
4503,22913
4503,22914
4503,22915
4504,22916
7532,22916
4504,22917
6932,22917
7532,22917
4504,22918
7532,22918
4504,22919
7532,22919
4504,22920
7532,22920
4504,22921
7532,22921
4505,22922
4505,22923
7221,22923
4505,22924
4505,22925
7844,22925
4505,22926
4506,22927
4510,22928
5652,22928
7804,22928
7937,22928
7938,22928
4510,22929
4510,22930
4511,22931
5626,22931
7328,22931
8119,22931
8400,22931
4511,22932
4511,22933
4511,22934
8484,22934
4512,22935
4512,22936
6238,22936
6341,22936
4512,22937
4513,22938
4513,22939
4513,22940
4513,22941
4513,22942
4513,22943
4516,22944
4516,22945
4516,22946
4516,22947
4516,22948
4516,22949
4516,22950
4516,22951
4516,22952
4518,22953
4518,22954
4518,22955
4518,22956
8016,22956
4518,22957
4518,22958
4518,22959
4518,22960
4518,22961
4519,22962
6138,22962
4519,22963
6535,22963
4519,22964
7517,22964
7908,22964
4519,22965
4519,22966
4519,22967
4520,22968
4520,22969
4521,22970
4521,22971
4521,22972
4521,22973
4521,22974
4521,22975
4521,22976
4521,22977
4521,22978
4521,22979
4521,22980
4521,22981
4521,22982
7306,22982
4521,22983
4522,22984
4523,22985
5966,22985
7594,22985
7731,22985
4523,22986
5966,22986
4523,22987
5966,22987
4524,22988
4524,22989
4524,22990
4524,22991
4525,22992
6030,22992
7369,22992
8496,22992
4525,22993
4525,22994
4525,22995
6759,22995
4525,22996
4525,22997
4526,22998
4527,22999
4527,23000
4911,23000
6719,23000
6775,23000
6858,23000
4528,23001
4528,23002
5341,23002
5754,23002
5866,23002
6912,23002
4528,23003
4528,23004
4529,23005
4529,23006
8660,23006
4529,23007
5005,23007
7917,23007
4529,23008
4529,23009
4530,23010
7031,23010
4531,23011
4532,23012
4532,23013
4532,23014
4532,23015
4532,23016
4532,23017
4532,23018
4533,23019
8287,23019
4533,23020
7489,23020
4533,23021
4533,23022
4534,23023
4534,23024
4536,23025
4536,23026
4700,23026
4536,23027
4536,23028
4536,23029
4536,23030
4536,23031
4536,23032
4538,23033
4538,23034
4538,23035
4538,23036
4538,23037
4538,23038
4538,23039
4538,23040
4539,23041
4539,23042
4539,23043
7568,23043
4539,23044
7950,23044
4539,23045
5382,23045
7917,23045
4539,23046
7778,23046
7779,23046
7787,23046
7788,23046
7789,23046
4539,23047
4540,23048
4540,23049
4540,23050
4540,23051
4541,23052
6796,23052
4541,23053
5756,23053
4541,23054
4542,23055
5746,23055
4547,23056
5180,23056
4549,23057
4553,23058
4557,23059
4568,23059
4586,23059
4557,23060
4557,23061
4557,23062
4557,23063
4558,23064
4558,23065
4558,23066
4558,23067
4558,23068
4558,23069
4558,23070
4558,23071
4559,23072
4559,23073
4559,23074
4559,23075
6160,23075
4559,23076
4559,23077
6064,23077
4559,23078
4559,23079
4560,23080
4677,23080
4678,23080
4561,23081
4561,23082
4561,23083
4561,23084
4561,23085
4561,23086
4563,23087
4563,23088
4563,23089
4563,23090
4564,23091
4564,23092
4564,23093
4564,23094
4564,23095
4976,23095
4565,23096
4736,23096
6570,23096
4565,23097
4565,23098
6531,23098
4565,23099
4565,23100
4565,23101
4566,23102
4566,23103
4566,23104
4566,23105
4602,23105
4567,23106
5969,23106
4567,23107
4568,23108
4568,23109
4568,23110
4568,23111
4569,23112
4569,23113
4569,23114
4569,23115
4570,23116
8591,23116
4570,23117
4570,23118
4570,23119
4570,23120
4570,23121
4570,23122
4570,23123
4570,23124
4571,23125
6090,23125
4571,23126
4572,23127
4573,23128
7838,23128
4574,23129
4574,23130
4575,23131
4575,23132
4575,23133
4582,23133
4575,23134
4576,23135
4576,23136
4576,23137
4576,23138
4576,23139
4577,23140
7937,23140
4577,23141
4577,23142
4905,23142
4577,23143
4578,23144
4579,23145
4581,23145
4730,23145
6177,23145
4579,23146
6852,23146
4580,23147
4580,23148
4581,23149
4582,23150
4582,23151
4582,23152
4582,23153
4583,23154
4584,23154
7187,23154
4583,23155
7760,23155
4583,23156
4584,23157
4584,23158
4586,23159
6570,23159
8171,23159
4586,23160
4586,23161
4587,23162
4587,23163
4587,23164
4588,23165
4588,23166
4588,23167
4588,23168
4589,23169
6074,23169
7103,23169
4589,23170
4715,23170
6166,23170
6169,23170
6233,23170
6758,23170
7036,23170
8689,23170
4589,23171
7873,23171
4589,23172
4591,23173
4592,23174
4592,23175
4592,23176
4592,23177
5037,23177
4592,23178
8690,23178
4592,23179
5413,23179
7965,23179
4593,23180
4593,23181
4606,23181
4593,23182
4593,23183
4593,23184
4594,23185
4594,23186
8631,23186
4594,23187
7000,23187
4594,23188
4594,23189
4594,23190
4594,23191
4594,23192
4596,23193
4596,23194
4596,23195
4596,23196
4596,23197
4597,23198
6077,23198
4597,23199
4597,23200
6077,23200
4598,23201
4599,23202
4599,23203
4731,23203
4599,23204
4600,23205
4600,23206
4600,23207
4600,23208
4600,23209
4603,23210
4603,23211
4603,23212
4604,23213
7938,23213
4604,23214
4604,23215
4605,23216
4606,23217
8137,23217
4606,23218
4606,23219
4608,23220
4608,23221
4682,23221
4608,23222
4608,23223
4610,23224
4610,23225
4610,23226
4610,23227
4610,23228
4611,23229
8688,23229
4611,23230
4611,23231
4611,23232
4611,23233
4611,23234
4612,23235
4612,23236
4613,23237
4613,23238
4613,23239
4614,23240
4614,23241
4614,23242
4615,23243
4615,23244
4615,23245
4615,23246
4616,23247
7183,23247
4616,23248
4693,23248
4616,23249
4616,23250
6224,23250
8762,23250
4616,23251
7183,23251
4617,23252
4873,23252
5638,23252
4618,23253
4618,23254
4618,23255
4618,23256
4618,23257
4618,23258
4619,23259
4619,23260
4823,23260
8577,23260
4619,23261
4619,23262
4619,23263
4619,23264
4619,23265
4619,23266
4620,23267
5683,23267
4620,23268
4620,23269
4620,23270
4623,23271
4623,23272
4623,23273
6383,23273
4623,23274
4623,23275
5208,23275
4623,23276
8601,23276
4624,23277
4624,23278
5493,23278
4624,23279
4624,23280
4625,23281
4625,23282
4625,23283
4625,23284
4625,23285
4625,23286
4627,23287
7805,23287
8335,23287
4629,23288
4629,23289
4630,23290
5029,23290
6148,23290
6448,23290
8083,23290
4630,23291
5303,23291
7309,23291
4630,23292
6116,23292
6717,23292
4630,23293
8394,23293
4632,23294
4677,23294
4678,23294
8109,23294
4633,23295
4633,23296
4633,23297
4634,23298
5096,23298
4635,23299
4635,23300
4635,23301
4635,23302
4635,23303
4947,23303
4636,23304
4636,23305
4636,23306
4636,23307
4637,23308
6341,23308
7087,23308
4637,23309
7762,23309
7763,23309
4637,23310
4637,23311
4637,23312
4639,23313
4639,23314
4639,23315
4639,23316
4639,23317
4639,23318
4639,23319
4639,23320
4639,23321
4642,23322
4642,23323
4997,23323
4642,23324
4644,23325
5342,23325
4644,23326
7041,23326
4644,23327
4644,23328
4644,23329
4644,23330
4644,23331
4644,23332
4644,23333
4644,23334
4644,23335
4644,23336
4644,23337
4644,23338
4645,23339
4645,23340
4646,23341
4646,23342
4646,23343
4647,23344
5530,23344
6709,23344
4647,23345
4647,23346
4648,23347
4649,23348
4649,23349
4650,23350
4650,23351
6051,23351
4650,23352
4650,23353
4650,23354
4650,23355
4650,23356
4651,23357
4651,23358
4651,23359
4651,23360
4651,23361
4651,23362
4652,23363
4653,23363
4652,23364
4652,23365
8761,23365
4652,23366
4652,23367
4653,23367
4991,23367
4653,23368
8159,23368
4653,23369
4653,23370
6070,23370
6863,23370
4658,23371
4658,23372
4658,23373
7951,23373
4658,23374
4658,23375
4659,23376
4991,23376
4659,23377
4947,23377
4991,23377
4659,23378
4991,23378
4659,23379
4991,23379
4660,23380
4660,23381
4660,23382
4660,23383
4660,23384
4660,23385
4660,23386
6671,23386
6809,23386
4660,23387
4660,23388
8483,23388
4661,23389
4661,23390
4662,23391
4662,23392
4663,23393
6742,23393
4663,23394
4663,23395
4663,23396
4663,23397
6431,23397
4663,23398
4663,23399
7668,23399
4663,23400
6336,23400
8580,23400
4663,23401
4664,23402
4664,23403
4664,23404
4664,23405
4664,23406
5491,23406
8448,23406
8458,23406
4665,23407
4665,23408
5763,23408
4665,23409
6718,23409
4665,23410
4666,23411
4666,23412
4666,23413
4666,23414
4666,23415
4666,23416
5028,23416
5747,23416
8716,23416
4667,23417
5834,23417
4667,23418
4667,23419
4667,23420
4667,23421
4667,23422
4667,23423
4668,23424
5399,23424
4668,23425
4668,23426
4668,23427
4668,23428
4669,23429
4669,23430
4669,23431
4669,23432
4669,23433
4669,23434
4671,23435
7769,23435
4671,23436
6588,23436
4671,23437
4671,23438
4671,23439
4671,23440
4671,23441
4672,23442
4672,23443
4672,23444
4672,23445
4672,23446
4672,23447
4672,23448
4672,23449
4672,23450
4673,23451
4673,23452
4673,23453
4673,23454
4673,23455
4673,23456
4673,23457
4673,23458
4758,23458
4675,23459
4675,23460
4675,23461
4675,23462
4675,23463
4676,23464
4676,23465
4784,23465
4676,23466
4676,23467
4677,23468
4678,23468
4677,23469
4678,23469
4677,23470
4678,23470
4677,23471
4678,23471
4677,23472
4678,23472
4677,23473
4678,23473
4677,23474
4678,23474
4677,23475
4678,23475
4677,23476
4678,23476
4677,23477
4678,23477
4677,23478
4678,23478
4677,23479
4678,23479
4677,23480
4678,23480
4677,23481
4678,23481
4677,23482
4678,23482
4677,23483
4678,23483
4677,23484
4678,23484
4679,23485
5826,23485
7265,23485
4679,23486
4679,23487
7257,23487
4679,23488
4679,23489
4680,23490
4681,23491
7384,23491
4681,23492
4682,23493
4682,23494
4692,23494
4682,23495
4684,23496
4684,23497
4686,23498
4688,23499
4688,23500
4688,23501
4688,23502
4688,23503
4688,23504
4689,23505
4689,23506
7366,23506
4689,23507
5631,23507
4689,23508
7798,23508
8029,23508
4689,23509
6120,23509
4689,23510
4690,23511
4690,23512
4690,23513
5182,23513
4690,23514
5976,23514
6068,23514
4690,23515
4690,23516
4690,23517
4690,23518
4691,23519
8631,23519
4692,23520
4692,23521
4693,23522
4694,23523
4694,23524
4694,23525
6093,23525
4695,23526
4695,23527
4886,23527
6177,23527
7103,23527
4696,23528
4696,23529
8382,23529
4697,23530
4697,23531
4698,23532
5620,23532
4698,23533
4701,23534
4701,23535
4701,23536
4701,23537
5600,23537
4702,23538
6382,23538
4702,23539
4702,23540
6555,23540
4702,23541
8629,23541
4703,23542
5113,23542
4705,23543
4705,23544
4705,23545
4705,23546
4705,23547
4705,23548
4705,23549
4705,23550
4705,23551
4705,23552
4705,23553
4705,23554
4705,23555
4705,23556
4705,23557
4705,23558
4706,23559
5364,23559
4707,23560
4834,23560
6094,23560
4707,23561
6690,23561
4707,23562
4708,23563
4709,23564
6083,23564
4709,23565
4709,23566
5699,23566
7363,23566
4709,23567
4710,23568
5288,23568
4710,23569
4710,23570
4710,23571
4710,23572
6730,23572
4710,23573
4711,23574
4711,23575
4711,23576
4711,23577
4712,23578
4712,23579
4712,23580
4712,23581
4712,23582
4712,23583
4712,23584
4712,23585
4713,23586
5136,23586
4714,23587
6036,23587
4714,23588
4714,23589
4714,23590
4715,23591
4715,23592
4716,23593
4716,23594
4716,23595
4717,23596
4717,23597
4717,23598
5306,23598
6672,23598
4718,23599
5321,23599
4718,23600
5145,23600
5321,23600
5423,23600
5641,23600
5735,23600
5776,23600
7590,23600
4719,23601
5863,23601
4719,23602
4719,23603
4719,23604
4719,23605
4719,23606
4720,23607
4720,23608
5618,23608
4720,23609
5838,23609
4721,23610
5619,23610
4721,23611
4721,23612
4721,23613
4721,23614
6169,23614
4721,23615
4721,23616
4721,23617
4721,23618
4723,23619
4725,23619
5516,23619
4723,23620
4724,23621
4724,23622
4724,23623
4725,23624
4725,23625
4725,23626
4725,23627
4726,23628
4731,23628
5473,23628
5588,23628
7159,23628
8009,23628
4727,23629
4727,23630
4728,23631
6892,23631
4729,23632
4730,23633
4730,23634
4731,23635
4953,23635
5617,23635
6290,23635
6386,23635
8772,23635
4731,23636
7429,23636
4731,23637
4732,23638
4733,23639
4734,23640
4734,23641
5500,23641
7689,23641
4734,23642
4735,23643
5008,23643
5630,23643
8505,23643
4735,23644
4735,23645
4736,23646
4736,23647
4738,23648
4738,23649
4803,23649
4738,23650
4738,23651
4738,23652
4740,23653
4740,23654
4741,23655
4741,23656
4742,23657
5174,23657
4742,23658
5174,23658
4742,23659
4742,23660
4742,23661
4742,23662
4764,23662
4742,23663
4742,23664
4742,23665
4742,23666
4743,23667
4743,23668
4743,23669
4743,23670
4743,23671
5328,23671
4743,23672
4743,23673
4743,23674
4743,23675
4764,23675
4743,23676
4743,23677
4743,23678
4743,23679
4743,23680
4744,23681
4744,23682
4744,23683
4744,23684
4744,23685
4744,23686
4744,23687
4744,23688
4745,23689
4745,23690
4745,23691
4746,23692
4747,23692
4748,23692
4746,23693
4747,23693
4748,23693
4746,23694
4747,23694
4748,23694
4746,23695
4747,23695
4748,23695
4747,23696
7694,23696
4747,23697
6334,23697
4747,23698
4747,23699
7682,23699
8484,23699
4749,23700
4749,23701
4749,23702
4749,23703
4749,23704
4749,23705
4749,23706
4749,23707
4750,23708
4750,23709
4751,23710
4751,23711
4751,23712
4751,23713
4751,23714
6560,23714
7040,23714
4751,23715
4751,23716
6698,23716
4751,23717
4751,23718
4752,23719
4752,23720
4753,23721
5328,23721
4755,23722
6672,23722
4755,23723
4755,23724
4755,23725
4756,23726
4756,23727
4756,23728
4756,23729
4756,23730
4761,23731
4761,23732
4762,23733
7322,23733
4762,23734
4762,23735
4763,23736
5141,23736
5566,23736
4763,23737
5141,23737
4763,23738
5141,23738
7827,23738
8376,23738
4764,23739
5142,23739
4764,23740
4764,23741
4764,23742
4765,23743
5167,23743
4765,23744
4765,23745
7149,23745
4766,23746
4767,23747
4767,23748
5533,23748
6891,23748
4767,23749
4767,23750
4767,23751
4767,23752
4767,23753
4767,23754
4768,23755
4771,23756
5360,23756
4771,23757
4771,23758
4771,23759
4771,23760
4771,23761
4771,23762
4771,23763
4773,23764
4773,23765
4773,23766
4774,23767
4876,23767
7857,23767
4774,23768
4776,23769
4776,23770
4776,23771
4776,23772
4776,23773
4776,23774
4776,23775
4777,23776
4777,23777
4777,23778
4777,23779
4777,23780
4777,23781
4778,23782
4778,23783
4780,23784
4782,23785
4783,23786
4783,23787
5203,23787
8376,23787
4785,23788
6956,23788
4785,23789
4785,23790
4785,23791
4785,23792
4785,23793
4785,23794
4785,23795
4788,23796
7723,23796
4790,23797
4790,23798
4790,23799
4790,23800
4790,23801
4790,23802
4791,23803
5483,23803
6441,23803
7361,23803
4793,23804
4793,23805
4794,23806
5448,23806
5461,23806
6937,23806
7145,23806
7161,23806
7361,23806
7525,23806
4795,23807
5899,23807
8368,23807
8766,23807
4795,23808
4796,23809
7119,23809
4796,23810
4796,23811
4796,23812
4797,23813
4797,23814
4797,23815
7138,23815
7790,23815
4798,23816
6130,23816
4798,23817
8148,23817
4798,23818
4799,23819
6744,23819
8765,23819
4799,23820
4799,23821
4799,23822
4799,23823
4799,23824
4799,23825
4799,23826
4799,23827
7794,23827
4799,23828
4799,23829
4800,23830
4800,23831
4800,23832
4800,23833
7268,23833
7900,23833
4800,23834
4800,23835
6679,23835
4800,23836
4800,23837
4800,23838
8051,23838
4800,23839
4800,23840
4800,23841
4801,23842
4801,23843
4803,23844
4803,23845
4803,23846
4805,23847
5847,23847
7150,23847
4805,23848
4805,23849
4805,23850
4805,23851
4805,23852
4805,23853
4806,23854
4806,23855
4806,23856
4806,23857
4806,23858
4806,23859
4807,23860
4807,23861
8484,23861
4807,23862
4809,23863
4810,23864
4810,23865
6683,23865
8488,23865
4810,23866
4811,23867
4811,23868
4811,23869
6707,23869
4811,23870
4811,23871
4811,23872
4813,23873
6354,23873
8535,23873
4814,23874
8272,23874
4814,23875
4814,23876
5856,23876
4814,23877
7647,23877
4814,23878
4815,23879
4816,23880
5590,23880
4816,23881
8301,23881
8387,23881
4816,23882
8301,23882
8387,23882
4816,23883
4818,23884
4818,23885
4818,23886
4818,23887
7410,23887
4818,23888
4818,23889
4818,23890
4822,23891
5322,23891
4822,23892
8243,23892
4823,23893
4823,23894
4823,23895
4825,23896
4825,23897
4825,23898
4825,23899
4825,23900
4825,23901
4826,23902
7923,23902
4826,23903
4827,23904
4827,23905
4831,23906
4831,23907
4831,23908
4831,23909
4831,23910
4831,23911
4831,23912
4831,23913
4831,23914
4834,23915
4834,23916
4834,23917
4834,23918
4834,23919
4834,23920
4834,23921
4835,23922
4835,23923
4835,23924
4835,23925
4835,23926
4835,23927
4835,23928
4838,23929
7897,23929
4838,23930
4838,23931
4838,23932
4838,23933
6537,23933
4838,23934
4838,23935
4839,23936
4839,23937
4839,23938
4839,23939
4839,23940
4839,23941
4839,23942
4840,23943
4840,23944
4840,23945
4840,23946
4840,23947
4841,23948
4841,23949
4841,23950
8635,23950
4841,23951
4841,23952
4843,23953
7952,23953
4843,23954
5386,23954
6617,23954
4843,23955
4843,23956
4844,23957
5056,23957
4846,23958
7962,23958
4846,23959
8660,23959
4848,23960
4848,23961
4850,23962
4851,23963
5085,23963
5283,23963
4851,23964
4854,23965
4854,23966
5844,23966
4854,23967
4854,23968
5857,23968
4854,23969
4856,23970
4856,23971
4858,23972
4859,23973
4859,23974
4859,23975
4859,23976
4861,23977
4861,23978
4862,23979
4862,23980
4862,23981
4862,23982
4862,23983
4862,23984
4862,23985
4863,23986
7218,23986
4865,23987
6799,23987
4865,23988
4865,23989
6780,23989
4865,23990
4866,23991
4917,23991
5497,23991
4866,23992
4866,23993
4866,23994
4866,23995
4867,23996
5679,23996
5712,23996
4870,23997
4870,23998
4870,23999
4870,24000
5346,24000
5901,24000
4871,24001
4872,24002
4872,24003
8397,24003
4872,24004
4872,24005
5190,24005
4872,24006
4872,24007
5601,24007
5633,24007
4872,24008
4872,24009
4873,24010
4874,24011
4874,24012
4875,24013
5689,24013
4875,24014
4876,24015
4876,24016
8218,24016
8272,24016
4876,24017
4876,24018
4879,24019
4879,24020
4879,24021
7434,24021
4879,24022
4880,24023
4881,24024
4881,24025
6653,24025
4881,24026
4881,24027
4881,24028
4881,24029
4881,24030
4882,24031
4882,24032
4882,24033
4882,24034
4883,24035
4883,24036
4883,24037
4883,24038
4883,24039
4884,24040
4885,24041
4885,24042
4885,24043
4885,24044
4885,24045
4885,24046
4886,24047
4886,24048
4886,24049
4887,24050
4887,24051
4887,24052
4887,24053
4887,24054
6667,24054
7940,24054
4889,24055
4889,24056
4889,24057
4889,24058
4889,24059
4889,24060
5114,24060
4890,24061
4890,24062
4890,24063
5773,24063
4890,24064
4892,24065
4894,24066
4896,24067
4897,24067
4899,24068
4899,24069
4899,24070
4899,24071
4899,24072
4899,24073
4899,24074
4900,24075
4901,24076
4901,24077
4901,24078
4901,24079
4901,24080
4901,24081
4901,24082
4901,24083
4902,24084
4902,24085
5102,24085
4902,24086
8326,24086
4903,24087
5076,24087
4903,24088
4904,24089
4904,24090
4904,24091
4904,24092
4904,24093
4904,24094
4904,24095
4904,24096
4904,24097
4905,24098
4905,24099
4906,24100
4906,24101
4906,24102
4906,24103
4906,24104
4906,24105
4906,24106
4907,24107
4909,24108
8181,24108
4909,24109
4909,24110
6858,24110
4909,24111
5192,24111
5243,24111
8181,24111
4910,24112
4910,24113
4910,24114
4910,24115
4911,24116
4911,24117
4911,24118
4911,24119
4911,24120
4913,24121
4913,24122
4913,24123
4913,24124
4913,24125
4913,24126
4913,24127
4914,24128
4914,24129
4914,24130
4914,24131
4914,24132
4915,24133
5193,24133
5406,24133
4915,24134
5248,24134
5404,24134
5411,24134
4915,24135
4915,24136
5194,24136
5196,24136
5394,24136
5402,24136
5408,24136
5466,24136
7830,24136
4917,24137
5497,24137
5694,24137
4917,24138
4917,24139
4917,24140
4918,24141
4918,24142
4918,24143
4919,24144
4919,24145
7481,24145
4919,24146
5437,24146
4919,24147
8614,24147
4921,24148
4921,24149
5378,24149
4921,24150
4921,24151
4921,24152
6444,24152
4921,24153
4924,24154
4924,24155
4924,24156
4924,24157
4924,24158
4924,24159
4924,24160
4924,24161
4924,24162
4925,24163
4925,24164
4925,24165
4925,24166
4925,24167
4925,24168
4925,24169
4925,24170
6123,24170
4925,24171
4925,24172
4925,24173
4925,24174
8397,24174
4925,24175
4926,24176
4926,24177
4926,24178
4926,24179
4926,24180
4926,24181
4926,24182
4926,24183
4928,24184
7390,24184
4928,24185
4928,24186
4929,24187
5557,24187
8289,24187
8431,24187
4929,24188
4929,24189
4930,24190
4930,24191
4930,24192
4931,24193
4931,24194
4932,24195
7265,24195
4932,24196
4932,24197
4934,24198
4934,24199
4935,24200
4935,24201
4935,24202
4935,24203
5614,24203
4935,24204
4935,24205
4936,24206
6265,24206
6322,24206
6377,24206
7579,24206
8705,24206
4936,24207
4936,24208
4936,24209
4937,24210
4938,24211
4939,24212
5709,24212
4939,24213
8581,24213
4939,24214
4939,24215
4939,24216
4939,24217
4940,24218
7964,24218
8768,24218
4940,24219
7827,24219
4940,24220
4940,24221
4940,24222
4940,24223
4941,24224
4942,24225
4942,24226
4942,24227
4943,24228
5896,24228
4943,24229
5896,24229
4943,24230
5896,24230
4943,24231
4943,24232
4943,24233
4943,24234
4943,24235
5896,24235
4943,24236
5896,24236
4943,24237
5896,24237
4943,24238
5896,24238
4943,24239
4943,24240
4943,24241
7378,24241
7935,24241
4944,24242
5070,24242
4944,24243
8679,24243
4944,24244
5065,24244
4944,24245
4944,24246
4944,24247
5065,24247
4947,24248
6601,24248
4947,24249
5651,24249
4947,24250
4947,24251
4947,24252
4948,24253
4948,24254
5627,24254
4950,24255
4950,24256
4950,24257
4950,24258
4950,24259
4950,24260
4950,24261
4950,24262
4950,24263
6517,24263
4950,24264
4952,24265
4952,24266
4952,24267
4952,24268
4954,24269
4955,24270
4957,24271
4958,24272
4958,24273
7141,24273
7865,24273
4958,24274
4958,24275
4958,24276
4958,24277
4958,24278
4958,24279
5717,24279
4958,24280
4958,24281
4958,24282
4958,24283
4958,24284
4959,24285
6018,24285
4959,24286
4959,24287
4959,24288
4959,24289
4959,24290
4960,24291
4960,24292
4960,24293
4961,24294
4961,24295
4962,24296
5157,24296
4962,24297
4962,24298
4962,24299
4962,24300
4962,24301
4962,24302
4962,24303
4964,24304
7805,24304
4964,24305
4964,24306
4965,24307
4966,24307
4967,24307
5019,24307
5020,24307
5265,24307
4965,24308
4966,24308
4967,24308
5019,24308
5020,24308
4965,24309
4966,24309
4967,24309
5019,24309
5020,24309
4965,24310
4967,24310
5020,24310
7311,24310
4965,24311
4965,24312
5019,24312
5020,24312
4965,24313
4966,24313
5881,24313
4967,24314
4967,24315
7335,24315
4967,24316
5156,24316
4967,24317
4967,24318
4967,24319
7842,24319
4968,24320
4969,24321
4970,24322
4970,24323
4970,24324
4970,24325
4970,24326
4970,24327
4970,24328
4971,24329
5045,24329
4971,24330
4971,24331
4971,24332
4971,24333
4971,24334
4972,24335
4972,24336
4972,24337
6624,24337
4972,24338
4972,24339
4972,24340
4972,24341
4972,24342
4972,24343
4972,24344
4973,24345
4973,24346
4973,24347
4973,24348
4973,24349
4973,24350
4974,24351
4974,24352
8202,24352
4974,24353
6100,24353
4974,24354
6972,24354
4974,24355
4975,24356
4975,24357
4975,24358
4976,24359
8663,24359
4977,24360
4977,24361
4978,24362
4978,24363
4978,24364
4978,24365
4978,24366
4978,24367
4979,24368
8709,24368
4979,24369
8164,24369
4979,24370
4979,24371
6005,24371
7035,24371
4979,24372
4979,24373
5314,24373
4979,24374
4982,24375
4983,24376
4983,24377
4983,24378
4983,24379
4984,24380
4984,24381
4984,24382
4984,24383
4984,24384
4984,24385
4985,24386
4985,24387
4986,24388
4986,24389
4986,24390
4986,24391
4986,24392
4987,24393
4987,24394
4987,24395
4987,24396
4987,24397
4987,24398
4988,24399
6191,24399
4988,24400
6191,24400
8419,24400
4988,24401
4988,24402
5052,24402
4988,24403
5236,24403
8614,24403
4988,24404
4988,24405
5436,24405
4991,24406
4993,24407
4993,24408
6490,24408
7726,24408
4993,24409
4993,24410
5150,24410
4993,24411
7048,24411
4993,24412
4994,24413
6148,24413
6556,24413
7019,24413
7702,24413
4994,24414
4994,24415
4994,24416
5562,24416
7003,24416
4994,24417
4995,24418
4995,24419
8576,24419
4995,24420
4995,24421
5032,24421
4995,24422
5052,24422
4995,24423
4995,24424
4995,24425
4995,24426
4995,24427
4997,24428
4997,24429
4997,24430
4998,24431
4998,24432
4998,24433
4998,24434
4998,24435
4998,24436
4998,24437
4998,24438
4998,24439
4998,24440
4998,24441
4998,24442
4998,24443
5004,24444
5004,24445
5004,24446
5004,24447
5004,24448
5004,24449
5004,24450
5004,24451
5004,24452
5004,24453
5005,24454
5005,24455
5005,24456
5005,24457
5005,24458
5005,24459
5005,24460
5005,24461
5005,24462
5005,24463
5005,24464
5007,24465
7783,24465
5007,24466
5007,24467
5007,24468
5007,24469
5007,24470
8212,24470
5008,24471
5008,24472
5009,24473
6490,24473
7074,24473
5011,24474
5012,24475
5012,24476
5012,24477
5012,24478
5012,24479
5012,24480
5012,24481
5012,24482
5012,24483
5013,24484
6169,24484
7831,24484
5013,24485
5013,24486
5013,24487
5013,24488
5013,24489
5014,24490
5736,24490
8078,24490
5014,24491
5773,24491
5014,24492
5014,24493
5015,24494
5015,24495
5016,24496
5016,24497
8283,24497
5017,24498
5017,24499
5017,24500
5021,24501
5021,24502
5021,24503
5021,24504
5026,24505
5026,24506
5026,24507
5026,24508
5026,24509
5027,24510
5027,24511
5027,24512
5027,24513
5027,24514
5027,24515
5028,24516
5028,24517
5028,24518
5028,24519
5028,24520
5030,24521
5523,24521
8508,24521
8679,24521
5030,24522
6657,24522
6774,24522
5030,24523
6306,24523
5030,24524
5031,24525
7672,24525
5031,24526
5031,24527
5031,24528
5031,24529
5032,24530
5032,24531
5032,24532
5032,24533
6264,24533
5032,24534
5032,24535
5032,24536
5032,24537
5032,24538
5033,24539
5033,24540
5033,24541
6122,24541
5033,24542
5034,24543
5034,24544
5034,24545
5729,24545
5034,24546
5034,24547
5034,24548
5034,24549
5034,24550
5037,24551
5037,24552
5037,24553
5037,24554
5037,24555
5037,24556
5037,24557
5039,24558
5041,24559
5041,24560
5042,24561
5043,24562
6052,24562
5043,24563
5047,24564
5047,24565
5047,24566
5047,24567
5048,24568
7271,24568
7594,24568
5048,24569
6376,24569
7733,24569
5048,24570
5048,24571
5050,24572
5051,24573
5051,24574
5051,24575
5051,24576
5051,24577
5051,24578
5051,24579
5051,24580
5051,24581
5051,24582
5052,24583
5052,24584
8614,24584
5052,24585
5672,24585
5052,24586
5052,24587
5052,24588
7269,24588
5054,24589
5054,24590
5413,24590
6024,24590
6227,24590
7299,24590
8619,24590
5054,24591
5056,24592
5058,24593
8083,24593
5058,24594
5058,24595
5058,24596
5058,24597
6598,24597
5058,24598
7482,24598
5058,24599
5059,24600
5059,24601
5059,24602
5059,24603
5059,24604
5060,24605
7205,24605
5060,24606
5060,24607
5124,24607
5381,24607
5994,24607
8595,24607
5060,24608
5060,24609
5060,24610
5061,24611
5062,24612
5063,24613
5064,24614
5424,24614
5064,24615
5424,24615
6688,24615
5065,24616
5065,24617
5066,24618
5066,24619
6264,24619
5066,24620
5066,24621
5066,24622
5066,24623
5066,24624
5066,24625
5066,24626
5066,24627
5070,24628
8783,24628
5070,24629
8395,24629
5070,24630
6627,24630
5070,24631
5070,24632
6066,24632
5070,24633
5071,24634
5298,24634
5071,24635
5071,24636
5071,24637
5073,24638
5073,24639
5329,24639
5073,24640
5073,24641
5073,24642
5073,24643
5073,24644
5074,24645
5074,24646
5074,24647
5074,24648
5074,24649
5075,24650
5075,24651
5075,24652
5075,24653
6052,24653
5075,24654
8310,24654
5075,24655
5075,24656
5075,24657
5075,24658
5076,24659
5077,24660
5080,24661
5080,24662
5080,24663
5221,24663
5304,24663
5546,24663
8333,24663
5080,24664
5081,24665
5081,24666
5081,24667
5081,24668
5131,24668
5132,24668
5486,24668
7937,24668
5081,24669
5401,24669
7134,24669
7933,24669
5082,24670
5082,24671
5082,24672
5082,24673
5082,24674
5082,24675
5083,24676
5083,24677
5083,24678
5083,24679
5083,24680
5139,24680
5084,24681
5084,24682
5084,24683
5084,24684
5084,24685
5084,24686
5084,24687
5084,24688
5084,24689
5085,24690
6170,24690
5085,24691
5088,24692
5089,24693
5089,24694
5090,24695
5090,24696
5090,24697
5091,24698
5091,24699
5614,24699
5092,24700
8403,24700
5092,24701
5093,24702
5093,24703
5093,24704
5093,24705
5094,24706
5094,24707
5094,24708
5899,24708
5096,24709
5096,24710
5097,24710
5096,24711
5096,24712
5096,24713
5096,24714
5096,24715
5096,24716
5096,24717
5097,24718
5097,24719
5097,24720
5098,24721
6761,24721
5098,24722
5098,24723
5098,24724
5099,24725
5099,24726
5100,24727
5100,24728
5100,24729
5100,24730
5100,24731
5100,24732
5102,24733
5104,24734
5104,24735
5104,24736
5104,24737
5104,24738
5105,24739
5105,24740
5105,24741
5106,24742
5106,24743
5106,24744
5106,24745
5106,24746
5106,24747
5106,24748
5106,24749
5106,24750
5107,24751
5527,24751
5528,24751
5529,24751
5107,24752
5527,24752
5528,24752
5529,24752
5107,24753
5527,24753
5528,24753
5529,24753
5107,24754
5107,24755
5527,24755
5528,24755
5529,24755
5107,24756
5527,24756
5528,24756
5108,24757
5108,24758
5108,24759
5108,24760
5108,24761
5110,24762
5110,24763
5110,24764
5110,24765
5110,24766
5110,24767
5111,24768
5114,24769
5115,24770
5115,24771
5115,24772
5116,24773
5116,24774
5116,24775
5116,24776
5116,24777
5117,24778
5117,24779
6175,24779
8423,24779
5117,24780
5117,24781
5118,24782
5119,24783
5120,24784
5120,24785
5120,24786
7676,24786
5120,24787
5120,24788
5121,24789
5122,24790
6319,24790
5122,24791
5173,24791
5122,24792
5122,24793
8081,24793
5123,24794
5125,24795
5125,24796
6001,24796
6647,24796
6882,24796
7864,24796
5125,24797
5125,24798
5125,24799
5125,24800
5125,24801
5125,24802
5125,24803
5125,24804
5125,24805
5125,24806
5125,24807
5125,24808
6371,24808
5125,24809
5125,24810
5126,24811
7157,24811
5127,24812
5306,24812
7424,24812
5127,24813
5127,24814
5128,24815
5176,24815
5129,24816
5129,24817
5129,24818
5129,24819
5129,24820
5129,24821
5129,24822
5129,24823
5129,24824
5129,24825
5129,24826
5129,24827
5129,24828
5129,24829
5130,24830
6121,24830
5130,24831
8175,24831
8642,24831
5131,24832
5301,24832
5463,24832
5546,24832
6300,24832
6611,24832
7189,24832
8125,24832
5131,24833
7828,24833
5131,24834
5291,24834
5397,24834
5546,24834
5132,24835
5132,24836
8125,24836
5132,24837
5482,24837
5550,24837
5132,24838
5132,24839
5134,24840
5757,24840
6328,24840
8407,24840
8512,24840
5134,24841
6293,24841
5134,24842
5134,24843
5134,24844
5136,24845
7100,24845
7103,24845
5136,24846
7873,24846
8763,24846
5136,24847
5136,24848
5136,24849
5136,24850
5137,24851
5137,24852
5137,24853
5137,24854
5570,24854
5137,24855
5137,24856
5137,24857
5137,24858
5137,24859
5137,24860
5138,24861
5139,24862
6498,24862
8555,24862
5139,24863
5489,24863
5139,24864
6929,24864
5139,24865
5139,24866
5140,24867
5140,24868
5140,24869
5140,24870
5140,24871
5140,24872
5140,24873
5140,24874
5140,24875
5140,24876
5141,24877
8382,24877
5142,24878
5142,24879
5142,24880
5143,24881
7276,24881
7735,24881
5143,24882
5143,24883
8063,24883
5143,24884
5143,24885
5144,24886
5144,24887
5144,24888
5144,24889
5144,24890
5144,24891
5144,24892
5144,24893
5144,24894
5145,24895
5145,24896
5146,24897
5146,24898
5146,24899
5146,24900
5146,24901
5146,24902
5146,24903
5147,24904
5147,24905
5147,24906
5147,24907
5147,24908
5147,24909
5147,24910
5148,24911
5148,24912
5148,24913
5148,24914
5149,24915
5150,24916
5611,24916
5150,24917
5150,24918
5150,24919
5150,24920
5150,24921
5150,24922
5150,24923
5150,24924
5611,24924
5150,24925
5151,24926
7623,24926
5151,24927
7267,24927
5151,24928
5151,24929
5151,24930
5151,24931
7598,24931
5151,24932
5445,24932
7392,24932
8052,24932
8053,24932
8370,24932
5151,24933
7334,24933
5151,24934
5151,24935
8370,24935
5151,24936
5151,24937
8677,24937
5152,24938
6845,24938
7381,24938
8024,24938
8773,24938
5152,24939
5152,24940
5152,24941
5154,24942
5154,24943
5154,24944
5154,24945
5155,24946
5155,24947
5155,24948
5328,24948
5156,24949
5156,24950
5156,24951
7415,24951
5156,24952
5157,24953
5157,24954
5157,24955
5158,24956
5158,24957
5158,24958
7269,24958
5160,24959
5342,24959
8085,24959
5163,24960
7076,24960
5166,24961
5168,24962
5168,24963
5662,24963
8679,24963
5170,24964
5170,24965
5170,24966
5171,24967
8634,24967
5171,24968
5171,24969
5171,24970
5173,24971
5573,24971
5173,24972
5173,24973
5173,24974
7126,24974
5173,24975
5173,24976
5573,24976
5173,24977
5174,24978
5174,24979
5174,24980
5174,24981
5174,24982
5174,24983
5174,24984
5174,24985
5176,24986
5176,24987
5176,24988
5526,24988
5176,24989
5526,24989
5176,24990
8011,24990
5177,24991
5178,24992
8422,24992
5178,24993
5178,24994
5178,24995
5178,24996
5178,24997
5179,24998
5179,24999
5180,25000
5180,25001
5180,25002
5180,25003
6165,25003
6551,25003
7317,25003
8711,25003
5181,25004
5181,25005
5181,25006
6943,25006
5181,25007
5181,25008
5181,25009
5182,25010
5184,25011
7103,25011
8653,25011
5185,25012
5185,25013
5185,25014
5185,25015
5185,25016
5186,25017
5762,25017
5888,25017
6180,25017
8382,25017
8581,25017
5186,25018
5186,25019
5187,25020
5187,25021
5550,25021
6961,25021
5187,25022
6865,25022
8137,25022
8333,25022
5187,25023
7161,25023
7945,25023
5187,25024
5187,25025
5188,25026
5188,25027
5188,25028
5188,25029
5189,25030
5189,25031
5189,25032
5189,25033
5189,25034
5189,25035
5189,25036
5190,25037
5190,25038
5191,25039
5191,25040
5192,25041
5194,25041
5192,25042
5194,25042
5348,25042
5410,25042
7256,25042
5192,25043
5194,25043
5196,25043
5410,25043
5411,25043
5192,25044
5196,25044
5192,25045
5348,25045
5404,25045
7256,25045
5193,25046
5407,25046
5410,25046
5193,25047
5193,25048
5194,25048
5195,25048
5458,25048
5193,25049
5406,25049
5193,25050
5193,25051
5194,25052
5363,25052
5194,25053
5196,25053
5394,25053
5194,25054
5195,25055
5243,25055
5248,25055
5466,25055
7256,25055
5195,25056
5247,25056
5405,25056
5410,25056
5466,25056
5195,25057
5348,25057
5195,25058
5404,25058
5196,25059
5248,25059
5394,25059
5406,25059
5408,25059
5196,25060
5391,25060
5196,25061
5350,25061
5196,25062
5394,25062
5407,25062
5196,25063
5247,25063
5248,25063
5391,25063
5404,25063
5408,25063
5466,25063
5198,25064
5199,25065
5199,25066
5199,25067
5199,25068
5199,25069
6055,25069
5200,25070
7736,25070
5200,25071
5200,25072
5200,25073
8462,25073
5200,25074
5200,25075
5201,25076
5201,25077
5201,25078
5201,25079
5201,25080
5202,25081
5203,25082
6138,25082
5203,25083
5203,25084
5204,25085
5206,25086
5206,25087
5206,25088
5206,25089
5206,25090
8264,25090
5206,25091
6796,25091
5207,25092
5207,25093
5207,25094
5207,25095
8370,25095
5208,25096
5208,25097
8340,25097
5209,25098
5209,25099
7151,25099
5212,25100
6030,25100
5212,25101
5212,25102
5213,25103
5213,25104
5213,25105
5213,25106
5747,25106
5213,25107
5213,25108
5213,25109
5213,25110
5215,25111
5215,25112
5600,25112
6103,25112
5216,25113
5216,25114
5216,25115
8593,25115
5216,25116
5216,25117
5216,25118
5217,25119
5217,25120
8593,25120
5217,25121
7256,25121
8207,25121
5217,25122
6102,25122
6719,25122
8393,25122
5217,25123
5217,25124
5219,25125
5219,25126
8411,25126
5219,25127
5220,25128
5220,25129
5220,25130
5221,25131
7134,25131
5221,25132
5221,25133
7189,25133
8137,25133
5221,25134
5304,25134
5221,25135
5392,25135
7161,25135
5222,25136
5222,25137
5223,25138
5223,25139
5223,25140
5223,25141
5223,25142
5223,25143
5224,25144
5224,25145
5224,25146
5224,25147
5228,25148
5525,25148
5228,25149
5228,25150
5884,25150
7208,25150
7620,25150
8180,25150
5229,25151
5229,25152
5229,25153
5229,25154
5229,25155
5230,25156
5239,25156
5306,25156
7642,25156
5230,25157
5230,25158
5230,25159
5232,25160
5233,25161
5233,25162
5233,25163
5235,25164
5236,25165
5609,25165
6264,25165
5236,25166
5236,25167
5236,25168
5236,25169
5236,25170
5236,25171
6264,25171
5236,25172
5238,25173
7595,25173
7596,25173
7597,25173
5238,25174
6241,25174
5239,25175
5239,25176
5243,25177
5243,25178
5243,25179
5350,25179
5245,25180
6136,25180
8363,25180
5245,25181
5245,25182
5245,25183
5245,25184
5245,25185
5245,25186
5246,25187
5246,25188
5246,25189
6144,25189
5246,25190
5246,25191
5246,25192
8144,25192
5246,25193
5953,25193
6954,25193
5246,25194
5246,25195
5247,25196
5248,25196
5363,25196
5391,25196
5407,25196
5247,25197
5400,25197
5410,25197
5248,25198
7256,25198
5248,25199
5248,25200
5391,25200
5458,25200
7256,25200
5249,25201
5249,25202
5249,25203
7594,25203
5249,25204
5249,25205
5249,25206
5249,25207
5250,25208
5250,25209
5251,25210
5251,25211
5251,25212
5251,25213
5251,25214
5355,25214
5251,25215
5251,25216
5253,25217
5255,25218
5255,25219
5256,25220
5256,25221
5259,25222
5259,25223
5259,25224
5260,25225
5260,25226
5260,25227
5260,25228
7353,25228
5261,25229
5261,25230
5261,25231
5261,25232
5261,25233
5261,25234
5261,25235
5262,25236
5262,25237
6844,25237
5262,25238
5262,25239
6844,25239
5264,25240
5264,25241
5264,25242
5264,25243
7370,25243
5264,25244
7343,25244
5265,25245
5265,25246
5265,25247
5265,25248
5265,25249
5266,25250
5773,25250
5266,25251
6975,25251
5268,25252
7307,25252
5270,25253
6235,25253
5270,25254
5271,25255
5271,25256
5271,25257
5271,25258
5271,25259
5271,25260
5271,25261
5271,25262
5271,25263
5271,25264
5273,25265
5786,25265
5273,25266
5786,25266
5274,25267
5275,25268
5275,25269
5275,25270
5275,25271
5275,25272
5275,25273
5278,25274
5278,25275
5278,25276
5278,25277
5278,25278
5278,25279
8676,25279
5279,25280
5306,25280
7410,25280
5279,25281
5280,25282
6246,25282
6904,25282
5282,25283
5620,25283
5283,25284
6806,25284
8395,25284
5285,25285
6823,25285
5285,25286
5285,25287
5285,25288
5285,25289
5286,25290
5286,25291
5286,25292
5286,25293
5286,25294
5286,25295
5286,25296
5286,25297
5286,25298
6001,25298
5286,25299
5286,25300
5287,25301
7580,25301
5287,25302
6459,25302
5287,25303
5287,25304
5287,25305
5288,25306
5289,25307
5289,25308
5289,25309
5289,25310
5290,25311
5290,25312
5290,25313
5763,25313
5290,25314
5290,25315
5291,25316
5291,25317
5291,25318
8333,25318
5293,25319
5294,25319
5748,25319
5293,25320
5294,25320
5748,25320
5293,25321
5294,25321
5748,25321
5293,25322
5294,25322
5748,25322
5293,25323
5293,25324
5295,25325
5295,25326
5295,25327
5295,25328
5295,25329
5295,25330
5295,25331
5296,25332
5297,25333
7828,25333
5297,25334
7828,25334
5297,25335
5297,25336
5298,25337
5298,25338
5298,25339
5298,25340
5298,25341
5299,25342
5299,25343
5299,25344
5299,25345
5299,25346
5299,25347
5299,25348
5299,25349
5299,25350
8467,25350
5299,25351
5299,25352
5299,25353
5301,25354
5301,25355
5302,25356
5303,25357
5303,25358
6306,25358
7004,25358
7209,25358
8036,25358
8748,25358
8752,25358
5303,25359
6840,25359
7891,25359
5304,25360
7225,25360
5304,25361
5304,25362
5397,25362
6255,25362
7918,25362
7945,25362
5304,25363
5397,25363
5304,25364
7161,25364
5304,25365
5305,25366
5305,25367
5306,25368
5306,25369
5306,25370
5306,25371
6504,25371
8255,25371
5306,25372
5306,25373
7464,25373
5306,25374
5306,25375
5306,25376
5306,25377
5306,25378
5306,25379
5441,25379
8698,25379
5306,25380
7729,25380
5306,25381
5306,25382
5306,25383
5306,25384
5720,25384
6593,25384
5306,25385
5306,25386
5306,25387
5306,25388
5306,25389
5306,25390
5307,25391
5307,25392
5307,25393
5307,25394
5665,25394
5309,25395
5311,25396
5311,25397
5311,25398
5313,25399
5314,25400
5314,25401
6975,25401
5314,25402
5315,25403
5316,25404
5317,25405
5317,25406
5317,25407
5386,25407
5317,25408
5317,25409
5317,25410
5317,25411
5943,25411
5318,25412
5318,25413
5659,25413
5318,25414
5320,25415
5323,25416
5323,25417
5323,25418
5323,25419
5324,25420
7594,25420
5324,25421
7224,25421
7226,25421
5324,25422
5324,25423
5325,25424
5325,25425
5325,25426
6909,25426
5325,25427
5325,25428
5326,25429
5326,25430
5326,25431
6928,25431
5326,25432
5326,25433
5328,25434
5328,25435
5328,25436
5328,25437
5328,25438
5328,25439
5328,25440
5328,25441
5328,25442
5328,25443
5328,25444
5329,25445
6940,25445
5329,25446
5330,25447
8080,25447
8112,25447
5330,25448
5330,25449
5330,25450
5330,25451
5330,25452
5331,25453
5331,25454
5331,25455
5331,25456
5331,25457
7040,25457
5331,25458
5331,25459
5331,25460
5331,25461
5332,25462
6584,25462
7209,25462
7696,25462
7956,25462
5332,25463
7954,25463
7963,25463
5332,25464
5332,25465
5332,25466
5333,25467
6697,25467
5333,25468
5333,25469
5333,25470
5960,25470
6805,25470
5333,25471
5333,25472
5333,25473
5334,25474
8611,25474
5334,25475
7122,25475
5334,25476
5334,25477
6434,25477
5334,25478
5334,25479
5334,25480
7062,25480
5341,25481
5342,25482
5344,25483
7817,25483
5344,25484
5345,25485
8386,25485
5346,25486
5686,25486
5863,25486
5346,25487
5901,25487
5346,25488
5541,25488
5901,25488
8127,25488
5346,25489
5901,25489
5347,25490
6714,25490
8246,25490
5347,25491
5347,25492
5518,25492
5348,25493
5348,25494
5350,25494
5348,25495
5348,25496
5349,25497
5349,25498
5349,25499
5349,25500
5349,25501
5350,25502
5350,25503
5404,25503
5350,25504
5402,25504
5350,25505
5351,25506
5351,25507
5351,25508
5352,25509
5761,25509
5352,25510
7328,25510
8003,25510
5352,25511
5352,25512
5352,25513
5352,25514
5352,25515
5353,25516
6664,25516
8561,25516
5353,25517
5357,25517
5353,25518
5354,25519
5354,25520
5354,25521
5354,25522
7104,25522
5354,25523
5354,25524
5354,25525
5354,25526
5354,25527
5354,25528
5355,25529
5355,25530
7060,25530
8737,25530
5355,25531
5355,25532
5356,25533
5356,25534
8021,25534
5356,25535
5356,25536
5356,25537
5357,25538
8691,25538
8722,25538
5357,25539
5357,25540
5357,25541
5358,25542
5359,25543
5359,25544
5359,25545
5360,25546
5360,25547
5360,25548
5360,25549
5360,25550
5360,25551
5360,25552
5361,25553
5361,25554
5361,25555
5361,25556
5361,25557
5361,25558
5826,25558
7711,25558
5362,25559
5362,25560
5362,25561
5362,25562
5362,25563
5362,25564
5362,25565
5362,25566
5362,25567
5363,25568
5363,25569
5363,25570
5363,25571
5365,25572
5365,25573
6397,25573
5365,25574
5365,25575
5365,25576
5366,25577
7202,25577
8540,25577
5366,25578
5366,25579
5367,25580
7994,25580
5369,25581
5369,25582
5369,25583
5369,25584
5370,25585
5373,25586
5374,25587
5374,25588
5374,25589
7448,25589
5374,25590
5375,25591
5375,25592
5375,25593
5376,25594
5579,25594
5376,25595
5579,25595
8291,25595
5376,25596
5579,25596
5376,25597
5579,25597
5376,25598
5579,25598
5376,25599
5579,25599
5376,25600
5579,25600
5868,25600
5376,25601
5579,25601
5381,25602
5382,25603
5382,25604
8226,25604
5382,25605
5382,25606
5382,25607
5382,25608
5382,25609
6815,25609
5382,25610
5382,25611
5382,25612
5382,25613
5382,25614
5382,25615
5382,25616
5383,25617
5384,25618
5384,25619
5384,25620
5384,25621
5384,25622
5384,25623
7041,25623
5385,25624
5385,25625
5385,25626
5385,25627
5385,25628
5385,25629
5385,25630
5385,25631
5386,25632
5513,25632
5831,25632
8158,25632
5386,25633
6016,25633
5386,25634
5387,25635
5842,25635
5387,25636
5387,25637
5387,25638
5387,25639
5387,25640
5387,25641
5387,25642
5387,25643
5387,25644
7411,25644
5388,25645
5388,25646
5388,25647
5388,25648
5388,25649
5740,25649
5388,25650
5389,25651
6277,25651
5389,25652
5389,25653
6277,25653
5389,25654
5389,25655
6277,25655
5389,25656
5389,25657
5389,25658
5390,25659
5390,25660
5390,25661
5390,25662
5391,25663
5405,25663
5391,25664
5402,25664
5408,25664
5410,25664
5391,25665
5392,25666
5462,25666
5392,25667
5392,25668
6351,25668
5392,25669
5392,25670
5392,25671
5393,25672
5393,25673
7493,25673
7498,25673
5393,25674
5393,25675
5393,25676
5394,25677
5395,25678
5396,25679
7916,25679
5396,25680
5396,25681
5396,25682
5396,25683
5396,25684
5396,25685
5397,25686
5397,25687
5397,25688
5397,25689
5399,25690
5399,25691
8648,25691
8653,25691
5400,25692
5400,25693
5400,25694
5401,25695
5401,25696
5462,25696
5401,25697
5401,25698
5401,25699
5462,25699
5401,25700
5401,25701
5401,25702
5402,25703
5410,25703
5411,25703
5402,25704
5402,25705
5411,25705
5403,25706
5405,25707
5410,25707
5405,25708
5406,25709
7256,25709
5406,25710
5406,25711
5407,25712
5407,25713
5408,25714
5408,25715
5408,25716
5408,25717
5466,25717
5409,25718
5409,25719
5486,25719
7024,25719
7838,25719
5409,25720
6961,25720
5409,25721
5410,25722
5411,25723
5778,25723
6920,25723
5411,25724
5412,25725
5412,25726
5412,25727
5412,25728
5412,25729
5412,25730
5412,25731
5412,25732
5413,25733
5565,25733
8752,25733
5413,25734
8149,25734
8306,25734
5413,25735
5413,25736
5413,25737
6755,25737
5413,25738
8560,25738
8656,25738
5413,25739
5413,25740
6053,25740
6249,25740
5414,25741
5981,25741
6000,25741
6665,25741
8072,25741
8518,25741
5414,25742
6121,25742
5414,25743
5414,25744
5414,25745
7049,25745
8101,25745
8599,25745
5415,25746
5415,25747
5415,25748
5416,25749
5670,25749
5416,25750
5416,25751
5416,25752
8615,25752
5416,25753
8614,25753
5418,25754
5418,25755
5418,25756
5420,25757
5420,25758
5420,25759
5421,25760
5421,25761
5422,25762
6459,25762
8456,25762
5424,25763
5737,25763
5425,25764
6580,25764
5426,25765
8084,25765
5426,25766
5426,25767
5536,25767
5426,25768
5429,25769
5429,25770
5429,25771
8784,25771
8785,25771
5429,25772
5429,25773
5429,25774
8597,25774
5429,25775
5429,25776
5430,25777
5430,25778
5430,25779
5430,25780
5430,25781
5432,25782
5434,25783
5434,25784
5434,25785
5439,25785
5434,25786
5435,25787
5435,25788
5435,25789
5435,25790
5581,25790
5436,25791
5436,25792
5436,25793
5436,25794
5436,25795
5436,25796
6191,25796
5436,25797
5511,25797
5569,25797
5436,25798
5447,25798
5436,25799
5437,25800
5437,25801
5666,25801
5437,25802
5599,25802
5438,25803
5438,25804
7686,25804
5438,25805
5438,25806
5439,25807
5439,25808
5439,25809
5439,25810
5440,25811
5440,25812
5440,25813
5440,25814
5654,25814
5440,25815
5440,25816
5441,25817
8443,25817
5441,25818
5441,25819
5441,25820
5442,25821
5442,25822
5442,25823
5443,25824
5443,25825
5445,25826
5445,25827
5445,25828
8353,25828
5446,25829
5566,25829
5607,25829
5446,25830
5446,25831
5446,25832
5446,25833
5446,25834
5446,25835
5446,25836
6457,25836
7104,25836
5446,25837
5446,25838
5446,25839
5447,25840
5447,25841
7441,25841
5447,25842
5447,25843
5447,25844
5448,25845
5463,25845
5449,25846
5452,25846
5467,25846
5450,25847
5450,25848
5450,25849
5567,25849
5451,25850
5453,25851
5454,25852
5591,25852
5703,25852
5981,25852
8363,25852
8452,25852
8665,25852
8766,25852
5454,25853
5454,25854
5454,25855
5454,25856
5454,25857
5455,25858
5455,25859
5455,25860
5455,25861
5455,25862
5455,25863
5455,25864
5455,25865
5456,25866
5461,25866
5456,25867
6256,25867
7172,25867
7914,25867
7996,25867
5456,25868
6961,25868
5456,25869
8137,25869
5456,25870
5458,25871
5458,25872
5459,25873
7761,25873
8685,25873
5459,25874
8685,25874
5459,25875
7761,25875
8685,25875
5459,25876
7761,25876
5459,25877
8685,25877
5459,25878
5459,25879
5459,25880
5459,25881
7761,25881
5460,25882
5462,25883
5462,25884
5462,25885
5550,25885
5462,25886
5463,25887
6002,25887
7118,25887
7142,25887
8696,25887
5464,25888
5464,25889
5464,25890
5465,25891
5465,25892
5465,25893
5465,25894
5465,25895
5465,25896
5465,25897
6964,25897
5470,25898
5470,25899
5470,25900
5471,25901
6424,25901
6791,25901
7006,25901
8342,25901
5471,25902
5471,25903
5471,25904
5473,25905
6026,25905
6981,25905
7025,25905
7919,25905
5473,25906
5473,25907
5474,25908
6423,25908
5474,25909
5890,25909
7568,25909
5475,25910
5475,25911
5475,25912
5475,25913
5475,25914
6837,25914
5475,25915
5475,25916
5475,25917
5478,25918
5479,25919
5482,25920
5483,25921
5483,25922
5483,25923
7903,25923
5484,25924
5484,25925
5484,25926
5486,25927
5487,25928
5487,25929
5487,25930
7078,25930
5487,25931
5487,25932
5487,25933
5487,25934
5487,25935
5487,25936
5488,25937
5488,25938
5488,25939
5488,25940
6267,25940
6448,25940
7621,25940
8107,25940
5490,25941
5491,25942
5491,25943
5491,25944
7267,25944
5492,25945
5492,25946
5903,25946
6182,25946
5492,25947
5492,25948
5492,25949
5492,25950
5492,25951
5492,25952
5494,25953
5494,25954
6985,25954
5495,25955
5495,25956
5495,25957
5559,25957
5495,25958
5495,25959
5497,25960
5499,25961
5499,25962
5499,25963
5499,25964
5501,25965
5501,25966
5501,25967
5501,25968
5502,25969
5502,25970
5502,25971
5502,25972
5502,25973
5502,25974
5503,25975
5503,25976
5503,25977
5505,25978
5974,25978
6815,25978
5505,25979
6730,25979
5505,25980
5505,25981
5505,25982
5505,25983
5505,25984
5505,25985
5505,25986
5505,25987
5506,25988
8157,25988
5508,25989
5508,25990
5508,25991
5508,25992
5510,25993
5510,25994
5510,25995
5510,25996
5510,25997
5511,25998
5511,25999
5511,26000
5511,26001
5514,26002
5514,26003
5514,26004
5514,26005
5514,26006
5514,26007
5515,26008
5773,26008
5515,26009
5516,26010
6107,26010
5516,26011
5516,26012
6974,26012
5516,26013
5517,26014
5517,26015
5517,26016
5518,26017
5518,26018
5518,26019
5518,26020
5518,26021
5520,26022
5520,26023
5520,26024
5520,26025
5520,26026
5521,26027
5523,26028
5523,26029
6087,26029
5524,26030
5525,26031
5525,26032
5525,26033
5525,26034
5527,26035
5527,26036
5528,26036
5529,26036
8397,26036
5527,26037
5528,26037
5529,26037
5527,26038
5528,26038
5529,26038
5528,26039
5529,26040
5529,26041
5529,26042
5530,26043
5530,26044
5530,26045
5530,26046
5531,26047
7449,26047
8557,26047
5532,26048
5761,26048
6397,26048
7272,26048
5532,26049
5532,26050
5532,26051
5534,26052
5535,26053
5535,26054
7306,26054
5535,26055
5535,26056
5537,26057
5537,26058
5537,26059
5537,26060
5537,26061
5537,26062
5537,26063
5537,26064
5537,26065
5538,26066
5538,26067
5538,26068
5586,26068
5538,26069
5539,26070
5539,26071
5539,26072
8373,26072
5539,26073
5539,26074
5540,26075
5541,26076
5543,26077
7247,26077
5543,26078
5543,26079
5543,26080
5543,26081
5543,26082
5543,26083
5544,26084
5544,26085
5544,26086
5544,26087
5545,26088
5545,26089
5545,26090
5580,26090
5616,26090
5545,26091
8637,26091
8788,26091
5546,26092
5547,26093
8323,26093
5547,26094
5548,26095
8017,26095
5548,26096
5548,26097
5548,26098
5548,26099
5548,26100
5548,26101
5550,26102
7558,26102
5550,26103
5550,26104
5551,26105
5551,26106
5551,26107
5552,26108
7801,26108
5552,26109
5552,26110
5552,26111
5552,26112
5552,26113
5553,26114
5553,26115
5554,26116
5555,26117
5555,26118
5555,26119
6930,26119
5555,26120
5556,26121
5556,26122
5556,26123
7005,26123
5559,26124
5559,26125
5559,26126
5559,26127
5560,26128
5565,26129
5565,26130
5565,26131
5566,26132
5566,26133
5566,26134
5567,26135
5567,26136
5567,26137
5567,26138
5567,26139
7699,26139
5569,26140
7441,26140
5569,26141
5569,26142
5569,26143
5569,26144
7349,26144
5569,26145
5593,26145
5569,26146
5569,26147
5570,26148
5571,26149
6885,26149
8335,26149
5571,26150
5571,26151
5571,26152
5571,26153
5572,26154
5572,26155
5572,26156
5572,26157
5573,26158
5573,26159
5573,26160
5573,26161
5574,26162
5575,26163
5575,26164
5575,26165
5575,26166
5575,26167
5578,26168
5578,26169
5578,26170
5578,26171
5579,26172
5580,26173
5580,26174
5580,26175
5580,26176
5580,26177
5580,26178
5581,26179
5581,26180
5987,26180
8576,26180
5581,26181
5581,26182
5581,26183
5987,26183
8380,26183
5581,26184
5582,26185
5582,26186
5582,26187
5584,26188
5584,26189
5584,26190
5584,26191
5584,26192
5584,26193
5584,26194
5584,26195
5584,26196
5584,26197
5584,26198
5584,26199
5585,26200
5586,26201
5586,26202
5586,26203
5586,26204
5588,26205
5588,26206
5588,26207
5588,26208
5589,26209
5589,26210
5589,26211
5589,26212
5589,26213
5589,26214
5589,26215
5589,26216
5589,26217
5589,26218
5590,26219
8109,26219
5590,26220
5590,26221
5590,26222
5590,26223
5590,26224
5591,26225
5959,26225
8405,26225
8406,26225
8538,26225
5591,26226
5591,26227
5989,26227
5591,26228
6617,26228
7477,26228
8508,26228
5592,26229
5592,26230
5592,26231
5592,26232
5679,26232
5873,26232
5592,26233
5592,26234
5592,26235
5593,26236
5593,26237
6414,26237
5593,26238
5593,26239
5594,26240
5594,26241
5594,26242
5594,26243
5594,26244
5596,26245
5596,26246
5596,26247
5596,26248
5598,26249
5598,26250
5598,26251
5598,26252
5598,26253
5598,26254
5598,26255
5598,26256
5599,26257
5599,26258
5599,26259
5600,26260
5600,26261
5601,26262
5601,26263
5634,26263
5601,26264
5601,26265
5633,26265
5601,26266
5602,26267
5602,26268
5602,26269
5602,26270
5602,26271
5602,26272
5604,26273
5604,26274
5604,26275
5604,26276
5604,26277
5604,26278
7676,26278
5604,26279
5605,26280
5605,26281
5605,26282
7106,26282
5606,26283
5606,26284
5606,26285
5606,26286
7592,26286
5606,26287
5607,26288
8345,26288
8487,26288
5607,26289
7536,26289
5607,26290
5941,26290
6818,26290
8753,26290
5607,26291
5607,26292
6147,26292
5609,26293
5609,26294
5609,26295
5609,26296
5609,26297
5610,26298
5610,26299
5610,26300
5749,26300
5610,26301
5610,26302
5610,26303
5610,26304
5611,26305
5611,26306
5611,26307
5611,26308
5611,26309
7509,26309
5612,26310
5614,26311
5614,26312
5614,26313
5614,26314
5614,26315
5614,26316
5614,26317
5614,26318
5614,26319
5614,26320
6520,26320
5614,26321
5614,26322
5614,26323
5614,26324
5616,26325
8403,26325
5616,26326
5616,26327
8403,26327
5616,26328
6377,26328
7407,26328
5616,26329
6116,26329
5619,26330
5620,26331
5620,26332
5955,26332
5620,26333
8078,26333
5621,26334
5621,26335
5622,26336
5622,26337
7917,26337
5622,26338
5622,26339
8506,26339
5624,26340
5624,26341
7547,26341
5624,26342
5624,26343
5625,26344
5625,26345
5625,26346
5625,26347
5625,26348
5626,26349
6798,26349
8262,26349
8453,26349
8466,26349
5626,26350
5626,26351
5626,26352
6022,26352
5627,26353
5627,26354
5627,26355
5627,26356
5627,26357
5627,26358
5627,26359
5628,26360
5630,26361
5630,26362
5630,26363
5630,26364
7365,26364
5631,26365
7006,26365
5633,26366
5633,26367
5633,26368
5633,26369
5633,26370
5633,26371
5633,26372
5659,26372
5634,26373
5634,26374
5634,26375
5634,26376
5634,26377
5634,26378
5634,26379
5634,26380
7958,26380
5634,26381
5635,26382
5635,26383
5635,26384
5635,26385
5635,26386
5636,26387
5636,26388
5636,26389
5636,26390
5636,26391
5636,26392
5636,26393
5636,26394
5638,26395
7586,26395
5638,26396
8450,26396
5638,26397
6818,26397
5638,26398
5639,26399
5639,26400
5639,26401
5639,26402
5639,26403
5639,26404
5639,26405
5639,26406
5641,26407
5641,26408
5642,26409
5642,26410
5642,26411
5642,26412
5642,26413
5642,26414
5642,26415
5642,26416
5642,26417
5642,26418
5643,26419
8312,26419
5643,26420
7045,26420
5643,26421
5643,26422
5643,26423
5643,26424
5644,26425
5644,26426
7696,26426
8690,26426
5644,26427
5645,26428
5645,26429
5645,26430
5645,26431
8727,26431
5645,26432
5646,26433
5646,26434
5646,26435
5647,26436
5912,26436
5648,26437
5648,26438
5648,26439
5648,26440
5648,26441
5648,26442
5648,26443
5648,26444
5649,26445
5649,26446
6313,26446
5650,26447
5650,26448
5650,26449
5650,26450
5650,26451
5651,26452
6144,26452
5651,26453
5651,26454
5954,26454
6155,26454
5651,26455
5651,26456
5652,26457
5652,26458
5652,26459
5653,26460
6707,26460
7990,26460
5653,26461
5654,26462
5654,26463
5654,26464
5654,26465
5654,26466
5654,26467
5656,26468
5656,26469
5656,26470
5656,26471
5656,26472
5656,26473
5656,26474
5657,26475
5657,26476
5657,26477
5659,26478
5659,26479
8224,26479
5659,26480
5659,26481
5659,26482
5659,26483
5659,26484
5662,26485
8119,26485
5662,26486
5662,26487
5663,26488
5663,26489
5663,26490
5664,26491
5664,26492
5664,26493
5994,26493
8147,26493
5664,26494
5664,26495
5665,26496
5665,26497
5665,26498
5665,26499
5665,26500
5665,26501
5665,26502
5666,26503
5666,26504
5666,26505
5666,26506
5666,26507
5667,26508
6363,26508
5668,26509
5668,26510
5668,26511
5668,26512
5668,26513
5668,26514
5668,26515
5669,26516
5669,26517
5669,26518
5669,26519
5669,26520
5669,26521
5670,26522
5670,26523
5670,26524
5670,26525
5670,26526
5670,26527
5671,26528
6606,26528
5671,26529
5671,26530
5671,26531
5671,26532
8380,26532
5671,26533
5671,26534
5671,26535
7284,26535
5672,26536
5672,26537
5672,26538
5672,26539
5672,26540
5672,26541
5672,26542
5672,26543
5672,26544
5673,26545
6839,26545
7089,26545
5673,26546
6235,26546
6236,26546
6237,26546
6238,26546
6243,26546
7332,26546
5674,26547
5674,26548
5674,26549
5674,26550
5674,26551
5675,26552
5675,26553
5676,26554
5676,26555
5676,26556
5676,26557
5676,26558
5676,26559
5677,26560
5677,26561
5677,26562
5677,26563
5677,26564
5678,26565
5678,26566
7073,26566
8300,26566
8677,26566
5678,26567
5679,26568
5679,26569
5680,26570
5680,26571
5680,26572
5680,26573
5682,26574
5682,26575
5682,26576
5682,26577
5682,26578
5683,26579
6063,26579
7843,26579
8334,26579
8596,26579
5683,26580
5683,26581
5683,26582
5683,26583
5684,26584
5684,26585
5684,26586
5685,26587
5685,26588
5685,26589
5685,26590
5685,26591
5685,26592
5686,26593
5686,26594
5756,26594
5686,26595
7756,26595
7904,26595
5688,26596
5689,26597
5689,26598
5689,26599
5691,26600
5691,26601
5691,26602
5691,26603
5691,26604
5691,26605
5692,26606
5692,26607
5692,26608
5692,26609
5692,26610
5692,26611
5692,26612
5692,26613
5693,26614
5693,26615
5693,26616
5693,26617
5693,26618
5693,26619
5693,26620
5693,26621
5693,26622
5693,26623
5693,26624
5693,26625
7532,26625
5693,26626
8237,26626
5693,26627
5693,26628
5693,26629
5694,26630
5694,26631
5695,26632
5695,26633
5695,26634
6426,26634
5695,26635
5695,26636
5695,26637
5697,26638
7175,26638
7451,26638
7513,26638
8017,26638
5697,26639
5697,26640
5698,26641
5698,26642
5698,26643
5698,26644
5698,26645
5699,26646
5699,26647
5699,26648
5699,26649
5699,26650
5699,26651
5699,26652
5700,26653
5700,26654
5700,26655
5701,26656
5701,26657
5701,26658
5778,26658
5702,26659
5702,26660
5702,26661
5702,26662
5703,26663
5887,26663
5703,26664
5887,26664
5703,26665
7058,26665
8394,26665
5703,26666
5703,26667
5703,26668
5704,26669
5704,26670
5704,26671
5705,26672
5706,26673
7065,26673
7365,26673
7922,26673
5706,26674
5706,26675
5707,26676
5707,26677
5707,26678
5707,26679
5707,26680
5708,26681
5708,26682
6601,26682
5708,26683
5710,26684
5710,26685
5710,26686
5710,26687
5710,26688
5710,26689
5710,26690
5711,26691
5711,26692
5711,26693
5711,26694
5711,26695
5711,26696
5715,26697
5715,26698
5715,26699
5715,26700
6417,26700
5716,26701
5716,26702
6674,26702
5716,26703
5716,26704
5716,26705
7265,26705
5716,26706
7265,26706
5716,26707
5716,26708
6673,26708
5717,26709
5718,26710
5719,26711
5719,26712
5719,26713
5719,26714
5720,26715
5720,26716
5720,26717
5720,26718
5721,26719
5722,26720
5723,26721
5723,26722
5723,26723
5723,26724
5723,26725
5976,26725
5723,26726
5723,26727
5723,26728
6354,26728
5723,26729
5723,26730
5723,26731
5724,26732
5724,26733
5803,26733
6187,26733
5724,26734
5724,26735
7556,26735
5724,26736
5725,26737
8502,26737
5728,26738
5730,26738
5733,26738
5728,26739
5731,26739
5732,26739
5806,26739
7360,26739
5728,26740
5769,26740
6920,26740
5728,26741
5729,26741
7469,26741
5728,26742
5729,26743
5767,26743
5729,26744
5729,26745
5730,26746
5731,26747
5731,26748
5731,26749
5772,26749
5732,26750
5733,26751
5764,26751
5733,26752
5764,26752
7060,26752
5733,26753
7811,26753
5733,26754
5734,26755
5734,26756
5734,26757
5734,26758
6746,26758
5734,26759
5734,26760
8302,26760
5734,26761
6304,26761
5735,26762
5736,26763
5736,26764
5737,26765
6042,26765
8543,26765
5737,26766
6457,26766
7487,26766
7908,26766
8361,26766
5738,26767
7328,26767
7950,26767
8117,26767
5738,26768
5740,26769
5740,26770
5740,26771
5740,26772
5740,26773
5741,26774
6566,26774
7631,26774
7632,26774
5741,26775
5741,26776
7747,26776
5741,26777
5741,26778
5743,26779
5743,26780
5743,26781
5743,26782
5743,26783
7935,26783
5743,26784
5745,26785
5745,26786
5745,26787
5745,26788
5745,26789
5747,26790
5747,26791
5747,26792
5747,26793
5749,26794
5750,26795
5751,26796
5751,26797
5751,26798
5751,26799
5751,26800
5751,26801
5751,26802
5752,26803
6244,26803
5752,26804
5752,26805
5752,26806
7099,26806
7750,26806
5752,26807
5752,26808
5752,26809
5752,26810
5752,26811
8582,26811
5753,26812
5753,26813
5753,26814
5753,26815
5753,26816
5753,26817
5753,26818
5754,26819
5830,26819
5754,26820
5754,26821
5854,26821
5755,26822
5756,26823
5756,26824
5756,26825
5756,26826
5756,26827
5756,26828
6467,26828
5756,26829
5761,26830
5761,26831
7200,26831
5761,26832
5761,26833
5761,26834
5761,26835
5762,26836
5763,26837
5763,26838
5763,26839
5764,26840
5765,26841
5765,26842
7772,26842
8428,26842
5765,26843
5765,26844
5765,26845
5765,26846
5765,26847
5765,26848
8428,26848
5765,26849
5766,26850
5766,26851
5766,26852
5766,26853
5766,26854
5766,26855
5766,26856
5766,26857
5767,26858
5767,26859
7360,26859
5768,26860
5768,26861
5768,26862
5768,26863
5768,26864
5768,26865
5769,26866
5769,26867
5769,26868
5769,26869
5782,26869
5769,26870
5771,26871
6197,26871
5771,26872
5771,26873
6197,26873
5771,26874
5771,26875
5771,26876
5771,26877
5772,26878
5772,26879
5772,26880
5773,26881
5774,26882
5774,26883
5775,26884
5775,26885
5775,26886
5775,26887
7731,26887
5775,26888
5775,26889
5775,26890
5775,26891
5775,26892
5777,26893
5777,26894
5777,26895
5777,26896
5777,26897
5777,26898
5777,26899
5777,26900
5777,26901
5777,26902
5778,26903
7344,26903
5778,26904
5779,26905
5779,26906
5779,26907
7365,26907
5781,26908
5781,26909
6809,26909
5781,26910
5781,26911
5781,26912
5781,26913
5781,26914
5781,26915
5781,26916
5781,26917
5781,26918
5782,26919
5782,26920
5787,26921
5787,26922
5788,26923
5788,26924
5789,26925
5789,26926
5789,26927
5790,26928
5790,26929
5791,26930
5791,26931
5792,26932
5792,26933
5793,26934
5793,26935
5793,26936
5793,26937
5797,26938
5799,26939
6357,26939
5801,26940
5801,26941
8029,26941
5803,26942
7355,26942
5803,26943
5803,26944
5803,26945
5803,26946
5803,26947
5804,26948
5806,26949
8561,26949
8568,26949
5806,26950
5806,26951
5806,26952
5806,26953
7344,26953
5807,26954
5808,26955
5808,26956
5808,26957
6732,26957
6828,26957
5810,26958
6711,26958
8234,26958
5810,26959
5810,26960
8230,26960
8692,26960
5810,26961
6951,26961
5810,26962
5811,26963
5813,26964
5825,26965
5826,26966
5826,26967
5826,26968
5826,26969
5826,26970
5826,26971
5827,26972
5828,26973
5828,26974
5828,26975
5828,26976
5828,26977
5828,26978
5828,26979
7211,26979
5828,26980
5828,26981
5829,26982
5993,26982
6604,26982
8036,26982
5831,26983
7478,26983
5831,26984
5831,26985
5831,26986
5831,26987
5831,26988
5832,26989
5833,26990
5833,26991
5833,26992
8695,26992
5833,26993
5833,26994
5834,26995
5834,26996
5834,26997
5835,26998
5835,26999
5835,27000
5835,27001
5837,27002
5837,27003
5837,27004
5837,27005
5837,27006
5877,27006
5837,27007
5837,27008
5837,27009
5837,27010
7864,27010
5838,27011
5839,27012
5839,27013
5856,27013
7503,27013
5841,27014
5841,27015
5842,27016
5874,27016
5875,27016
5842,27017
5842,27018
5842,27019
5842,27020
5844,27021
5844,27022
5844,27023
5844,27024
5844,27025
5844,27026
5844,27027
5846,27028
5852,27029
5852,27030
5852,27031
5852,27032
5852,27033
5852,27034
5852,27035
5853,27036
5854,27037
5854,27038
5854,27039
5854,27040
8798,27040
5854,27041
5858,27042
5859,27043
5859,27044
5859,27045
5859,27046
6341,27046
5859,27047
5859,27048
5861,27049
5862,27050
5862,27051
5862,27052
6119,27052
5862,27053
5862,27054
5862,27055
6389,27055
6799,27055
5863,27056
8264,27056
5863,27057
5863,27058
5865,27059
5865,27060
5865,27061
5865,27062
8198,27062
5866,27063
6154,27063
5867,27064
5868,27065
6421,27065
5868,27066
5868,27067
6421,27067
5870,27068
5870,27069
5870,27070
5874,27071
5875,27071
5874,27072
5874,27073
5874,27074
5991,27074
5874,27075
7824,27075
5875,27076
5875,27077
5875,27078
5880,27079
5880,27080
5880,27081
5880,27082
5882,27083
6355,27083
7155,27083
5882,27084
5882,27085
5882,27086
5883,27087
5883,27088
5883,27089
5883,27090
5883,27091
5883,27092
5883,27093
5884,27094
5884,27095
6398,27095
5884,27096
5884,27097
5886,27098
5887,27099
5887,27100
5887,27101
5887,27102
5888,27103
5888,27104
5888,27105
5888,27106
5888,27107
5888,27108
6656,27108
5888,27109
6063,27109
7062,27109
5889,27110
7550,27110
8484,27110
8549,27110
8741,27110
5889,27111
5889,27112
7477,27112
5889,27113
5889,27114
5889,27115
5889,27116
5889,27117
8272,27117
5889,27118
5889,27119
5890,27120
5892,27121
5892,27122
5892,27123
5892,27124
5892,27125
5892,27126
5893,27127
6604,27127
6838,27127
6943,27127
5893,27128
5893,27129
5893,27130
5893,27131
5893,27132
5893,27133
5893,27134
5893,27135
5893,27136
5893,27137
8368,27137
5893,27138
5893,27139
5893,27140
5893,27141
5893,27142
5897,27143
8492,27143
5898,27144
5899,27145
7999,27145
8158,27145
5899,27146
5899,27147
5901,27148
7369,27148
7482,27148
8072,27148
5901,27149
7205,27149
5903,27150
5904,27151
5906,27152
5918,27152
5908,27153
5908,27154
5908,27155
5908,27156
5908,27157
5908,27158
5909,27159
5909,27160
5909,27161
5909,27162
5910,27163
5910,27164
6677,27164
7464,27164
7984,27164
5910,27165
6653,27165
5913,27166
5917,27167
5921,27168
6090,27168
5923,27169
5923,27170
5923,27171
5923,27172
5924,27173
5928,27174
5931,27175
5931,27176
5931,27177
5931,27178
5931,27179
5931,27180
5932,27181
5934,27182
8532,27182
5934,27183
8488,27183
5934,27184
5934,27185
6068,27185
5934,27186
5934,27187
5935,27188
5936,27189
5936,27190
5936,27191
5936,27192
5936,27193
5936,27194
5936,27195
5936,27196
5936,27197
5936,27198
5936,27199
5936,27200
5936,27201
5936,27202
7064,27202
5937,27203
5937,27204
5937,27205
5937,27206
5937,27207
5937,27208
5937,27209
5937,27210
5938,27211
5938,27212
5938,27213
5938,27214
5938,27215
5938,27216
5938,27217
5938,27218
5938,27219
5938,27220
5940,27221
5940,27222
8523,27222
5940,27223
5940,27224
5940,27225
5940,27226
6954,27226
7323,27226
8149,27226
5941,27227
5941,27228
8100,27228
5943,27229
5943,27230
8792,27230
5943,27231
5943,27232
5943,27233
5944,27234
5944,27235
7991,27235
5944,27236
6449,27236
5944,27237
5945,27238
5946,27239
8645,27239
5946,27240
5946,27241
5946,27242
5946,27243
5946,27244
6261,27244
5947,27245
5947,27246
5947,27247
5947,27248
5947,27249
5948,27250
5948,27251
5948,27252
5948,27253
5949,27254
7114,27254
5949,27255
5949,27256
6249,27256
5949,27257
5949,27258
5950,27259
5950,27260
5950,27261
5950,27262
5950,27263
5950,27264
5951,27265
5951,27266
5951,27267
5951,27268
5951,27269
5951,27270
5952,27271
5952,27272
5953,27273
5953,27274
5953,27275
5953,27276
5953,27277
5954,27278
5954,27279
5954,27280
6222,27280
6223,27280
7827,27280
5954,27281
5954,27282
6549,27282
8230,27282
5954,27283
5954,27284
5954,27285
5955,27286
5955,27287
5955,27288
5956,27289
5956,27290
5956,27291
5956,27292
5956,27293
5957,27294
5957,27295
5957,27296
5957,27297
5957,27298
5957,27299
5957,27300
5957,27301
5957,27302
5957,27303
5958,27304
5958,27305
5958,27306
5958,27307
5958,27308
5958,27309
5959,27310
6152,27310
7565,27310
7854,27310
8292,27310
8321,27310
8357,27310
8381,27310
8382,27310
5959,27311
7854,27311
7896,27311
8040,27311
5960,27312
5960,27313
8297,27313
5960,27314
5960,27315
5961,27316
5962,27317
7166,27317
5962,27318
7806,27318
5962,27319
5962,27320
5962,27321
5962,27322
5963,27323
6278,27323
7260,27323
5963,27324
5963,27325
6008,27325
5964,27326
5964,27327
5964,27328
5964,27329
8228,27329
8298,27329
5964,27330
5964,27331
5964,27332
5968,27333
5968,27334
5968,27335
5969,27336
5969,27337
5969,27338
5969,27339
5969,27340
5970,27341
5970,27342
5970,27343
5970,27344
5970,27345
5970,27346
5970,27347
5971,27348
7338,27348
7996,27348
5971,27349
5971,27350
5971,27351
5974,27352
8011,27352
5974,27353
5974,27354
5974,27355
5974,27356
5975,27357
5975,27358
6508,27358
5976,27359
5976,27360
5976,27361
5976,27362
5976,27363
5976,27364
5976,27365
5976,27366
5977,27367
5977,27368
5977,27369
5977,27370
6905,27370
6906,27370
5977,27371
5977,27372
5977,27373
5977,27374
5977,27375
5977,27376
5978,27377
7400,27377
8615,27377
5978,27378
5978,27379
5978,27380
5979,27381
5979,27382
5979,27383
5979,27384
5980,27385
6119,27385
5980,27386
5980,27387
5980,27388
5980,27389
5980,27390
5980,27391
5980,27392
5980,27393
5981,27394
7196,27394
7682,27394
8535,27394
5981,27395
6063,27395
7178,27395
7799,27395
8418,27395
5982,27396
5982,27397
5982,27398
5982,27399
5982,27400
5982,27401
5985,27402
5985,27403
5985,27404
5985,27405
5986,27406
5986,27407
6598,27407
8140,27407
5986,27408
5986,27409
5986,27410
7282,27410
5986,27411
5986,27412
7255,27412
5986,27413
5987,27414
5987,27415
5987,27416
5987,27417
5988,27418
5988,27419
5992,27419
5988,27420
5989,27421
5989,27422
5991,27423
8585,27423
5991,27424
5991,27425
5991,27426
5991,27427
7304,27427
5991,27428
5992,27429
5992,27430
5992,27431
5992,27432
5992,27433
5993,27434
5993,27435
5993,27436
5993,27437
5993,27438
5994,27439
5994,27440
8711,27440
5994,27441
5995,27442
5995,27443
5995,27444
6446,27444
5995,27445
5995,27446
5995,27447
5995,27448
5995,27449
5996,27450
5996,27451
5996,27452
5996,27453
5996,27454
5997,27455
5997,27456
5997,27457
5997,27458
5997,27459
5997,27460
8492,27460
5997,27461
5997,27462
5997,27463
6434,27463
6797,27463
8302,27463
5997,27464
6863,27464
5997,27465
5997,27466
5998,27467
5998,27468
5998,27469
5998,27470
5998,27471
5998,27472
5998,27473
5998,27474
5998,27475
5998,27476
5998,27477
5998,27478
5998,27479
5998,27480
5998,27481
5998,27482
5999,27483
5999,27484
5999,27485
7137,27485
5999,27486
5999,27487
6001,27488
6001,27489
6001,27490
6003,27491
6003,27492
6145,27492
6003,27493
6003,27494
6003,27495
6003,27496
6003,27497
6003,27498
6003,27499
6003,27500
6004,27501
6004,27502
6005,27503
7339,27503
6005,27504
6005,27505
6005,27506
6006,27507
6006,27508
7131,27508
6006,27509
6150,27509
6006,27510
6006,27511
7245,27511
6007,27512
6112,27512
6007,27513
7827,27513
8638,27513
8639,27513
6007,27514
6665,27514
6007,27515
6007,27516
6008,27517
6075,27517
6009,27518
7148,27518
6009,27519
6009,27520
7620,27520
6010,27521
6012,27522
6012,27523
8231,27523
6012,27524
6012,27525
7107,27525
8231,27525
6012,27526
6159,27526
7107,27526
6012,27527
6013,27528
6013,27529
6013,27530
8622,27530
8623,27530
6014,27531
6014,27532
6014,27533
6014,27534
6014,27535
6014,27536
6014,27537
6014,27538
6014,27539
6015,27540
6016,27541
6016,27542
6016,27543
8394,27543
6016,27544
8443,27544
6016,27545
6016,27546
6016,27547
6016,27548
6815,27548
6017,27549
6017,27550
6017,27551
8050,27551
6018,27552
8117,27552
8416,27552
8417,27552
6019,27553
6019,27554
6165,27554
6272,27554
6304,27554
7317,27554
7518,27554
6019,27555
6272,27555
8555,27555
6020,27556
8499,27556
6020,27557
6181,27557
6021,27558
6021,27559
6021,27560
6022,27561
6022,27562
6022,27563
6022,27564
6022,27565
6022,27566
6023,27567
7103,27567
6023,27568
6023,27569
6023,27570
6023,27571
8688,27571
6023,27572
6023,27573
6024,27574
8339,27574
8619,27574
6024,27575
6024,27576
6024,27577
6024,27578
6024,27579
6024,27580
6024,27581
6215,27581
6024,27582
6025,27583
6025,27584
6025,27585
6025,27586
6025,27587
6026,27588
6981,27588
8801,27588
6026,27589
6026,27590
6026,27591
6026,27592
6026,27593
6026,27594
6026,27595
6654,27595
7166,27595
8714,27595
6027,27596
7222,27596
6028,27597
6955,27597
7152,27597
8175,27597
8218,27597
6028,27598
6029,27599
6029,27600
6029,27601
6030,27602
6030,27603
8690,27603
6030,27604
6985,27604
6030,27605
8753,27605
6031,27606
6031,27607
6642,27607
7072,27607
6031,27608
7994,27608
6031,27609
6359,27609
6950,27609
8765,27609
6031,27610
6031,27611
6031,27612
6031,27613
6031,27614
6032,27615
6032,27616
6032,27617
6032,27618
6032,27619
6032,27620
6032,27621
6033,27622
6034,27623
6035,27624
6037,27625
7317,27625
6038,27626
7060,27626
6038,27627
6038,27628
7469,27628
6038,27629
6157,27629
6038,27630
6041,27631
6041,27632
6041,27633
6041,27634
6041,27635
6943,27635
7950,27635
8297,27635
6041,27636
6041,27637
6041,27638
6041,27639
6042,27640
6042,27641
6042,27642
6042,27643
6042,27644
6042,27645
6042,27646
6043,27647
6043,27648
6043,27649
6760,27649
6045,27650
6045,27651
6045,27652
6045,27653
6045,27654
6045,27655
6046,27656
6046,27657
6046,27658
6741,27658
6801,27658
6915,27658
7886,27658
7948,27658
8089,27658
6046,27659
6532,27659
7928,27659
6046,27660
6046,27661
7523,27661
6047,27662
7452,27662
6047,27663
6444,27663
7717,27663
6050,27664
8302,27664
6050,27665
6050,27666
6050,27667
6051,27668
6051,27669
6051,27670
6051,27671
6051,27672
6052,27673
6053,27674
6053,27675
6053,27676
6053,27677
7632,27677
6054,27678
6054,27679
6054,27680
6054,27681
6055,27682
6055,27683
6383,27683
6918,27683
6055,27684
6055,27685
6056,27686
6056,27687
6056,27688
6056,27689
7188,27689
6056,27690
6296,27690
6056,27691
6057,27692
6057,27693
6413,27693
7271,27693
6057,27694
6057,27695
6057,27696
6057,27697
6057,27698
6057,27699
6057,27700
6057,27701
6058,27702
6110,27702
7635,27702
8603,27702
8777,27702
6058,27703
6058,27704
6978,27704
6058,27705
6058,27706
6058,27707
6058,27708
6058,27709
6058,27710
6059,27711
6059,27712
6059,27713
6059,27714
6060,27715
6060,27716
6060,27717
6060,27718
8454,27718
6060,27719
6061,27720
6061,27721
6061,27722
6061,27723
6061,27724
6061,27725
6061,27726
6061,27727
6061,27728
6368,27728
6061,27729
6063,27730
6962,27730
6064,27731
6064,27732
6066,27733
6066,27734
6067,27735
6067,27736
6067,27737
6067,27738
6067,27739
6067,27740
6725,27740
6068,27741
6068,27742
6068,27743
6490,27743
7329,27743
6068,27744
6068,27745
6068,27746
6068,27747
6069,27748
6069,27749
8639,27749
6069,27750
6069,27751
6069,27752
6069,27753
6069,27754
6069,27755
6069,27756
6069,27757
6070,27758
6070,27759
6425,27759
6070,27760
6070,27761
6070,27762
6070,27763
6070,27764
6071,27765
6072,27766
6072,27767
6072,27768
6419,27768
6072,27769
6072,27770
6419,27770
6466,27770
6073,27771
6073,27772
6073,27773
7175,27773
7513,27773
7924,27773
8800,27773
6073,27774
6075,27775
7401,27775
6075,27776
6603,27776
6075,27777
6075,27778
6075,27779
6076,27780
6734,27780
7689,27780
7939,27780
7993,27780
6076,27781
6076,27782
6077,27783
7338,27783
6077,27784
6077,27785
6077,27786
6077,27787
6077,27788
6079,27789
6079,27790
7438,27790
7692,27790
7708,27790
6079,27791
6080,27792
6966,27792
6080,27793
7102,27793
6080,27794
7102,27794
8348,27794
6081,27795
6081,27796
6582,27796
7563,27796
6081,27797
6082,27798
6082,27799
6082,27800
6082,27801
6083,27802
6083,27803
6083,27804
6083,27805
6083,27806
6083,27807
6084,27808
6084,27809
6084,27810
8051,27810
6084,27811
6084,27812
6085,27813
6085,27814
6085,27815
6085,27816
6085,27817
6085,27818
6085,27819
6085,27820
6085,27821
6086,27822
7088,27822
6086,27823
6086,27824
6086,27825
6086,27826
6087,27827
6087,27828
6087,27829
6087,27830
6087,27831
6087,27832
6087,27833
6087,27834
6087,27835
6087,27836
8623,27836
6088,27837
6088,27838
7066,27838
7691,27838
8395,27838
6088,27839
6089,27840
8044,27840
6089,27841
6621,27841
7390,27841
7403,27841
8355,27841
8523,27841
6089,27842
8361,27842
6090,27843
6091,27844
6091,27845
6628,27845
6629,27845
6630,27845
6091,27846
6091,27847
6628,27847
6629,27847
6630,27847
7379,27847
6091,27848
6091,27849
6091,27850
6628,27850
6629,27850
6630,27850
6092,27851
7517,27851
6092,27852
6092,27853
6092,27854
6092,27855
6092,27856
6092,27857
6093,27858
6093,27859
6093,27860
6093,27861
6093,27862
6093,27863
6093,27864
6094,27865
6094,27866
6094,27867
6094,27868
6094,27869
6098,27870
8452,27870
8518,27870
6098,27871
6098,27872
6098,27873
6099,27874
7078,27874
6099,27875
7061,27875
6099,27876
6099,27877
7592,27877
7809,27877
6100,27878
6100,27879
6100,27880
8358,27880
6100,27881
6200,27881
7452,27881
6101,27882
6102,27883
6858,27883
6102,27884
6775,27884
6103,27885
6103,27886
6103,27887
6103,27888
7383,27888
6103,27889
8684,27889
6104,27890
6104,27891
7166,27891
6105,27892
6105,27893
6106,27894
6107,27895
6107,27896
6107,27897
6107,27898
6110,27899
7670,27899
6110,27900
6110,27901
6111,27902
6112,27903
6332,27903
6623,27903
6965,27903
8382,27903
6112,27904
6112,27905
6112,27906
6112,27907
6117,27907
6112,27908
7702,27908
8224,27908
6112,27909
6113,27910
6114,27911
6116,27912
7209,27912
8043,27912
6116,27913
7323,27913
8398,27913
6116,27914
6226,27914
6116,27915
6117,27916
6152,27916
6153,27916
6154,27916
6155,27916
6117,27917
6117,27918
6117,27919
6449,27919
6117,27920
6117,27921
6117,27922
6117,27923
6117,27924
6117,27925
6117,27926
6118,27927
6119,27928
6119,27929
6119,27930
7462,27930
6119,27931
6119,27932
6585,27932
7844,27932
6119,27933
6119,27934
6119,27935
6119,27936
6120,27937
6120,27938
6120,27939
8342,27939
6120,27940
6120,27941
6538,27941
6120,27942
6120,27943
6120,27944
6120,27945
6121,27946
6188,27946
8325,27946
6121,27947
6121,27948
6122,27949
6122,27950
6598,27950
8526,27950
6122,27951
6323,27951
6541,27951
6704,27951
7238,27951
7964,27951
6122,27952
6122,27953
6123,27954
6123,27955
6123,27956
7337,27956
6123,27957
6124,27958
6124,27959
8260,27959
6124,27960
8038,27960
6124,27961
6125,27962
6125,27963
6126,27963
6125,27964
6125,27965
6125,27966
6126,27966
6125,27967
6125,27968
6126,27969
6129,27970
6129,27971
6739,27971
6129,27972
6129,27973
6130,27974
6130,27975
6130,27976
6130,27977
6823,27977
8530,27977
6130,27978
6130,27979
6130,27980
8675,27980
6130,27981
8733,27981
6131,27982
7161,27982
7558,27982
6131,27983
6132,27984
6132,27985
6132,27986
6132,27987
7310,27987
6133,27988
6134,27989
6135,27990
6135,27991
6135,27992
6135,27993
6136,27994
6138,27995
6337,27995
6138,27996
6138,27997
6138,27998
6139,27999
6139,28000
6139,28001
6142,28002
6142,28003
8660,28003
6142,28004
6142,28005
6384,28005
6142,28006
6142,28007
6142,28008
6142,28009
6143,28010
6144,28011
7264,28011
8692,28011
6144,28012
8257,28012
8555,28012
6144,28013
6144,28014
6145,28015
6145,28016
6146,28017
6147,28018
6147,28019
6147,28020
6148,28021
6879,28021
6148,28022
6149,28023
6149,28024
7906,28024
6149,28025
6149,28026
6149,28027
6149,28028
6149,28029
6149,28030
6149,28031
6150,28032
6152,28033
6153,28033
6155,28033
6152,28034
6153,28034
6154,28034
6155,28034
6152,28035
6152,28036
6152,28037
8436,28037
6152,28038
6152,28039
6152,28040
6153,28041
6153,28042
8588,28042
6153,28043
6424,28043
6154,28044
6155,28044
7547,28044
8717,28044
6154,28045
6154,28046
6154,28047
6155,28047
6155,28048
6155,28049
6155,28050
8603,28050
6155,28051
6155,28052
6838,28052
7817,28052
8467,28052
6156,28053
6156,28054
8795,28054
6156,28055
6157,28056
6157,28057
6157,28058
6157,28059
6158,28060
6159,28061
6159,28062
6159,28063
6159,28064
7837,28064
6159,28065
6162,28066
8263,28066
6163,28067
6163,28068
6795,28068
6797,28068
8289,28068
6163,28069
6164,28070
7432,28070
6165,28071
6165,28072
6272,28072
8555,28072
6165,28073
8299,28073
6166,28074
6166,28075
6166,28076
7463,28076
6168,28077
7389,28077
6168,28078
6170,28079
6170,28080
6170,28081
7951,28081
6170,28082
6170,28083
6170,28084
6170,28085
6171,28086
6171,28087
6171,28088
6172,28089
6172,28090
6174,28091
6462,28091
6463,28091
6464,28091
7930,28091
8122,28091
8123,28091
6176,28092
6176,28093
6176,28094
6177,28095
6177,28096
6181,28097
6181,28098
6181,28099
6182,28100
6182,28101
6183,28102
6183,28103
6183,28104
6183,28105
6183,28106
6183,28107
6183,28108
6183,28109
6183,28110
6184,28111
6808,28111
6878,28111
6184,28112
7105,28112
7535,28112
7925,28112
8667,28112
6184,28113
6741,28113
7310,28113
8586,28113
6185,28114
8318,28114
8473,28114
6186,28115
6186,28116
6186,28117
8623,28117
6187,28118
6187,28119
6187,28120
7167,28120
6187,28121
6187,28122
6187,28123
6187,28124
6187,28125
6187,28126
6187,28127
6187,28128
6187,28129
6187,28130
8456,28130
6187,28131
6187,28132
6187,28133
6187,28134
6187,28135
6187,28136
6187,28137
8458,28137
6187,28138
6188,28139
6805,28139
7369,28139
8587,28139
6188,28140
6188,28141
6188,28142
6188,28143
6188,28144
6189,28145
6190,28146
6190,28147
6190,28148
6190,28149
6190,28150
6190,28151
6191,28152
6192,28153
6192,28154
6193,28155
6193,28156
6193,28157
8616,28157
8671,28157
6193,28158
6194,28159
7661,28159
6194,28160
6505,28160
7047,28160
6194,28161
6988,28161
7863,28161
8613,28161
6194,28162
6997,28162
6194,28163
6194,28164
7047,28164
6194,28165
6194,28166
6194,28167
7721,28167
6195,28168
6195,28169
6195,28170
6195,28171
6195,28172
6196,28173
6197,28174
6197,28175
6197,28176
6197,28177
6197,28178
7143,28178
6197,28179
6197,28180
6198,28181
6200,28182
7621,28182
8111,28182
8457,28182
6200,28183
6201,28184
6959,28184
7516,28184
7710,28184
8147,28184
6201,28185
8767,28185
6202,28186
6203,28187
6203,28188
6203,28189
7401,28189
8770,28189
6204,28190
6204,28191
6204,28192
6204,28193
6204,28194
6205,28195
6205,28196
6205,28197
6205,28198
7296,28198
6205,28199
6205,28200
6205,28201
6205,28202
6205,28203
6206,28204
6206,28205
6206,28206
6206,28207
6208,28208
6208,28209
6208,28210
6208,28211
6209,28212
6209,28213
6210,28214
6210,28215
6210,28216
6210,28217
6210,28218
6210,28219
6211,28220
6334,28220
6956,28220
6211,28221
6211,28222
6211,28223
6211,28224
6212,28225
6213,28225
6212,28226
6212,28227
8608,28227
6213,28228
6214,28229
8303,28229
6214,28230
8202,28230
6214,28231
8202,28231
6214,28232
8202,28232
6214,28233
8202,28233
6214,28234
8202,28234
6214,28235
6215,28236
6215,28237
6215,28238
6215,28239
8028,28239
6215,28240
6215,28241
6215,28242
6215,28243
6215,28244
6215,28245
6216,28246
6216,28247
6216,28248
6217,28249
6217,28250
6217,28251
6217,28252
6218,28253
6218,28254
6603,28254
6669,28254
6218,28255
6218,28256
6218,28257
6218,28258
6219,28259
6219,28260
6595,28260
6634,28260
6219,28261
8338,28261
6220,28262
6220,28263
6220,28264
6220,28265
6220,28266
6220,28267
6220,28268
6220,28269
6220,28270
6220,28271
6220,28272
6220,28273
7375,28273
6220,28274
6221,28275
6221,28276
7114,28276
6221,28277
6221,28278
6221,28279
6221,28280
6222,28281
6223,28281
6222,28282
6261,28282
6222,28283
6223,28284
6223,28285
6224,28286
6224,28287
6224,28288
6224,28289
6224,28290
6224,28291
6224,28292
6224,28293
6225,28294
6225,28295
6225,28296
6225,28297
7158,28297
6225,28298
6874,28298
6226,28299
6226,28300
6355,28300
6226,28301
6226,28302
6227,28303
6227,28304
6227,28305
6227,28306
6227,28307
8443,28307
6228,28308
6228,28309
6228,28310
6229,28311
7721,28311
7839,28311
6229,28312
6229,28313
6229,28314
6229,28315
6229,28316
6431,28316
6230,28317
6230,28318
6230,28319
6230,28320
6231,28321
6231,28322
6231,28323
6997,28323
6231,28324
6231,28325
6231,28326
7738,28326
6231,28327
6232,28328
6232,28329
6232,28330
6233,28331
7872,28331
6235,28332
6235,28333
6236,28334
6236,28335
6236,28336
6237,28337
6240,28337
8567,28337
6238,28338
6238,28339
6238,28340
6238,28341
6239,28342
6239,28343
6239,28344
6239,28345
6282,28345
6239,28346
6239,28347
7501,28347
7502,28347
6239,28348
6828,28348
6240,28349
6240,28350
6240,28351
6241,28352
6241,28353
6241,28354
6242,28355
6242,28356
6243,28357
6243,28358
6243,28359
6243,28360
6243,28361
6243,28362
6244,28363
6244,28364
6245,28365
6245,28366
8433,28366
6245,28367
7370,28367
6246,28368
6246,28369
6246,28370
6246,28371
6904,28371
6246,28372
6246,28373
6246,28374
6247,28375
6441,28375
6247,28376
6247,28377
7388,28377
6248,28378
6248,28379
6248,28380
7963,28380
6248,28381
8043,28381
6248,28382
6249,28383
7019,28383
6249,28384
6249,28385
6249,28386
6249,28387
6249,28388
8152,28388
6250,28389
6250,28390
6250,28391
6250,28392
6251,28393
6475,28393
7010,28393
6251,28394
8508,28394
6251,28395
6779,28395
6252,28396
6253,28397
6253,28398
6253,28399
7697,28399
8292,28399
6253,28400
6255,28401
6255,28402
7184,28402
7914,28402
7997,28402
6255,28403
6351,28403
6255,28404
6255,28405
6486,28405
6256,28406
7394,28406
7558,28406
6256,28407
6256,28408
6256,28409
6257,28410
8065,28410
6258,28411
6258,28412
6258,28413
6258,28414
6258,28415
6258,28416
6259,28417
6259,28418
6261,28419
6793,28419
6261,28420
6261,28421
6261,28422
6261,28423
6261,28424
6261,28425
6261,28426
6263,28427
6263,28428
6263,28429
6263,28430
6263,28431
6264,28432
6264,28433
6264,28434
6264,28435
6264,28436
6264,28437
6265,28438
6265,28439
6265,28440
8540,28440
6265,28441
6265,28442
6266,28443
6266,28444
6266,28445
6266,28446
6266,28447
6336,28447
6266,28448
6266,28449
7839,28449
6266,28450
6266,28451
6266,28452
6266,28453
6266,28454
6266,28455
6266,28456
6266,28457
6266,28458
6266,28459
6266,28460
6266,28461
7839,28461
6266,28462
6276,28462
6266,28463
6266,28464
6266,28465
6266,28466
6267,28467
8076,28467
6267,28468
7297,28468
7621,28468
8259,28468
6267,28469
6267,28470
6267,28471
6267,28472
6267,28473
6268,28474
6960,28474
6268,28475
6268,28476
6268,28477
6268,28478
6268,28479
6269,28480
6269,28481
6269,28482
6269,28483
6269,28484
8318,28484
6269,28485
6269,28486
6270,28487
6801,28487
6270,28488
6915,28488
6270,28489
6271,28490
6272,28491
6807,28491
7962,28491
7963,28491
8806,28491
6272,28492
6272,28493
6272,28494
6272,28495
6272,28496
6272,28497
6272,28498
6272,28499
6272,28500
6272,28501
7462,28501
6272,28502
6272,28503
6272,28504
6272,28505
6275,28506
6276,28507
7261,28507
6276,28508
6276,28509
7839,28509
6276,28510
6276,28511
6276,28512
6276,28513
6276,28514
6276,28515
6277,28516
7158,28516
6277,28517
6277,28518
6277,28519
6277,28520
6277,28521
6278,28522
6278,28523
6278,28524
6279,28525
6280,28526
6280,28527
6280,28528
6280,28529
6281,28530
6281,28531
6281,28532
6281,28533
6281,28534
6283,28535
6283,28536
6283,28537
7075,28537
6283,28538
6644,28538
6283,28539
6283,28540
6283,28541
6284,28542
6284,28543
6284,28544
6284,28545
6284,28546
6284,28547
6284,28548
6285,28549
6285,28550
6782,28550
6285,28551
6782,28551
6286,28552
6286,28553
6286,28554
7247,28554
6286,28555
6286,28556
6286,28557
6288,28558
7535,28558
6288,28559
6289,28560
6290,28561
6290,28562
8024,28562
6290,28563
8145,28563
8673,28563
8771,28563
6291,28564
7551,28564
6291,28565
8461,28565
6291,28566
6291,28567
6292,28568
6292,28569
6292,28570
6292,28571
6292,28572
7647,28572
6294,28573
6294,28574
6294,28575
6294,28576
6294,28577
6294,28578
6295,28579
6295,28580
6295,28581
6295,28582
6295,28583
6295,28584
6296,28585
6296,28586
6296,28587
6296,28588
6296,28589
6296,28590
6296,28591
6297,28592
6299,28593
6670,28593
6300,28594
6555,28594
7533,28594
8146,28594
6301,28595
6301,28596
6302,28597
6302,28598
6302,28599
6302,28600
6302,28601
6302,28602
6302,28603
6302,28604
6302,28605
6303,28606
8326,28606
6303,28607
6304,28608
6451,28608
8227,28608
6304,28609
7896,28609
6305,28610
7506,28610
6306,28611
6306,28612
6306,28613
6306,28614
6307,28615
6307,28616
6307,28617
6307,28618
6307,28619
6307,28620
6309,28621
6309,28622
6310,28623
6312,28624
6312,28625
6312,28626
6312,28627
6312,28628
6312,28629
6312,28630
6312,28631
6312,28632
6312,28633
6312,28634
6312,28635
6312,28636
6313,28637
6313,28638
6313,28639
6313,28640
6313,28641
6313,28642
6313,28643
6313,28644
6454,28644
6313,28645
6314,28646
6314,28647
6314,28648
6315,28649
6315,28650
7389,28650
6315,28651
6315,28652
7266,28652
8265,28652
8640,28652
6315,28653
6316,28654
6316,28655
6316,28656
6316,28657
6317,28658
6317,28659
6317,28660
6317,28661
6317,28662
7049,28662
7678,28662
6317,28663
6318,28664
6318,28665
6318,28666
6318,28667
6318,28668
6318,28669
6319,28670
6319,28671
6320,28672
6320,28673
6320,28674
6320,28675
6320,28676
6320,28677
6320,28678
6320,28679
6320,28680
6320,28681
6320,28682
6320,28683
6320,28684
6321,28685
6321,28686
6321,28687
6321,28688
6322,28689
7742,28689
6322,28690
7742,28690
7798,28690
6322,28691
6322,28692
6322,28693
6322,28694
6322,28695
6323,28696
6736,28696
6819,28696
6323,28697
8761,28697
6323,28698
6868,28698
6323,28699
8421,28699
6324,28700
6324,28701
6751,28701
6324,28702
6326,28703
8083,28703
6326,28704
6326,28705
6326,28706
8783,28706
6327,28707
6818,28707
6327,28708
6327,28709
6327,28710
6327,28711
6327,28712
6327,28713
6328,28714
6328,28715
7817,28715
8238,28715
6328,28716
6329,28717
6714,28717
6329,28718
6331,28719
8727,28719
6331,28720
6332,28721
6332,28722
6332,28723
6332,28724
6333,28725
6333,28726
7137,28726
6333,28727
6333,28728
6333,28729
6334,28730
7196,28730
7283,28730
8355,28730
6334,28731
8104,28731
6335,28732
6335,28733
6335,28734
6335,28735
6335,28736
6336,28737
6336,28738
6337,28739
6337,28740
6338,28741
7950,28741
6339,28742
6339,28743
6339,28744
6339,28745
6339,28746
6339,28747
6339,28748
6339,28749
6339,28750
6340,28751
7892,28751
6340,28752
6341,28753
6341,28754
6341,28755
6341,28756
6341,28757
6341,28758
6343,28759
6343,28760
6343,28761
6897,28761
6343,28762
6343,28763
7528,28763
6343,28764
6343,28765
6343,28766
6344,28767
8220,28767
6344,28768
6344,28769
6344,28770
6344,28771
6345,28772
6794,28772
7668,28772
8459,28772
6345,28773
6345,28774
6345,28775
6345,28776
6345,28777
6345,28778
6345,28779
6345,28780
6347,28781
6349,28782
7022,28782
6349,28783
7590,28783
6350,28784
6351,28785
6351,28786
6852,28786
6937,28786
7130,28786
6352,28787
6354,28788
6354,28789
6355,28790
6355,28791
6355,28792
6355,28793
6355,28794
6355,28795
6355,28796
6356,28797
6357,28798
6357,28799
6357,28800
6357,28801
6357,28802
6358,28803
6358,28804
6358,28805
7770,28805
8428,28805
6358,28806
6358,28807
6358,28808
6358,28809
6358,28810
6359,28811
6359,28812
7066,28812
8233,28812
8240,28812
6359,28813
6359,28814
6359,28815
6359,28816
6359,28817
6359,28818
8746,28818
6360,28819
6360,28820
6361,28821
6362,28822
6362,28823
6362,28824
6362,28825
6362,28826
6363,28827
7192,28827
6363,28828
6363,28829
6364,28830
6364,28831
6365,28832
6365,28833
6366,28834
8038,28834
8233,28834
6366,28835
7537,28835
6366,28836
6366,28837
6367,28838
6367,28839
6367,28840
6367,28841
6367,28842
6367,28843
6367,28844
6368,28845
6368,28846
6697,28846
6368,28847
6368,28848
6368,28849
6368,28850
6369,28851
6370,28852
6870,28852
6370,28853
6370,28854
6370,28855
6370,28856
8512,28856
6371,28857
6372,28858
6373,28859
6374,28860
6374,28861
6374,28862
6374,28863
6374,28864
6375,28865
6376,28866
6376,28867
6376,28868
6377,28869
6377,28870
7855,28870
6377,28871
7477,28871
8083,28871
6378,28872
6378,28873
6378,28874
6378,28875
6378,28876
6379,28877
6380,28878
6380,28879
6744,28879
7639,28879
6381,28880
7677,28880
6381,28881
6381,28882
6382,28883
6382,28884
6382,28885
6382,28886
6382,28887
6382,28888
6383,28889
6384,28889
6385,28889
6383,28890
6384,28890
6385,28890
6383,28891
6383,28892
6383,28893
6383,28894
6384,28894
6385,28894
6386,28895
6386,28896
6386,28897
6386,28898
6386,28899
6386,28900
6386,28901
6387,28902
6387,28903
6387,28904
6389,28905
6389,28906
6389,28907
6389,28908
6389,28909
6391,28910
6393,28911
6393,28912
6394,28913
6394,28914
6394,28915
6394,28916
6394,28917
6395,28918
6396,28919
6432,28919
8305,28919
6396,28920
6396,28921
6396,28922
6396,28923
6396,28924
6396,28925
6396,28926
6397,28927
6397,28928
6397,28929
6397,28930
6398,28931
6398,28932
6398,28933
6398,28934
6399,28935
6399,28936
6400,28937
6689,28937
6753,28937
8132,28937
6400,28938
6400,28939
6400,28940
8132,28940
6400,28941
6400,28942
6400,28943
6401,28944
6408,28944
6401,28945
6401,28946
6401,28947
6401,28948
6401,28949
6401,28950
6402,28951
6402,28952
6402,28953
8118,28953
6402,28954
6402,28955
6403,28956
6403,28957
8801,28957
6403,28958
7919,28958
6403,28959
6403,28960
6403,28961
6442,28961
6403,28962
6403,28963
6404,28964
6404,28965
6404,28966
6404,28967
6404,28968
6404,28969
7745,28969
7822,28969
6404,28970
6404,28971
6404,28972
6405,28973
6405,28974
6405,28975
6405,28976
6405,28977
6405,28978
6408,28979
6408,28980
6408,28981
6409,28982
6410,28983
8106,28983
6410,28984
6410,28985
6410,28986
6410,28987
6411,28988
6411,28989
6411,28990
6411,28991
6411,28992
6413,28993
7534,28993
6413,28994
6414,28995
6414,28996
6414,28997
6414,28998
7349,28998
6414,28999
6414,29000
6414,29001
6414,29002
6414,29003
6415,29004
6415,29005
6415,29006
6415,29007
6415,29008
6415,29009
6415,29010
6416,29011
6416,29012
6417,29013
6417,29014
6417,29015
6419,29016
8115,29016
6419,29017
6976,29017
7681,29017
7708,29017
8681,29017
6419,29018
6419,29019
6419,29020
6419,29021
6420,29022
6420,29023
6420,29024
6420,29025
6420,29026
6420,29027
6420,29028
6420,29029
6420,29030
6422,29031
6422,29032
6422,29033
8556,29033
6422,29034
6422,29035
6422,29036
6422,29037
6422,29038
6423,29039
7757,29039
6423,29040
6423,29041
6424,29042
8645,29042
6424,29043
6424,29044
6424,29045
8106,29045
6424,29046
6424,29047
6424,29048
6424,29049
6424,29050
6424,29051
6424,29052
6425,29053
6425,29054
6425,29055
7369,29055
6426,29056
6693,29056
7453,29056
6427,29057
6427,29058
6427,29059
6732,29059
6427,29060
6427,29061
6732,29061
8278,29061
6427,29062
6428,29063
7726,29063
8497,29063
6428,29064
7810,29064
8300,29064
6429,29065
8165,29065
6430,29066
6431,29067
6431,29068
7839,29068
6431,29069
7738,29069
6431,29070
6431,29071
6431,29072
6431,29073
7721,29073
7738,29073
6432,29074
6534,29074
8730,29074
6432,29075
6432,29076
6432,29077
6432,29078
6432,29079
6432,29080
6434,29081
6436,29082
6436,29083
6437,29084
6438,29085
6601,29085
7044,29085
6438,29086
6438,29087
6438,29088
6438,29089
6438,29090
6438,29091
6438,29092
6440,29093
6441,29094
7703,29094
6442,29095
6442,29096
6442,29097
6442,29098
6442,29099
6442,29100
6443,29101
6444,29102
7263,29102
8792,29102
6444,29103
6447,29104
6447,29105
6447,29106
6797,29106
7817,29106
8060,29106
6447,29107
6447,29108
6447,29109
6449,29110
6449,29111
8603,29111
6449,29112
6449,29113
6449,29114
6449,29115
6449,29116
6449,29117
6449,29118
6449,29119
6451,29120
6452,29121
6453,29122
6453,29123
7053,29123
6454,29124
6454,29125
6454,29126
6454,29127
6454,29128
6454,29129
6454,29130
6455,29131
6455,29132
6455,29133
6455,29134
6455,29135
6455,29136
6455,29137
6455,29138
6456,29139
7769,29139
6457,29140
7821,29140
6458,29141
6458,29142
6459,29143
6459,29144
6459,29145
6459,29146
6459,29147
6460,29148
6461,29149
6461,29150
6461,29151
6461,29152
6461,29153
6461,29154
6461,29155
6462,29156
6463,29156
6464,29156
6465,29157
6465,29158
6466,29159
6466,29160
6466,29161
6466,29162
6467,29163
8752,29163
6467,29164
6467,29165
8190,29165
6467,29166
7817,29166
6468,29167
6468,29168
6468,29169
6468,29170
8557,29170
6469,29171
6469,29172
6545,29172
6469,29173
6894,29173
6469,29174
6914,29174
6469,29175
6469,29176
6469,29177
6469,29178
6471,29179
6471,29180
6471,29181
6471,29182
6471,29183
6472,29184
6473,29185
6473,29186
6474,29187
7418,29187
6474,29188
6474,29189
6474,29190
6474,29191
6474,29192
6474,29193
6474,29194
6474,29195
6474,29196
6474,29197
6474,29198
6474,29199
6474,29200
6475,29201
6477,29202
6477,29203
6477,29204
6477,29205
8362,29205
6479,29206
6479,29207
8286,29207
6479,29208
6479,29209
8768,29209
6479,29210
6479,29211
6479,29212
6479,29213
6480,29214
6480,29215
6480,29216
7305,29216
6480,29217
6480,29218
6480,29219
8587,29219
6481,29220
6481,29221
6481,29222
6482,29223
6482,29224
7406,29224
8003,29224
6482,29225
6993,29225
8153,29225
6482,29226
6483,29227
6483,29228
6975,29228
7035,29228
6483,29229
6483,29230
6483,29231
6483,29232
6483,29233
6483,29234
7746,29234
6485,29235
6485,29236
6485,29237
6485,29238
6485,29239
6485,29240
6485,29241
6486,29242
7558,29242
6486,29243
6865,29243
7189,29243
6486,29244
6486,29245
7189,29245
6487,29246
6487,29247
7203,29247
8218,29247
8446,29247
8581,29247
6487,29248
6487,29249
6716,29249
8532,29249
6487,29250
6487,29251
6487,29252
6489,29253
6489,29254
6489,29255
6489,29256
6490,29257
6490,29258
6490,29259
6490,29260
6490,29261
6492,29262
6493,29263
6494,29264
6494,29265
7794,29265
6494,29266
6494,29267
7267,29267
6494,29268
6495,29269
6495,29270
7729,29270
6495,29271
6495,29272
6495,29273
6495,29274
6496,29275
6497,29276
6497,29277
6497,29278
6497,29279
6498,29280
6498,29281
6498,29282
6499,29283
6500,29284
6501,29285
6501,29286
6501,29287
6504,29288
6504,29289
6504,29290
6505,29291
6509,29291
8654,29291
6505,29292
6506,29293
6506,29294
6506,29295
6506,29296
8654,29296
6506,29297
6506,29298
6506,29299
7549,29299
6506,29300
6506,29301
6506,29302
6507,29303
6510,29303
6507,29304
7215,29304
6507,29305
6507,29306
6507,29307
6507,29308
6508,29309
6509,29310
6510,29311
7633,29311
7738,29311
8114,29311
6511,29312
6511,29313
6511,29314
6511,29315
6511,29316
6513,29317
6513,29318
6515,29319
6516,29320
6516,29321
6516,29322
7926,29322
6516,29323
6516,29324
6516,29325
6516,29326
6517,29327
6517,29328
6517,29329
7078,29329
6517,29330
6518,29331
6518,29332
6518,29333
6521,29334
6521,29335
6521,29336
6521,29337
6521,29338
6521,29339
6521,29340
6523,29341
6568,29341
6523,29342
6670,29342
6524,29343
7475,29343
8119,29343
6524,29344
6524,29345
6524,29346
6527,29347
7475,29347
6527,29348
6527,29349
6527,29350
8558,29350
6528,29351
6528,29352
6528,29353
6528,29354
6528,29355
6528,29356
6529,29357
6531,29358
6531,29359
6531,29360
6531,29361
6532,29362
6532,29363
8482,29363
6533,29364
6533,29365
6534,29366
8434,29366
8435,29366
6534,29367
6534,29368
6534,29369
6534,29370
8636,29370
6534,29371
6534,29372
7840,29372
8636,29372
6534,29373
6534,29374
6535,29375
6535,29376
6583,29376
6756,29376
6535,29377
6537,29378
8075,29378
8604,29378
6537,29379
7516,29379
6537,29380
6538,29381
6538,29382
6538,29383
7840,29383
6538,29384
6538,29385
6538,29386
6538,29387
6539,29388
6540,29389
6541,29390
6541,29391
8416,29391
8417,29391
8462,29391
8768,29391
6542,29392
6542,29393
6542,29394
6543,29395
6543,29396
6543,29397
6543,29398
6543,29399
6543,29400
6543,29401
6543,29402
6544,29403
8232,29403
6544,29404
6544,29405
6870,29405
7433,29405
7698,29405
6544,29406
6544,29407
6544,29408
6544,29409
6545,29410
6545,29411
6545,29412
6545,29413
6545,29414
6545,29415
6545,29416
6546,29417
6546,29418
6547,29419
7266,29419
7423,29419
7993,29419
6547,29420
6547,29421
6734,29421
6547,29422
6547,29423
6548,29424
6548,29425
6548,29426
6548,29427
6548,29428
6548,29429
6548,29430
6549,29431
6549,29432
6549,29433
8039,29433
6549,29434
6549,29435
6549,29436
6550,29437
6550,29438
6550,29439
6550,29440
6550,29441
6550,29442
6550,29443
6550,29444
6551,29445
6551,29446
6551,29447
7209,29447
6552,29448
6552,29449
6552,29450
6552,29451
8485,29451
6552,29452
6552,29453
6552,29454
6552,29455
6552,29456
6552,29457
6553,29458
6553,29459
6553,29460
6553,29461
6553,29462
6553,29463
6553,29464
6554,29465
7162,29465
8572,29465
6554,29466
6554,29467
7718,29467
6555,29468
7367,29468
6555,29469
6555,29470
6555,29471
6556,29472
6957,29472
6556,29473
6557,29474
6558,29474
6557,29475
6558,29475
6557,29476
6558,29476
6557,29477
6557,29478
6558,29478
6557,29479
6557,29480
6558,29480
8104,29480
6559,29481
6559,29482
6559,29483
6559,29484
6559,29485
6559,29486
6560,29487
6560,29488
6560,29489
7144,29489
6561,29490
8262,29490
6561,29491
6561,29492
6561,29493
8210,29493
6561,29494
6561,29495
6561,29496
6561,29497
6561,29498
6562,29499
6562,29500
6562,29501
6562,29502
6562,29503
6562,29504
6562,29505
6562,29506
7536,29506
6562,29507
6563,29508
6563,29509
8490,29509
6563,29510
6563,29511
6563,29512
6563,29513
6563,29514
6565,29515
6611,29515
7707,29515
6565,29516
7338,29516
7395,29516
6565,29517
6565,29518
6566,29519
6566,29520
6705,29520
6566,29521
6566,29522
6567,29523
8695,29523
6570,29524
8772,29524
6570,29525
6570,29526
6570,29527
6571,29528
6571,29529
6571,29530
6571,29531
6571,29532
6571,29533
6571,29534
6571,29535
6571,29536
6571,29537
6572,29538
6572,29539
6572,29540
6572,29541
6572,29542
6572,29543
6572,29544
6573,29545
6573,29546
6573,29547
6573,29548
6573,29549
6574,29550
6574,29551
6574,29552
6574,29553
6574,29554
6574,29555
6574,29556
6574,29557
6575,29558
6575,29559
6575,29560
6575,29561
6575,29562
6575,29563
6575,29564
6575,29565
6576,29566
6577,29567
6577,29568
6577,29569
6578,29570
6579,29571
6579,29572
6579,29573
6579,29574
6579,29575
6579,29576
6579,29577
6580,29578
8462,29578
6581,29579
6581,29580
8799,29580
6581,29581
6581,29582
6582,29583
6583,29584
7730,29584
6583,29585
6583,29586
6583,29587
6583,29588
6583,29589
8002,29589
8533,29589
6583,29590
6583,29591
6584,29592
6584,29593
6585,29594
6585,29595
6585,29596
7960,29596
6585,29597
6585,29598
7321,29598
6585,29599
7114,29599
6585,29600
8528,29600
6585,29601
8521,29601
6585,29602
6585,29603
6585,29604
6585,29605
6585,29606
6586,29607
6586,29608
6586,29609
6586,29610
6586,29611
6586,29612
6586,29613
6587,29614
6588,29615
6588,29616
8334,29616
6588,29617
6588,29618
6588,29619
6588,29620
6588,29621
6588,29622
6588,29623
6588,29624
6589,29625
6590,29626
6591,29627
6591,29628
6593,29629
6593,29630
7869,29630
7986,29630
8315,29630
8465,29630
6593,29631
7643,29631
6593,29632
7913,29632
6593,29633
6593,29634
6965,29634
6594,29635
8043,29635
6595,29636
7307,29636
6595,29637
6595,29638
6595,29639
6595,29640
6595,29641
6595,29642
6595,29643
6819,29643
6928,29643
6595,29644
6596,29645
6596,29646
6596,29647
6596,29648
6597,29649
6597,29650
6598,29651
6599,29652
6599,29653
6599,29654
6599,29655
6599,29656
6599,29657
6599,29658
6599,29659
6599,29660
6599,29661
6600,29662
6600,29663
6600,29664
6600,29665
6600,29666
6600,29667
6600,29668
6600,29669
6600,29670
6601,29671
6601,29672
6601,29673
6602,29674
6604,29675
6604,29676
7643,29676
8069,29676
6604,29677
6604,29678
6606,29679
8142,29679
6606,29680
6609,29681
6609,29682
6609,29683
7747,29683
6609,29684
6609,29685
6610,29686
8204,29686
6610,29687
8246,29687
8769,29687
6610,29688
6610,29689
6613,29690
7865,29690
7892,29690
6615,29691
7285,29691
7861,29691
6615,29692
7198,29692
7199,29692
7285,29692
7861,29692
6615,29693
6615,29694
8570,29694
6615,29695
7285,29695
6616,29696
6617,29697
6617,29698
6617,29699
6617,29700
6617,29701
6618,29702
6618,29703
6618,29704
6618,29705
6618,29706
6618,29707
6618,29708
6620,29709
6642,29709
6620,29710
6620,29711
6620,29712
6620,29713
6621,29714
6621,29715
6621,29716
7536,29716
8523,29716
6621,29717
6622,29718
6622,29719
6622,29720
6622,29721
6622,29722
6622,29723
6622,29724
6622,29725
6622,29726
6622,29727
6623,29728
7691,29728
6623,29729
6623,29730
6623,29731
6623,29732
6624,29733
6624,29734
6625,29735
8026,29735
6625,29736
8642,29736
6625,29737
6625,29738
6625,29739
6625,29740
6625,29741
6626,29742
6626,29743
6626,29744
6627,29745
6627,29746
6627,29747
6628,29748
6629,29748
6630,29748
6628,29749
6629,29749
6630,29749
6629,29750
6629,29751
6630,29752
6631,29753
6631,29754
6631,29755
6631,29756
6632,29757
6633,29758
6634,29759
6634,29760
6634,29761
6635,29762
6635,29763
6635,29764
7327,29764
6635,29765
6635,29766
6958,29766
6636,29767
6637,29768
6637,29769
7795,29769
8204,29769
8410,29769
6637,29770
6637,29771
7795,29771
6637,29772
6637,29773
6637,29774
6637,29775
6637,29776
6637,29777
6638,29778
8599,29778
6638,29779
6638,29780
6638,29781
6638,29782
6640,29783
8806,29783
6641,29784
6642,29785
6643,29786
6643,29787
8484,29787
6643,29788
6643,29789
8229,29789
6643,29790
6643,29791
6643,29792
6644,29793
6644,29794
6644,29795
6644,29796
6644,29797
6644,29798
6644,29799
6644,29800
6645,29801
6645,29802
6647,29803
6647,29804
6647,29805
6647,29806
6650,29807
6651,29808
6936,29808
6652,29809
6653,29810
6653,29811
6653,29812
6653,29813
6653,29814
6653,29815
6653,29816
6653,29817
6677,29817
6653,29818
6653,29819
6653,29820
6654,29821
7510,29821
7919,29821
6654,29822
6654,29823
6654,29824
6654,29825
6654,29826
6654,29827
6654,29828
6654,29829
6655,29830
6656,29831
8189,29831
6656,29832
6658,29833
6658,29834
6658,29835
6658,29836
7590,29836
6658,29837
6658,29838
6658,29839
6658,29840
6658,29841
6659,29842
6659,29843
6659,29844
6662,29845
6662,29846
6662,29847
6662,29848
6662,29849
6662,29850
6662,29851
6663,29852
6838,29852
7058,29852
7137,29852
8044,29852
8068,29852
6664,29853
6664,29854
6664,29855
6665,29856
6714,29856
8386,29856
6665,29857
6665,29858
7594,29858
6665,29859
6667,29860
6667,29861
6667,29862
6667,29863
7438,29863
7927,29863
6668,29864
6668,29865
6668,29866
6668,29867
6668,29868
6668,29869
6668,29870
6669,29871
6669,29872
6669,29873
6669,29874
6670,29875
6671,29876
6687,29876
6671,29877
6671,29878
6954,29878
6671,29879
6671,29880
6671,29881
6671,29882
6672,29883
6672,29884
6672,29885
6672,29886
6672,29887
6672,29888
6672,29889
6672,29890
6672,29891
6673,29892
6673,29893
6673,29894
6674,29895
6674,29896
6674,29897
6674,29898
6674,29899
6674,29900
6674,29901
6675,29902
6675,29903
6675,29904
6675,29905
6675,29906
6675,29907
6675,29908
6675,29909
6677,29910
6677,29911
6679,29912
6679,29913
6679,29914
6679,29915
6707,29915
6679,29916
6679,29917
7144,29917
7464,29917
6679,29918
6679,29919
6679,29920
6681,29921
6681,29922
6683,29923
6687,29924
6687,29925
6687,29926
6687,29927
6687,29928
6687,29929
6687,29930
6687,29931
6687,29932
6688,29933
6688,29934
6688,29935
6688,29936
6689,29937
6689,29938
6689,29939
6689,29940
6689,29941
6690,29942
6690,29943
6690,29944
6690,29945
6690,29946
6690,29947
6690,29948
6690,29949
6693,29950
8285,29950
6693,29951
6993,29951
6693,29952
6693,29953
6693,29954
7462,29954
7487,29954
6694,29955
6694,29956
6694,29957
6694,29958
6694,29959
6694,29960
6694,29961
6694,29962
6694,29963
6694,29964
7422,29964
6694,29965
7801,29965
6694,29966
6695,29967
6697,29968
6697,29969
6697,29970
6698,29971
6698,29972
6698,29973
6698,29974
6698,29975
6699,29976
8765,29976
6699,29977
6700,29978
6701,29979
7537,29979
6701,29980
6701,29981
6702,29982
6702,29983
6702,29984
6702,29985
6702,29986
6702,29987
6702,29988
6702,29989
6702,29990
6702,29991
6702,29992
6703,29993
6703,29994
6897,29994
7585,29994
6704,29995
6705,29996
6705,29997
6705,29998
7434,29998
6705,29999
7434,29999
6705,30000
6705,30001
6707,30002
6707,30003
6707,30004
6708,30005
6708,30006
6709,30007
6709,30008
6709,30009
6710,30010
6710,30011
6710,30012
6710,30013
6711,30014
6951,30014
8011,30014
8189,30014
6712,30015
6998,30015
6712,30016
6713,30017
6713,30018
6713,30019
6713,30020
6713,30021
6713,30022
6713,30023
6714,30024
6715,30025
6716,30026
6716,30027
6717,30028
6717,30029
6717,30030
6717,30031
6717,30032
6717,30033
7200,30033
6718,30034
6718,30035
6719,30036
6719,30037
8207,30037
6719,30038
8593,30038
6719,30039
6719,30040
6719,30041
6858,30041
6719,30042
6719,30043
6720,30044
7614,30044
8723,30044
6722,30045
6722,30046
6722,30047
6722,30048
6722,30049
6722,30050
6722,30051
6722,30052
6722,30053
6722,30054
6723,30055
6724,30056
6724,30057
6724,30058
6724,30059
6724,30060
6724,30061
6724,30062
6724,30063
6725,30064
7516,30064
6725,30065
6726,30066
6727,30066
6728,30066
6726,30067
6727,30067
6727,30068
6728,30068
6729,30069
6729,30070
6729,30071
6729,30072
6729,30073
6729,30074
6729,30075
6729,30076
6729,30077
6730,30078
6730,30079
6731,30080
6731,30081
7293,30081
6731,30082
6731,30083
6731,30084
6731,30085
6731,30086
6731,30087
6731,30088
6731,30089
6732,30090
6732,30091
6732,30092
8278,30092
6732,30093
6732,30094
6732,30095
6732,30096
6732,30097
6732,30098
6733,30099
6733,30100
6733,30101
6735,30102
6735,30103
8535,30103
6735,30104
6735,30105
8637,30105
6735,30106
6735,30107
6735,30108
6735,30109
6735,30110
6736,30111
6736,30112
6737,30113
6737,30114
6737,30115
6737,30116
6737,30117
6737,30118
6737,30119
6737,30120
6737,30121
6737,30122
6739,30123
6739,30124
6739,30125
6739,30126
6739,30127
6739,30128
6739,30129
6740,30130
6740,30131
6740,30132
6740,30133
6740,30134
6740,30135
6740,30136
6740,30137
6741,30138
6741,30139
6741,30140
6742,30141
6742,30142
6743,30143
6743,30144
6743,30145
6743,30146
6743,30147
6743,30148
6744,30149
6744,30150
8462,30150
6744,30151
6744,30152
6744,30153
6746,30154
6746,30155
6747,30156
6747,30157
6747,30158
6747,30159
6747,30160
6747,30161
6747,30162
6747,30163
6747,30164
8056,30164
6747,30165
6749,30166
8183,30166
6751,30167
6751,30168
6751,30169
6751,30170
6751,30171
6751,30172
6751,30173
6751,30174
6752,30175
6753,30176
8266,30176
6753,30177
6753,30178
6753,30179
6753,30180
6753,30181
6754,30182
6754,30183
6768,30183
6754,30184
6755,30185
6755,30186
6883,30186
6755,30187
6755,30188
6756,30189
6756,30190
6756,30191
6756,30192
6757,30193
6757,30194
6758,30195
6758,30196
6759,30197
6759,30198
6960,30198
7033,30198
7485,30198
7696,30198
7962,30198
8705,30198
6760,30199
6760,30200
6760,30201
6760,30202
6760,30203
6761,30204
6764,30205
6766,30206
6766,30207
6766,30208
6766,30209
6766,30210
8143,30210
6766,30211
6767,30212
6768,30213
6769,30214
6769,30215
6769,30216
6770,30217
6947,30217
6770,30218
6770,30219
6770,30220
6862,30220
6863,30220
6770,30221
6806,30221
6886,30221
6770,30222
6771,30223
6771,30224
6771,30225
6771,30226
6772,30227
8304,30227
8307,30227
8570,30227
6772,30228
6772,30229
6772,30230
7679,30230
8204,30230
6772,30231
6772,30232
7861,30232
6773,30233
6774,30234
6775,30235
6775,30236
6775,30237
6775,30238
6777,30239
6777,30240
8581,30240
8698,30240
6779,30241
6779,30242
6779,30243
6779,30244
6780,30245
8054,30245
6780,30246
6780,30247
6781,30248
6782,30249
6782,30250
6782,30251
6782,30252
6782,30253
6782,30254
6782,30255
6783,30256
6784,30257
6785,30258
8434,30258
8435,30258
6785,30259
6785,30260
6785,30261
6785,30262
6785,30263
6785,30264
6791,30265
8039,30265
8436,30265
8636,30265
6791,30266
7702,30266
8039,30266
6791,30267
6792,30268
6792,30269
6792,30270
6792,30271
6793,30272
6793,30273
8065,30273
8248,30273
6793,30274
6793,30275
6793,30276
6793,30277
6795,30278
6795,30279
6795,30280
6795,30281
6795,30282
6795,30283
6795,30284
6795,30285
6795,30286
6795,30287
8732,30287
6796,30288
6797,30289
8119,30289
6797,30290
6797,30291
6797,30292
8599,30292
6799,30293
8225,30293
6799,30294
6799,30295
8625,30295
6800,30296
6801,30297
6802,30298
6802,30299
7559,30299
6802,30300
6802,30301
6802,30302
6803,30303
6803,30304
6803,30305
6862,30305
6863,30305
6803,30306
6803,30307
6803,30308
6803,30309
6803,30310
6803,30311
6805,30312
6805,30313
6806,30314
6806,30315
6806,30316
6806,30317
6806,30318
6806,30319
6808,30320
6809,30321
6809,30322
6809,30323
6809,30324
6809,30325
6809,30326
6810,30327
6814,30328
6814,30329
6814,30330
6814,30331
6815,30332
6815,30333
6817,30334
6817,30335
6817,30336
6817,30337
6818,30338
6818,30339
6818,30340
6818,30341
6818,30342
6819,30343
6998,30343
6819,30344
8794,30344
6819,30345
6819,30346
6820,30347
6820,30348
6820,30349
6820,30350
6820,30351
6820,30352
6820,30353
6820,30354
6820,30355
6820,30356
6820,30357
6821,30358
6821,30359
6821,30360
6822,30361
6822,30362
6822,30363
6822,30364
6822,30365
6822,30366
6822,30367
6822,30368
6823,30369
6824,30370
6824,30371
6824,30372
6824,30373
6825,30374
6825,30375
6825,30376
6826,30377
8684,30377
6826,30378
6828,30379
6828,30380
6828,30381
6828,30382
6828,30383
7465,30383
6829,30384
6830,30384
8050,30384
6829,30385
8473,30385
6829,30386
6830,30386
6829,30387
6829,30388
6830,30389
6830,30390
6830,30391
6831,30392
6831,30393
6831,30394
6831,30395
6873,30395
7963,30395
8152,30395
8153,30395
6831,30396
6831,30397
6831,30398
6831,30399
6832,30400
6832,30401
6832,30402
6832,30403
6832,30404
6833,30405
6833,30406
6833,30407
6833,30408
7681,30408
7692,30408
6833,30409
6833,30410
6833,30411
6834,30412
6835,30413
6836,30413
6837,30414
6837,30415
6837,30416
6837,30417
6837,30418
6837,30419
6837,30420
6837,30421
6837,30422
6837,30423
6837,30424
6837,30425
6838,30426
6838,30427
6838,30428
6838,30429
6838,30430
6839,30431
6840,30432
7369,30432
8214,30432
8444,30432
6841,30433
8083,30433
6841,30434
6843,30435
6844,30436
6844,30437
6844,30438
6844,30439
6844,30440
6845,30441
6845,30442
6846,30443
8148,30443
6846,30444
6846,30445
6846,30446
6846,30447
8213,30447
6846,30448
6846,30449
6846,30450
6847,30451
6849,30451
6851,30451
6847,30452
6849,30452
6851,30452
6848,30453
6954,30453
6848,30454
6848,30455
6849,30456
6849,30457
6851,30457
6850,30458
6850,30459
6851,30460
6851,30461
6851,30462
6853,30463
6853,30464
8050,30464
8266,30464
8473,30464
6853,30465
6853,30466
6853,30467
6853,30468
6853,30469
6854,30470
6854,30471
6854,30472
6854,30473
6854,30474
6854,30475
6854,30476
6854,30477
6854,30478
6854,30479
6855,30480
7141,30480
8481,30480
6855,30481
7892,30481
8139,30481
8378,30481
6855,30482
6855,30483
6856,30484
6856,30485
6856,30486
6859,30487
6859,30488
6859,30489
6859,30490
6859,30491
7282,30491
6859,30492
7579,30492
6859,30493
6860,30494
6861,30495
6861,30496
6968,30496
6861,30497
6861,30498
6861,30499
8585,30499
6861,30500
6862,30501
6863,30501
6862,30502
6862,30503
6862,30504
6862,30505
6862,30506
6862,30507
6864,30508
6864,30509
6864,30510
6865,30511
7826,30511
6865,30512
6865,30513
7189,30513
7225,30513
7707,30513
6865,30514
6867,30515
6867,30516
6867,30517
8565,30517
8604,30517
6867,30518
7550,30518
6867,30519
6868,30520
6868,30521
6868,30522
6868,30523
8119,30523
6868,30524
6868,30525
6868,30526
6869,30527
6869,30528
6870,30529
6870,30530
6870,30531
6870,30532
8271,30532
6872,30533
6872,30534
6872,30535
6872,30536
6872,30537
6872,30538
6872,30539
6872,30540
6872,30541
6872,30542
6872,30543
6872,30544
6872,30545
6873,30546
6874,30547
6875,30548
6875,30549
8514,30549
6876,30550
8224,30550
8679,30550
6876,30551
6876,30552
6876,30553
6877,30554
6877,30555
6877,30556
6878,30557
6878,30558
8241,30558
8664,30558
6878,30559
6878,30560
6880,30561
6880,30562
8222,30562
6880,30563
6881,30564
6881,30565
6881,30566
7203,30566
8225,30566
6881,30567
6881,30568
7821,30568
6881,30569
6882,30570
6882,30571
6882,30572
6882,30573
6882,30574
6882,30575
6883,30576
6884,30577
6884,30578
8066,30578
6885,30579
6886,30580
8493,30580
6886,30581
6886,30582
7014,30582
6886,30583
7045,30583
6886,30584
6887,30585
7287,30585
6887,30586
8064,30586
6889,30587
6889,30588
6889,30589
6889,30590
6889,30591
6890,30592
6891,30593
6891,30594
6891,30595
6891,30596
6891,30597
6892,30598
6892,30599
6892,30600
6893,30601
6893,30602
6893,30603
6894,30604
6894,30605
8302,30605
8558,30605
8599,30605
6894,30606
6894,30607
6894,30608
6894,30609
6894,30610
6894,30611
6894,30612
6894,30613
6894,30614
6894,30615
8250,30615
6894,30616
7723,30616
6895,30617
6895,30618
6898,30619
6898,30620
6898,30621
6898,30622
6898,30623
6902,30624
6902,30625
6902,30626
6902,30627
6902,30628
6902,30629
6902,30630
6902,30631
6902,30632
6902,30633
6902,30634
6903,30635
6903,30636
6904,30637
6904,30638
6904,30639
6904,30640
6904,30641
6904,30642
6905,30643
6905,30644
6906,30644
6906,30645
6906,30646
6907,30647
6907,30648
6907,30649
6908,30650
7175,30650
7451,30650
6908,30651
7423,30651
7939,30651
6909,30652
6909,30653
6909,30654
6909,30655
6909,30656
6910,30657
6910,30658
6911,30659
6911,30660
6912,30661
6912,30662
6912,30663
6912,30664
6912,30665
6913,30666
6913,30667
7995,30667
6913,30668
6914,30669
6914,30670
6914,30671
6914,30672
6914,30673
6914,30674
6914,30675
6914,30676
6914,30677
6915,30678
6915,30679
6915,30680
6916,30681
6916,30682
6916,30683
6917,30684
6917,30685
6918,30686
6918,30687
6918,30688
6919,30689
6920,30690
6921,30691
6921,30692
6921,30693
6921,30694
6921,30695
6921,30696
6921,30697
6921,30698
6921,30699
6921,30700
6922,30701
6923,30702
8335,30702
6923,30703
6923,30704
6923,30705
6923,30706
6923,30707
8367,30707
6923,30708
6924,30709
6925,30710
6925,30711
6925,30712
6925,30713
6925,30714
6926,30715
6926,30716
6926,30717
6926,30718
6927,30719
6928,30720
7087,30720
8066,30720
6928,30721
8493,30721
6928,30722
8543,30722
6930,30723
6930,30724
6931,30725
6932,30726
6932,30727
8733,30727
6932,30728
8131,30728
6932,30729
6934,30730
6935,30731
6936,30732
6936,30733
6936,30734
6937,30735
6937,30736
6937,30737
7703,30737
6938,30738
6938,30739
6938,30740
6938,30741
6938,30742
6938,30743
6940,30744
6940,30745
6940,30746
6940,30747
6940,30748
6940,30749
6941,30750
6942,30751
6942,30752
6942,30753
6942,30754
6943,30755
6943,30756
6944,30757
6946,30758
6946,30759
6946,30760
6946,30761
6947,30762
6947,30763
6947,30764
6947,30765
6947,30766
6947,30767
6947,30768
6947,30769
6947,30770
6947,30771
6948,30772
6948,30773
6948,30774
6948,30775
6948,30776
6948,30777
6948,30778
6948,30779
6948,30780
6948,30781
6948,30782
6949,30783
6949,30784
6949,30785
6949,30786
6949,30787
6949,30788
6949,30789
6949,30790
6950,30791
7019,30791
6951,30792
8284,30792
6951,30793
6952,30794
6970,30794
6953,30795
8046,30795
6953,30796
8046,30796
6953,30797
6954,30798
6954,30799
7010,30799
6954,30800
6954,30801
6955,30802
6956,30803
7275,30803
7507,30803
6956,30804
6956,30805
6956,30806
6957,30807
7003,30807
6957,30808
6957,30809
6958,30810
6958,30811
6958,30812
6958,30813
6959,30814
6960,30815
6960,30816
7798,30816
6960,30817
6960,30818
6960,30819
6961,30820
6961,30821
6961,30822
6962,30823
6962,30824
6962,30825
6962,30826
6962,30827
6963,30828
8577,30828
6963,30829
6963,30830
6963,30831
6963,30832
6963,30833
6963,30834
6964,30835
6964,30836
6964,30837
6964,30838
6964,30839
6964,30840
6964,30841
6965,30842
6965,30843
6965,30844
6965,30845
6966,30846
6966,30847
6966,30848
6967,30849
6967,30850
6967,30851
6967,30852
6968,30853
6968,30854
6968,30855
6968,30856
6970,30857
6970,30858
6970,30859
6971,30860
6971,30861
6972,30862
6972,30863
6972,30864
6972,30865
6972,30866
6973,30867
8370,30867
6974,30868
6974,30869
6974,30870
6974,30871
6974,30872
6975,30873
6975,30874
8164,30874
6976,30875
6976,30876
6976,30877
7718,30877
6976,30878
6976,30879
6976,30880
7244,30880
7940,30880
6978,30881
7182,30881
8516,30881
8723,30881
6978,30882
6981,30883
6981,30884
6981,30885
6981,30886
6981,30887
6981,30888
6982,30889
6983,30890
6983,30891
6983,30892
6983,30893
6984,30894
6985,30895
6985,30896
6985,30897
6985,30898
6985,30899
8046,30899
8643,30899
6985,30900
6985,30901
6987,30902
6987,30903
6987,30904
6987,30905
6988,30905
8347,30905
6988,30906
6988,30907
6988,30908
6988,30909
6988,30910
7644,30910
7645,30910
6989,30911
6989,30912
6989,30913
6989,30914
6989,30915
6989,30916
6990,30917
6990,30918
6990,30919
6990,30920
6990,30921
6990,30922
6990,30923
6991,30924
6991,30925
8286,30925
8339,30925
6991,30926
6991,30927
6991,30928
6991,30929
8064,30929
6991,30930
6991,30931
6992,30932
6992,30933
8074,30933
6993,30934
6993,30935
6993,30936
6994,30937
6994,30938
6994,30939
6995,30940
6995,30941
6995,30942
6995,30943
6995,30944
6996,30945
6997,30946
8114,30946
6997,30947
8575,30947
6997,30948
8575,30948
6997,30949
7633,30949
6997,30950
6997,30951
6999,30952
7000,30953
7000,30954
7188,30954
7000,30955
7000,30956
7000,30957
7000,30958
7000,30959
7003,30960
7003,30961
7004,30962
7004,30963
7004,30964
7004,30965
7005,30966
7005,30967
7007,30968
7007,30969
7007,30970
7007,30971
7007,30972
7007,30973
7007,30974
7007,30975
7007,30976
7007,30977
7007,30978
7008,30979
7008,30980
7008,30981
7008,30982
7008,30983
7008,30984
7008,30985
7008,30986
7008,30987
7009,30988
7010,30989
7010,30990
7010,30991
7010,30992
7010,30993
7011,30994
7012,30995
7013,30996
7013,30997
7013,30998
7014,30999
7263,30999
7818,30999
7014,31000
7014,31001
7015,31002
7015,31003
8608,31003
7015,31004
7015,31005
7016,31006
7016,31007
7016,31008
7016,31009
7016,31010
7016,31011
7019,31012
7019,31013
7019,31014
7019,31015
7074,31015
7019,31016
7019,31017
7443,31017
7444,31017
8250,31017
8806,31017
7019,31018
8765,31018
7019,31019
7019,31020
7021,31021
7021,31022
7021,31023
7022,31024
8582,31024
7022,31025
7022,31026
8103,31026
7022,31027
7022,31028
7022,31029
7024,31030
7388,31030
7024,31031
7941,31031
7025,31032
7025,31033
7025,31034
7026,31035
7026,31036
7026,31037
7026,31038
7026,31039
7026,31040
7026,31041
7027,31042
8046,31042
7027,31043
7043,31043
7900,31043
7027,31044
7027,31045
7027,31046
7028,31047
7029,31048
7030,31049
7030,31050
7031,31051
7032,31051
7031,31052
7031,31053
7031,31054
7031,31055
7032,31055
7031,31056
7031,31057
7031,31058
8031,31058
8032,31058
7032,31059
7032,31060
7032,31061
7033,31062
7033,31063
7034,31064
7034,31065
7034,31066
7035,31067
7035,31068
7035,31069
7037,31070
7039,31071
7040,31072
7040,31073
7040,31074
7040,31075
7040,31076
7040,31077
7040,31078
7041,31079
7041,31080
7041,31081
7041,31082
7041,31083
7041,31084
7041,31085
7041,31086
7041,31087
7043,31088
7044,31089
7044,31090
7045,31091
7047,31092
7047,31093
7048,31094
7048,31095
7048,31096
7048,31097
7048,31098
7048,31099
7049,31100
7049,31101
7050,31102
7050,31103
7050,31104
8306,31104
7050,31105
7050,31106
7050,31107
7051,31108
8088,31108
7051,31109
7052,31110
7052,31111
7052,31112
7052,31113
7052,31114
7052,31115
7052,31116
7053,31117
7053,31118
7817,31118
7053,31119
7054,31120
7054,31121
7054,31122
7429,31122
7945,31122
7054,31123
7429,31123
7924,31123
7055,31124
7058,31125
7717,31125
7059,31126
7059,31127
7059,31128
7059,31129
7399,31129
7059,31130
7059,31131
7059,31132
7059,31133
7060,31134
7360,31134
7061,31135
7343,31135
7061,31136
7061,31137
7061,31138
7061,31139
7061,31140
7061,31141
7061,31142
7062,31143
7063,31144
7063,31145
7063,31146
7063,31147
7063,31148
7063,31149
7064,31150
7064,31151
7064,31152
7064,31153
7064,31154
7137,31154
7064,31155
7064,31156
8172,31156
7065,31157
7191,31157
7922,31157
7065,31158
7065,31159
7065,31160
7065,31161
7065,31162
7065,31163
7066,31164
7066,31165
7068,31166
7255,31166
7068,31167
8178,31167
7068,31168
7068,31169
7068,31170
7068,31171
7068,31172
7069,31173
7069,31174
7069,31175
7069,31176
7070,31177
7574,31177
7070,31178
7072,31179
7073,31179
7072,31180
7072,31181
7072,31182
7072,31183
7072,31184
7073,31185
7073,31186
7073,31187
7073,31188
7074,31189
7074,31190
7074,31191
7074,31192
7074,31193
7075,31194
7075,31195
7075,31196
7078,31197
7078,31198
7329,31198
7079,31199
8532,31199
7079,31200
8466,31200
7079,31201
8611,31201
7080,31202
7085,31203
7085,31204
7085,31205
7085,31206
7464,31206
7085,31207
7085,31208
7086,31209
7086,31210
7086,31211
7086,31212
7086,31213
7086,31214
7086,31215
7087,31216
7087,31217
7087,31218
7087,31219
7087,31220
7087,31221
7087,31222
7092,31223
7092,31224
7092,31225
7092,31226
7092,31227
7092,31228
7094,31229
7094,31230
7094,31231
7094,31232
7094,31233
7094,31234
7094,31235
7094,31236
7094,31237
7094,31238
7095,31239
7095,31240
7095,31241
7097,31242
7099,31243
7099,31244
7332,31244
7099,31245
8582,31245
7099,31246
7099,31247
7102,31248
7102,31249
7102,31250
7103,31251
7103,31252
7103,31253
7104,31254
7297,31254
7104,31255
7580,31255
7104,31256
7580,31256
7104,31257
7176,31257
7105,31258
7105,31259
8089,31259
8231,31259
7105,31260
7105,31261
7105,31262
7426,31262
7106,31263
7106,31264
7106,31265
7106,31266
7106,31267
7107,31268
7108,31269
7109,31270
7109,31271
7110,31272
7111,31273
7111,31274
7111,31275
7111,31276
7111,31277
8229,31277
7111,31278
7113,31279
7113,31280
7113,31281
7114,31282
7114,31283
7115,31284
7115,31285
7115,31286
7115,31287
7116,31288
7117,31289
7117,31290
7117,31291
7117,31292
7962,31292
7963,31292
8184,31292
7117,31293
8467,31293
7117,31294
7118,31295
7118,31296
7119,31297
7119,31298
7119,31299
7120,31300
7120,31301
7834,31301
7120,31302
7120,31303
7120,31304
7121,31305
7121,31306
7121,31307
7121,31308
7122,31309
7122,31310
7956,31310
7123,31311
7123,31312
7123,31313
7123,31314
7123,31315
7123,31316
7123,31317
7123,31318
7123,31319
7123,31320
7125,31321
7126,31322
7461,31322
7126,31323
7126,31324
7126,31325
8704,31325
7126,31326
7126,31327
7126,31328
7126,31329
7127,31330
7127,31331
7127,31332
7127,31333
8368,31333
8766,31333
7127,31334
7127,31335
7127,31336
7127,31337
7127,31338
7129,31339
7130,31340
7186,31340
7130,31341
7130,31342
7131,31343
7133,31344
7134,31345
7933,31345
7134,31346
7134,31347
7933,31347
7134,31348
7134,31349
7134,31350
7134,31351
7137,31352
7466,31352
7137,31353
7463,31353
7137,31354
7137,31355
7137,31356
7137,31357
7137,31358
7137,31359
7137,31360
7137,31361
8175,31361
7137,31362
7137,31363
7137,31364
7137,31365
7137,31366
7137,31367
7137,31368
7137,31369
7137,31370
7139,31371
7140,31372
7620,31372
7140,31373
7140,31374
7141,31375
7141,31376
7142,31377
7142,31378
7142,31379
7143,31380
7143,31381
7143,31382
7143,31383
7143,31384
7143,31385
7144,31386
7144,31387
7144,31388
7464,31388
7144,31389
7144,31390
7144,31391
7144,31392
7146,31393
7146,31394
7146,31395
7146,31396
7146,31397
7146,31398
7146,31399
7921,31399
7148,31400
7149,31401
7150,31402
7150,31403
7906,31403
8403,31403
7150,31404
8214,31404
7150,31405
7150,31406
7579,31406
7150,31407
7150,31408
7150,31409
7729,31409
7151,31410
7151,31411
7151,31412
7153,31413
7817,31413
7153,31414
7153,31415
7154,31416
7240,31416
7336,31416
7348,31416
8410,31416
7154,31417
7901,31417
8410,31417
7154,31418
7154,31419
7154,31420
7154,31421
7154,31422
7154,31423
7155,31424
7155,31425
7155,31426
7155,31427
7157,31428
7157,31429
7157,31430
7157,31431
7157,31432
7158,31433
7158,31434
7158,31435
7158,31436
7158,31437
7158,31438
7158,31439
7158,31440
7158,31441
7158,31442
7158,31443
7159,31444
7160,31445
7160,31446
7160,31447
7160,31448
7161,31449
7162,31450
7162,31451
7162,31452
7162,31453
7162,31454
7162,31455
7162,31456
7163,31457
8033,31457
7163,31458
7164,31459
7164,31460
7164,31461
7164,31462
7164,31463
7164,31464
7164,31465
7165,31466
7166,31467
7170,31467
7166,31468
7166,31469
7167,31470
7167,31471
7167,31472
7167,31473
7167,31474
7168,31475
7168,31476
7169,31477
8640,31477
7169,31478
8774,31478
7170,31479
8125,31479
7170,31480
7170,31481
7171,31482
8257,31482
7171,31483
7171,31484
7172,31485
7172,31486
7172,31487
7174,31488
7174,31489
7174,31490
7174,31491
7244,31491
7175,31492
7175,31493
8592,31493
7175,31494
7175,31495
7175,31496
7423,31496
7175,31497
7176,31498
7176,31499
7176,31500
7176,31501
7176,31502
7176,31503
7176,31504
7176,31505
7176,31506
7176,31507
7176,31508
7176,31509
7182,31510
7182,31511
7182,31512
7399,31512
7182,31513
7183,31514
7183,31515
7183,31516
7183,31517
7184,31518
7825,31518
8630,31518
7186,31519
7186,31520
7186,31521
7186,31522
7187,31523
7187,31524
7373,31524
7188,31525
7188,31526
7188,31527
7189,31528
7189,31529
7189,31530
7190,31531
7191,31532
7192,31533
7193,31533
7192,31534
7193,31535
7193,31536
7193,31537
7193,31538
7194,31539
7194,31540
7803,31540
7194,31541
7195,31542
8334,31542
7195,31543
7195,31544
7195,31545
7196,31546
7196,31547
7197,31548
7198,31549
7198,31550
7198,31551
7199,31552
7199,31553
7199,31554
7200,31555
7200,31556
7200,31557
7200,31558
7200,31559
7201,31560
7202,31561
7202,31562
7202,31563
7204,31564
7204,31565
7204,31566
7204,31567
7204,31568
7204,31569
7204,31570
7204,31571
7206,31572
7206,31573
7206,31574
7206,31575
7206,31576
7206,31577
7206,31578
7207,31579
7207,31580
7207,31581
7207,31582
7207,31583
7207,31584
7207,31585
7207,31586
7207,31587
7207,31588
7207,31589
7207,31590
7208,31591
7208,31592
7517,31592
7208,31593
7208,31594
7211,31595
7212,31596
7212,31597
7212,31598
7212,31599
7212,31600
7212,31601
7212,31602
7213,31603
7213,31604
7213,31605
7214,31606
7214,31607
8101,31607
8199,31607
8487,31607
8554,31607
8803,31607
7215,31608
8654,31608
7215,31609
7216,31610
7217,31611
7853,31611
7217,31612
7217,31613
7474,31613
7217,31614
7217,31615
7219,31616
7219,31617
7219,31618
7220,31619
7295,31619
7220,31620
7221,31621
7221,31622
7221,31623
7221,31624
7224,31625
7226,31625
7224,31626
7594,31626
7224,31627
7224,31628
7224,31629
7224,31630
7225,31631
7226,31632
7226,31633
8549,31633
7226,31634
7226,31635
7226,31636
7226,31637
7632,31637
7227,31638
7228,31638
7229,31638
7230,31638
7233,31638
7234,31638
8150,31638
7227,31639
7228,31639
7229,31639
7230,31639
7231,31639
7232,31639
7233,31639
7234,31639
7227,31640
7228,31640
7230,31640
7233,31640
7234,31640
7228,31641
7229,31641
7231,31641
7232,31641
7231,31642
7232,31643
7235,31644
7235,31645
7235,31646
7235,31647
7235,31648
7235,31649
7235,31650
7235,31651
7235,31652
7235,31653
7235,31654
7235,31655
7236,31656
7236,31657
7236,31658
7237,31659
7237,31660
7237,31661
7238,31662
8101,31662
7238,31663
7238,31664
7239,31665
7240,31666
7240,31667
7240,31668
7240,31669
7241,31670
7241,31671
7243,31672
7243,31673
7243,31674
7243,31675
7372,31675
8033,31675
7244,31676
7244,31677
7244,31678
7244,31679
7244,31680
7244,31681
7246,31682
7247,31683
7247,31684
7247,31685
7247,31686
7247,31687
7248,31688
7249,31689
7251,31690
7251,31691
7251,31692
7251,31693
7251,31694
7253,31695
7253,31696
8608,31696
7253,31697
7253,31698
7253,31699
7253,31700
7253,31701
7254,31702
7254,31703
7254,31704
7254,31705
7255,31706
7255,31707
7255,31708
7255,31709
7256,31710
7257,31711
7257,31712
7257,31713
7257,31714
7257,31715
7257,31716
7257,31717
7257,31718
7257,31719
7257,31720
7258,31721
7258,31722
7258,31723
7258,31724
7258,31725
7258,31726
7258,31727
7258,31728
7258,31729
7259,31730
7259,31731
8022,31731
7259,31732
7259,31733
7260,31734
7260,31735
7260,31736
7362,31736
7689,31736
7260,31737
8125,31737
7261,31738
7261,31739
7261,31740
7262,31741
7262,31742
7262,31743
7262,31744
7262,31745
7263,31746
7263,31747
7635,31747
7263,31748
7264,31749
7264,31750
7264,31751
7264,31752
7264,31753
7265,31754
7265,31755
7265,31756
7266,31757
7266,31758
7267,31759
7267,31760
7267,31761
7267,31762
7267,31763
7267,31764
7267,31765
7267,31766
7267,31767
7268,31768
7268,31769
7900,31769
7268,31770
7268,31771
7268,31772
7269,31773
7269,31774
7671,31774
7269,31775
7269,31776
7269,31777
7269,31778
7269,31779
7269,31780
7270,31781
7270,31782
7270,31783
7270,31784
7270,31785
7271,31786
7830,31786
7271,31787
7272,31788
7272,31789
7273,31790
7275,31791
7275,31792
7275,31793
7275,31794
7276,31795
7276,31796
7277,31797
7278,31797
8524,31797
7277,31798
7278,31798
7277,31799
7278,31799
7280,31800
7281,31801
7281,31802
7281,31803
7281,31804
7284,31805
7284,31806
7284,31807
8720,31807
7284,31808
7284,31809
7284,31810
7677,31810
7285,31811
7285,31812
7285,31813
7286,31814
7286,31815
7287,31816
8039,31816
7287,31817
7287,31818
7287,31819
8532,31819
7288,31820
7288,31821
7288,31822
7289,31823
7289,31824
7289,31825
7289,31826
7289,31827
7292,31828
7292,31829
7292,31830
7292,31831
7292,31832
7292,31833
7293,31834
7293,31835
7293,31836
7293,31837
7293,31838
7296,31839
7981,31839
7297,31840
7297,31841
7297,31842
7297,31843
8131,31843
7299,31844
8394,31844
7303,31845
7303,31846
7303,31847
7303,31848
7303,31849
7303,31850
7304,31851
7358,31851
7304,31852
7358,31852
7304,31853
8585,31853
7304,31854
7305,31855
7305,31856
7305,31857
7305,31858
7305,31859
7305,31860
7305,31861
7305,31862
7306,31863
7306,31864
7306,31865
7306,31866
7306,31867
7307,31868
7308,31869
7308,31870
7308,31871
7308,31872
7308,31873
7310,31874
7837,31874
7925,31874
7310,31875
8154,31875
7310,31876
8193,31876
7310,31877
7310,31878
7925,31878
8231,31878
7310,31879
7310,31880
7837,31880
7311,31881
7311,31882
7311,31883
7311,31884
7311,31885
7311,31886
7311,31887
7311,31888
7311,31889
7311,31890
7638,31890
7312,31891
7312,31892
7312,31893
7312,31894
7679,31894
7312,31895
7313,31896
7314,31896
7315,31896
7313,31897
7314,31897
7315,31897
7313,31898
7314,31898
7315,31898
7313,31899
7314,31899
7315,31899
7313,31900
7314,31900
7315,31900
7313,31901
7314,31901
7315,31901
7313,31902
7314,31902
7315,31902
7314,31903
7315,31903
7316,31904
7316,31905
7316,31906
7316,31907
7316,31908
7317,31909
7319,31910
7319,31911
7321,31912
7321,31913
7321,31914
7321,31915
7321,31916
7322,31917
7322,31918
7322,31919
7323,31920
7323,31921
8625,31921
7323,31922
7323,31923
7323,31924
7323,31925
7326,31926
8166,31926
7326,31927
7326,31928
7898,31928
7326,31929
7326,31930
7326,31931
7326,31932
7326,31933
7326,31934
7326,31935
7326,31936
8166,31936
7326,31937
7326,31938
7326,31939
7327,31940
7327,31941
7327,31942
7327,31943
7328,31944
7759,31944
7329,31945
8355,31945
8373,31945
7329,31946
7329,31947
7329,31948
7330,31949
7330,31950
7330,31951
7330,31952
7331,31953
7331,31954
7331,31955
7331,31956
7331,31957
7331,31958
7331,31959
7332,31960
7856,31960
7332,31961
7333,31962
7333,31963
7333,31964
7333,31965
7333,31966
7333,31967
7333,31968
7333,31969
7334,31970
7335,31971
7335,31972
7335,31973
7335,31974
7335,31975
7336,31976
7901,31976
7336,31977
7336,31978
7336,31979
7336,31980
7337,31981
7337,31982
7337,31983
7337,31984
7337,31985
7337,31986
8397,31986
7338,31987
7338,31988
7338,31989
7395,31989
7338,31990
7338,31991
7339,31992
7343,31993
7343,31994
7343,31995
7344,31996
7344,31997
7344,31998
7345,31999
7345,32000
7345,32001
7345,32002
8705,32002
7345,32003
7345,32004
7345,32005
7345,32006
7345,32007
7346,32008
7347,32009
7347,32010
8763,32010
7347,32011
7347,32012
7347,32013
7347,32014
7347,32015
7348,32016
7349,32017
7349,32018
7349,32019
7349,32020
7349,32021
7349,32022
7350,32023
7351,32024
7351,32025
7351,32026
7351,32027
7351,32028
7351,32029
7351,32030
7351,32031
7351,32032
7351,32033
7352,32034
7352,32035
7559,32035
7352,32036
7928,32036
8461,32036
7352,32037
8795,32037
7353,32038
7353,32039
7353,32040
7353,32041
7353,32042
7353,32043
7354,32044
7354,32045
7354,32046
7354,32047
7355,32048
7355,32049
7355,32050
7357,32051
7357,32052
7357,32053
7357,32054
7357,32055
7357,32056
7357,32057
7357,32058
7358,32059
7358,32060
7359,32061
7360,32062
7361,32063
7362,32064
7362,32065
7362,32066
7363,32067
7363,32068
7363,32069
7363,32070
7364,32071
7365,32072
7365,32073
7366,32074
7366,32075
7366,32076
7366,32077
7366,32078
7366,32079
7366,32080
7367,32081
7367,32082
7367,32083
7368,32084
7368,32085
7368,32086
7368,32087
7368,32088
7368,32089
7369,32090
7369,32091
7369,32092
7369,32093
7369,32094
7369,32095
7369,32096
7370,32097
7871,32097
7370,32098
7371,32099
7371,32100
7371,32101
7371,32102
7371,32103
7371,32104
7371,32105
7371,32106
7371,32107
7371,32108
7372,32109
7373,32110
8776,32110
7374,32111
7375,32112
7375,32113
7375,32114
7375,32115
7376,32116
7376,32117
7376,32118
7376,32119
7376,32120
7376,32121
7376,32122
7378,32123
7935,32123
7378,32124
7378,32125
7378,32126
7378,32127
7378,32128
7378,32129
7378,32130
7379,32131
7379,32132
7379,32133
7379,32134
7379,32135
7379,32136
7379,32137
7380,32138
7382,32139
7382,32140
7382,32141
7382,32142
7382,32143
7382,32144
7382,32145
7382,32146
7382,32147
7382,32148
7382,32149
7383,32150
7383,32151
7383,32152
7383,32153
7384,32154
7384,32155
7873,32155
8770,32155
7384,32156
7384,32157
7384,32158
7713,32158
7384,32159
7385,32160
7385,32161
7385,32162
7652,32162
7385,32163
7385,32164
7385,32165
7386,32166
7386,32167
7386,32168
7386,32169
7386,32170
7386,32171
7386,32172
7386,32173
7386,32174
7386,32175
7387,32176
7388,32177
7388,32178
7389,32179
7389,32180
7390,32181
8339,32181
7390,32182
7390,32183
7390,32184
7390,32185
7390,32186
7390,32187
7391,32188
7391,32189
7391,32190
7392,32191
7392,32192
7394,32193
7395,32194
7396,32195
7396,32196
7396,32197
7396,32198
7396,32199
7397,32200
7398,32201
7398,32202
7621,32202
7635,32202
7399,32203
7399,32204
7399,32205
7399,32206
7399,32207
7399,32208
7399,32209
7400,32210
7400,32211
7401,32212
7401,32213
7401,32214
7401,32215
7402,32216
7402,32217
7403,32218
7403,32219
7403,32220
7403,32221
7403,32222
7404,32223
7404,32224
7404,32225
7406,32226
8003,32226
7406,32227
8003,32227
8669,32227
7406,32228
7407,32229
7408,32230
7408,32231
7409,32232
7409,32233
7409,32234
7410,32235
7410,32236
7410,32237
7410,32238
7411,32239
7411,32240
7411,32241
7411,32242
7411,32243
7415,32244
7415,32245
7415,32246
7415,32247
7415,32248
7415,32249
7415,32250
7415,32251
7415,32252
7415,32253
7415,32254
7415,32255
7417,32256
7418,32257
7418,32258
7419,32259
7420,32260
7420,32261
7421,32262
7421,32263
7421,32264
7421,32265
7421,32266
7441,32266
8464,32266
7421,32267
7422,32268
7422,32269
7422,32270
7422,32271
7422,32272
7422,32273
7422,32274
7422,32275
7423,32276
7423,32277
7424,32278
8538,32278
7424,32279
7424,32280
7424,32281
7424,32282
7424,32283
8378,32283
7425,32284
7425,32285
7425,32286
7425,32287
7425,32288
7425,32289
7425,32290
7425,32291
7426,32292
7426,32293
7426,32294
8154,32294
7426,32295
7427,32296
7429,32297
7429,32298
7429,32299
7429,32300
7430,32301
7430,32302
7430,32303
7430,32304
7430,32305
7430,32306
7430,32307
7430,32308
7430,32309
7431,32310
8201,32310
8694,32310
7431,32311
7431,32312
7431,32313
7431,32314
7432,32315
7432,32316
7432,32317
7432,32318
7432,32319
7433,32320
7983,32320
7433,32321
7433,32322
7580,32322
7433,32323
7433,32324
7434,32325
7434,32326
7434,32327
7434,32328
7434,32329
8710,32329
7434,32330
7438,32331
7438,32332
7438,32333
8572,32333
7438,32334
7438,32335
7440,32336
7440,32337
7440,32338
7440,32339
7794,32339
7440,32340
7440,32341
8443,32341
7441,32342
7441,32343
7441,32344
7441,32345
7441,32346
7441,32347
7441,32348
7443,32349
8730,32349
7443,32350
7444,32350
8075,32350
8198,32350
7443,32351
7443,32352
7444,32353
8645,32353
7444,32354
7445,32355
7445,32356
7445,32357
7445,32358
7445,32359
7445,32360
7445,32361
7445,32362
7446,32363
7446,32364
7446,32365
7446,32366
7446,32367
7447,32368
7448,32369
7448,32370
7448,32371
7448,32372
7448,32373
7448,32374
7448,32375
7448,32376
7448,32377
7448,32378
7448,32379
7448,32380
7448,32381
7448,32382
7448,32383
7448,32384
7448,32385
7448,32386
7448,32387
7448,32388
7448,32389
7449,32390
7451,32391
7451,32392
7451,32393
7743,32393
8592,32393
7451,32394
7451,32395
7944,32395
7452,32396
7452,32397
7453,32398
7453,32399
7453,32400
7455,32401
7456,32402
7456,32403
7456,32404
7456,32405
7456,32406
7456,32407
7456,32408
7456,32409
7456,32410
7456,32411
7456,32412
7456,32413
7879,32413
7456,32414
7786,32414
8670,32414
7457,32415
7457,32416
7459,32417
7459,32418
7459,32419
7460,32420
7461,32421
7461,32422
8196,32422
8660,32422
7461,32423
7461,32424
7461,32425
7461,32426
7461,32427
7461,32428
7461,32429
7461,32430
8567,32430
7461,32431
7461,32432
7461,32433
7461,32434
7461,32435
7461,32436
7462,32437
7462,32438
7462,32439
7462,32440
7462,32441
7464,32442
7464,32443
7464,32444
7464,32445
7465,32446
7465,32447
7465,32448
7465,32449
7465,32450
7465,32451
7465,32452
7465,32453
7466,32454
7467,32455
8029,32455
7467,32456
7469,32457
7469,32458
7470,32459
7471,32460
7473,32461
7473,32462
8659,32462
7473,32463
7474,32464
7474,32465
7474,32466
7476,32467
7476,32468
7476,32469
7477,32470
7477,32471
8619,32471
7477,32472
7477,32473
7477,32474
7477,32475
7477,32476
7478,32477
7479,32478
7479,32479
7479,32480
7479,32481
7479,32482
7479,32483
7479,32484
7479,32485
7479,32486
7479,32487
7479,32488
7480,32489
8535,32489
8711,32489
7480,32490
7481,32491
7481,32492
7483,32493
7485,32494
7485,32495
7485,32496
7486,32497
7487,32498
7487,32499
7487,32500
7487,32501
7908,32501
7489,32502
7490,32503
7490,32504
7496,32504
7490,32505
7491,32505
7496,32505
7501,32505
7491,32506
7491,32507
7498,32507
7493,32508
7496,32508
7493,32509
7496,32510
7496,32511
7497,32512
7497,32513
7501,32513
7497,32514
7498,32515
7498,32516
7501,32517
7504,32518
7507,32519
7507,32520
7507,32521
7507,32522
7508,32523
7508,32524
7509,32525
7967,32525
7509,32526
7509,32527
7510,32528
7510,32529
7510,32530
7510,32531
7510,32532
7510,32533
7511,32534
7511,32535
7511,32536
7511,32537
7511,32538
7511,32539
7513,32540
8800,32540
7513,32541
7513,32542
7516,32543
7516,32544
7961,32544
7516,32545
7516,32546
7517,32547
7517,32548
7518,32549
8555,32549
7519,32550
7520,32551
7998,32551
7520,32552
8793,32552
7520,32553
7520,32554
7521,32555
7521,32556
7522,32557
7522,32558
7522,32559
7522,32560
7523,32561
7837,32561
7948,32561
7523,32562
7525,32563
7526,32564
7526,32565
7526,32566
7527,32567
8431,32567
7527,32568
8431,32568
7527,32569
8431,32569
7527,32570
8431,32570
7527,32571
8431,32571
7527,32572
8431,32572
7527,32573
8431,32573
7527,32574
8316,32574
8431,32574
7527,32575
8431,32575
7527,32576
8431,32576
7528,32577
7528,32578
7528,32579
7528,32580
7528,32581
7528,32582
7530,32583
7530,32584
7530,32585
7530,32586
7531,32587
8129,32587
8499,32587
7531,32588
7994,32588
7531,32589
7531,32590
7531,32591
7532,32592
7532,32593
7533,32594
7534,32595
7534,32596
7534,32597
7534,32598
7534,32599
7534,32600
7535,32601
7535,32602
7536,32603
7536,32604
7536,32605
8732,32605
7537,32606
7537,32607
7537,32608
7538,32609
7538,32610
7538,32611
7538,32612
7538,32613
7538,32614
7538,32615
7539,32616
7540,32617
7540,32618
7540,32619
7540,32620
7540,32621
7540,32622
7540,32623
7540,32624
7540,32625
7540,32626
7540,32627
7540,32628
7541,32629
7542,32630
7544,32631
7544,32632
7544,32633
8445,32633
7544,32634
8445,32634
7545,32635
7545,32636
7545,32637
7641,32637
7545,32638
7545,32639
7545,32640
7545,32641
7545,32642
7545,32643
7546,32644
7547,32645
7547,32646
7547,32647
7549,32648
7721,32648
7549,32649
8654,32649
7549,32650
7549,32651
7549,32652
7549,32653
7549,32654
7549,32655
7549,32656
7550,32657
8743,32657
7550,32658
7550,32659
7856,32659
7552,32660
7552,32661
7552,32662
7552,32663
7552,32664
7552,32665
7552,32666
7552,32667
7552,32668
7552,32669
7553,32670
7553,32671
7553,32672
7553,32673
7553,32674
7553,32675
7554,32676
7554,32677
8518,32677
7554,32678
7554,32679
7554,32680
7554,32681
7554,32682
7556,32683
7556,32684
7556,32685
7556,32686
7556,32687
7556,32688
7556,32689
7556,32690
7559,32691
7559,32692
7559,32693
7559,32694
7559,32695
7559,32696
7559,32697
7559,32698
7563,32699
7563,32700
7563,32701
7563,32702
7563,32703
7566,32704
7566,32705
7566,32706
7567,32707
7567,32708
7567,32709
7568,32710
7568,32711
7568,32712
7568,32713
7568,32714
7569,32715
7570,32716
7575,32717
8713,32717
7578,32718
7578,32719
7579,32720
8717,32720
7579,32721
7579,32722
7580,32723
7580,32724
7582,32725
8284,32725
8676,32725
7583,32726
7583,32727
8689,32727
7583,32728
7584,32729
7584,32730
7584,32731
7584,32732
7584,32733
7584,32734
7586,32735
7586,32736
7586,32737
7586,32738
7586,32739
7587,32740
7588,32741
7589,32742
7589,32743
7589,32744
7589,32745
7589,32746
7589,32747
7589,32748
7589,32749
7590,32750
7590,32751
7590,32752
7590,32753
7590,32754
7590,32755
7590,32756
7590,32757
7590,32758
7590,32759
7590,32760
7592,32761
7592,32762
7592,32763
7592,32764
7593,32765
7594,32766
7594,32767
7594,32768
7594,32769
7594,32770
7594,32771
7595,32772
7596,32772
7597,32772
7596,32773
7597,32773
7596,32774
7597,32774
7598,32775
7598,32776
7598,32777
7600,32778
7604,32778
7605,32778
7611,32778
7612,32778
7613,32778
7601,32779
7602,32780
7603,32780
8678,32780
7608,32781
7619,32782
7620,32783
8457,32783
7620,32784
7621,32785
8152,32785
8305,32785
7621,32786
7622,32787
7623,32788
8554,32788
8583,32788
8584,32788
7623,32789
7624,32790
7624,32791
7624,32792
7624,32793
7624,32794
7624,32795
7624,32796
7624,32797
7628,32798
7629,32799
7629,32800
7629,32801
7855,32801
7629,32802
7818,32802
8188,32802
7631,32803
7632,32803
7632,32804
7633,32805
7634,32806
7634,32807
7634,32808
7634,32809
7634,32810
7657,32810
7635,32811
7635,32812
7635,32813
7635,32814
7635,32815
7635,32816
7635,32817
7635,32818
7636,32819
7636,32820
7636,32821
7637,32822
7772,32822
7637,32823
7637,32824
7637,32825
7637,32826
7637,32827
7637,32828
7637,32829
7638,32830
7638,32831
7638,32832
7638,32833
7638,32834
7638,32835
7638,32836
7638,32837
7641,32838
7641,32839
7641,32840
7641,32841
7641,32842
7641,32843
7641,32844
7642,32845
7642,32846
7643,32847
7643,32848
7643,32849
7643,32850
7644,32851
7644,32852
7644,32853
7645,32853
8092,32853
7644,32854
7645,32854
7644,32855
7644,32856
8092,32856
7645,32857
7645,32858
7645,32859
7647,32860
7647,32861
7647,32862
7649,32863
7651,32864
7651,32865
8586,32865
7652,32866
7652,32867
7652,32868
7652,32869
7652,32870
7653,32871
7654,32872
7654,32873
7654,32874
7654,32875
7654,32876
7654,32877
7654,32878
7654,32879
7655,32880
7655,32881
7656,32882
7659,32883
7659,32884
7659,32885
7812,32885
7659,32886
7659,32887
7660,32888
8206,32888
7660,32889
7660,32890
7660,32891
7660,32892
7660,32893
7660,32894
7660,32895
7660,32896
7661,32897
7661,32898
7661,32899
7661,32900
7661,32901
7661,32902
7662,32903
7662,32904
7662,32905
7662,32906
7662,32907
7663,32908
7664,32909
7664,32910
7664,32911
7664,32912
7664,32913
7664,32914
7664,32915
7666,32916
7666,32917
7666,32918
7666,32919
7666,32920
7666,32921
7668,32922
7668,32923
7668,32924
7668,32925
7668,32926
7668,32927
7669,32928
7670,32929
7671,32930
8590,32930
7671,32931
7671,32932
7671,32933
7672,32934
8759,32934
7672,32935
7672,32936
7673,32937
7673,32938
7673,32939
7998,32939
7673,32940
7673,32941
7675,32942
7675,32943
7676,32944
7676,32945
7676,32946
7676,32947
7677,32948
8720,32948
7677,32949
7677,32950
7677,32951
7678,32952
7678,32953
7678,32954
7678,32955
7679,32956
7679,32957
8307,32957
7679,32958
7679,32959
7679,32960
7679,32961
7679,32962
7679,32963
7679,32964
7681,32965
7681,32966
7681,32967
7682,32968
7682,32969
7682,32970
7682,32971
7682,32972
7682,32973
7683,32974
7683,32975
7683,32976
7683,32977
7684,32978
7685,32979
7685,32980
7685,32981
7917,32981
8398,32981
8650,32981
7685,32982
8237,32982
7685,32983
7686,32984
7686,32985
7686,32986
7686,32987
7686,32988
7687,32989
7687,32990
7687,32991
7687,32992
7687,32993
7687,32994
7687,32995
7687,32996
7687,32997
7687,32998
7688,32999
7688,33000
7688,33001
7688,33002
7688,33003
7688,33004
7688,33005
7688,33006
7689,33007
7689,33008
7690,33009
7691,33010
7691,33011
7692,33012
7708,33012
7692,33013
7927,33013
8681,33013
7692,33014
7692,33015
7718,33015
7694,33016
7694,33017
7694,33018
7694,33019
7695,33020
7695,33021
7695,33022
7695,33023
7695,33024
7695,33025
7695,33026
8688,33026
7695,33027
7695,33028
7695,33029
7696,33030
7696,33031
7696,33032
7696,33033
7696,33034
7697,33035
7697,33036
7697,33037
7697,33038
7697,33039
7698,33040
7699,33041
7699,33042
7699,33043
7699,33044
7702,33045
7702,33046
7702,33047
7703,33048
7703,33049
7703,33050
7703,33051
7705,33052
7705,33053
8028,33053
7705,33054
7705,33055
7705,33056
7705,33057
7705,33058
7707,33059
7707,33060
7707,33061
7707,33062
7707,33063
7707,33064
7707,33065
7707,33066
7707,33067
8630,33067
7708,33068
7708,33069
7711,33070
7711,33071
7711,33072
7711,33073
7711,33074
7711,33075
7711,33076
7711,33077
7712,33078
7712,33079
7712,33080
8645,33080
7712,33081
7712,33082
7713,33083
7715,33084
8625,33084
7716,33085
7716,33086
7716,33087
7716,33088
7717,33089
7717,33090
7717,33091
7718,33092
7718,33093
7719,33094
7719,33095
7719,33096
7719,33097
7720,33098
7721,33099
7721,33100
7721,33101
7723,33102
7723,33103
7723,33104
7723,33105
7723,33106
7723,33107
7723,33108
7723,33109
7723,33110
7724,33111
7724,33112
7724,33113
7725,33114
7726,33115
7726,33116
7727,33117
7727,33118
7727,33119
7727,33120
7727,33121
7727,33122
7727,33123
7728,33124
7729,33125
7729,33126
7729,33127
8224,33127
7729,33128
7731,33129
7731,33130
7731,33131
7731,33132
7731,33133
7732,33134
7733,33135
7733,33136
7735,33137
7735,33138
7735,33139
7735,33140
7735,33141
7736,33142
7736,33143
7736,33144
7737,33145
7737,33146
7737,33147
7737,33148
7738,33149
7738,33150
7738,33151
7738,33152
7738,33153
7739,33154
7740,33155
8684,33155
7740,33156
7740,33157
7740,33158
7740,33159
7740,33160
7740,33161
7740,33162
7742,33163
7742,33164
7742,33165
7742,33166
7742,33167
7742,33168
7742,33169
7743,33170
7743,33171
7743,33172
7745,33173
7745,33174
7746,33175
7746,33176
7746,33177
7746,33178
7746,33179
7746,33180
7746,33181
7746,33182
7746,33183
7746,33184
7747,33185
7747,33186
7747,33187
7747,33188
7747,33189
7747,33190
7750,33191
7750,33192
7750,33193
7751,33194
7751,33195
7752,33196
7752,33197
7753,33198
8168,33198
8487,33198
7753,33199
7753,33200
7753,33201
7753,33202
7753,33203
7753,33204
7755,33205
7756,33206
7756,33207
7756,33208
7756,33209
7756,33210
7756,33211
7758,33212
7758,33213
7758,33214
7759,33215
7759,33216
7759,33217
7759,33218
7759,33219
7759,33220
7759,33221
7759,33222
7759,33223
7761,33224
7761,33225
7761,33226
7761,33227
7762,33228
7763,33228
7762,33229
7763,33229
7762,33230
7763,33230
7762,33231
7763,33231
7762,33232
7763,33232
7764,33233
7764,33234
7764,33235
7764,33236
7764,33237
7770,33237
7764,33238
7764,33239
7764,33240
7764,33241
7772,33241
7773,33241
7765,33242
7784,33242
7765,33243
7784,33243
7765,33244
7765,33245
7765,33246
7784,33246
7765,33247
7784,33247
7765,33248
7768,33248
7765,33249
7765,33250
7765,33251
7765,33252
7766,33253
7766,33254
7766,33255
7766,33256
7766,33257
7766,33258
7766,33259
7769,33259
7766,33260
7766,33261
7766,33262
7766,33263
7766,33264
7773,33264
7780,33264
7767,33265
7767,33266
7767,33267
7767,33268
7767,33269
7767,33270
7767,33271
7767,33272
7767,33273
7768,33274
7768,33275
7768,33276
7768,33277
7768,33278
7768,33279
7768,33280
7768,33281
7783,33281
7785,33281
7768,33282
7768,33283
7768,33284
7768,33285
7769,33286
7769,33287
7769,33288
7769,33289
7769,33290
7773,33290
7769,33291
7769,33292
7773,33292
7769,33293
7769,33294
7778,33294
7770,33295
7770,33296
7770,33297
7770,33298
7770,33299
7770,33300
7770,33301
7770,33302
7770,33303
7771,33304
7771,33305
7771,33306
7771,33307
7771,33308
7771,33309
7771,33310
7771,33311
7771,33312
7771,33313
7771,33314
7772,33315
7772,33316
7772,33317
7772,33318
7772,33319
7772,33320
7773,33321
7773,33322
7773,33323
7773,33324
7773,33325
7774,33325
7775,33325
7776,33325
7777,33325
7780,33325
7782,33325
7773,33326
7773,33327
7773,33328
7773,33329
7774,33330
7775,33330
7776,33330
7777,33330
7780,33330
7781,33330
7782,33330
7774,33331
7775,33331
7776,33331
7777,33331
7780,33331
7781,33331
7782,33331
7774,33332
7775,33332
7776,33332
7777,33332
7780,33332
7781,33332
7782,33332
7774,33333
7775,33333
7776,33333
7777,33333
7780,33333
7781,33333
7782,33333
7774,33334
7775,33334
7776,33334
7777,33334
7780,33334
7781,33334
7782,33334
7774,33335
7780,33335
7781,33335
7782,33335
7774,33336
7775,33336
7777,33336
7780,33336
7781,33336
7782,33336
7775,33337
7777,33337
7780,33337
7781,33337
7782,33337
7777,33338
7780,33338
7785,33338
7778,33339
7779,33339
7787,33339
7788,33339
7789,33339
7778,33340
7779,33340
7787,33340
7788,33340
7789,33340
7778,33341
7779,33341
7787,33341
7788,33341
7789,33341
7778,33342
7779,33342
7787,33342
7788,33342
7789,33342
7778,33343
7779,33343
7787,33343
7788,33343
7789,33343
7778,33344
7779,33344
7787,33344
7788,33344
7789,33344
7778,33345
7779,33346
7780,33347
7780,33348
7781,33348
7782,33348
7781,33349
7782,33349
7783,33350
7783,33351
7783,33352
7783,33353
7783,33354
7783,33355
7783,33356
7783,33357
7783,33358
8467,33358
7784,33359
7784,33360
7784,33361
7784,33362
7784,33363
7785,33364
7785,33365
7785,33366
7785,33367
7785,33368
7785,33369
7785,33370
7785,33371
7785,33372
7786,33372
7786,33373
7786,33374
7786,33375
7786,33376
7790,33377
7790,33378
7790,33379
7792,33380
7792,33381
7792,33382
7792,33383
7793,33384
7794,33385
7794,33386
7794,33387
7795,33388
7795,33389
7797,33390
7797,33391
7798,33392
7798,33393
7798,33394
7798,33395
7798,33396
7800,33397
7801,33398
7801,33399
7801,33400
7802,33401
7803,33402
7803,33403
8107,33403
8326,33403
8382,33403
7804,33404
7805,33405
7805,33406
7805,33407
8662,33407
7805,33408
7807,33409
7807,33410
7809,33411
7809,33412
7809,33413
7811,33414
7812,33415
7812,33416
7812,33417
7812,33418
7814,33419
7814,33420
7814,33421
7814,33422
7814,33423
7814,33424
7814,33425
7815,33426
7815,33427
7815,33428
7815,33429
7815,33430
7815,33431
7816,33432
7816,33433
7816,33434
7816,33435
7817,33436
7817,33437
7817,33438
7817,33439
7817,33440
7817,33441
7817,33442
7817,33443
7817,33444
7817,33445
7817,33446
7817,33447
7817,33448
7817,33449
7817,33450
7817,33451
7817,33452
7817,33453
7817,33454
7817,33455
7817,33456
7818,33457
7818,33458
7818,33459
7818,33460
7818,33461
7820,33462
7820,33463
7820,33464
7820,33465
7820,33466
7821,33467
8220,33467
7821,33468
7821,33469
7821,33470
7821,33471
7822,33472
7822,33473
7822,33474
7824,33475
7824,33476
7824,33477
7824,33478
7825,33479
7826,33480
7826,33481
7826,33482
7826,33483
7827,33484
7827,33485
7827,33486
7827,33487
7827,33488
7827,33489
7827,33490
7827,33491
7827,33492
7827,33493
8083,33493
7828,33494
7829,33495
7829,33496
7829,33497
7830,33498
7830,33499
7830,33500
7831,33501
7831,33502
7832,33503
7832,33504
7832,33505
7833,33506
7833,33507
7833,33508
7833,33509
7834,33510
7834,33511
7834,33512
7834,33513
7836,33514
7836,33515
7836,33516
7836,33517
7836,33518
7836,33519
7837,33520
7837,33521
7838,33522
7838,33523
7839,33524
7839,33525
7839,33526
7840,33527
7840,33528
7840,33529
7840,33530
7840,33531
7840,33532
7840,33533
7840,33534
7841,33535
7841,33536
7841,33537
7841,33538
7841,33539
7841,33540
7842,33541
7842,33542
7842,33543
7842,33544
7842,33545
7842,33546
7842,33547
7842,33548
7842,33549
7842,33550
7843,33551
7843,33552
8019,33552
7843,33553
7843,33554
7843,33555
7843,33556
7843,33557
7844,33558
7844,33559
7844,33560
7844,33561
7844,33562
7844,33563
7844,33564
7844,33565
7845,33566
8599,33566
7845,33567
7845,33568
7845,33569
7845,33570
7845,33571
7846,33572
7846,33573
7846,33574
7926,33574
7846,33575
7846,33576
7846,33577
7847,33578
7848,33579
7848,33580
7848,33581
7848,33582
7848,33583
7848,33584
7848,33585
7848,33586
7848,33587
7848,33588
7849,33589
7849,33590
7849,33591
7849,33592
7849,33593
7850,33594
7850,33595
8193,33595
8486,33595
7851,33596
7852,33597
7853,33598
7853,33599
7853,33600
7853,33601
7854,33602
7855,33603
7855,33604
7856,33605
7856,33606
7856,33607
8727,33607
7857,33608
7857,33609
7857,33610
7857,33611
7857,33612
7857,33613
7858,33614
7858,33615
7859,33616
7860,33617
7860,33618
7860,33619
7860,33620
7860,33621
7860,33622
7860,33623
7860,33624
7860,33625
8554,33625
7860,33626
7860,33627
7860,33628
7861,33629
8304,33629
8570,33629
7861,33630
7861,33631
7861,33632
7861,33633
7861,33634
7862,33635
7862,33636
7862,33637
7863,33638
7863,33639
7863,33640
7863,33641
7863,33642
7863,33643
7863,33644
7864,33645
7864,33646
7864,33647
7864,33648
7865,33649
7865,33650
7866,33651
7867,33652
7867,33653
7867,33654
7867,33655
7869,33656
7869,33657
7870,33658
7870,33659
7870,33660
7870,33661
7870,33662
7871,33663
7871,33664
7871,33665
7872,33666
8770,33666
7874,33667
7874,33668
7874,33669
7874,33670
8770,33670
7875,33671
8017,33671
7875,33672
7875,33673
7876,33674
7877,33675
7878,33676
7878,33677
7878,33678
7878,33679
7878,33680
7878,33681
8677,33681
7878,33682
7878,33683
8152,33683
8458,33683
7878,33684
7879,33685
7879,33686
7879,33687
7879,33688
7879,33689
7879,33690
7880,33691
7881,33691
7882,33691
7883,33691
7884,33691
7880,33692
7881,33692
7882,33692
7883,33692
7880,33693
7881,33693
7882,33693
7884,33693
8641,33693
7880,33694
7880,33695
7881,33695
7880,33696
7880,33697
7881,33698
7882,33698
7883,33698
7884,33698
7881,33699
7881,33700
7881,33701
7882,33702
7882,33703
7883,33704
7883,33705
7884,33706
7884,33707
7885,33708
7885,33709
7885,33710
7885,33711
7885,33712
7885,33713
7886,33714
7886,33715
7886,33716
7886,33717
7886,33718
7889,33719
7889,33720
7889,33721
7889,33722
7890,33723
7890,33724
7891,33725
7891,33726
7891,33727
8131,33727
7892,33728
7893,33729
7895,33730
7895,33731
7895,33732
7895,33733
7895,33734
7895,33735
7895,33736
7895,33737
7895,33738
7896,33739
7897,33740
7898,33741
7898,33742
7898,33743
7898,33744
7898,33745
7898,33746
7898,33747
8166,33747
7898,33748
7898,33749
7898,33750
7900,33751
7900,33752
7900,33753
7900,33754
7901,33755
7901,33756
7901,33757
7901,33758
7901,33759
7902,33760
7903,33761
8048,33761
7903,33762
7903,33763
7904,33764
7904,33765
7904,33766
7904,33767
7904,33768
7905,33769
7905,33770
7905,33771
7905,33772
7906,33773
7906,33774
7906,33775
7906,33776
7906,33777
7906,33778
7907,33779
7907,33780
7907,33781
7907,33782
7907,33783
7907,33784
7908,33785
7908,33786
7908,33787
7911,33788
7924,33788
8648,33788
7913,33789
8454,33789
7913,33790
8788,33790
7913,33791
7916,33792
7916,33793
7916,33794
7916,33795
7917,33796
7917,33797
7917,33798
7917,33799
7918,33800
7918,33801
7919,33802
7919,33803
7920,33804
7922,33805
7922,33806
7922,33807
7922,33808
7922,33809
7923,33810
7923,33811
7923,33812
7924,33813
7924,33814
7924,33815
7925,33816
7925,33817
7925,33818
7926,33819
7926,33820
7926,33821
7927,33822
7927,33823
7928,33824
7928,33825
7929,33826
7929,33827
7929,33828
7929,33829
7929,33830
8627,33830
7932,33831
7933,33832
7933,33833
7933,33834
7933,33835
7934,33836
7934,33837
7934,33838
7934,33839
7934,33840
7935,33841
7935,33842
7935,33843
7935,33844
7935,33845
7935,33846
7936,33847
8483,33847
7936,33848
7936,33849
7936,33850
7936,33851
7936,33852
7937,33853
7937,33854
7937,33855
7937,33856
7937,33857
7939,33858
7939,33859
8770,33859
7940,33860
7940,33861
7940,33862
7941,33863
7941,33864
7941,33865
7941,33866
7942,33867
7942,33868
7943,33869
7945,33870
7946,33871
7946,33872
7946,33873
7947,33874
7947,33875
7947,33876
7948,33877
7949,33878
7949,33879
7950,33880
7950,33881
7950,33882
7950,33883
7950,33884
7950,33885
7950,33886
7950,33887
7950,33888
7950,33889
7951,33890
7951,33891
7951,33892
7951,33893
7951,33894
7952,33895
7952,33896
7952,33897
7952,33898
7952,33899
7952,33900
7952,33901
7952,33902
7952,33903
7953,33904
7953,33905
7991,33905
8535,33905
7953,33906
7953,33907
7953,33908
7953,33909
7954,33910
7954,33911
8188,33911
8558,33911
7955,33912
8507,33912
7955,33913
7955,33914
7955,33915
8507,33915
7955,33916
7955,33917
7955,33918
8507,33918
7955,33919
7955,33920
7956,33921
7956,33922
7956,33923
7957,33924
7957,33925
7957,33926
7958,33927
7958,33928
7958,33929
7958,33930
7959,33931
7959,33932
7959,33933
7959,33934
7959,33935
7960,33936
7960,33937
7960,33938
7962,33939
7963,33939
8626,33939
8627,33939
7962,33940
7962,33941
8029,33941
7962,33942
7962,33943
7963,33944
7964,33945
7964,33946
7964,33947
7965,33948
7965,33949
7965,33950
7966,33951
7967,33952
8120,33952
7967,33953
7968,33954
7968,33955
7968,33956
7968,33957
7968,33958
7969,33959
7969,33960
7969,33961
7969,33962
8258,33962
7969,33963
7969,33964
7969,33965
7969,33966
7969,33967
7969,33968
7970,33969
7981,33970
7981,33971
7982,33972
7982,33973
7982,33974
7983,33975
7987,33975
7988,33975
7983,33976
7983,33977
7983,33978
7984,33979
7984,33980
7985,33981
7985,33982
7985,33983
7985,33984
7985,33985
7985,33986
7985,33987
7985,33988
7985,33989
7985,33990
7986,33991
7986,33992
7987,33993
7988,33993
7987,33994
7988,33994
7989,33995
7989,33996
7989,33997
7989,33998
7990,33999
7990,34000
7990,34001
7990,34002
7991,34003
7991,34004
7993,34005
7994,34006
7994,34007
7994,34008
7994,34009
7994,34010
7994,34011
7994,34012
7994,34013
7994,34014
7994,34015
7994,34016
7996,34017
7997,34018
7997,34019
7998,34020
7998,34021
7998,34022
7998,34023
7998,34024
7998,34025
7998,34026
7999,34027
8038,34027
7999,34028
7999,34029
8286,34029
8000,34030
8000,34031
8001,34032
8001,34033
8001,34034
8001,34035
8001,34036
8002,34037
8002,34038
8543,34038
8002,34039
8002,34040
8002,34041
8002,34042
8004,34043
8004,34044
8248,34044
8005,34045
8005,34046
8005,34047
8005,34048
8007,34049
8007,34050
8008,34050
8008,34051
8009,34052
8010,34053
8010,34054
8010,34055
8011,34056
8011,34057
8011,34058
8011,34059
8012,34060
8013,34061
8013,34062
8013,34063
8013,34064
8013,34065
8013,34066
8014,34067
8014,34068
8014,34069
8014,34070
8014,34071
8014,34072
8014,34073
8014,34074
8015,34075
8015,34076
8015,34077
8015,34078
8015,34079
8015,34080
8015,34081
8016,34082
8016,34083
8017,34084
8017,34085
8017,34086
8018,34087
8018,34088
8018,34089
8018,34090
8021,34091
8021,34092
8021,34093
8021,34094
8021,34095
8021,34096
8021,34097
8022,34098
8022,34099
8022,34100
8023,34101
8024,34102
8024,34103
8025,34104
8025,34105
8025,34106
8025,34107
8025,34108
8025,34109
8025,34110
8026,34111
8026,34112
8026,34113
8026,34114
8027,34115
8027,34116
8027,34117
8027,34118
8027,34119
8027,34120
8027,34121
8027,34122
8028,34123
8079,34123
8028,34124
8299,34124
8028,34125
8028,34126
8028,34127
8028,34128
8028,34129
8028,34130
8029,34131
8029,34132
8029,34133
8029,34134
8029,34135
8030,34136
8030,34137
8031,34138
8031,34139
8031,34140
8033,34141
8034,34142
8568,34142
8034,34143
8034,34144
8036,34145
8036,34146
8036,34147
8036,34148
8036,34149
8036,34150
8038,34151
8794,34151
8039,34152
8039,34153
8039,34154
8039,34155
8040,34156
8040,34157
8040,34158
8149,34158
8040,34159
8041,34160
8042,34161
8042,34162
8042,34163
8042,34164
8043,34165
8043,34166
8201,34166
8315,34166
8044,34167
8044,34168
8044,34169
8046,34170
8046,34171
8046,34172
8046,34173
8047,34174
8047,34175
8047,34176
8047,34177
8047,34178
8048,34179
8048,34180
8050,34181
8050,34182
8051,34183
8051,34184
8051,34185
8051,34186
8051,34187
8051,34188
8051,34189
8051,34190
8051,34191
8051,34192
8051,34193
8052,34194
8053,34194
8052,34195
8053,34195
8083,34195
8054,34196
8055,34197
8055,34198
8055,34199
8055,34200
8055,34201
8055,34202
8057,34203
8057,34204
8057,34205
8494,34205
8059,34206
8059,34207
8060,34208
8060,34209
8060,34210
8060,34211
8060,34212
8060,34213
8060,34214
8252,34214
8361,34214
8060,34215
8060,34216
8060,34217
8060,34218
8060,34219
8060,34220
8060,34221
8060,34222
8061,34223
8061,34224
8061,34225
8061,34226
8061,34227
8061,34228
8061,34229
8061,34230
8061,34231
8061,34232
8063,34233
8063,34234
8063,34235
8781,34235
8782,34235
8063,34236
8374,34236
8063,34237
8064,34238
8064,34239
8417,34239
8064,34240
8064,34241
8064,34242
8065,34243
8065,34244
8065,34245
8065,34246
8066,34247
8066,34248
8066,34249
8068,34250
8068,34251
8071,34252
8071,34253
8071,34254
8072,34255
8073,34256
8073,34257
8073,34258
8073,34259
8073,34260
8213,34260
8074,34261
8074,34262
8074,34263
8074,34264
8074,34265
8074,34266
8076,34267
8077,34267
8435,34267
8078,34268
8078,34269
8079,34270
8079,34271
8079,34272
8079,34273
8079,34274
8079,34275
8080,34276
8080,34277
8080,34278
8080,34279
8080,34280
8080,34281
8080,34282
8080,34283
8080,34284
8081,34285
8081,34286
8427,34286
8083,34287
8083,34288
8083,34289
8083,34290
8083,34291
8083,34292
8083,34293
8084,34294
8084,34295
8084,34296
8085,34297
8085,34298
8364,34298
8365,34298
8085,34299
8085,34300
8085,34301
8086,34302
8086,34303
8086,34304
8086,34305
8086,34306
8086,34307
8086,34308
8087,34309
8088,34310
8088,34311
8088,34312
8089,34313
8089,34314
8090,34315
8091,34316
8092,34317
8092,34318
8092,34319
8092,34320
8092,34321
8544,34321
8778,34321
8093,34322
8094,34323
8094,34324
8094,34325
8094,34326
8094,34327
8094,34328
8094,34329
8095,34330
8095,34331
8095,34332
8095,34333
8095,34334
8095,34335
8098,34336
8098,34337
8098,34338
8098,34339
8098,34340
8098,34341
8098,34342
8099,34343
8099,34344
8099,34345
8099,34346
8099,34347
8099,34348
8099,34349
8099,34350
8099,34351
8099,34352
8100,34353
8100,34354
8100,34355
8102,34356
8102,34357
8104,34358
8104,34359
8384,34359
8104,34360
8104,34361
8104,34362
8104,34363
8106,34364
8106,34365
8106,34366
8106,34367
8106,34368
8106,34369
8107,34370
8107,34371
8108,34372
8118,34372
8109,34373
8109,34374
8109,34375
8109,34376
8109,34377
8109,34378
8112,34379
8112,34380
8112,34381
8112,34382
8113,34383
8113,34384
8113,34385
8114,34386
8115,34387
8116,34388
8116,34389
8118,34390
8118,34391
8118,34392
8119,34393
8119,34394
8120,34395
8120,34396
8120,34397
8120,34398
8120,34399
8120,34400
8120,34401
8121,34402
8121,34403
8121,34404
8121,34405
8121,34406
8121,34407
8121,34408
8121,34409
8124,34410
8124,34411
8124,34412
8124,34413
8124,34414
8124,34415
8125,34416
8126,34417
8126,34418
8127,34419
8128,34420
8128,34421
8128,34422
8128,34423
8128,34424
8128,34425
8128,34426
8128,34427
8129,34428
8131,34429
8131,34430
8131,34431
8131,34432
8135,34433
8137,34434
8137,34435
8138,34436
8138,34437
8138,34438
8138,34439
8139,34440
8139,34441
8139,34442
8139,34443
8140,34444
8270,34444
8140,34445
8140,34446
8140,34447
8141,34448
8141,34449
8141,34450
8141,34451
8141,34452
8141,34453
8141,34454
8142,34455
8142,34456
8143,34457
8304,34457
8143,34458
8143,34459
8304,34459
8143,34460
8304,34460
8143,34461
8143,34462
8144,34463
8144,34464
8145,34465
8146,34466
8146,34467
8146,34468
8147,34469
8197,34469
8147,34470
8148,34471
8148,34472
8148,34473
8148,34474
8149,34475
8150,34476
8150,34477
8150,34478
8150,34479
8150,34480
8150,34481
8151,34482
8151,34483
8151,34484
8152,34485
8453,34485
8152,34486
8152,34487
8153,34488
8153,34489
8153,34490
8153,34491
8153,34492
8154,34493
8154,34494
8155,34495
8155,34496
8155,34497
8157,34498
8157,34499
8158,34500
8158,34501
8158,34502
8158,34503
8160,34504
8160,34505
8160,34506
8161,34506
8160,34507
8161,34507
8160,34508
8160,34509
8160,34510
8161,34511
8161,34512
8161,34513
8161,34514
8161,34515
8162,34516
8162,34517
8162,34518
8164,34519
8164,34520
8164,34521
8164,34522
8165,34523
8165,34524
8166,34525
8166,34526
8166,34527
8166,34528
8166,34529
8166,34530
8167,34531
8167,34532
8167,34533
8765,34533
8167,34534
8167,34535
8167,34536
8167,34537
8168,34538
8168,34539
8169,34540
8170,34541
8233,34541
8170,34542
8170,34543
8170,34544
8170,34545
8170,34546
8170,34547
8170,34548
8170,34549
8170,34550
8171,34551
8171,34552
8171,34553
8171,34554
8172,34555
8172,34556
8173,34557
8173,34558
8175,34559
8175,34560
8175,34561
8178,34562
8178,34563
8180,34564
8220,34564
8181,34565
8181,34566
8207,34566
8182,34567
8352,34567
8182,34568
8182,34569
8182,34570
8182,34571
8183,34572
8183,34573
8183,34574
8184,34575
8184,34576
8184,34577
8185,34578
8186,34579
8186,34580
8186,34581
8186,34582
8186,34583
8186,34584
8186,34585
8187,34586
8464,34586
8187,34587
8614,34587
8187,34588
8187,34589
8187,34590
8468,34590
8187,34591
8187,34592
8188,34593
8338,34593
8339,34593
8188,34594
8189,34595
8189,34596
8189,34597
8189,34598
8190,34599
8190,34600
8190,34601
8190,34602
8193,34603
8193,34604
8193,34605
8193,34606
8193,34607
8194,34608
8194,34609
8195,34610
8195,34611
8195,34612
8195,34613
8195,34614
8195,34615
8197,34616
8197,34617
8198,34618
8198,34619
8727,34619
8198,34620
8198,34621
8199,34622
8199,34623
8201,34624
8201,34625
8201,34626
8201,34627
8201,34628
8201,34629
8201,34630
8204,34631
8204,34632
8205,34633
8205,34634
8205,34635
8205,34636
8206,34637
8207,34638
8207,34639
8209,34640
8211,34641
8211,34642
8212,34643
8212,34644
8212,34645
8212,34646
8212,34647
8213,34648
8213,34649
8213,34650
8219,34651
8219,34652
8219,34653
8219,34654
8219,34655
8219,34656
8221,34657
8221,34658
8221,34659
8222,34660
8222,34661
8222,34662
8352,34662
8223,34663
8223,34664
8223,34665
8223,34666
8224,34667
8224,34668
8225,34669
8226,34670
8226,34671
8226,34672
8226,34673
8226,34674
8227,34675
8227,34676
8228,34677
8228,34678
8228,34679
8229,34680
8357,34680
8229,34681
8229,34682
8229,34683
8230,34684
8230,34685
8230,34686
8230,34687
8231,34688
8233,34689
8234,34690
8234,34691
8234,34692
8234,34693
8234,34694
8235,34695
8235,34696
8235,34697
8235,34698
8235,34699
8235,34700
8235,34701
8237,34702
8237,34703
8237,34704
8238,34705
8238,34706
8238,34707
8238,34708
8238,34709
8238,34710
8239,34711
8240,34712
8241,34713
8241,34714
8241,34715
8241,34716
8242,34717
8242,34718
8242,34719
8242,34720
8242,34721
8243,34722
8243,34723
8695,34723
8243,34724
8243,34725
8243,34726
8243,34727
8244,34728
8244,34729
8244,34730
8244,34731
8245,34732
8245,34733
8664,34733
8245,34734
8245,34735
8245,34736
8245,34737
8246,34738
8246,34739
8246,34740
8247,34741
8247,34742
8247,34743
8247,34744
8247,34745
8247,34746
8247,34747
8247,34748
8247,34749
8247,34750
8247,34751
8248,34752
8248,34753
8248,34754
8249,34755
8249,34756
8249,34757
8249,34758
8249,34759
8249,34760
8249,34761
8249,34762
8249,34763
8249,34764
8250,34765
8250,34766
8250,34767
8250,34768
8250,34769
8636,34769
8250,34770
8251,34771
8252,34772
8711,34772
8252,34773
8253,34774
8253,34775
8253,34776
8253,34777
8253,34778
8253,34779
8253,34780
8254,34781
8256,34782
8529,34782
8256,34783
8256,34784
8256,34785
8257,34786
8257,34787
8257,34788
8257,34789
8258,34790
8258,34791
8258,34792
8258,34793
8258,34794
8259,34795
8259,34796
8260,34797
8260,34798
8260,34799
8743,34799
8260,34800
8260,34801
8260,34802
8260,34803
8260,34804
8260,34805
8261,34806
8261,34807
8261,34808
8261,34809
8261,34810
8261,34811
8261,34812
8261,34813
8262,34814
8262,34815
8262,34816
8262,34817
8265,34818
8266,34819
8375,34819
8267,34820
8267,34821
8267,34822
8267,34823
8267,34824
8267,34825
8267,34826
8268,34827
8268,34828
8268,34829
8268,34830
8268,34831
8268,34832
8268,34833
8268,34834
8270,34835
8271,34836
8272,34837
8272,34838
8272,34839
8275,34840
8275,34841
8338,34841
8275,34842
8275,34843
8275,34844
8277,34845
8277,34846
8277,34847
8277,34848
8277,34849
8277,34850
8278,34851
8278,34852
8278,34853
8278,34854
8280,34855
8280,34856
8280,34857
8280,34858
8281,34859
8281,34860
8281,34861
8281,34862
8282,34863
8282,34864
8282,34865
8285,34866
8285,34867
8285,34868
8767,34868
8768,34868
8286,34869
8286,34870
8286,34871
8286,34872
8645,34872
8287,34873
8287,34874
8287,34875
8287,34876
8287,34877
8287,34878
8287,34879
8287,34880
8290,34881
8290,34882
8291,34883
8291,34884
8291,34885
8291,34886
8291,34887
8291,34888
8291,34889
8291,34890
8291,34891
8292,34892
8293,34893
8293,34894
8293,34895
8293,34896
8294,34897
8294,34898
8294,34899
8294,34900
8294,34901
8294,34902
8294,34903
8294,34904
8294,34905
8294,34906
8296,34907
8296,34908
8619,34908
8766,34908
8296,34909
8296,34910
8297,34911
8297,34912
8297,34913
8297,34914
8297,34915
8297,34916
8298,34917
8298,34918
8298,34919
8298,34920
8298,34921
8298,34922
8299,34923
8299,34924
8300,34925
8300,34926
8300,34927
8300,34928
8300,34929
8301,34930
8301,34931
8387,34931
8301,34932
8387,34932
8301,34933
8301,34934
8301,34935
8301,34936
8301,34937
8387,34937
8302,34938
8302,34939
8302,34940
8303,34941
8583,34941
8303,34942
8303,34943
8303,34944
8303,34945
8304,34946
8304,34947
8304,34948
8304,34949
8305,34950
8305,34951
8305,34952
8306,34953
8532,34953
8306,34954
8307,34955
8307,34956
8307,34957
8308,34958
8308,34959
8308,34960
8308,34961
8308,34962
8308,34963
8310,34964
8310,34965
8310,34966
8310,34967
8311,34968
8311,34969
8311,34970
8311,34971
8311,34972
8628,34972
8312,34973
8312,34974
8312,34975
8312,34976
8313,34977
8313,34978
8313,34979
8314,34980
8315,34981
8315,34982
8316,34983
8316,34984
8316,34985
8316,34986
8316,34987
8318,34988
8318,34989
8318,34990
8318,34991
8318,34992
8318,34993
8320,34994
8320,34995
8320,34996
8320,34997
8320,34998
8320,34999
8320,35000
8320,35001
8320,35002
8320,35003
8321,35004
8323,35005
8323,35006
8323,35007
8323,35008
8323,35009
8323,35010
8323,35011
8323,35012
8324,35013
8324,35014
8325,35015
8325,35016
8325,35017
8327,35018
8328,35018
8329,35018
8330,35018
8365,35018
8327,35019
8328,35019
8329,35019
8330,35019
8327,35020
8328,35020
8329,35020
8330,35020
8327,35021
8328,35021
8329,35021
8330,35021
8327,35022
8328,35022
8329,35022
8327,35023
8328,35023
8329,35023
8330,35023
8328,35024
8330,35024
8328,35025
8330,35025
8328,35026
8330,35026
8333,35027
8334,35028
8334,35029
8334,35030
8334,35031
8335,35032
8335,35033
8335,35034
8335,35035
8335,35036
8335,35037
8335,35038
8336,35039
8336,35040
8337,35041
8337,35042
8337,35043
8338,35044
8338,35045
8338,35046
8338,35047
8338,35048
8338,35049
8339,35050
8395,35050
8339,35051
8339,35052
8465,35052
8340,35053
8342,35054
8385,35054
8342,35055
8342,35056
8342,35057
8342,35058
8342,35059
8342,35060
8342,35061
8342,35062
8342,35063
8342,35064
8342,35065
8342,35066
8342,35067
8342,35068
8343,35069
8343,35070
8343,35071
8343,35072
8343,35073
8344,35074
8344,35075
8344,35076
8344,35077
8344,35078
8345,35079
8345,35080
8346,35081
8346,35082
8346,35083
8347,35084
8347,35085
8347,35086
8348,35087
8348,35088
8348,35089
8352,35090
8352,35091
8352,35092
8353,35093
8353,35094
8353,35095
8355,35096
8357,35097
8512,35097
8357,35098
8358,35099
8358,35100
8358,35101
8358,35102
8359,35103
8359,35104
8359,35105
8359,35106
8359,35107
8359,35108
8359,35109
8360,35110
8360,35111
8360,35112
8360,35113
8360,35114
8360,35115
8361,35116
8361,35117
8361,35118
8362,35119
8362,35120
8362,35121
8362,35122
8363,35123
8364,35124
8365,35124
8364,35125
8364,35126
8364,35127
8365,35127
8364,35128
8365,35128
8364,35129
8365,35130
8365,35131
8365,35132
8365,35133
8366,35134
8366,35135
8367,35136
8367,35137
8367,35138
8367,35139
8367,35140
8367,35141
8367,35142
8367,35143
8367,35144
8368,35145
8368,35146
8368,35147
8368,35148
8369,35149
8370,35150
8370,35151
8370,35152
8370,35153
8370,35154
8372,35155
8373,35156
8373,35157
8374,35158
8374,35159
8375,35160
8375,35161
8375,35162
8376,35163
8376,35164
8723,35164
8376,35165
8376,35166
8376,35167
8422,35167
8376,35168
8376,35169
8377,35170
8379,35171
8379,35172
8379,35173
8379,35174
8379,35175
8379,35176
8380,35177
8380,35178
8380,35179
8381,35180
8383,35181
8384,35182
8384,35183
8385,35184
8385,35185
8385,35186
8385,35187
8385,35188
8385,35189
8387,35190
8387,35191
8387,35192
8387,35193
8387,35194
8387,35195
8387,35196
8387,35197
8388,35198
8390,35199
8390,35200
8390,35201
8521,35201
8390,35202
8390,35203
8392,35204
8393,35205
8393,35206
8395,35207
8395,35208
8395,35209
8396,35210
8396,35211
8397,35212
8397,35213
8398,35214
8398,35215
8398,35216
8398,35217
8398,35218
8398,35219
8399,35220
8400,35221
8400,35222
8400,35223
8400,35224
8400,35225
8400,35226
8400,35227
8402,35228
8402,35229
8402,35230
8402,35231
8402,35232
8402,35233
8402,35234
8402,35235
8402,35236
8402,35237
8403,35238
8768,35238
8403,35239
8405,35240
8406,35240
8734,35240
8405,35241
8406,35241
8409,35242
8409,35243
8409,35244
8409,35245
8409,35246
8409,35247
8409,35248
8409,35249
8410,35250
8411,35251
8411,35252
8413,35253
8413,35254
8414,35255
8414,35256
8414,35257
8415,35258
8416,35258
8415,35259
8415,35260
8415,35261
8415,35262
8419,35263
8419,35264
8419,35265
8464,35265
8419,35266
8419,35267
8419,35268
8419,35269
8419,35270
8421,35271
8421,35272
8422,35273
8422,35274
8422,35275
8422,35276
8423,35277
8423,35278
8423,35279
8423,35280
8423,35281
8423,35282
8423,35283
8425,35284
8425,35285
8425,35286
8425,35287
8425,35288
8425,35289
8425,35290
8426,35291
8426,35292
8426,35293
8426,35294
8427,35295
8427,35296
8427,35297
8428,35298
8428,35299
8428,35300
8428,35301
8428,35302
8430,35303
8433,35304
8433,35305
8433,35306
8433,35307
8434,35308
8435,35308
8434,35309
8435,35309
8434,35310
8434,35311
8435,35312
8435,35313
8435,35314
8436,35315
8436,35316
8436,35317
8436,35318
8442,35319
8442,35320
8442,35321
8443,35322
8445,35323
8445,35324
8447,35325
8447,35326
8447,35327
8447,35328
8448,35329
8448,35330
8448,35331
8449,35332
8449,35333
8449,35334
8449,35335
8449,35336
8449,35337
8450,35338
8450,35339
8450,35340
8452,35341
8453,35342
8453,35343
8454,35344
8454,35345
8455,35346
8455,35347
8455,35348
8455,35349
8456,35350
8457,35351
8457,35352
8457,35353
8457,35354
8457,35355
8458,35356
8458,35357
8458,35358
8458,35359
8459,35360
8460,35361
8460,35362
8460,35363
8460,35364
8460,35365
8460,35366
8460,35367
8461,35368
8461,35369
8462,35370
8462,35371
8462,35372
8462,35373
8462,35374
8464,35375
8464,35376
8464,35377
8464,35378
8464,35379
8464,35380
8464,35381
8465,35382
8656,35382
8466,35383
8466,35384
8466,35385
8467,35386
8467,35387
8467,35388
8467,35389
8467,35390
8467,35391
8467,35392
8467,35393
8467,35394
8467,35395
8467,35396
8467,35397
8467,35398
8467,35399
8467,35400
8467,35401
8467,35402
8467,35403
8467,35404
8467,35405
8467,35406
8467,35407
8467,35408
8468,35409
8468,35410
8468,35411
8468,35412
8468,35413
8469,35414
8470,35415
8470,35416
8471,35417
8472,35418
8474,35419
8474,35420
8474,35421
8477,35422
8478,35423
8479,35424
8479,35425
8479,35426
8481,35427
8482,35428
8482,35429
8482,35430
8483,35431
8483,35432
8483,35433
8483,35434
8483,35435
8483,35436
8483,35437
8483,35438
8483,35439
8483,35440
8483,35441
8483,35442
8483,35443
8483,35444
8483,35445
8483,35446
8483,35447
8483,35448
8483,35449
8483,35450
8483,35451
8483,35452
8483,35453
8484,35454
8485,35455
8485,35456
8485,35457
8485,35458
8485,35459
8485,35460
8485,35461
8486,35462
8486,35463
8664,35463
8486,35464
8487,35465
8487,35466
8487,35467
8487,35468
8487,35469
8488,35470
8489,35471
8489,35472
8489,35473
8489,35474
8490,35475
8490,35476
8490,35477
8491,35478
8491,35479
8491,35480
8491,35481
8492,35482
8492,35483
8494,35484
8494,35485
8494,35486
8494,35487
8497,35488
8497,35489
8498,35490
8498,35491
8498,35492
8498,35493
8498,35494
8498,35495
8499,35496
8499,35497
8499,35498
8500,35499
8502,35500
8507,35501
8507,35502
8507,35503
8507,35504
8507,35505
8507,35506
8507,35507
8507,35508
8507,35509
8509,35510
8509,35511
8509,35512
8509,35513
8510,35514
8510,35515
8510,35516
8510,35517
8511,35518
8511,35519
8511,35520
8511,35521
8511,35522
8511,35523
8511,35524
8511,35525
8511,35526
8512,35527
8676,35527
8512,35528
8513,35529
8514,35530
8515,35531
8515,35532
8515,35533
8515,35534
8515,35535
8515,35536
8515,35537
8516,35538
8516,35539
8516,35540
8516,35541
8516,35542
8516,35543
8521,35544
8521,35545
8521,35546
8523,35547
8523,35548
8524,35549
8524,35550
8524,35551
8524,35552
8524,35553
8524,35554
8524,35555
8524,35556
8526,35557
8526,35558
8526,35559
8527,35560
8528,35561
8528,35562
8528,35563
8528,35564
8528,35565
8528,35566
8528,35567
8528,35568
8528,35569
8530,35570
8530,35571
8532,35572
8532,35573
8532,35574
8533,35575
8533,35576
8533,35577
8533,35578
8534,35579
8535,35580
8535,35581
8535,35582
8536,35583
8536,35584
8537,35585
8537,35586
8537,35587
8538,35588
8538,35589
8538,35590
8538,35591
8539,35592
8540,35593
8540,35594
8540,35595
8540,35596
8540,35597
8541,35598
8541,35599
8542,35600
8543,35601
8543,35602
8543,35603
8544,35604
8544,35605
8544,35606
8544,35607
8544,35608
8544,35609
8545,35610
8545,35611
8545,35612
8545,35613
8547,35614
8547,35615
8547,35616
8547,35617
8547,35618
8547,35619
8548,35620
8548,35621
8549,35622
8553,35623
8553,35624
8553,35625
8554,35626
8554,35627
8554,35628
8554,35629
8554,35630
8555,35631
8555,35632
8556,35633
8556,35634
8556,35635
8556,35636
8790,35636
8556,35637
8556,35638
8557,35639
8557,35640
8557,35641
8558,35642
8558,35643
8558,35644
8558,35645
8558,35646
8558,35647
8559,35648
8559,35649
8559,35650
8559,35651
8559,35652
8559,35653
8559,35654
8560,35655
8560,35656
8560,35657
8560,35658
8560,35659
8560,35660
8561,35661
8563,35662
8563,35663
8563,35664
8563,35665
8563,35666
8563,35667
8563,35668
8563,35669
8564,35670
8564,35671
8564,35672
8564,35673
8564,35674
8564,35675
8564,35676
8564,35677
8564,35678
8565,35679
8565,35680
8615,35680
8565,35681
8566,35682
8567,35683
8567,35684
8567,35685
8567,35686
8568,35687
8568,35688
8569,35689
8569,35690
8569,35691
8569,35692
8569,35693
8569,35694
8569,35695
8569,35696
8569,35697
8570,35698
8570,35699
8570,35700
8570,35701
8570,35702
8570,35703
8571,35704
8572,35705
8572,35706
8572,35707
8572,35708
8572,35709
8573,35710
8573,35711
8575,35712
8575,35713
8575,35714
8575,35715
8575,35716
8575,35717
8575,35718
8575,35719
8575,35720
8575,35721
8575,35722
8575,35723
8575,35724
8575,35725
8575,35726
8575,35727
8576,35728
8576,35729
8576,35730
8576,35731
8577,35732
8577,35733
8577,35734
8579,35735
8579,35736
8579,35737
8579,35738
8579,35739
8580,35740
8580,35741
8580,35742
8580,35743
8580,35744
8580,35745
8580,35746
8580,35747
8580,35748
8582,35749
8582,35750
8582,35751
8583,35752
8583,35753
8584,35754
8584,35755
8584,35756
8584,35757
8584,35758
8585,35759
8590,35759
8585,35760
8585,35761
8586,35762
8586,35763
8664,35763
8586,35764
8587,35765
8587,35766
8588,35767
8589,35768
8589,35769
8589,35770
8589,35771
8589,35772
8589,35773
8589,35774
8589,35775
8589,35776
8590,35777
8590,35778
8591,35779
8591,35780
8593,35781
8593,35782
8593,35783
8594,35784
8594,35785
8594,35786
8595,35787
8595,35788
8596,35789
8596,35790
8596,35791
8596,35792
8596,35793
8597,35794
8597,35795
8599,35796
8600,35797
8600,35798
8600,35799
8600,35800
8601,35801
8601,35802
8601,35803
8603,35804
8603,35805
8603,35806
8604,35807
8604,35808
8607,35809
8607,35810
8607,35811
8607,35812
8607,35813
8608,35814
8608,35815
8608,35816
8609,35817
8609,35818
8609,35819
8609,35820
8609,35821
8609,35822
8609,35823
8611,35824
8611,35825
8611,35826
8611,35827
8612,35828
8613,35829
8613,35830
8613,35831
8613,35832
8613,35833
8613,35834
8614,35835
8614,35836
8615,35837
8615,35838
8615,35839
8616,35840
8616,35841
8616,35842
8616,35843
8616,35844
8616,35845
8618,35846
8618,35847
8618,35848
8618,35849
8622,35850
8622,35851
8622,35852
8622,35853
8624,35853
8622,35854
8624,35854
8622,35855
8624,35855
8622,35856
8622,35857
8623,35858
8623,35859
8623,35860
8623,35861
8624,35862
8624,35863
8624,35864
8624,35865
8624,35866
8625,35867
8625,35868
8625,35869
8625,35870
8625,35871
8626,35872
8626,35873
8626,35874
8626,35875
8626,35876
8626,35877
8627,35878
8627,35879
8627,35880
8627,35881
8627,35882
8628,35883
8628,35884
8628,35885
8629,35886
8629,35887
8630,35888
8630,35889
8630,35890
8630,35891
8631,35892
8631,35893
8631,35894
8631,35895
8632,35896
8634,35897
8634,35898
8634,35899
8635,35900
8635,35901
8635,35902
8635,35903
8635,35904
8635,35905
8636,35906
8636,35907
8636,35908
8636,35909
8636,35910
8637,35911
8637,35912
8637,35913
8705,35913
8637,35914
8637,35915
8638,35916
8639,35917
8639,35918
8640,35919
8643,35920
8644,35921
8645,35922
8645,35923
8645,35924
8645,35925
8645,35926
8645,35927
8645,35928
8645,35929
8645,35930
8645,35931
8645,35932
8645,35933
8646,35934
8646,35935
8646,35936
8646,35937
8646,35938
8646,35939
8648,35940
8648,35941
8649,35942
8649,35943
8649,35944
8649,35945
8649,35946
8650,35947
8652,35948
8653,35949
8663,35949
8653,35950
8653,35951
8653,35952
8653,35953
8653,35954
8653,35955
8654,35956
8654,35957
8654,35958
8655,35959
8656,35960
8656,35961
8656,35962
8656,35963
8658,35964
8658,35965
8658,35966
8658,35967
8658,35968
8658,35969
8658,35970
8658,35971
8658,35972
8658,35973
8659,35974
8659,35975
8659,35976
8659,35977
8659,35978
8659,35979
8659,35980
8659,35981
8659,35982
8660,35983
8662,35984
8662,35985
8662,35986
8663,35987
8663,35988
8763,35988
8663,35989
8663,35990
8663,35991
8664,35992
8664,35993
8664,35994
8665,35995
8666,35996
8666,35997
8666,35998
8666,35999
8666,36000
8666,36001
8668,36002
8668,36003
8668,36004
8668,36005
8668,36006
8669,36007
8670,36008
8670,36009
8670,36010
8670,36011
8670,36012
8670,36013
8670,36014
8670,36015
8670,36016
8670,36017
8670,36018
8671,36019
8672,36020
8672,36021
8672,36022
8672,36023
8673,36024
8675,36025
8676,36026
8676,36027
8676,36028
8677,36029
8677,36030
8677,36031
8677,36032
8677,36033
8677,36034
8679,36035
8679,36036
8680,36037
8681,36038
8681,36039
8682,36040
8682,36041
8682,36042
8682,36043
8682,36044
8682,36045
8682,36046
8683,36047
8684,36048
8684,36049
8685,36050
8685,36051
8686,36052
8686,36053
8686,36054
8686,36055
8686,36056
8686,36057
8686,36058
8686,36059
8686,36060
8686,36061
8687,36062
8687,36063
8687,36064
8687,36065
8687,36066
8687,36067
8687,36068
8688,36069
8688,36070
8688,36071
8689,36072
8690,36073
8690,36074
8691,36075
8691,36076
8691,36077
8691,36078
8692,36079
8692,36080
8692,36081
8692,36082
8693,36083
8694,36084
8695,36085
8695,36086
8695,36087
8695,36088
8695,36089
8696,36090
8697,36091
8697,36092
8698,36093
8699,36094
8699,36095
8699,36096
8699,36097
8699,36098
8699,36099
8699,36100
8699,36101
8700,36102
8704,36103
8704,36104
8705,36105
8705,36106
8705,36107
8706,36108
8706,36109
8706,36110
8706,36111
8706,36112
8707,36113
8707,36114
8707,36115
8707,36116
8707,36117
8707,36118
8707,36119
8707,36120
8709,36121
8716,36121
8709,36122
8709,36123
8709,36124
8709,36125
8709,36126
8709,36127
8710,36128
8710,36129
8710,36130
8710,36131
8710,36132
8710,36133
8710,36134
8711,36135
8711,36136
8712,36137
8712,36138
8712,36139
8712,36140
8712,36141
8712,36142
8712,36143
8714,36144
8714,36145
8716,36146
8716,36147
8716,36148
8716,36149
8716,36150
8716,36151
8716,36152
8716,36153
8716,36154
8716,36155
8717,36156
8717,36157
8717,36158
8718,36159
8718,36160
8718,36161
8718,36162
8718,36163
8718,36164
8719,36165
8720,36166
8720,36167
8720,36168
8720,36169
8720,36170
8721,36171
8721,36172
8721,36173
8721,36174
8721,36175
8721,36176
8721,36177
8722,36178
8722,36179
8722,36180
8722,36181
8722,36182
8723,36183
8723,36184
8723,36185
8725,36186
8725,36187
8725,36188
8725,36189
8726,36190
8726,36191
8726,36192
8727,36193
8727,36194
8727,36195
8727,36196
8727,36197
8727,36198
8727,36199
8730,36200
8730,36201
8730,36202
8730,36203
8730,36204
8730,36205
8731,36206
8732,36207
8732,36208
8733,36209
8733,36210
8733,36211
8733,36212
8733,36213
8734,36214
8734,36215
8734,36216
8734,36217
8734,36218
8734,36219
8735,36220
8736,36221
8736,36222
8736,36223
8736,36224
8736,36225
8736,36226
8736,36227
8736,36228
8737,36229
8737,36230
8738,36231
8743,36232
8743,36233
8743,36234
8744,36235
8744,36236
8746,36237
8746,36238
8746,36239
8746,36240
8746,36241
8746,36242
8746,36243
8746,36244
8746,36245
8749,36246
8749,36247
8749,36248
8749,36249
8749,36250
8749,36251
8750,36252
8750,36253
8750,36254
8750,36255
8750,36256
8750,36257
8750,36258
8750,36259
8750,36260
8751,36261
8751,36262
8751,36263
8752,36264
8753,36265
8753,36266
8753,36267
8753,36268
8753,36269
8753,36270
8753,36271
8754,36272
8754,36273
8754,36274
8754,36275
8754,36276
8754,36277
8754,36278
8754,36279
8755,36280
8755,36281
8755,36282
8758,36283
8758,36284
8759,36285
8759,36286
8760,36287
8761,36288
8762,36289
8762,36290
8762,36291
8762,36292
8763,36293
8763,36294
8763,36295
8763,36296
8763,36297
8763,36298
8766,36299
8766,36300
8766,36301
8766,36302
8766,36303
8766,36304
8767,36305
8767,36306
8767,36307
8767,36308
8768,36309
8769,36310
8769,36311
8769,36312
8769,36313
8770,36314
8770,36315
8771,36316
8772,36317
8772,36318
8772,36319
8772,36320
8772,36321
8773,36322
8774,36323
8774,36324
8774,36325
8775,36326
8775,36327
8775,36328
8775,36329
8775,36330
8775,36331
8775,36332
8775,36333
8776,36334
8776,36335
8776,36336
8778,36337
8779,36337
8780,36337
8778,36338
8778,36339
8779,36340
8779,36341
8779,36342
8780,36343
8780,36344
8780,36345
8781,36346
8781,36347
8781,36348
8782,36348
8782,36349
8782,36350
8784,36351
8785,36351
8786,36352
8786,36353
8786,36354
8787,36355
8787,36356
8787,36357
8787,36358
8787,36359
8787,36360
8787,36361
8787,36362
8788,36363
8788,36364
8788,36365
8788,36366
8789,36367
8789,36368
8789,36369
8789,36370
8789,36371
8789,36372
8789,36373
8789,36374
8789,36375
8789,36376
8790,36377
8791,36378
8791,36379
8791,36380
8791,36381
8791,36382
8792,36383
8792,36384
8792,36385
8793,36386
8793,36387
8793,36388
8794,36389
8794,36390
8794,36391
8794,36392
8795,36393
8795,36394
8795,36395
8795,36396
8795,36397
8796,36398
8796,36399
8796,36400
8797,36401
8797,36402
8797,36403
8797,36404
8797,36405
8797,36406
8797,36407
8797,36408
8797,36409
8797,36410
8797,36411
8797,36412
8797,36413
8797,36414
8797,36415
8797,36416
8797,36417
8797,36418
8798,36419
8798,36420
8798,36421
8799,36422
8799,36423
8800,36424
8800,36425
8800,36426
8800,36427
8801,36428
8801,36429
8801,36430
8801,36431
8802,36432
8802,36433
8802,36434
8805,36435
8806,36436
8807,36437
8807,36438
8807,36439
8807,36440
